ISO-10303-21;
HEADER;
FILE_DESCRIPTION (( 'STEP AP214' ),
    '1' );
FILE_NAME ('30R500UF.STEP',
    '2024-02-01T17:16:26',
    ( '' ),
    ( '' ),
    'SwSTEP 2.0',
    'SolidWorks 2022',
    '' );
FILE_SCHEMA (( 'AUTOMOTIVE_DESIGN' ));
ENDSEC;

DATA;
#1 = VECTOR ( 'NONE', #213, 1000.000000000000000 ) ;
#2 = CARTESIAN_POINT ( 'NONE',  ( 1.104206586310519933, -0.9255667240638922877, 2.000000000000000000 ) ) ;
#3 = AXIS2_PLACEMENT_3D ( 'NONE', #912, #1520, #1493 ) ;
#4 = CARTESIAN_POINT ( 'NONE',  ( 5.217806014015214267, -7.219242399993996528, 1.171428571428571930 ) ) ;
#5 = CARTESIAN_POINT ( 'NONE',  ( -4.899310569518538827, -6.260651083036362863, 0.03289434242874003655 ) ) ;
#6 = ORIENTED_EDGE ( 'NONE', *, *, #1028, .T. ) ;
#7 = EDGE_CURVE ( 'NONE', #701, #1361, #225, .T. ) ;
#8 = MECHANICAL_DESIGN_GEOMETRIC_PRESENTATION_REPRESENTATION (  '', ( #2042 ), #1692 ) ;
#9 = ORIENTED_EDGE ( 'NONE', *, *, #711, .T. ) ;
#10 = AXIS2_PLACEMENT_3D ( 'NONE', #1690, #713, #1307 ) ;
#11 = AXIS2_PLACEMENT_3D ( 'NONE', #1517, #686, #1088 ) ;
#12 = FACE_OUTER_BOUND ( 'NONE', #1253, .T. ) ;
#13 =( GEOMETRIC_REPRESENTATION_CONTEXT ( 3 ) GLOBAL_UNCERTAINTY_ASSIGNED_CONTEXT ( ( #756 ) ) GLOBAL_UNIT_ASSIGNED_CONTEXT ( ( #2338, #2665, #2269 ) ) REPRESENTATION_CONTEXT ( 'NONE', 'WORKASPACE' ) );
#14 = AXIS2_PLACEMENT_3D ( 'NONE', #1754, #2530, #254 ) ;
#15 = LINE ( 'NONE', #1640, #1417 ) ;
#16 = ORIENTED_EDGE ( 'NONE', *, *, #413, .F. ) ;
#17 = CARTESIAN_POINT ( 'NONE',  ( -4.579037723018902994, -6.999999999999997335, 1.000000000000000000 ) ) ;
#18 = FACE_OUTER_BOUND ( 'NONE', #461, .T. ) ;
#19 = CARTESIAN_POINT ( 'NONE',  ( -4.855759184436690745, -7.187822790771202008, 0.8999402318355729236 ) ) ;
#20 = DIRECTION ( 'NONE',  ( 0.000000000000000000, 0.000000000000000000, 1.000000000000000000 ) ) ;
#21 = VERTEX_POINT ( 'NONE', #84 ) ;
#22 = DIRECTION ( 'NONE',  ( 0.000000000000000000, 1.000000000000000000, 0.000000000000000000 ) ) ;
#23 = EDGE_CURVE ( 'NONE', #1297, #1800, #1234, .T. ) ;
#24 = VERTEX_POINT ( 'NONE', #1710 ) ;
#25 = UNCERTAINTY_MEASURE_WITH_UNIT (LENGTH_MEASURE( 1.000000000000000082E-05 ), #1346, 'distance_accuracy_value', 'NONE');
#26 = CARTESIAN_POINT ( 'NONE',  ( 5.319008656967017856, -6.999999999999997335, 1.000000000000000000 ) ) ;
#27 = CARTESIAN_POINT ( 'NONE',  ( -5.263692796859040790, -6.768138652692305968, 0.1335004255780765647 ) ) ;
#28 = ORIENTED_EDGE ( 'NONE', *, *, #1691, .T. ) ;
#29 = CARTESIAN_POINT ( 'NONE',  ( 4.472664006544574633, -7.130181971017557352, 1.342057321936512171 ) ) ;
#30 = CARTESIAN_POINT ( 'NONE',  ( -5.999999999999999112, -5.999999999999997335, 1.000000000000000000 ) ) ;
#31 = DIRECTION ( 'NONE',  ( -1.000000000000000000, 0.000000000000000000, -1.084202172485509241E-16 ) ) ;
#32 = DIRECTION ( 'NONE',  ( 0.000000000000000000, 0.000000000000000000, 1.000000000000000000 ) ) ;
#33 = VERTEX_POINT ( 'NONE', #1151 ) ;
#34 = PRESENTATION_STYLE_ASSIGNMENT (( #430 ) ) ;
#35 = ORIENTED_EDGE ( 'NONE', *, *, #853, .T. ) ;
#36 = ADVANCED_FACE ( 'NONE', ( #524 ), #1869, .T. ) ;
#37 = CIRCLE ( 'NONE', #1046, 1.000000000000000000 ) ;
#38 =( NAMED_UNIT ( * ) SI_UNIT ( $, .STERADIAN. ) SOLID_ANGLE_UNIT ( ) );
#39 = STYLED_ITEM ( 'NONE', ( #989 ), #1359 ) ;
#40 = VERTEX_POINT ( 'NONE', #1755 ) ;
#41 = SURFACE_SIDE_STYLE ('',( #2503 ) ) ;
#42 = DIRECTION ( 'NONE',  ( -6.938893903907228378E-15, 1.000000000000000000, 0.000000000000000000 ) ) ;
#43 = DIRECTION ( 'NONE',  ( 1.084202172485509118E-16, 0.000000000000000000, -1.000000000000000000 ) ) ;
#44 = DIRECTION ( 'NONE',  ( 0.000000000000000000, 1.000000000000000000, 0.000000000000000000 ) ) ;
#45 = TOROIDAL_SURFACE ( 'NONE', #2492, 1.984623493974736919, 0.3750000000000003331 ) ;
#46 = PRESENTATION_STYLE_ASSIGNMENT (( #321 ) ) ;
#47 = COLOUR_RGB ( '',0.6470588235294117974, 0.6196078431372549211, 0.5882352941176470784 ) ;
#48 = CIRCLE ( 'NONE', #2248, 0.1999999999999999556 ) ;
#49 = DIRECTION ( 'NONE',  ( 0.000000000000000000, 0.000000000000000000, 1.000000000000000000 ) ) ;
#50 = ORIENTED_EDGE ( 'NONE', *, *, #2569, .T. ) ;
#51 = COLOUR_RGB ( '',0.6470588235294117974, 0.6196078431372549211, 0.5882352941176470784 ) ;
#52 = CARTESIAN_POINT ( 'NONE',  ( 4.000000000000015099, -13.80326388367424073, 1.600000000000000089 ) ) ;
#53 = PRESENTATION_LAYER_ASSIGNMENT (  '', '', ( #793 ) ) ;
#54 = EDGE_CURVE ( 'NONE', #2326, #1865, #877, .T. ) ;
#55 = AXIS2_PLACEMENT_3D ( 'NONE', #620, #1450, #20 ) ;
#56 = ORIENTED_EDGE ( 'NONE', *, *, #1533, .F. ) ;
#57 = AXIS2_PLACEMENT_3D ( 'NONE', #2588, #2362, #551 ) ;
#58 = LINE ( 'NONE', #1524, #2333 ) ;
#59 = CARTESIAN_POINT ( 'NONE',  ( 5.288816023429150803, -6.648421333981390013, 1.775379812865044427 ) ) ;
#60 = VERTEX_POINT ( 'NONE', #2137 ) ;
#61 = CARTESIAN_POINT ( 'NONE',  ( -5.385909839673570509, -6.899446627969564538, 0.5614077990689710917 ) ) ;
#62 = CARTESIAN_POINT ( 'NONE',  ( -5.000000000000012434, -9.669721809301327298, 0.4000000000000000222 ) ) ;
#63 = ORIENTED_EDGE ( 'NONE', *, *, #868, .F. ) ;
#64 = ADVANCED_FACE ( 'NONE', ( #1300 ), #486, .T. ) ;
#65 = B_SPLINE_CURVE_WITH_KNOTS ( 'NONE', 3,
 ( #629, #1272, #1457, #2070, #216, #2082 ),
 .UNSPECIFIED., .F., .F.,
 ( 4, 2, 4 ),
 ( 0.0002708071420694392454, 0.0005783311590009311987, 0.0008858551759324229894 ),
 .UNSPECIFIED. ) ;
#66 = CARTESIAN_POINT ( 'NONE',  ( -5.999999999999992006, -5.999999999999997335, 1.000000000000000000 ) ) ;
#67 = CARTESIAN_POINT ( 'NONE',  ( -5.999999999999992006, -6.999999999999997335, 1.000000000000000000 ) ) ;
#68 = CARTESIAN_POINT ( 'NONE',  ( -5.319008656967004534, -6.999999999999997335, 1.000000000000000000 ) ) ;
#69 = DIRECTION ( 'NONE',  ( 0.000000000000000000, 0.000000000000000000, 1.000000000000000000 ) ) ;
#70 = FACE_OUTER_BOUND ( 'NONE', #885, .T. ) ;
#71 = ADVANCED_FACE ( 'NONE', ( #70 ), #732, .T. ) ;
#72 = CARTESIAN_POINT ( 'NONE',  ( 5.427328941942820784, -7.042660251877778776, 1.654399711866701317 ) ) ;
#73 = ORIENTED_EDGE ( 'NONE', *, *, #2028, .F. ) ;
#74 = SURFACE_STYLE_USAGE ( .BOTH. , #2129 ) ;
#75 = DIRECTION ( 'NONE',  ( 0.000000000000000000, 1.000000000000000000, 0.000000000000000000 ) ) ;
#76 = CARTESIAN_POINT ( 'NONE',  ( -4.678257745111170429, -7.172293825345797735, 0.8285714285714286254 ) ) ;
#77 = VERTEX_POINT ( 'NONE', #2575 ) ;
#78 = DIRECTION ( 'NONE',  ( -1.000000000000000000, 0.000000000000000000, 0.000000000000000000 ) ) ;
#79 = DIRECTION ( 'NONE',  ( -1.000000000000000000, 0.000000000000000000, -0.000000000000000000 ) ) ;
#80 = CARTESIAN_POINT ( 'NONE',  ( 4.644974418979262332, -6.059876688877490203, 2.028571428571428026 ) ) ;
#81 = DIRECTION ( 'NONE',  ( 0.5812381937190972403, 0.8137334712067344489, -0.000000000000000000 ) ) ;
#82 = VECTOR ( 'NONE', #1504, 1000.000000000000000 ) ;
#83 = B_SPLINE_CURVE_WITH_KNOTS ( 'NONE', 3,
 ( #1000, #2434, #2003, #2618, #139, #1170, #1973, #2387 ),
 .UNSPECIFIED., .F., .F.,
 ( 4, 2, 2, 4 ),
 ( 2.168404344971008868E-19, 0.0004238925667404376063, 0.0006358388501106576563, 0.0008477851334808778148 ),
 .UNSPECIFIED. ) ;
#84 = CARTESIAN_POINT ( 'NONE',  ( -5.375000000000011546, -13.80326388367424073, 0.4000000000000000777 ) ) ;
#85 = PRODUCT_DEFINITION ( 'UNKNOWN', '', #2040, #1225 ) ;
#86 = AXIS2_PLACEMENT_3D ( 'NONE', #1466, #2498, #662 ) ;
#87 = FACE_OUTER_BOUND ( 'NONE', #1291, .T. ) ;
#88 = ORIENTED_EDGE ( 'NONE', *, *, #923, .T. ) ;
#89 = ADVANCED_FACE ( 'NONE', ( #1544 ), #1320, .T. ) ;
#90 = CARTESIAN_POINT ( 'NONE',  ( -5.444207696206067482, -7.151784156758377975, 0.5032961213160717096 ) ) ;
#91 = DIRECTION ( 'NONE',  ( -0.000000000000000000, -0.000000000000000000, -1.000000000000000000 ) ) ;
#92 = STYLED_ITEM ( 'NONE', ( #2592 ), #2439 ) ;
#93 = CARTESIAN_POINT ( 'NONE',  ( 4.000000000000016875, -19.42748912837629405, 1.600000000000000089 ) ) ;
#94 = CIRCLE ( 'NONE', #445, 1.375000000000001998 ) ;
#95 = MECHANICAL_DESIGN_GEOMETRIC_PRESENTATION_REPRESENTATION (  '', ( #2497 ), #365 ) ;
#96 = DIRECTION ( 'NONE',  ( -0.6780352350114302595, 0.7350294008289698366, 0.000000000000000000 ) ) ;
#97 =( GEOMETRIC_REPRESENTATION_CONTEXT ( 3 ) GLOBAL_UNCERTAINTY_ASSIGNED_CONTEXT ( ( #2182 ) ) GLOBAL_UNIT_ASSIGNED_CONTEXT ( ( #129, #380, #1019 ) ) REPRESENTATION_CONTEXT ( 'NONE', 'WORKASPACE' ) );
#98 = ORIENTED_EDGE ( 'NONE', *, *, #1846, .F. ) ;
#99 = DIRECTION ( 'NONE',  ( 1.000000000000000000, 0.000000000000000000, 0.000000000000000000 ) ) ;
#100 = AXIS2_PLACEMENT_3D ( 'NONE', #1737, #932, #297 ) ;
#101 = DIRECTION ( 'NONE',  ( 0.000000000000000000, 0.000000000000000000, 1.000000000000000000 ) ) ;
#102 = CARTESIAN_POINT ( 'NONE',  ( 5.000000000000014211, -9.419721809301302429, 1.600000000000000089 ) ) ;
#103 = CARTESIAN_POINT ( 'NONE',  ( -5.217806014015302196, -7.219242399994140413, 0.8285714285715837235 ) ) ;
#104 = VERTEX_POINT ( 'NONE', #710 ) ;
#105 = CIRCLE ( 'NONE', #322, 0.4999999999999993339 ) ;
#106 =( NAMED_UNIT ( * ) PLANE_ANGLE_UNIT ( ) SI_UNIT ( $, .RADIAN. ) );
#107 = ORIENTED_EDGE ( 'NONE', *, *, #7, .T. ) ;
#108 = EDGE_CURVE ( 'NONE', #227, #77, #581, .T. ) ;
#109 = SPHERICAL_SURFACE ( 'NONE', #517, 1.000000000000000000 ) ;
#110 = CARTESIAN_POINT ( 'NONE',  ( -0.2933957754997170708, -0.2095684110712272563, 2.200000000000000178 ) ) ;
#111 = EDGE_CURVE ( 'NONE', #206, #1787, #2424, .T. ) ;
#112 = CARTESIAN_POINT ( 'NONE',  ( -4.666185137657917537, -6.999999999999999112, 0.8494300194635419077 ) ) ;
#113 = ORIENTED_EDGE ( 'NONE', *, *, #2574, .F. ) ;
#114 = DIRECTION ( 'NONE',  ( -0.000000000000000000, 1.000000000000000000, -0.000000000000000000 ) ) ;
#115 = DIRECTION ( 'NONE',  ( 0.000000000000000000, 1.000000000000000000, 0.000000000000000000 ) ) ;
#116 = DIRECTION ( 'NONE',  ( -0.5812381937190971293, -0.8137334712067344489, -0.000000000000000000 ) ) ;
#117 = CARTESIAN_POINT ( 'NONE',  ( -5.000000000000000000, -16.61537650602526384, 0.4000000000000000777 ) ) ;
#118 = CARTESIAN_POINT ( 'NONE',  ( -5.999999999999999112, -5.999999999999997335, 1.000000000000000000 ) ) ;
#119 = ORIENTED_EDGE ( 'NONE', *, *, #1601, .F. ) ;
#120 =( BOUNDED_SURFACE ( )  B_SPLINE_SURFACE ( 3, 2, ( 
 ( #2061, #2279, #4 ),
 ( #1483, #208, #1070 ),
 ( #656, #2473, #833 ),
 ( #632, #2265, #2049 ),
 ( #2074, #858, #2294 ),
 ( #1058, #455, #1873 ) ),
 .UNSPECIFIED., .F., .F., .T. ) 
 B_SPLINE_SURFACE_WITH_KNOTS ( ( 4, 2, 4 ),
 ( 3, 3 ),
 ( 0.000000000000000000, 0.0003857424943679733779, 0.0007714849887359467558 ),
 ( 0.000000000000000000, 1.000000000000000000 ),
 .UNSPECIFIED. ) 
 GEOMETRIC_REPRESENTATION_ITEM ( )  RATIONAL_B_SPLINE_SURFACE ( (
 ( 1.000000000000000000, 0.6722306152021074732, 1.000000000000000000),
 ( 1.000000000000000000, 0.6993462791003075552, 1.000000000000000000),
 ( 1.000000000000000000, 0.7225508225541042995, 1.000000000000000000),
 ( 1.000000000000000000, 0.7495095509894081909, 1.000000000000000000),
 ( 1.000000000000000000, 0.7535684698633262624, 1.000000000000000000),
 ( 1.000000000000000000, 0.7544968102222148199, 1.000000000000000000) ) ) 
 REPRESENTATION_ITEM ( '' )  SURFACE ( )  );
#121 = CARTESIAN_POINT ( 'NONE',  ( -4.859914746047100387, -6.312419573926267624, -0.01036652047862047718 ) ) ;
#122 = FACE_OUTER_BOUND ( 'NONE', #2443, .T. ) ;
#123 = EDGE_CURVE ( 'NONE', #987, #1055, #2541, .T. ) ;
#124 = B_SPLINE_CURVE_WITH_KNOTS ( 'NONE', 3,
 ( #2172, #2522, #1959, #1760 ),
 .UNSPECIFIED., .F., .F.,
 ( 4, 4 ),
 ( 8.685043313859002952E-19, 0.0003044591615246045437 ),
 .UNSPECIFIED. ) ;
#125 = SURFACE_STYLE_USAGE ( .BOTH. , #1560 ) ;
#126 = EDGE_CURVE ( 'NONE', #1535, #1422, #446, .T. ) ;
#127 = ORIENTED_EDGE ( 'NONE', *, *, #1391, .F. ) ;
#128 = CARTESIAN_POINT ( 'NONE',  ( 4.040764947743224589, -6.233018599247410307, 1.975034078390375480 ) ) ;
#129 =( LENGTH_UNIT ( ) NAMED_UNIT ( * ) SI_UNIT ( .MILLI., .METRE. ) );
#130 = CARTESIAN_POINT ( 'NONE',  ( 5.437130888051660449, -7.083800826932566963, 1.599999999999399902 ) ) ;
#131 = CARTESIAN_POINT ( 'NONE',  ( -5.390228871008909906, -6.557035220087038319, 0.1634783621125509567 ) ) ;
#132 = CARTESIAN_POINT ( 'NONE',  ( 5.557324177450802871, -6.983357567710693381, 1.189690281901171875 ) ) ;
#133 = ORIENTED_EDGE ( 'NONE', *, *, #2232, .T. ) ;
#134 = FACE_OUTER_BOUND ( 'NONE', #2012, .T. ) ;
#135 = LINE ( 'NONE', #1786, #2364 ) ;
#136 = ORIENTED_EDGE ( 'NONE', *, *, #1427, .F. ) ;
#137 = VECTOR ( 'NONE', #1651, 1000.000000000000000 ) ;
#138 = DIRECTION ( 'NONE',  ( 4.275262644885174286E-16, -1.000000000000000000, 0.000000000000000000 ) ) ;
#139 = CARTESIAN_POINT ( 'NONE',  ( 3.987278041463342859, -6.241056761774560258, 1.972656703454842786 ) ) ;
#140 = VERTEX_POINT ( 'NONE', #1110 ) ;
#141 = EDGE_CURVE ( 'NONE', #2249, #104, #124, .T. ) ;
#142 = CARTESIAN_POINT ( 'NONE',  ( 3.842626788020850004, -5.999999999999996447, 2.000000000000000000 ) ) ;
#143 = CARTESIAN_POINT ( 'NONE',  ( -4.090963651533323642, -6.718058629768186130, 0.3040173822462003406 ) ) ;
#144 = CARTESIAN_POINT ( 'NONE',  ( -6.999999999999999112, -5.999999999999990230, 1.000000000000000000 ) ) ;
#145 = AXIS2_PLACEMENT_3D ( 'NONE', #2508, #509, #1724 ) ;
#146 = CARTESIAN_POINT ( 'NONE',  ( -5.999999999999992006, -5.999999999999997335, 1.000000000000000000 ) ) ;
#147 = CARTESIAN_POINT ( 'NONE',  ( -4.299210567990144227, -6.888348308861561797, 0.3374755194434810313 ) ) ;
#148 = DIRECTION ( 'NONE',  ( 0.000000000000000000, 0.000000000000000000, 1.000000000000000000 ) ) ;
#149 = VERTEX_POINT ( 'NONE', #1928 ) ;
#150 = CIRCLE ( 'NONE', #927, 0.3750000000000001110 ) ;
#151 = DIRECTION ( 'NONE',  ( -0.5812381937190977954, 0.8137334712067340048, 0.000000000000000000 ) ) ;
#152 = DIRECTION ( 'NONE',  ( 0.000000000000000000, 0.000000000000000000, 1.000000000000000000 ) ) ;
#153 = ORIENTED_EDGE ( 'NONE', *, *, #1009, .F. ) ;
#154 = DIRECTION ( 'NONE',  ( 0.000000000000000000, 1.000000000000000000, 0.000000000000000000 ) ) ;
#155 = FACE_OUTER_BOUND ( 'NONE', #2000, .T. ) ;
#156 = ORIENTED_EDGE ( 'NONE', *, *, #1745, .F. ) ;
#157 = CARTESIAN_POINT ( 'NONE',  ( -4.728801783407737602, -5.999999999999998224, -0.2000000000000000111 ) ) ;
#158 = CARTESIAN_POINT ( 'NONE',  ( -5.999999999999992006, -6.999999999999997335, 1.000000000000000000 ) ) ;
#159 = LINE ( 'NONE', #2190, #2647 ) ;
#160 = EDGE_CURVE ( 'NONE', #897, #1535, #659, .T. ) ;
#161 = DIRECTION ( 'NONE',  ( -0.000000000000000000, -0.000000000000000000, -1.000000000000000000 ) ) ;
#162 = CARTESIAN_POINT ( 'NONE',  ( -5.593417874311088056, -6.782335912662654565, 0.3737094441602566985 ) ) ;
#163 =( NAMED_UNIT ( * ) PLANE_ANGLE_UNIT ( ) SI_UNIT ( $, .RADIAN. ) );
#164 = VERTEX_POINT ( 'NONE', #1715 ) ;
#165 = EDGE_CURVE ( 'NONE', #2229, #658, #1018, .T. ) ;
#166 = DIRECTION ( 'NONE',  ( 0.5812381937190967962, 0.8137334712067346709, -0.000000000000000000 ) ) ;
#167 = CARTESIAN_POINT ( 'NONE',  ( -5.078041043045335101, -6.996515918906441200, 1.083402807174089544 ) ) ;
#168 = ORIENTED_EDGE ( 'NONE', *, *, #2297, .F. ) ;
#169 = CARTESIAN_POINT ( 'NONE',  ( -4.006529927609511432, -6.308136419706180220, 0.04614664668968664757 ) ) ;
#170 = DIRECTION ( 'NONE',  ( 1.000000000000000000, 0.000000000000000000, 0.000000000000000000 ) ) ;
#171 =( NAMED_UNIT ( * ) SI_UNIT ( $, .STERADIAN. ) SOLID_ANGLE_UNIT ( ) );
#172 = CARTESIAN_POINT ( 'NONE',  ( -5.000000000000001776, -9.544721809301323745, 0.4000000000000000222 ) ) ;
#173 = CARTESIAN_POINT ( 'NONE',  ( -4.435432778348875615, -6.999999999999996447, 0.9307365274451162573 ) ) ;
#174 = CARTESIAN_POINT ( 'NONE',  ( 5.269279515332152997, -7.222406154946120260, 1.201460765560429023 ) ) ;
#175 = ORIENTED_EDGE ( 'NONE', *, *, #1275, .F. ) ;
#176 = VECTOR ( 'NONE', #983, 1000.000000000000000 ) ;
#177 = FACE_OUTER_BOUND ( 'NONE', #1875, .T. ) ;
#178 = EDGE_CURVE ( 'NONE', #589, #1091, #532, .T. ) ;
#179 = ORIENTED_EDGE ( 'NONE', *, *, #2024, .F. ) ;
#180 = CARTESIAN_POINT ( 'NONE',  ( 5.390228871008913458, -6.557035220087028549, 1.836521637887454483 ) ) ;
#181 = CARTESIAN_POINT ( 'NONE',  ( -1.135135135135130202, 0.8108108108108068590, 0.000000000000000000 ) ) ;
#182 = AXIS2_PLACEMENT_3D ( 'NONE', #1872, #2652, #846 ) ;
#183 = TOROIDAL_SURFACE ( 'NONE', #873, 1.984623493974733588, 0.3750000000000003331 ) ;
#184 = FACE_OUTER_BOUND ( 'NONE', #536, .T. ) ;
#185 = COLOUR_RGB ( '',0.6470588235294117974, 0.6196078431372549211, 0.5882352941176470784 ) ;
#186 = CARTESIAN_POINT ( 'NONE',  ( -4.104318197024528381, -6.281671145396861000, 0.007490354678961091625 ) ) ;
#187 = CYLINDRICAL_SURFACE ( 'NONE', #585, 1.000000000000000000 ) ;
#188 = ORIENTED_EDGE ( 'NONE', *, *, #141, .F. ) ;
#189 = COLOUR_RGB ( '',0.6470588235294117974, 0.6196078431372549211, 0.5882352941176470784 ) ;
#190 = FACE_OUTER_BOUND ( 'NONE', #2408, .T. ) ;
#191 = CIRCLE ( 'NONE', #318, 0.3750000000000003331 ) ;
#192 = VERTEX_POINT ( 'NONE', #1532 ) ;
#193 = UNCERTAINTY_MEASURE_WITH_UNIT (LENGTH_MEASURE( 1.000000000000000082E-05 ), #1152, 'distance_accuracy_value', 'NONE');
#194 = ADVANCED_FACE ( 'NONE', ( #122 ), #1057, .T. ) ;
#195 = CARTESIAN_POINT ( 'NONE',  ( -5.999999999999992006, -6.999999999999997335, 1.000000000000000000 ) ) ;
#196 = ADVANCED_FACE ( 'NONE', ( #1648 ), #1243, .T. ) ;
#197 = CARTESIAN_POINT ( 'NONE',  ( -4.000000000000000888, -19.42748912837628694, 0.4000000000000001332 ) ) ;
#198 = DIRECTION ( 'NONE',  ( 0.000000000000000000, -1.000000000000000000, 0.000000000000000000 ) ) ;
#199 = DIRECTION ( 'NONE',  ( 0.000000000000000000, 1.000000000000000000, 0.000000000000000000 ) ) ;
#200 = DIRECTION ( 'NONE',  ( 0.000000000000000000, 0.000000000000000000, 1.000000000000000000 ) ) ;
#201 = ORIENTED_EDGE ( 'NONE', *, *, #1529, .F. ) ;
#202 = FILL_AREA_STYLE_COLOUR ( '', #1740 ) ;
#203 = VERTEX_POINT ( 'NONE', #2259 ) ;
#204 = CARTESIAN_POINT ( 'NONE',  ( 4.760872587590667671, -7.182380659347075813, 1.125242694445310221 ) ) ;
#205 = EDGE_CURVE ( 'NONE', #420, #1099, #880, .T. ) ;
#206 = VERTEX_POINT ( 'NONE', #2656 ) ;
#207 = DIRECTION ( 'NONE',  ( -1.000000000000000000, 0.000000000000000000, 0.000000000000000000 ) ) ;
#208 = CARTESIAN_POINT ( 'NONE',  ( 5.141386672446186523, -7.009985476926870795, 1.143666810469887274 ) ) ;
#209 = CARTESIAN_POINT ( 'NONE',  ( -4.728801783407738490, -5.999999999999997335, 0.000000000000000000 ) ) ;
#210 = ORIENTED_EDGE ( 'NONE', *, *, #1498, .T. ) ;
#211 = ORIENTED_EDGE ( 'NONE', *, *, #2448, .T. ) ;
#212 = CIRCLE ( 'NONE', #648, 0.4999999999999993339 ) ;
#213 = DIRECTION ( 'NONE',  ( 0.000000000000000000, -1.000000000000000000, 0.000000000000000000 ) ) ;
#214 = B_SPLINE_CURVE_WITH_KNOTS ( 'NONE', 3,
 ( #1296, #1350, #1917, #490, #1501, #1323, #2356, #896 ),
 .UNSPECIFIED., .F., .F.,
 ( 4, 2, 2, 4 ),
 ( 0.001992512785668863404, 0.002265074836186312633, 0.002537636886703761863, 0.003082760987738662056 ),
 .UNSPECIFIED. ) ;
#215 = CIRCLE ( 'NONE', #2669, 0.3750000000000001110 ) ;
#216 = CARTESIAN_POINT ( 'NONE',  ( -4.588456029998864594, -7.161329512321862545, 0.7783677261544839077 ) ) ;
#217 = CONICAL_SURFACE ( 'NONE', #1731, 0.4999999999999995559, 0.7853981633974445042 ) ;
#218 =( BOUNDED_SURFACE ( )  B_SPLINE_SURFACE ( 3, 2, ( 
 ( #249, #112, #76 ),
 ( #1906, #884, #909 ),
 ( #1704, #2341, #502 ),
 ( #676, #2310, #472 ),
 ( #1334, #1188, #390 ),
 ( #329, #2030, #939 ) ),
 .UNSPECIFIED., .F., .F., .F. ) 
 B_SPLINE_SURFACE_WITH_KNOTS ( ( 4, 2, 4 ),
 ( 3, 3 ),
 ( 0.002713997599302549538, 0.003244166001401288524, 0.003774334403500027510 ),
 ( 0.000000000000000000, 1.000000000000000000 ),
 .UNSPECIFIED. ) 
 GEOMETRIC_REPRESENTATION_ITEM ( )  RATIONAL_B_SPLINE_SURFACE ( (
 ( 1.000000000000000000, 0.7544968102222178175, 1.000000000000000000),
 ( 1.000000000000000000, 0.7543865692273291623, 1.000000000000000000),
 ( 1.000000000000000000, 0.7606744659088610083, 1.000000000000000000),
 ( 1.000000000000000000, 0.8191706464741116411, 1.000000000000000000),
 ( 1.000000000000000000, 0.8668357176405373510, 1.000000000000000000),
 ( 1.000000000000000000, 0.9019235821299784739, 1.000000000000000000) ) ) 
 REPRESENTATION_ITEM ( '' )  SURFACE ( )  );
#219 = EDGE_LOOP ( 'NONE', ( #269, #1591, #707, #2485, #727, #863 ) ) ;
#220 = ADVANCED_FACE ( 'NONE', ( #1864 ), #1685, .F. ) ;
#221 = CARTESIAN_POINT ( 'NONE',  ( -4.316661679556109021, -6.992803344163267987, 0.8168199832460221188 ) ) ;
#222 = AXIS2_PLACEMENT_3D ( 'NONE', #284, #319, #703 ) ;
#223 = CARTESIAN_POINT ( 'NONE',  ( 0.2933957754997173484, -0.2095684110712288106, -0.2000000000000000389 ) ) ;
#224 = VERTEX_POINT ( 'NONE', #408 ) ;
#225 = CIRCLE ( 'NONE', #1997, 1.000000000000000000 ) ;
#226 = DIRECTION ( 'NONE',  ( 0.000000000000000000, 0.000000000000000000, -1.000000000000000000 ) ) ;
#227 = VERTEX_POINT ( 'NONE', #862 ) ;
#228 = CIRCLE ( 'NONE', #2165, 0.3750000000000001110 ) ;
#229 = SURFACE_STYLE_FILL_AREA ( #433 ) ;
#230 = AXIS2_PLACEMENT_3D ( 'NONE', #1163, #2208, #2222 ) ;
#231 = CARTESIAN_POINT ( 'NONE',  ( -5.999999999999992006, -5.999999999999997335, 2.000000000000000000 ) ) ;
#232 = ORIENTED_EDGE ( 'NONE', *, *, #1087, .F. ) ;
#233 = DIRECTION ( 'NONE',  ( 0.000000000000000000, 0.000000000000000000, -1.000000000000000000 ) ) ;
#234 = ORIENTED_EDGE ( 'NONE', *, *, #2203, .T. ) ;
#235 = EDGE_CURVE ( 'NONE', #694, #492, #228, .T. ) ;
#236 = UNCERTAINTY_MEASURE_WITH_UNIT (LENGTH_MEASURE( 1.000000000000000082E-05 ), #2510, 'distance_accuracy_value', 'NONE');
#237 = ORIENTED_EDGE ( 'NONE', *, *, #923, .F. ) ;
#238 = ADVANCED_FACE ( 'NONE', ( #2454 ), #1317, .T. ) ;
#239 = SURFACE_SIDE_STYLE ('',( #1077 ) ) ;
#240 = ORIENTED_EDGE ( 'NONE', *, *, #248, .F. ) ;
#241 = DIRECTION ( 'NONE',  ( 0.000000000000000000, 0.000000000000000000, 1.000000000000000000 ) ) ;
#242 = CARTESIAN_POINT ( 'NONE',  ( -5.217806014015201832, -7.219242399993996528, 0.8285714285714282923 ) ) ;
#243 = ORIENTED_EDGE ( 'NONE', *, *, #123, .T. ) ;
#244 = DIRECTION ( 'NONE',  ( 0.000000000000000000, 0.000000000000000000, 1.000000000000000000 ) ) ;
#245 = ORIENTED_EDGE ( 'NONE', *, *, #1324, .T. ) ;
#246 = EDGE_CURVE ( 'NONE', #203, #2318, #2428, .T. ) ;
#247 = SURFACE_SIDE_STYLE ('',( #2105 ) ) ;
#248 = EDGE_CURVE ( 'NONE', #1229, #592, #1703, .T. ) ;
#249 = CARTESIAN_POINT ( 'NONE',  ( -4.579037723018902994, -6.999999999999998224, 1.000000000000000222 ) ) ;
#250 = ORIENTED_EDGE ( 'NONE', *, *, #178, .T. ) ;
#251 = CARTESIAN_POINT ( 'NONE',  ( -4.644974418979248121, -6.059876688877491979, -0.02857142857142828951 ) ) ;
#252 =( NAMED_UNIT ( * ) SI_UNIT ( $, .STERADIAN. ) SOLID_ANGLE_UNIT ( ) );
#253 = FACE_OUTER_BOUND ( 'NONE', #1684, .T. ) ;
#254 = DIRECTION ( 'NONE',  ( 1.000000000000000000, 0.000000000000000000, 0.000000000000000000 ) ) ;
#255 = AXIS2_PLACEMENT_3D ( 'NONE', #514, #712, #1322 ) ;
#256 = ORIENTED_EDGE ( 'NONE', *, *, #786, .T. ) ;
#257 = UNCERTAINTY_MEASURE_WITH_UNIT (LENGTH_MEASURE( 1.000000000000000082E-05 ), #2211, 'distance_accuracy_value', 'NONE');
#258 = PRESENTATION_LAYER_ASSIGNMENT (  '', '', ( #2245 ) ) ;
#259 = MECHANICAL_DESIGN_GEOMETRIC_PRESENTATION_REPRESENTATION (  '', ( #995 ), #961 ) ;
#260 = CARTESIAN_POINT ( 'NONE',  ( 5.012550563308942664, -6.363414199393402804, 1.939974891418841718 ) ) ;
#261 = ORIENTED_EDGE ( 'NONE', *, *, #1284, .F. ) ;
#262 = VECTOR ( 'NONE', #1883, 1000.000000000000114 ) ;
#263 = CARTESIAN_POINT ( 'NONE',  ( 4.090963651533336964, -6.861670355721804171, 1.835179141304579709 ) ) ;
#264 = CLOSED_SHELL ( 'NONE', ( #2453, #64, #2250, #2199, #194, #1084, #238, #36, #666, #836, #2106, #1878, #2262, #542, #89, #790, #2056, #2516, #368, #2463, #2555, #2219, #196, #919, #1191, #2632, #1677, #396, #2072, #1675, #1074, #71, #1257, #265, #1858, #1076, #556, #459, #1777, #728, #1761, #1245, #2439, #382, #1359, #1992, #2339, #1508, #2308, #886, #2650, #652, #1919, #1711, #1467, #956, #220, #598, #2131, #279, #282, #2486, #2236, #2272, #2413, #1620, #503, #2069, #1114, #1642, #1782, #2043 ) ) ;
#265 = ADVANCED_FACE ( 'NONE', ( #87 ), #1301, .T. ) ;
#266 =( NAMED_UNIT ( * ) PLANE_ANGLE_UNIT ( ) SI_UNIT ( $, .RADIAN. ) );
#267 = AXIS2_PLACEMENT_3D ( 'NONE', #2514, #477, #69 ) ;
#268 = EDGE_CURVE ( 'NONE', #303, #149, #740, .T. ) ;
#269 = ORIENTED_EDGE ( 'NONE', *, *, #1585, .F. ) ;
#270 = CIRCLE ( 'NONE', #627, 0.3750000000000002776 ) ;
#271 = CARTESIAN_POINT ( 'NONE',  ( -4.709652578243112231, -6.150426111846805988, -0.02857142857169420180 ) ) ;
#272 = DIRECTION ( 'NONE',  ( 0.5083716194625258478, 0.000000000000000000, -0.8611377918341807103 ) ) ;
#273 = CARTESIAN_POINT ( 'NONE',  ( 4.335050636041303029, -14.74546400641267851, 1.600000000000000089 ) ) ;
#274 = SURFACE_STYLE_FILL_AREA ( #2123 ) ;
#275 = ORIENTED_EDGE ( 'NONE', *, *, #2448, .F. ) ;
#276 = CARTESIAN_POINT ( 'NONE',  ( -4.822165990856767337, -6.996528582935655827, 1.083251367121062403 ) ) ;
#277 =( GEOMETRIC_REPRESENTATION_CONTEXT ( 3 ) GLOBAL_UNCERTAINTY_ASSIGNED_CONTEXT ( ( #1672 ) ) GLOBAL_UNIT_ASSIGNED_CONTEXT ( ( #1732, #266, #292 ) ) REPRESENTATION_CONTEXT ( 'NONE', 'WORKASPACE' ) );
#278 = DIRECTION ( 'NONE',  ( -1.000000000000000000, 0.000000000000000000, 0.000000000000000000 ) ) ;
#279 = ADVANCED_FACE ( 'NONE', ( #302 ), #758, .F. ) ;
#280 = CARTESIAN_POINT ( 'NONE',  ( -4.952893867500530511, -6.246005915745208803, -0.1745131286700716544 ) ) ;
#281 = ORIENTED_EDGE ( 'NONE', *, *, #439, .T. ) ;
#282 = ADVANCED_FACE ( 'NONE', ( #2306 ), #2239, .F. ) ;
#283 = CARTESIAN_POINT ( 'NONE',  ( 4.452685351466124430, -6.969133384796532660, 1.285396719783093555 ) ) ;
#284 = CARTESIAN_POINT ( 'NONE',  ( -5.999999999999993783, 6.000000000000002665, 1.000000000000000000 ) ) ;
#285 = CARTESIAN_POINT ( 'NONE',  ( 4.783167807881797629, -6.232958133179161919, 2.021688947064097519 ) ) ;
#286 = SURFACE_STYLE_FILL_AREA ( #2136 ) ;
#287 = CARTESIAN_POINT ( 'NONE',  ( -5.999999999999993783, 6.000000000000002665, 1.000000000000000000 ) ) ;
#288 = DIRECTION ( 'NONE',  ( -0.6780352350114370319, -0.7350294008289636194, 0.000000000000000000 ) ) ;
#289 = ORIENTED_EDGE ( 'NONE', *, *, #977, .F. ) ;
#290 = DIRECTION ( 'NONE',  ( 0.8137334712067346709, -0.5812381937190969072, 0.000000000000000000 ) ) ;
#291 = CARTESIAN_POINT ( 'NONE',  ( -4.040764947743176627, -6.233018599247346359, 0.02496592160964334478 ) ) ;
#292 =( NAMED_UNIT ( * ) SI_UNIT ( $, .STERADIAN. ) SOLID_ANGLE_UNIT ( ) );
#293 = ORIENTED_EDGE ( 'NONE', *, *, #994, .F. ) ;
#294 = CARTESIAN_POINT ( 'NONE',  ( 4.175314372647183525, -6.514211034715576609, 1.921108752206000636 ) ) ;
#295 = DIRECTION ( 'NONE',  ( 0.000000000000000000, 0.000000000000000000, 1.000000000000000000 ) ) ;
#296 = CARTESIAN_POINT ( 'NONE',  ( -0.2933957754997173484, 0.2095684110712253412, -0.2000000000000000389 ) ) ;
#297 = DIRECTION ( 'NONE',  ( 0.8137334712067394449, -0.5812381937190900238, 0.000000000000000000 ) ) ;
#298 = CIRCLE ( 'NONE', #824, 0.4999999999999993339 ) ;
#299 = DIRECTION ( 'NONE',  ( 0.000000000000000000, 0.000000000000000000, 1.000000000000000000 ) ) ;
#300 = EDGE_CURVE ( 'NONE', #1078, #602, #1618, .T. ) ;
#301 = COLOUR_RGB ( '',0.6470588235294117974, 0.6196078431372549211, 0.5882352941176470784 ) ;
#302 = FACE_OUTER_BOUND ( 'NONE', #600, .T. ) ;
#303 = VERTEX_POINT ( 'NONE', #1826 ) ;
#304 = AXIS2_PLACEMENT_3D ( 'NONE', #1161, #114, #760 ) ;
#305 = CARTESIAN_POINT ( 'NONE',  ( -5.389028512054653497, -7.210362133404781382, 0.6659797614285156708 ) ) ;
#306 = FACE_OUTER_BOUND ( 'NONE', #945, .T. ) ;
#307 = APPLICATION_CONTEXT ( 'automotive_design' ) ;
#308 =( GEOMETRIC_REPRESENTATION_CONTEXT ( 3 ) GLOBAL_UNCERTAINTY_ASSIGNED_CONTEXT ( ( #1539 ) ) GLOBAL_UNIT_ASSIGNED_CONTEXT ( ( #1964, #2329, #252 ) ) REPRESENTATION_CONTEXT ( 'NONE', 'WORKASPACE' ) );
#309 = DIRECTION ( 'NONE',  ( -0.8137334712067338938, -0.5812381937190979064, 2.168404344971008868E-15 ) ) ;
#310 = AXIS2_PLACEMENT_3D ( 'NONE', #1256, #1235, #436 ) ;
#311 = CARTESIAN_POINT ( 'NONE',  ( -3.842626788020841566, -6.000000000000003553, 2.710505431213761085E-17 ) ) ;
#312 = AXIS2_PLACEMENT_3D ( 'NONE', #93, #925, #278 ) ;
#313 = CYLINDRICAL_SURFACE ( 'NONE', #11, 0.2000000000000000111 ) ;
#314 = AXIS2_PLACEMENT_3D ( 'NONE', #1292, #1439, #2052 ) ;
#315 = VECTOR ( 'NONE', #1622, 1000.000000000000114 ) ;
#316 = VERTEX_POINT ( 'NONE', #350 ) ;
#317 = DIRECTION ( 'NONE',  ( 0.000000000000000000, 0.000000000000000000, 1.000000000000000000 ) ) ;
#318 = AXIS2_PLACEMENT_3D ( 'NONE', #1570, #336, #148 ) ;
#319 = DIRECTION ( 'NONE',  ( -1.000000000000000000, 0.000000000000000000, 0.000000000000000000 ) ) ;
#320 = CYLINDRICAL_SURFACE ( 'NONE', #2086, 0.3750000000000003331 ) ;
#321 = SURFACE_STYLE_USAGE ( .BOTH. , #467 ) ;
#322 = AXIS2_PLACEMENT_3D ( 'NONE', #1979, #151, #2237 ) ;
#323 = CARTESIAN_POINT ( 'NONE',  ( 5.445781286631005358, -7.120011818522823610, 1.552151599051719177 ) ) ;
#324 = ORIENTED_EDGE ( 'NONE', *, *, #1936, .F. ) ;
#325 =( NAMED_UNIT ( * ) SI_UNIT ( $, .STERADIAN. ) SOLID_ANGLE_UNIT ( ) );
#326 = EDGE_CURVE ( 'NONE', #1900, #316, #2328, .T. ) ;
#327 = DIRECTION ( 'NONE',  ( 4.275262644885174286E-16, -1.000000000000000000, 0.000000000000000000 ) ) ;
#328 = CARTESIAN_POINT ( 'NONE',  ( -3.926454152449332824, -5.940123311122512462, -0.02857142857142836584 ) ) ;
#329 = CARTESIAN_POINT ( 'NONE',  ( -4.090963651533323642, -6.718058629768187018, 0.3040173822462011177 ) ) ;
#330 = ORIENTED_EDGE ( 'NONE', *, *, #903, .T. ) ;
#331 = CARTESIAN_POINT ( 'NONE',  ( -5.999999999999993783, 6.000000000000002665, 2.000000000000000000 ) ) ;
#332 =( LENGTH_UNIT ( ) NAMED_UNIT ( * ) SI_UNIT ( .MILLI., .METRE. ) );
#333 = CARTESIAN_POINT ( 'NONE',  ( -5.999999999999993783, 7.000000000000002665, 1.000000000000000000 ) ) ;
#334 = LINE ( 'NONE', #1581, #2550 ) ;
#335 = CARTESIAN_POINT ( 'NONE',  ( -5.385081295665719914, -7.000000000000319744, 0.9674950835823346029 ) ) ;
#336 = DIRECTION ( 'NONE',  ( -0.9422001227384392275, 0.3350506360412856544, -1.021535419989128872E-16 ) ) ;
#337 = EDGE_LOOP ( 'NONE', ( #2511, #275, #1758, #1331 ) ) ;
#338 = DIRECTION ( 'NONE',  ( 0.000000000000000000, 1.000000000000000000, 0.000000000000000000 ) ) ;
#339 = CYLINDRICAL_SURFACE ( 'NONE', #2068, 0.3750000000000003331 ) ;
#340 = DIRECTION ( 'NONE',  ( -0.000000000000000000, 1.000000000000000000, -0.000000000000000000 ) ) ;
#341 = EDGE_CURVE ( 'NONE', #192, #40, #191, .T. ) ;
#342 = CARTESIAN_POINT ( 'NONE',  ( 5.000000000000014211, -9.419721809301302429, 2.099999999999999645 ) ) ;
#343 = DIRECTION ( 'NONE',  ( 0.000000000000000000, 0.000000000000000000, 1.000000000000000000 ) ) ;
#344 = VERTEX_POINT ( 'NONE', #1995 ) ;
#345 = CARTESIAN_POINT ( 'NONE',  ( 3.926454152449340818, -5.940123311122502692, 2.028571428571428470 ) ) ;
#346 = DIRECTION ( 'NONE',  ( 1.000000000000000000, 0.000000000000000000, 0.000000000000000000 ) ) ;
#347 = DIRECTION ( 'NONE',  ( 1.000000000000000000, 0.000000000000000000, 0.000000000000000000 ) ) ;
#348 = AXIS2_PLACEMENT_3D ( 'NONE', #2599, #2154, #152 ) ;
#349 = AXIS2_PLACEMENT_3D ( 'NONE', #657, #2266, #1884 ) ;
#350 = CARTESIAN_POINT ( 'NONE',  ( 6.999999999999997335, 5.999999999999995559, 1.000000000000000000 ) ) ;
#351 = ORIENTED_EDGE ( 'NONE', *, *, #1213, .F. ) ;
#352 = PRESENTATION_LAYER_ASSIGNMENT (  '', '', ( #825 ) ) ;
#353 = CARTESIAN_POINT ( 'NONE',  ( -5.000000000000001776, -9.419721809301321969, 0.4000000000000000222 ) ) ;
#354 = ORIENTED_EDGE ( 'NONE', *, *, #2183, .F. ) ;
#355 = COLOUR_RGB ( '',0.6470588235294117974, 0.6196078431372549211, 0.5882352941176470784 ) ;
#356 = CIRCLE ( 'NONE', #2157, 0.4999999999999993339 ) ;
#357 = CARTESIAN_POINT ( 'NONE',  ( -4.048507935500630595, -6.500722050135431473, 0.1234074380928893017 ) ) ;
#358 = CONICAL_SURFACE ( 'NONE', #304, 0.4999999999999995559, 0.7853981633974445042 ) ;
#359 = CARTESIAN_POINT ( 'NONE',  ( 6.999999999999999112, -5.999999999999990230, 1.000000000000000000 ) ) ;
#360 = EDGE_CURVE ( 'NONE', #1274, #592, #1486, .T. ) ;
#361 = AXIS2_PLACEMENT_3D ( 'NONE', #1718, #668, #295 ) ;
#362 = AXIS2_PLACEMENT_3D ( 'NONE', #1943, #340, #513 ) ;
#363 = ORIENTED_EDGE ( 'NONE', *, *, #714, .T. ) ;
#364 = CARTESIAN_POINT ( 'NONE',  ( 3.931113110819065781, -6.118147367563304684, 1.995145584226458713 ) ) ;
#365 =( GEOMETRIC_REPRESENTATION_CONTEXT ( 3 ) GLOBAL_UNCERTAINTY_ASSIGNED_CONTEXT ( ( #1627 ) ) GLOBAL_UNIT_ASSIGNED_CONTEXT ( ( #332, #1382, #171 ) ) REPRESENTATION_CONTEXT ( 'NONE', 'WORKASPACE' ) );
#366 = CARTESIAN_POINT ( 'NONE',  ( 4.694661794859776194, -7.000000000000000000, 0.9442322494881086881 ) ) ;
#367 = DIRECTION ( 'NONE',  ( 1.000000000000000000, 0.000000000000000000, 0.000000000000000000 ) ) ;
#368 = ADVANCED_FACE ( 'NONE', ( #2407 ), #569, .T. ) ;
#369 = AXIS2_PLACEMENT_3D ( 'NONE', #1328, #44, #1538 ) ;
#370 = CARTESIAN_POINT ( 'NONE',  ( -5.269279515332141450, -7.222406154946119372, 0.7985392344395699782 ) ) ;
#371 = DIRECTION ( 'NONE',  ( 0.5812381937190980175, -0.8137334712067338938, 0.000000000000000000 ) ) ;
#372 = SURFACE_SIDE_STYLE ('',( #2212 ) ) ;
#373 = ORIENTED_EDGE ( 'NONE', *, *, #580, .T. ) ;
#374 = STYLED_ITEM ( 'NONE', ( #508 ), #652 ) ;
#375 = FILL_AREA_STYLE_COLOUR ( '', #1347 ) ;
#376 = ORIENTED_EDGE ( 'NONE', *, *, #638, .T. ) ;
#377 = CARTESIAN_POINT ( 'NONE',  ( -4.060403341842327762, -6.620866264695441927, 0.2037421530841505846 ) ) ;
#378 = CARTESIAN_POINT ( 'NONE',  ( 5.000000000000014211, -16.61537650602526739, 1.600000000000000089 ) ) ;
#379 = DIRECTION ( 'NONE',  ( 0.000000000000000000, 0.000000000000000000, 1.000000000000000000 ) ) ;
#380 =( NAMED_UNIT ( * ) PLANE_ANGLE_UNIT ( ) SI_UNIT ( $, .RADIAN. ) );
#381 = DIRECTION ( 'NONE',  ( -0.8137334712067387787, -0.5812381937190911341, 0.000000000000000000 ) ) ;
#382 = ADVANCED_FACE ( 'NONE', ( #2011 ), #1447, .T. ) ;
#383 = SURFACE_SIDE_STYLE ('',( #1470 ) ) ;
#384 = CARTESIAN_POINT ( 'NONE',  ( -4.329658166741129577, -6.946661311883394418, 0.3999999999998652411 ) ) ;
#385 = ORIENTED_EDGE ( 'NONE', *, *, #1103, .T. ) ;
#386 = CARTESIAN_POINT ( 'NONE',  ( 4.460694624556786003, -15.09878905243959402, 1.600000000000000089 ) ) ;
#387 = LINE ( 'NONE', #465, #1510 ) ;
#388 = ORIENTED_EDGE ( 'NONE', *, *, #970, .F. ) ;
#389 = CARTESIAN_POINT ( 'NONE',  ( 5.000000000000013323, -7.640930106817036993, 1.600000000000000089 ) ) ;
#390 = CARTESIAN_POINT ( 'NONE',  ( -4.297032513757606864, -6.882047557545109662, 0.3232203655688071220 ) ) ;
#391 = DIRECTION ( 'NONE',  ( 4.275262644885195980E-16, -1.000000000000000000, 0.000000000000000000 ) ) ;
#392 = CARTESIAN_POINT ( 'NONE',  ( 5.000000000000014211, -9.669721809301305981, 1.600000000000000089 ) ) ;
#393 =( LENGTH_UNIT ( ) NAMED_UNIT ( * ) SI_UNIT ( .MILLI., .METRE. ) );
#394 = CARTESIAN_POINT ( 'NONE',  ( -4.824005574510878525, -6.191321789452350011, 0.01472230051895446513 ) ) ;
#395 = ORIENTED_EDGE ( 'NONE', *, *, #165, .F. ) ;
#396 = ADVANCED_FACE ( 'NONE', ( #2641 ), #187, .T. ) ;
#397 = CIRCLE ( 'NONE', #951, 1.000000000000000000 ) ;
#398 = DIRECTION ( 'NONE',  ( 1.084202172485509118E-16, 0.000000000000000000, -1.000000000000000000 ) ) ;
#399 = ORIENTED_EDGE ( 'NONE', *, *, #1042, .T. ) ;
#400 = CARTESIAN_POINT ( 'NONE',  ( 4.104318197024537263, -6.281671145396849454, 1.992509645321040468 ) ) ;
#401 = MECHANICAL_DESIGN_GEOMETRIC_PRESENTATION_REPRESENTATION (  '', ( #478 ), #1647 ) ;
#402 = PRESENTATION_LAYER_ASSIGNMENT (  '', '', ( #995 ) ) ;
#403 = CARTESIAN_POINT ( 'NONE',  ( -4.859914746047100387, -6.312419573926267624, -0.01036652047862047718 ) ) ;
#404 = AXIS2_PLACEMENT_3D ( 'NONE', #2425, #371, #2406 ) ;
#405 = DIRECTION ( 'NONE',  ( 1.000000000000000000, 6.938893903907228378E-15, 0.000000000000000000 ) ) ;
#406 = CARTESIAN_POINT ( 'NONE',  ( 5.000000000000015987, -26.19999999999999929, 1.600000000000000089 ) ) ;
#407 = EDGE_LOOP ( 'NONE', ( #1571, #2483, #16, #376, #2041, #1037 ) ) ;
#408 = CARTESIAN_POINT ( 'NONE',  ( 5.000000000000015987, -19.42748912837629405, 1.224999999999999645 ) ) ;
#409 = STYLED_ITEM ( 'NONE', ( #1280 ), #542 ) ;
#410 = VERTEX_POINT ( 'NONE', #1850 ) ;
#411 = AXIS2_PLACEMENT_3D ( 'NONE', #1654, #1891, #1287 ) ;
#412 = CIRCLE ( 'NONE', #230, 0.4999999999999993339 ) ;
#413 = EDGE_CURVE ( 'NONE', #570, #149, #1576, .T. ) ;
#414 = CARTESIAN_POINT ( 'NONE',  ( 5.590516290564380597, -6.972816757141327315, 1.241851028977157601 ) ) ;
#415 = DIRECTION ( 'NONE',  ( -1.000000000000000000, 0.000000000000000000, 0.000000000000000000 ) ) ;
#416 = VERTEX_POINT ( 'NONE', #1023 ) ;
#417 = CARTESIAN_POINT ( 'NONE',  ( -5.999999999999999112, -5.999999999999990230, 1.000000000000000000 ) ) ;
#418 = LINE ( 'NONE', #1251, #1993 ) ;
#419 = CARTESIAN_POINT ( 'NONE',  ( 5.000000000000014211, -13.80326388367424073, 1.600000000000000089 ) ) ;
#420 = VERTEX_POINT ( 'NONE', #849 ) ;
#421 = ORIENTED_EDGE ( 'NONE', *, *, #1796, .F. ) ;
#422 = CARTESIAN_POINT ( 'NONE',  ( 5.000000000000014211, -9.669721809301305981, 1.975000000000000089 ) ) ;
#423 = EDGE_CURVE ( 'NONE', #1395, #60, #2083, .T. ) ;
#424 = VERTEX_POINT ( 'NONE', #428 ) ;
#425 = CYLINDRICAL_SURFACE ( 'NONE', #653, 0.2000000000000000111 ) ;
#426 = DIRECTION ( 'NONE',  ( 1.000000000000000000, 6.938893903907228378E-15, 0.000000000000000000 ) ) ;
#427 = CARTESIAN_POINT ( 'NONE',  ( -5.207032570817992756, -6.999999999999998224, 0.8103221425567938008 ) ) ;
#428 = CARTESIAN_POINT ( 'NONE',  ( 0.2095684110712268677, -0.1496917221937354991, -0.02857142857142831380 ) ) ;
#429 = EDGE_LOOP ( 'NONE', ( #2038, #720, #1373, #113, #1012 ) ) ;
#430 = SURFACE_STYLE_USAGE ( .BOTH. , #623 ) ;
#431 = ORIENTED_EDGE ( 'NONE', *, *, #595, .F. ) ;
#432 = AXIS2_PLACEMENT_3D ( 'NONE', #223, #1059, #848 ) ;
#433 = FILL_AREA_STYLE ('',( #2271 ) ) ;
#434 = CIRCLE ( 'NONE', #1400, 0.3750000000000001110 ) ;
#435 = EDGE_CURVE ( 'NONE', #416, #227, #625, .T. ) ;
#436 = DIRECTION ( 'NONE',  ( 1.000000000000000000, 0.000000000000000000, 0.000000000000000000 ) ) ;
#437 = STYLED_ITEM ( 'NONE', ( #1289 ), #2250 ) ;
#438 = ORIENTED_EDGE ( 'NONE', *, *, #525, .F. ) ;
#439 = EDGE_CURVE ( 'NONE', #40, #192, #1319, .T. ) ;
#440 = FACE_OUTER_BOUND ( 'NONE', #1765, .T. ) ;
#441 = FACE_OUTER_BOUND ( 'NONE', #1552, .T. ) ;
#442 =( NAMED_UNIT ( * ) PLANE_ANGLE_UNIT ( ) SI_UNIT ( $, .RADIAN. ) );
#443 = SURFACE_STYLE_USAGE ( .BOTH. , #1060 ) ;
#444 = ORIENTED_EDGE ( 'NONE', *, *, #2320, .T. ) ;
#445 = AXIS2_PLACEMENT_3D ( 'NONE', #197, #2274, #1052 ) ;
#446 = CIRCLE ( 'NONE', #312, 0.6250000000000009992 ) ;
#447 =( LENGTH_UNIT ( ) NAMED_UNIT ( * ) SI_UNIT ( .MILLI., .METRE. ) );
#448 = ORIENTED_EDGE ( 'NONE', *, *, #1936, .T. ) ;
#449 = CARTESIAN_POINT ( 'NONE',  ( -4.000000000000000888, -13.80326388367424073, 0.4000000000000001332 ) ) ;
#450 = CIRCLE ( 'NONE', #1144, 0.2000000000000000389 ) ;
#451 = VECTOR ( 'NONE', #166, 1000.000000000000000 ) ;
#452 = AXIS2_PLACEMENT_3D ( 'NONE', #1159, #1985, #1619 ) ;
#453 = ORIENTED_EDGE ( 'NONE', *, *, #2467, .F. ) ;
#454 = FILL_AREA_STYLE ('',( #2293 ) ) ;
#455 = CARTESIAN_POINT ( 'NONE',  ( 4.666185137657937965, -6.999999999999996447, 1.150569980536469972 ) ) ;
#456 =( LENGTH_UNIT ( ) NAMED_UNIT ( * ) SI_UNIT ( .MILLI., .METRE. ) );
#457 = ORIENTED_EDGE ( 'NONE', *, *, #2585, .F. ) ;
#458 = AXIS2_PLACEMENT_3D ( 'NONE', #2447, #2458, #415 ) ;
#459 = ADVANCED_FACE ( 'NONE', ( #2090 ), #2654, .T. ) ;
#460 = DIRECTION ( 'NONE',  ( 1.000000000000000000, 0.000000000000000000, 1.084202172485509118E-16 ) ) ;
#461 = EDGE_LOOP ( 'NONE', ( #2373, #1562, #2148, #1451, #293 ) ) ;
#462 = FACE_OUTER_BOUND ( 'NONE', #1679, .T. ) ;
#463 = FACE_OUTER_BOUND ( 'NONE', #1118, .T. ) ;
#464 = ORIENTED_EDGE ( 'NONE', *, *, #2478, .T. ) ;
#465 = CARTESIAN_POINT ( 'NONE',  ( -5.999999999999999112, 6.000000000000002665, 0.000000000000000000 ) ) ;
#466 = DIRECTION ( 'NONE',  ( 0.000000000000000000, 0.000000000000000000, 1.000000000000000000 ) ) ;
#467 = SURFACE_SIDE_STYLE ('',( #274 ) ) ;
#468 = EDGE_CURVE ( 'NONE', #1464, #1840, #2469, .T. ) ;
#469 = EDGE_LOOP ( 'NONE', ( #830, #1908, #1475, #654 ) ) ;
#470 = DIRECTION ( 'NONE',  ( -1.084202172485509118E-16, -0.000000000000000000, 1.000000000000000000 ) ) ;
#471 = CIRCLE ( 'NONE', #348, 0.3750000000000002776 ) ;
#472 = CARTESIAN_POINT ( 'NONE',  ( -4.341103335371619742, -6.990406547101665424, 0.4353718490591732548 ) ) ;
#473 = EDGE_LOOP ( 'NONE', ( #1173, #2584, #354, #528 ) ) ;
#474 = CARTESIAN_POINT ( 'NONE',  ( 4.678257745111183752, -7.172293825345797735, 1.171428571428571264 ) ) ;
#475 = DIRECTION ( 'NONE',  ( 1.000000000000000000, 0.000000000000000000, 0.000000000000000000 ) ) ;
#476 = CARTESIAN_POINT ( 'NONE',  ( 4.090963651533336964, -6.718058629768170142, 1.695982617753816424 ) ) ;
#477 = DIRECTION ( 'NONE',  ( -0.000000000000000000, 1.000000000000000000, -0.000000000000000000 ) ) ;
#478 = STYLED_ITEM ( 'NONE', ( #1702 ), #1919 ) ;
#479 = ORIENTED_EDGE ( 'NONE', *, *, #1646, .T. ) ;
#480 = TOROIDAL_SURFACE ( 'NONE', #826, 0.9999999999999991118, 0.3750000000000003331 ) ;
#481 = CARTESIAN_POINT ( 'NONE',  ( 5.328179001063083398, -6.853042107984363085, 1.823322276053009672 ) ) ;
#482 = B_SPLINE_CURVE_WITH_KNOTS ( 'NONE', 3,
 ( #2223, #905, #586, #276, #1332, #1746 ),
 .UNSPECIFIED., .F., .F.,
 ( 4, 2, 4 ),
 ( 0.000000000000000000, 0.0003809686734959216595, 0.0007619373469918433190 ),
 .UNSPECIFIED. ) ;
#483 = ORIENTED_EDGE ( 'NONE', *, *, #111, .T. ) ;
#484 = AXIS2_PLACEMENT_3D ( 'NONE', #1044, #1681, #1260 ) ;
#485 = CARTESIAN_POINT ( 'NONE',  ( -4.952893867500539393, -6.205004929787678591, 0.02123905944160790413 ) ) ;
#486 = TOROIDAL_SURFACE ( 'NONE', #829, 1.984623493974736919, 0.3750000000000003331 ) ;
#487 = SURFACE_STYLE_FILL_AREA ( #2323 ) ;
#488 = EDGE_CURVE ( 'NONE', #1075, #1588, #2045, .T. ) ;
#489 =( LENGTH_UNIT ( ) NAMED_UNIT ( * ) SI_UNIT ( .MILLI., .METRE. ) );
#490 = CARTESIAN_POINT ( 'NONE',  ( 5.312846002023198899, -6.835876716802315123, 1.828373573508903061 ) ) ;
#491 = CIRCLE ( 'NONE', #1282, 0.3750000000000001110 ) ;
#492 = VERTEX_POINT ( 'NONE', #1636 ) ;
#493 = DIRECTION ( 'NONE',  ( 1.000000000000000000, 0.000000000000000000, 0.000000000000000000 ) ) ;
#494 = DIRECTION ( 'NONE',  ( 0.5812381937190980175, -0.8137334712067337827, 0.000000000000000000 ) ) ;
#495 = DIRECTION ( 'NONE',  ( -0.5009300198006992888, 0.000000000000000000, -0.8654877903601361222 ) ) ;
#496 = ORIENTED_EDGE ( 'NONE', *, *, #2291, .F. ) ;
#497 = CARTESIAN_POINT ( 'NONE',  ( 5.117569850189450875, -6.462505865610253863, 1.896170467440563945 ) ) ;
#498 = VERTEX_POINT ( 'NONE', #2037 ) ;
#499 =( BOUNDED_SURFACE ( )  B_SPLINE_SURFACE ( 3, 2, ( 
 ( #1960, #966, #908 ),
 ( #1944, #1577, #2141 ),
 ( #1762, #1515, #1730 ),
 ( #1378, #2540, #725 ),
 ( #699, #291, #533 ),
 ( #2173, #685, #928 ),
 ( #2355, #1349, #2156 ),
 ( #311, #547, #328 ) ),
 .UNSPECIFIED., .F., .F., .F. ) 
 B_SPLINE_SURFACE_WITH_KNOTS ( ( 4, 2, 2, 4 ),
 ( 3, 3 ),
 ( 1.626303258728256651E-19, 0.0005006213382236391219, 0.0007509320073354585744, 0.001001242676447278027 ),
 ( 0.000000000000000000, 1.000000000000000000 ),
 .UNSPECIFIED. ) 
 GEOMETRIC_REPRESENTATION_ITEM ( )  RATIONAL_B_SPLINE_SURFACE ( (
 ( 1.000000000000000000, 0.9019235821299786959, 1.000000000000000000),
 ( 1.000000000000000000, 0.9222225597174579237, 1.000000000000000000),
 ( 1.000000000000000000, 0.9428964382506991315, 1.000000000000000000),
 ( 1.000000000000000000, 0.9619859228993529188, 1.000000000000000000),
 ( 1.000000000000000000, 0.9664448607187727802, 1.000000000000000000),
 ( 1.000000000000000000, 0.9694646983350578839, 1.000000000000000000),
 ( 1.000000000000000000, 0.9680772879821348820, 1.000000000000000000),
 ( 1.000000000000000000, 0.9636241116594324030, 1.000000000000000000) ) ) 
 REPRESENTATION_ITEM ( '' )  SURFACE ( )  );
#500 = CARTESIAN_POINT ( 'NONE',  ( -4.859914746047089729, -6.312419573926251637, -0.01036652047862167067 ) ) ;
#501 = CARTESIAN_POINT ( 'NONE',  ( 5.000000000000014211, -13.80326388367424073, 1.600000000000000089 ) ) ;
#502 = CARTESIAN_POINT ( 'NONE',  ( -4.472664006544530224, -7.130181971017506726, 0.6579426780634515248 ) ) ;
#503 = ADVANCED_FACE ( 'NONE', ( #1252 ), #2616, .F. ) ;
#504 = ORIENTED_EDGE ( 'NONE', *, *, #2092, .F. ) ;
#505 = CARTESIAN_POINT ( 'NONE',  ( 5.000000000000014211, -16.61537650602526739, 1.600000000000000089 ) ) ;
#506 = DIRECTION ( 'NONE',  ( 0.000000000000000000, 1.000000000000000000, 0.000000000000000000 ) ) ;
#507 = LINE ( 'NONE', #718, #1983 ) ;
#508 = PRESENTATION_STYLE_ASSIGNMENT (( #705 ) ) ;
#509 = DIRECTION ( 'NONE',  ( -1.445602896647340889E-16, 1.000000000000000000, 0.000000000000000000 ) ) ;
#510 = ORIENTED_EDGE ( 'NONE', *, *, #1303, .F. ) ;
#511 = CYLINDRICAL_SURFACE ( 'NONE', #1609, 0.2000000000000000111 ) ;
#512 = DIRECTION ( 'NONE',  ( 0.000000000000000000, 0.7071067811865502373, 0.7071067811865449082 ) ) ;
#513 = DIRECTION ( 'NONE',  ( 0.000000000000000000, 0.000000000000000000, 1.000000000000000000 ) ) ;
#514 = CARTESIAN_POINT ( 'NONE',  ( -5.000000000000000888, -19.42748912837628694, 0.4000000000000000222 ) ) ;
#515 = CARTESIAN_POINT ( 'NONE',  ( -5.375000000000000888, -19.42748912837628694, 0.4000000000000000777 ) ) ;
#516 = B_SPLINE_CURVE_WITH_KNOTS ( 'NONE', 3,
 ( #2633, #377, #357, #169, #999, #1617, #1832, #2240 ),
 .UNSPECIFIED., .F., .F.,
 ( 4, 2, 2, 4 ),
 ( 5.421010862427522170E-20, 0.0004238925667404491531, 0.0006358388501106753288, 0.0008477851334809012335 ),
 .UNSPECIFIED. ) ;
#517 = AXIS2_PLACEMENT_3D ( 'NONE', #1556, #2367, #1695 ) ;
#518 = EDGE_LOOP ( 'NONE', ( #444, #1369, #1168, #188 ) ) ;
#519 = PRODUCT_RELATED_PRODUCT_CATEGORY ( 'part', '', ( #1888 ) ) ;
#520 = DIRECTION ( 'NONE',  ( -0.000000000000000000, 1.000000000000000000, -0.000000000000000000 ) ) ;
#521 = CARTESIAN_POINT ( 'NONE',  ( 5.000000000000014211, -9.419721809301302429, 1.100000000000000533 ) ) ;
#522 =( NAMED_UNIT ( * ) SI_UNIT ( $, .STERADIAN. ) SOLID_ANGLE_UNIT ( ) );
#523 = MECHANICAL_DESIGN_GEOMETRIC_PRESENTATION_REPRESENTATION (  '', ( #1898 ), #1264 ) ;
#524 = FACE_OUTER_BOUND ( 'NONE', #1541, .T. ) ;
#525 = EDGE_CURVE ( 'NONE', #1643, #2645, #150, .T. ) ;
#526 = AXIS2_PLACEMENT_3D ( 'NONE', #2016, #2446, #593 ) ;
#527 = CARTESIAN_POINT ( 'NONE',  ( 5.073182894302478374, -6.297473070054480537, 1.959393162567397706 ) ) ;
#528 = ORIENTED_EDGE ( 'NONE', *, *, #1103, .F. ) ;
#529 = AXIS2_PLACEMENT_3D ( 'NONE', #157, #2145, #1536 ) ;
#530 = DIRECTION ( 'NONE',  ( -1.445602896647340889E-16, 1.000000000000000000, -0.000000000000000000 ) ) ;
#531 = AXIS2_PLACEMENT_3D ( 'NONE', #1311, #1537, #272 ) ;
#532 = LINE ( 'NONE', #684, #1142 ) ;
#533 = CARTESIAN_POINT ( 'NONE',  ( -4.085372676534851699, -6.227404815736866439, -0.003966981471993406665 ) ) ;
#534 = SURFACE_STYLE_FILL_AREA ( #1379 ) ;
#535 = AXIS2_PLACEMENT_3D ( 'NONE', #2298, #1886, #460 ) ;
#536 = EDGE_LOOP ( 'NONE', ( #234, #911, #1476, #127 ) ) ;
#537 = CARTESIAN_POINT ( 'NONE',  ( -4.625000000000011546, -9.669721809301327298, 0.4000000000000000222 ) ) ;
#538 = DIRECTION ( 'NONE',  ( 0.000000000000000000, 0.000000000000000000, 1.000000000000000000 ) ) ;
#539 = MECHANICAL_DESIGN_GEOMETRIC_PRESENTATION_REPRESENTATION (  '', ( #2126 ), #590 ) ;
#540 = CARTESIAN_POINT ( 'NONE',  ( -4.170742283685137330, -6.495182307649742803, 0.07060082402876002861 ) ) ;
#541 = ORIENTED_EDGE ( 'NONE', *, *, #1213, .T. ) ;
#542 = ADVANCED_FACE ( 'NONE', ( #1670 ), #1874, .T. ) ;
#543 = UNCERTAINTY_MEASURE_WITH_UNIT (LENGTH_MEASURE( 1.000000000000000082E-05 ), #1965, 'distance_accuracy_value', 'NONE');
#544 = SPHERICAL_SURFACE ( 'NONE', #566, 1.000000000000000000 ) ;
#545 = CARTESIAN_POINT ( 'NONE',  ( 4.335050636041299477, -18.48528900563785271, 1.600000000000000089 ) ) ;
#546 = MECHANICAL_DESIGN_GEOMETRIC_PRESENTATION_REPRESENTATION (  '', ( #2178 ), #277 ) ;
#547 = CARTESIAN_POINT ( 'NONE',  ( -3.887764599636182705, -5.967758705989046675, -1.626303258728256898E-16 ) ) ;
#548 = EDGE_LOOP ( 'NONE', ( #2193, #2091, #2462, #2630 ) ) ;
#549 = CARTESIAN_POINT ( 'NONE',  ( 4.048790171080670852, -6.503821222393747270, 1.874626854976290113 ) ) ;
#550 = DIRECTION ( 'NONE',  ( -0.8654877903601341238, 0.000000000000000000, 0.5009300198007030636 ) ) ;
#551 = DIRECTION ( 'NONE',  ( 0.000000000000000000, 0.000000000000000000, 1.000000000000000000 ) ) ;
#552 = B_SPLINE_CURVE_WITH_KNOTS ( 'NONE', 3,
 ( #2416, #1818, #1763, #2568, #1394, #579 ),
 .UNSPECIFIED., .F., .F.,
 ( 4, 2, 4 ),
 ( 0.001451185527702267752, 0.001721849156685555278, 0.001992512785668843021 ),
 .UNSPECIFIED. ) ;
#553 = CARTESIAN_POINT ( 'NONE',  ( -5.489540618177679576, -6.649784306039962622, 0.2286779415009477789 ) ) ;
#554 = CARTESIAN_POINT ( 'NONE',  ( 5.252142173072069653, -6.993138309654061580, 1.221295098666377532 ) ) ;
#555 = VERTEX_POINT ( 'NONE', #1496 ) ;
#556 = ADVANCED_FACE ( 'NONE', ( #1720 ), #2506, .T. ) ;
#557 = CARTESIAN_POINT ( 'NONE',  ( 4.460694624556781562, -18.13196395961093899, 1.600000000000000089 ) ) ;
#558 = DIRECTION ( 'NONE',  ( 0.000000000000000000, 0.000000000000000000, -1.000000000000000000 ) ) ;
#559 = EDGE_LOOP ( 'NONE', ( #677, #626, #1527, #1341 ) ) ;
#560 = EDGE_CURVE ( 'NONE', #2229, #1464, #58, .T. ) ;
#561 = CARTESIAN_POINT ( 'NONE',  ( 5.637103528323331503, -6.929825818952368266, 1.374550810440772874 ) ) ;
#562 = ORIENTED_EDGE ( 'NONE', *, *, #950, .T. ) ;
#563 = CARTESIAN_POINT ( 'NONE',  ( 4.017358860025120215, -6.080172737534496719, 2.024410498900417021 ) ) ;
#564 = DIRECTION ( 'NONE',  ( -1.000000000000000000, 0.000000000000000000, -0.000000000000000000 ) ) ;
#565 = CARTESIAN_POINT ( 'NONE',  ( -5.000000000000002665, -7.640930106817046763, 0.4000000000000000222 ) ) ;
#566 = AXIS2_PLACEMENT_3D ( 'NONE', #1374, #338, #591 ) ;
#567 = CARTESIAN_POINT ( 'NONE',  ( -5.248179374411932052, -6.744579351089124764, 0.1178663452622693286 ) ) ;
#568 = FACE_OUTER_BOUND ( 'NONE', #1962, .T. ) ;
#569 = PLANE ( 'NONE',  #1788 ) ;
#570 = VERTEX_POINT ( 'NONE', #901 ) ;
#571 = CIRCLE ( 'NONE', #2077, 0.3750000000000001110 ) ;
#572 = LINE ( 'NONE', #1214, #2409 ) ;
#573 = CARTESIAN_POINT ( 'NONE',  ( 5.449446280300419332, -7.137673821822217768, 1.528017410392715991 ) ) ;
#574 = ORIENTED_EDGE ( 'NONE', *, *, #1376, .T. ) ;
#575 = CIRCLE ( 'NONE', #2418, 1.609623493974736252 ) ;
#576 = EDGE_CURVE ( 'NONE', #1978, #602, #1657, .T. ) ;
#577 = CARTESIAN_POINT ( 'NONE',  ( 5.068126389142239674, -6.293586091534612237, 1.960207303922586686 ) ) ;
#578 = AXIS2_PLACEMENT_3D ( 'NONE', #1494, #2528, #475 ) ;
#579 = CARTESIAN_POINT ( 'NONE',  ( -5.437130888051647126, -7.083800826932567851, 0.4000000000006003753 ) ) ;
#580 = EDGE_CURVE ( 'NONE', #2509, #904, #491, .T. ) ;
#581 = CIRCLE ( 'NONE', #362, 0.4999999999999995559 ) ;
#582 = CARTESIAN_POINT ( 'NONE',  ( 4.000000000000016875, -19.42748912837629405, 1.600000000000000089 ) ) ;
#583 = CARTESIAN_POINT ( 'NONE',  ( 4.872659488168262776, -6.143327423889068939, 1.991679511623492438 ) ) ;
#584 = DIRECTION ( 'NONE',  ( -0.5812381937190967962, -0.8137334712067346709, 0.000000000000000000 ) ) ;
#585 = AXIS2_PLACEMENT_3D ( 'NONE', #2451, #1660, #1240 ) ;
#586 = CARTESIAN_POINT ( 'NONE',  ( -5.076380004023533843, -6.996514904843697202, 1.083414933672772307 ) ) ;
#587 = CARTESIAN_POINT ( 'NONE',  ( -4.272869784241997593, -6.822596479308536743, 0.2814681154647322714 ) ) ;
#588 = SURFACE_STYLE_USAGE ( .BOTH. , #372 ) ;
#589 = VERTEX_POINT ( 'NONE', #876 ) ;
#590 =( GEOMETRIC_REPRESENTATION_CONTEXT ( 3 ) GLOBAL_UNCERTAINTY_ASSIGNED_CONTEXT ( ( #1970 ) ) GLOBAL_UNIT_ASSIGNED_CONTEXT ( ( #962, #1388, #2578 ) ) REPRESENTATION_CONTEXT ( 'NONE', 'WORKASPACE' ) );
#591 = DIRECTION ( 'NONE',  ( 1.000000000000000000, 0.000000000000000000, 0.000000000000000000 ) ) ;
#592 = VERTEX_POINT ( 'NONE', #103 ) ;
#593 = DIRECTION ( 'NONE',  ( 1.000000000000000000, 0.000000000000000000, 8.673617379883967679E-17 ) ) ;
#594 = FACE_OUTER_BOUND ( 'NONE', #630, .T. ) ;
#595 = EDGE_CURVE ( 'NONE', #1316, #998, #1365, .T. ) ;
#596 = DIRECTION ( 'NONE',  ( 0.000000000000000000, 0.000000000000000000, 1.000000000000000000 ) ) ;
#597 = SURFACE_STYLE_USAGE ( .BOTH. , #2438 ) ;
#598 = ADVANCED_FACE ( 'NONE', ( #2562 ), #1531, .T. ) ;
#599 = DIRECTION ( 'NONE',  ( -1.000000000000000000, 0.000000000000000000, -1.084202172485509241E-16 ) ) ;
#600 = EDGE_LOOP ( 'NONE', ( #1061, #175, #2394, #510 ) ) ;
#601 = DIRECTION ( 'NONE',  ( 0.000000000000000000, 0.000000000000000000, -1.000000000000000000 ) ) ;
#602 = VERTEX_POINT ( 'NONE', #889 ) ;
#603 = CYLINDRICAL_SURFACE ( 'NONE', #2243, 0.4999999999999995559 ) ;
#604 = DIRECTION ( 'NONE',  ( -0.000000000000000000, -0.000000000000000000, -1.000000000000000000 ) ) ;
#605 = DIRECTION ( 'NONE',  ( 0.8137334712067337827, 0.5812381937190980175, 0.000000000000000000 ) ) ;
#606 = CARTESIAN_POINT ( 'NONE',  ( 4.209406647525820055, -14.39213896038576479, 1.600000000000000089 ) ) ;
#607 = CARTESIAN_POINT ( 'NONE',  ( -4.710226622646551675, -6.151229671783232433, -0.02857139286499402880 ) ) ;
#608 = EDGE_LOOP ( 'NONE', ( #2595, #107, #453 ) ) ;
#609 = EDGE_CURVE ( 'NONE', #1049, #2053, #1834, .T. ) ;
#610 = STYLED_ITEM ( 'NONE', ( #2643 ), #956 ) ;
#611 = CARTESIAN_POINT ( 'NONE',  ( 5.000000000000014211, -13.80326388367424073, 1.600000000000000089 ) ) ;
#612 = ORIENTED_EDGE ( 'NONE', *, *, #1601, .T. ) ;
#613 = CARTESIAN_POINT ( 'NONE',  ( 5.619688085534187749, -6.824714010592421332, 1.570296655266589569 ) ) ;
#614 = AXIS2_PLACEMENT_3D ( 'NONE', #787, #2648, #757 ) ;
#615 = DIRECTION ( 'NONE',  ( 0.5812381937190967962, 0.8137334712067346709, -0.000000000000000000 ) ) ;
#616 = AXIS2_PLACEMENT_3D ( 'NONE', #1239, #199, #887 ) ;
#617 = EDGE_LOOP ( 'NONE', ( #1842, #612, #1199, #232 ) ) ;
#618 = DIRECTION ( 'NONE',  ( 0.000000000000000000, -1.000000000000000000, 0.000000000000000000 ) ) ;
#619 = DIRECTION ( 'NONE',  ( -1.000000000000000000, 0.000000000000000000, 0.000000000000000000 ) ) ;
#620 = CARTESIAN_POINT ( 'NONE',  ( 5.000000000000014211, -9.544721809301302429, 1.600000000000000089 ) ) ;
#621 = ORIENTED_EDGE ( 'NONE', *, *, #1247, .T. ) ;
#622 = PRESENTATION_LAYER_ASSIGNMENT (  '', '', ( #1525 ) ) ;
#623 = SURFACE_SIDE_STYLE ('',( #2284 ) ) ;
#624 = EDGE_CURVE ( 'NONE', #140, #589, #2596, .T. ) ;
#625 = CIRCLE ( 'NONE', #972, 0.4999999999999995559 ) ;
#626 = ORIENTED_EDGE ( 'NONE', *, *, #1171, .F. ) ;
#627 = AXIS2_PLACEMENT_3D ( 'NONE', #172, #1002, #538 ) ;
#628 = COLOUR_RGB ( '',0.6470588235294117974, 0.6196078431372549211, 0.5882352941176470784 ) ;
#629 = CARTESIAN_POINT ( 'NONE',  ( -4.329658166741129577, -6.946661311883394418, 0.3999999999998652411 ) ) ;
#630 = EDGE_LOOP ( 'NONE', ( #256, #1380, #1430 ) ) ;
#631 = CARTESIAN_POINT ( 'NONE',  ( 4.000000000000015099, -13.80326388367424073, 1.600000000000000089 ) ) ;
#632 = CARTESIAN_POINT ( 'NONE',  ( 4.820686180401526855, -6.996527559898763293, 0.9167363990648691452 ) ) ;
#633 = CARTESIAN_POINT ( 'NONE',  ( -4.761071105654711033, -7.182404831861108896, 0.8748682977810409156 ) ) ;
#634 = FILL_AREA_STYLE_COLOUR ( '', #1063 ) ;
#635 = ORIENTED_EDGE ( 'NONE', *, *, #1846, .T. ) ;
#636 = CARTESIAN_POINT ( 'NONE',  ( 5.000000000000016875, -19.42748912837629405, 1.600000000000000089 ) ) ;
#637 = ORIENTED_EDGE ( 'NONE', *, *, #803, .T. ) ;
#638 = EDGE_CURVE ( 'NONE', #570, #1134, #1208, .T. ) ;
#639 = CARTESIAN_POINT ( 'NONE',  ( -5.375000000000008882, -19.42748912837628694, 0.4000000000000000777 ) ) ;
#640 = EDGE_CURVE ( 'NONE', #2642, #1847, #450, .T. ) ;
#641 = CARTESIAN_POINT ( 'NONE',  ( -5.424729116240459170, -7.029549969476030391, 0.3275125280101661152 ) ) ;
#642 = DIRECTION ( 'NONE',  ( 1.000000000000000000, 6.938893903907228378E-15, 0.000000000000000000 ) ) ;
#643 = DIRECTION ( 'NONE',  ( 0.000000000000000000, 0.000000000000000000, 1.000000000000000000 ) ) ;
#644 = PRESENTATION_STYLE_ASSIGNMENT (( #2026 ) ) ;
#645 = DIRECTION ( 'NONE',  ( 1.000000000000000000, 0.000000000000000000, 1.084202172485509118E-16 ) ) ;
#646 = ORIENTED_EDGE ( 'NONE', *, *, #488, .F. ) ;
#647 = ORIENTED_EDGE ( 'NONE', *, *, #1336, .F. ) ;
#648 = AXIS2_PLACEMENT_3D ( 'NONE', #1957, #2579, #1759 ) ;
#649 = COLOUR_RGB ( '',0.6470588235294117974, 0.6196078431372549211, 0.5882352941176470784 ) ;
#650 = VECTOR ( 'NONE', #802, 999.9999999999998863 ) ;
#651 = CARTESIAN_POINT ( 'NONE',  ( -4.985625678684383999, -6.440696750666861092, 0.008940217199784116636 ) ) ;
#652 = ADVANCED_FACE ( 'NONE', ( #2122 ), #2331, .T. ) ;
#653 = AXIS2_PLACEMENT_3D ( 'NONE', #1434, #1667, #605 ) ;
#654 = ORIENTED_EDGE ( 'NONE', *, *, #746, .F. ) ;
#655 = CARTESIAN_POINT ( 'NONE',  ( 4.579037723018915429, -6.999999999999998224, 0.9999999999999997780 ) ) ;
#656 = CARTESIAN_POINT ( 'NONE',  ( 5.078041043045293357, -6.996515918906440312, 0.9165971928258968004 ) ) ;
#657 = CARTESIAN_POINT ( 'NONE',  ( 3.000000000000011990, -7.640930106817036993, 1.600000000000000089 ) ) ;
#658 = VERTEX_POINT ( 'NONE', #1768 ) ;
#659 = CIRCLE ( 'NONE', #2163, 0.3750000000000001110 ) ;
#660 = ORIENTED_EDGE ( 'NONE', *, *, #160, .F. ) ;
#661 =( GEOMETRIC_REPRESENTATION_CONTEXT ( 3 ) GLOBAL_UNCERTAINTY_ASSIGNED_CONTEXT ( ( #2646 ) ) GLOBAL_UNIT_ASSIGNED_CONTEXT ( ( #1453, #2484, #2102 ) ) REPRESENTATION_CONTEXT ( 'NONE', 'WORKASPACE' ) );
#662 = DIRECTION ( 'NONE',  ( 0.000000000000000000, -0.000000000000000000, 1.000000000000000000 ) ) ;
#663 = CIRCLE ( 'NONE', #10, 0.3750000000000002776 ) ;
#664 = TOROIDAL_SURFACE ( 'NONE', #1487, 2.000000000000000444, 0.4999999999999995559 ) ;
#665 = DIRECTION ( 'NONE',  ( 2.098349847134404727E-16, -1.000000000000000000, 0.000000000000000000 ) ) ;
#666 = ADVANCED_FACE ( 'NONE', ( #1415 ), #1835, .T. ) ;
#667 =( LENGTH_UNIT ( ) NAMED_UNIT ( * ) SI_UNIT ( .MILLI., .METRE. ) );
#668 = DIRECTION ( 'NONE',  ( -0.5812381937190977954, 0.8137334712067340048, 0.000000000000000000 ) ) ;
#669 = FACE_OUTER_BOUND ( 'NONE', #1335, .T. ) ;
#670 = DIRECTION ( 'NONE',  ( 0.000000000000000000, 0.000000000000000000, 1.000000000000000000 ) ) ;
#671 = DIRECTION ( 'NONE',  ( 0.000000000000000000, -0.000000000000000000, 1.000000000000000000 ) ) ;
#672 = CARTESIAN_POINT ( 'NONE',  ( 4.710226622646699113, -6.151229671783205788, 2.028571392864918721 ) ) ;
#673 = ORIENTED_EDGE ( 'NONE', *, *, #2008, .T. ) ;
#674 = UNCERTAINTY_MEASURE_WITH_UNIT (LENGTH_MEASURE( 1.000000000000000082E-05 ), #1406, 'distance_accuracy_value', 'NONE');
#675 = DIRECTION ( 'NONE',  ( -0.000000000000000000, -0.000000000000000000, -1.000000000000000000 ) ) ;
#676 = CARTESIAN_POINT ( 'NONE',  ( -4.156035198301179179, -6.899147059051221831, 0.5412671675203775123 ) ) ;
#677 = ORIENTED_EDGE ( 'NONE', *, *, #1529, .T. ) ;
#678 = CARTESIAN_POINT ( 'NONE',  ( -4.335050636041288818, -18.48528900563784561, 0.4000000000000000777 ) ) ;
#679 = DIRECTION ( 'NONE',  ( 1.000000000000000000, 0.000000000000000000, 1.084202172485509118E-16 ) ) ;
#680 =( NAMED_UNIT ( * ) SI_UNIT ( $, .STERADIAN. ) SOLID_ANGLE_UNIT ( ) );
#681 = ORIENTED_EDGE ( 'NONE', *, *, #2291, .T. ) ;
#682 = EDGE_CURVE ( 'NONE', #1297, #33, #777, .T. ) ;
#683 = CARTESIAN_POINT ( 'NONE',  ( -5.316009561500268710, -7.222898787274061760, 0.7586110212525829510 ) ) ;
#684 = CARTESIAN_POINT ( 'NONE',  ( -5.500000000000002665, -7.640930106817046763, 0.4000000000000000777 ) ) ;
#685 = CARTESIAN_POINT ( 'NONE',  ( -3.977036350940784892, -6.096567016993740040, 0.002047981795288786148 ) ) ;
#686 = DIRECTION ( 'NONE',  ( -0.5812381937190967962, -0.8137334712067346709, 0.000000000000000000 ) ) ;
#687 = VERTEX_POINT ( 'NONE', #1384 ) ;
#688 = FILL_AREA_STYLE_COLOUR ( '', #1016 ) ;
#689 = DIRECTION ( 'NONE',  ( -1.000000000000000000, -0.000000000000000000, 0.000000000000000000 ) ) ;
#690 = CARTESIAN_POINT ( 'NONE',  ( -5.000000000000000888, -19.42748912837628694, 0.4000000000000000222 ) ) ;
#691 = TOROIDAL_SURFACE ( 'NONE', #869, 2.000000000000000888, 0.4999999999999995559 ) ;
#692 = CARTESIAN_POINT ( 'NONE',  ( -5.999999999999999112, -5.999999999999990230, 1.000000000000000000 ) ) ;
#693 = CARTESIAN_POINT ( 'NONE',  ( 4.859914746047238943, -6.312419573926156602, 2.010366520479319963 ) ) ;
#694 = VERTEX_POINT ( 'NONE', #1991 ) ;
#695 = CIRCLE ( 'NONE', #1135, 0.3750000000000001110 ) ;
#696 = EDGE_CURVE ( 'NONE', #1588, #1075, #1791, .T. ) ;
#697 = CARTESIAN_POINT ( 'NONE',  ( -5.595300981809701035, -6.970080669108015492, 0.7480824772364051967 ) ) ;
#698 = MECHANICAL_DESIGN_GEOMETRIC_PRESENTATION_REPRESENTATION (  '', ( #2001 ), #881 ) ;
#699 = CARTESIAN_POINT ( 'NONE',  ( -3.989286701021637960, -6.246698048686152305, 0.02870519045863405630 ) ) ;
#700 = AXIS2_PLACEMENT_3D ( 'NONE', #2391, #1176, #381 ) ;
#701 = VERTEX_POINT ( 'NONE', #144 ) ;
#702 = FACE_OUTER_BOUND ( 'NONE', #1626, .T. ) ;
#703 = DIRECTION ( 'NONE',  ( 0.000000000000000000, 0.000000000000000000, 1.000000000000000000 ) ) ;
#704 = FACE_OUTER_BOUND ( 'NONE', #1073, .T. ) ;
#705 = SURFACE_STYLE_USAGE ( .BOTH. , #2549 ) ;
#706 = CARTESIAN_POINT ( 'NONE',  ( 5.393189920194516596, -6.833738269380813968, 1.559412681304647164 ) ) ;
#707 = ORIENTED_EDGE ( 'NONE', *, *, #108, .F. ) ;
#708 = CARTESIAN_POINT ( 'NONE',  ( -5.012550563308876050, -6.363414199393431225, 0.06002510858126652860 ) ) ;
#709 = CARTESIAN_POINT ( 'NONE',  ( -5.375000000000002665, -26.19999999999999929, 0.4000000000000000777 ) ) ;
#710 = CARTESIAN_POINT ( 'NONE',  ( -4.952893867500530511, -6.205004929787673262, 0.02123905944160698819 ) ) ;
#711 = EDGE_CURVE ( 'NONE', #40, #1812, #1578, .T. ) ;
#712 = DIRECTION ( 'NONE',  ( -2.561418517975604524E-16, -1.000000000000000000, 0.000000000000000000 ) ) ;
#713 = DIRECTION ( 'NONE',  ( 0.000000000000000000, -1.000000000000000000, 0.000000000000000000 ) ) ;
#714 = EDGE_CURVE ( 'NONE', #1588, #1771, #159, .T. ) ;
#715 = ORIENTED_EDGE ( 'NONE', *, *, #624, .F. ) ;
#716 = DIRECTION ( 'NONE',  ( 0.000000000000000000, 1.000000000000000000, 0.000000000000000000 ) ) ;
#717 = DIRECTION ( 'NONE',  ( -0.5812381937190967962, -0.8137334712067346709, 0.000000000000000000 ) ) ;
#718 = CARTESIAN_POINT ( 'NONE',  ( -0.2095684110712267845, -0.1496917221937340559, 2.028571428571428026 ) ) ;
#719 = DIRECTION ( 'NONE',  ( 1.084202172485509118E-16, 0.000000000000000000, -1.000000000000000000 ) ) ;
#720 = ORIENTED_EDGE ( 'NONE', *, *, #1598, .F. ) ;
#721 = DIRECTION ( 'NONE',  ( -0.7277273448964424185, 0.6712993803576099427, 0.1406060219957293300 ) ) ;
#722 = ORIENTED_EDGE ( 'NONE', *, *, #2569, .F. ) ;
#723 = DIRECTION ( 'NONE',  ( 0.000000000000000000, -1.000000000000000000, 0.000000000000000000 ) ) ;
#724 = DIRECTION ( 'NONE',  ( 6.938893903907228378E-15, -1.000000000000000000, 0.000000000000000000 ) ) ;
#725 = CARTESIAN_POINT ( 'NONE',  ( -4.111207253499013170, -6.302085659231586590, 0.01245418705137876260 ) ) ;
#726 = FILL_AREA_STYLE_COLOUR ( '', #628 ) ;
#727 = ORIENTED_EDGE ( 'NONE', *, *, #1062, .F. ) ;
#728 = ADVANCED_FACE ( 'NONE', ( #2421 ), #664, .T. ) ;
#729 = DIRECTION ( 'NONE',  ( 0.000000000000000000, 0.000000000000000000, 1.000000000000000000 ) ) ;
#730 = CARTESIAN_POINT ( 'NONE',  ( -4.000000000000000888, -19.42748912837628694, 0.4000000000000001332 ) ) ;
#731 = CARTESIAN_POINT ( 'NONE',  ( 4.335050636041299477, -18.48528900563785271, 1.600000000000000089 ) ) ;
#732 = SPHERICAL_SURFACE ( 'NONE', #832, 1.000000000000000000 ) ;
#733 = CIRCLE ( 'NONE', #1050, 0.3750000000000002776 ) ;
#734 = CARTESIAN_POINT ( 'NONE',  ( 5.374519380343554253, -6.913459138416730987, 1.407957446838627780 ) ) ;
#735 = VERTEX_POINT ( 'NONE', #130 ) ;
#736 = LINE ( 'NONE', #2013, #451 ) ;
#737 = CARTESIAN_POINT ( 'NONE',  ( 5.999999999999997335, 6.000000000000002665, 1.000000000000000000 ) ) ;
#738 = MECHANICAL_DESIGN_GEOMETRIC_PRESENTATION_REPRESENTATION (  '', ( #2372 ), #1093 ) ;
#739 = DIRECTION ( 'NONE',  ( 0.9422001227384388944, 0.3350506360412866536, 0.000000000000000000 ) ) ;
#740 = CIRCLE ( 'NONE', #1100, 0.2000000000000004829 ) ;
#741 = ORIENTED_EDGE ( 'NONE', *, *, #977, .T. ) ;
#742 = CARTESIAN_POINT ( 'NONE',  ( 0.2095684110712264514, 0.1496917221937337228, 2.028571428571428470 ) ) ;
#743 = AXIS2_PLACEMENT_3D ( 'NONE', #1505, #81, #2315 ) ;
#744 = SURFACE_STYLE_USAGE ( .BOTH. , #1779 ) ;
#745 = DIRECTION ( 'NONE',  ( 0.000000000000000000, -1.000000000000000000, 0.000000000000000000 ) ) ;
#746 = EDGE_CURVE ( 'NONE', #424, #2053, #334, .T. ) ;
#747 = CIRCLE ( 'NONE', #700, 0.1999999999999998446 ) ;
#748 = DIRECTION ( 'NONE',  ( 1.084202172485509118E-16, 0.000000000000000000, -1.000000000000000000 ) ) ;
#749 = CARTESIAN_POINT ( 'NONE',  ( 5.207032570818341810, -7.000000000000327738, 1.189677857442791309 ) ) ;
#750 = VERTEX_POINT ( 'NONE', #2377 ) ;
#751 = EDGE_CURVE ( 'NONE', #1771, #1419, #412, .T. ) ;
#752 = UNCERTAINTY_MEASURE_WITH_UNIT (LENGTH_MEASURE( 1.000000000000000082E-05 ), #2242, 'distance_accuracy_value', 'NONE');
#753 = AXIS2_PLACEMENT_3D ( 'NONE', #2174, #1790, #343 ) ;
#754 = FACE_OUTER_BOUND ( 'NONE', #2260, .T. ) ;
#755 = ORIENTED_EDGE ( 'NONE', *, *, #714, .F. ) ;
#756 = UNCERTAINTY_MEASURE_WITH_UNIT (LENGTH_MEASURE( 1.000000000000000082E-05 ), #2338, 'distance_accuracy_value', 'NONE');
#757 = DIRECTION ( 'NONE',  ( 1.000000000000000000, 0.000000000000000000, 0.000000000000000000 ) ) ;
#758 =( BOUNDED_SURFACE ( )  B_SPLINE_SURFACE ( 3, 2, ( 
 ( #1526, #2317, #1507 ),
 ( #2350, #1553, #672 ),
 ( #2335, #2365, #1120 ),
 ( #1499, #1136, #693 ) ),
 .UNSPECIFIED., .F., .F., .F. ) 
 B_SPLINE_SURFACE_WITH_KNOTS ( ( 4, 4 ),
 ( 3, 3 ),
 ( 0.000000000000000000, 0.0003337450424273972994 ),
 ( 0.000000000000000000, 1.000000000000000000 ),
 .UNSPECIFIED. ) 
 GEOMETRIC_REPRESENTATION_ITEM ( )  RATIONAL_B_SPLINE_SURFACE ( (
 ( 1.000000000000000000, 0.9636241116594319589, 1.000000000000000000),
 ( 1.000000000000000000, 0.9576783050473196557, 1.000000000000000000),
 ( 1.000000000000000000, 0.9468382068461999035, 1.000000000000000000),
 ( 1.000000000000000000, 0.9314574081656545879, 1.000000000000000000) ) ) 
 REPRESENTATION_ITEM ( '' )  SURFACE ( )  );
#759 = VERTEX_POINT ( 'NONE', #1551 ) ;
#760 = DIRECTION ( 'NONE',  ( 0.000000000000000000, 0.000000000000000000, 1.000000000000000000 ) ) ;
#761 = FILL_AREA_STYLE ('',( #688 ) ) ;
#762 = CARTESIAN_POINT ( 'NONE',  ( 5.319008656967017856, -6.999999999999997335, 1.000000000000000000 ) ) ;
#763 = DIRECTION ( 'NONE',  ( -1.000000000000000000, 0.000000000000000000, 0.000000000000000000 ) ) ;
#764 = CARTESIAN_POINT ( 'NONE',  ( -5.333104658602056070, -6.956610091735085710, 0.6783254760840775610 ) ) ;
#765 = PRESENTATION_STYLE_ASSIGNMENT (( #1798 ) ) ;
#766 = DIRECTION ( 'NONE',  ( -0.5083716194625298446, 0.000000000000000000, 0.8611377918341784898 ) ) ;
#767 = ORIENTED_EDGE ( 'NONE', *, *, #108, .T. ) ;
#768 = DIRECTION ( 'NONE',  ( 0.000000000000000000, -0.7180586297681880170, -0.6959826177538001035 ) ) ;
#769 = LINE ( 'NONE', #1155, #176 ) ;
#770 = EDGE_CURVE ( 'NONE', #1597, #2664, #747, .T. ) ;
#771 = ORIENTED_EDGE ( 'NONE', *, *, #1876, .T. ) ;
#772 = CARTESIAN_POINT ( 'NONE',  ( 5.319008656967017856, -6.999999999999997335, 1.000000000000000000 ) ) ;
#773 = DIRECTION ( 'NONE',  ( 0.000000000000000000, 0.000000000000000000, 1.000000000000000000 ) ) ;
#774 =( BOUNDED_SURFACE ( )  B_SPLINE_SURFACE ( 3, 2, ( 
 ( #485, #2352, #500 ),
 ( #1797, #708, #2405 ),
 ( #1109, #2553, #1418 ),
 ( #2423, #1140, #567 ),
 ( #1101, #1714, #1927 ),
 ( #1728, #2608, #1610 ),
 ( #1122, #2536, #1915 ),
 ( #1197, #61, #990 ),
 ( #894, #1942, #90 ),
 ( #697, #1530, #2153 ),
 ( #2521, #764, #305 ),
 ( #2140, #1401, #683 ),
 ( #921, #2210, #370 ),
 ( #1809, #1221, #2020 ) ),
 .UNSPECIFIED., .F., .F., .F. ) 
 B_SPLINE_SURFACE_WITH_KNOTS ( ( 4, 2, 2, 2, 2, 2, 4 ),
 ( 3, 3 ),
 ( -1.035413074723656734E-17, 0.0004886721586757993875, 0.0009773443173516091834, 0.001221680396689514081, 0.001466016476027418979, 0.001710352555365323877, 0.001954688634703228775 ),
 ( 0.000000000000000000, 1.000000000000000000 ),
 .UNSPECIFIED. ) 
 GEOMETRIC_REPRESENTATION_ITEM ( )  RATIONAL_B_SPLINE_SURFACE ( (
 ( 1.000000000000000000, 0.9314574081655393467, 1.000000000000000000),
 ( 1.000000000000000000, 0.9104394070437681341, 1.000000000000000000),
 ( 1.000000000000000000, 0.8806283536660325373, 1.000000000000000000),
 ( 1.000000000000000000, 0.8026660004811944082, 1.000000000000000000),
 ( 1.000000000000000000, 0.7523169064421461050, 1.000000000000000000),
 ( 1.000000000000000000, 0.6779824367282015762, 1.000000000000000000),
 ( 1.000000000000000000, 0.6546180269930049755, 1.000000000000000000),
 ( 1.000000000000000000, 0.6181359454369531603, 1.000000000000000000),
 ( 1.000000000000000000, 0.6062997765363418168, 1.000000000000000000),
 ( 1.000000000000000000, 0.6024368781474165324, 1.000000000000000000),
 ( 1.000000000000000000, 0.6104101780794608523, 1.000000000000000000),
 ( 1.000000000000000000, 0.6369361726984894556, 1.000000000000000000),
 ( 1.000000000000000000, 0.6552392739654262499, 1.000000000000000000),
 ( 1.000000000000000000, 0.6722306152022426984, 1.000000000000000000) ) ) 
 REPRESENTATION_ITEM ( '' )  SURFACE ( )  );
#775 = CARTESIAN_POINT ( 'NONE',  ( -4.952893867500530511, -6.205004929787673262, 0.02123905944160698819 ) ) ;
#776 = DIRECTION ( 'NONE',  ( 0.000000000000000000, 0.000000000000000000, 1.000000000000000000 ) ) ;
#777 = LINE ( 'NONE', #1399, #1913 ) ;
#778 =( GEOMETRIC_REPRESENTATION_CONTEXT ( 3 ) GLOBAL_UNCERTAINTY_ASSIGNED_CONTEXT ( ( #674 ) ) GLOBAL_UNIT_ASSIGNED_CONTEXT ( ( #1406, #1345, #325 ) ) REPRESENTATION_CONTEXT ( 'NONE', 'WORKASPACE' ) );
#779 = AXIS2_PLACEMENT_3D ( 'NONE', #2135, #1218, #596 ) ;
#780 = DIRECTION ( 'NONE',  ( 1.000000000000000000, 0.000000000000000000, 0.000000000000000000 ) ) ;
#781 = ORIENTED_EDGE ( 'NONE', *, *, #2612, .T. ) ;
#782 = LINE ( 'NONE', #982, #2046 ) ;
#783 = FACE_OUTER_BOUND ( 'NONE', #1815, .T. ) ;
#784 = ORIENTED_EDGE ( 'NONE', *, *, #2261, .T. ) ;
#785 = PRESENTATION_LAYER_ASSIGNMENT (  '', '', ( #437 ) ) ;
#786 = EDGE_CURVE ( 'NONE', #658, #1297, #2254, .T. ) ;
#787 = CARTESIAN_POINT ( 'NONE',  ( -3.000000000000001776, -7.640930106817046763, 0.3999999999999999667 ) ) ;
#788 = CARTESIAN_POINT ( 'NONE',  ( -5.000000000000001776, -9.544721809301323745, 0.4000000000000000222 ) ) ;
#789 = CIRCLE ( 'NONE', #1829, 0.1999999999999997335 ) ;
#790 = ADVANCED_FACE ( 'NONE', ( #1594 ), #2162, .T. ) ;
#791 = CARTESIAN_POINT ( 'NONE',  ( 5.203739659727649070, -6.999999999999996447, 0.9432925762519467350 ) ) ;
#792 = FILL_AREA_STYLE_COLOUR ( '', #1747 ) ;
#793 = STYLED_ITEM ( 'NONE', ( #1463 ), #238 ) ;
#794 = PRESENTATION_LAYER_ASSIGNMENT (  '', '', ( #2001 ) ) ;
#795 = FACE_OUTER_BOUND ( 'NONE', #559, .T. ) ;
#796 = CARTESIAN_POINT ( 'NONE',  ( 5.316009561500286473, -7.222898787274060872, 1.241388978747421490 ) ) ;
#797 = ORIENTED_EDGE ( 'NONE', *, *, #435, .T. ) ;
#798 = DIRECTION ( 'NONE',  ( 0.000000000000000000, 0.000000000000000000, 1.000000000000000000 ) ) ;
#799 = CARTESIAN_POINT ( 'NONE',  ( -4.691063180707728542, -6.999999999999999112, 1.054032078496857316 ) ) ;
#800 = ORIENTED_EDGE ( 'NONE', *, *, #640, .T. ) ;
#801 = SPHERICAL_SURFACE ( 'NONE', #2033, 1.000000000000000000 ) ;
#802 = DIRECTION ( 'NONE',  ( -0.8137334712067344489, 0.5812381937190972403, 0.000000000000000000 ) ) ;
#803 = EDGE_CURVE ( 'NONE', #1535, #897, #1025, .T. ) ;
#804 = DIRECTION ( 'NONE',  ( 0.000000000000000000, 0.000000000000000000, 1.000000000000000000 ) ) ;
#805 = EDGE_CURVE ( 'NONE', #1840, #701, #2292, .T. ) ;
#806 = CARTESIAN_POINT ( 'NONE',  ( -4.160115203064544076, -6.905547526762076060, 0.5536850041788433652 ) ) ;
#807 = FILL_AREA_STYLE_COLOUR ( '', #1945 ) ;
#808 = CARTESIAN_POINT ( 'NONE',  ( -5.999999999999999112, -5.999999999999997335, 1.000000000000000000 ) ) ;
#809 = ORIENTED_EDGE ( 'NONE', *, *, #2186, .F. ) ;
#810 = DIRECTION ( 'NONE',  ( 0.000000000000000000, 1.000000000000000000, 0.000000000000000000 ) ) ;
#811 = ORIENTED_EDGE ( 'NONE', *, *, #1455, .F. ) ;
#812 = UNCERTAINTY_MEASURE_WITH_UNIT (LENGTH_MEASURE( 1.000000000000000082E-05 ), #456, 'distance_accuracy_value', 'NONE');
#813 = CARTESIAN_POINT ( 'NONE',  ( 5.135594408578575631, -7.214189420252892226, 1.123462236379292767 ) ) ;
#814 = CARTESIAN_POINT ( 'NONE',  ( -5.375000000000001776, -9.544721809301323745, 0.4000000000000000777 ) ) ;
#815 = B_SPLINE_CURVE_WITH_KNOTS ( 'NONE', 3,
 ( #1248, #641, #844, #1665, #27, #855, #651, #403 ),
 .UNSPECIFIED., .F., .F.,
 ( 4, 2, 2, 4 ),
 ( 0.001992512785668843021, 0.002265074836186287913, 0.002537636886703732806, 0.003082760987738624326 ),
 .UNSPECIFIED. ) ;
#816 = EDGE_LOOP ( 'NONE', ( #179, #1165, #2479, #1179, #373 ) ) ;
#817 = EDGE_CURVE ( 'NONE', #1099, #1488, #270, .T. ) ;
#818 = CARTESIAN_POINT ( 'NONE',  ( 5.999999999999999112, -5.999999999999995559, 1.000000000000000000 ) ) ;
#819 = CARTESIAN_POINT ( 'NONE',  ( -5.999999999999999112, -5.999999999999997335, 1.000000000000000000 ) ) ;
#820 = CARTESIAN_POINT ( 'NONE',  ( 4.627466942413478002, -6.478453719378841846, 1.600000000000000089 ) ) ;
#821 = ORIENTED_EDGE ( 'NONE', *, *, #2393, .F. ) ;
#822 = CIRCLE ( 'NONE', #1124, 0.4999999999999995559 ) ;
#823 = EDGE_LOOP ( 'NONE', ( #2206, #722, #1705, #767, #1637 ) ) ;
#824 = AXIS2_PLACEMENT_3D ( 'NONE', #102, #1339, #1149 ) ;
#825 = STYLED_ITEM ( 'NONE', ( #854 ), #1992 ) ;
#826 = AXIS2_PLACEMENT_3D ( 'NONE', #2097, #1503, #1920 ) ;
#827 = FACE_OUTER_BOUND ( 'NONE', #1390, .T. ) ;
#828 = CIRCLE ( 'NONE', #531, 0.2000000000000000944 ) ;
#829 = AXIS2_PLACEMENT_3D ( 'NONE', #902, #1721, #1739 ) ;
#830 = ORIENTED_EDGE ( 'NONE', *, *, #1154, .F. ) ;
#831 = DIRECTION ( 'NONE',  ( 0.000000000000000000, 0.000000000000000000, -1.000000000000000000 ) ) ;
#832 = AXIS2_PLACEMENT_3D ( 'NONE', #118, #944, #1769 ) ;
#833 = CARTESIAN_POINT ( 'NONE',  ( 5.043227662600703098, -7.203770103164654159, 1.099940453456229816 ) ) ;
#834 = CARTESIAN_POINT ( 'NONE',  ( -4.748753452906159467, -6.116296805414313198, 0.002469331704000187096 ) ) ;
#835 = ORIENTED_EDGE ( 'NONE', *, *, #1416, .F. ) ;
#836 = ADVANCED_FACE ( 'NONE', ( #1821 ), #320, .T. ) ;
#837 = MECHANICAL_DESIGN_GEOMETRIC_PRESENTATION_REPRESENTATION (  '', ( #793 ), #2081 ) ;
#838 = FILL_AREA_STYLE_COLOUR ( '', #189 ) ;
#839 = COLOUR_RGB ( '',0.6470588235294117974, 0.6196078431372549211, 0.5882352941176470784 ) ;
#840 = ORIENTED_EDGE ( 'NONE', *, *, #2397, .T. ) ;
#841 = EDGE_CURVE ( 'NONE', #1787, #2326, #105, .T. ) ;
#842 = B_SPLINE_CURVE_WITH_KNOTS ( 'NONE', 3,
 ( #2120, #872, #271, #251 ),
 .UNSPECIFIED., .F., .F.,
 ( 4, 4 ),
 ( 1.046038172632010996E-17, 0.0003321274930918166591 ),
 .UNSPECIFIED. ) ;
#843 = CARTESIAN_POINT ( 'NONE',  ( -5.999999999999992006, -6.999999999999997335, 1.000000000000000000 ) ) ;
#844 = CARTESIAN_POINT ( 'NONE',  ( -5.393103388621717897, -6.966472995348468977, 0.2686081145699470984 ) ) ;
#845 = ORIENTED_EDGE ( 'NONE', *, *, #1726, .F. ) ;
#846 = DIRECTION ( 'NONE',  ( -6.938893903907228378E-15, -1.000000000000000000, 0.000000000000000000 ) ) ;
#847 = CARTESIAN_POINT ( 'NONE',  ( 5.000000000000016875, -19.42748912837629405, 1.600000000000000089 ) ) ;
#848 = DIRECTION ( 'NONE',  ( -0.8137334712067345599, 0.5812381937190971293, 1.761828530288944705E-15 ) ) ;
#849 = CARTESIAN_POINT ( 'NONE',  ( -4.625000000000001776, -9.544721809301323745, 0.4000000000000000222 ) ) ;
#850 = VERTEX_POINT ( 'NONE', #2429 ) ;
#851 = DIRECTION ( 'NONE',  ( 0.000000000000000000, -0.000000000000000000, 1.000000000000000000 ) ) ;
#852 = ORIENTED_EDGE ( 'NONE', *, *, #2008, .F. ) ;
#853 = EDGE_CURVE ( 'NONE', #192, #1078, #1621, .T. ) ;
#854 = PRESENTATION_STYLE_ASSIGNMENT (( #1854 ) ) ;
#855 = CARTESIAN_POINT ( 'NONE',  ( -5.105884445066223520, -6.569218026883322459, 0.04208679807210254781 ) ) ;
#856 = ORIENTED_EDGE ( 'NONE', *, *, #300, .F. ) ;
#857 = CARTESIAN_POINT ( 'NONE',  ( 4.185181865108448918, -6.706100149080878481, 1.708320411884564294 ) ) ;
#858 = CARTESIAN_POINT ( 'NONE',  ( 4.752778730767039939, -7.008123773161119452, 1.112113512202384857 ) ) ;
#859 = CARTESIAN_POINT ( 'NONE',  ( -4.854786719221181102, -7.011240392851713743, 0.9071720800207158097 ) ) ;
#860 = CARTESIAN_POINT ( 'NONE',  ( -5.000000000000001776, -9.419721809301321969, 0.4000000000000000222 ) ) ;
#861 = ORIENTED_EDGE ( 'NONE', *, *, #817, .F. ) ;
#862 = CARTESIAN_POINT ( 'NONE',  ( -4.500000000000002665, -9.419721809301321969, 0.4000000000000000222 ) ) ;
#863 = ORIENTED_EDGE ( 'NONE', *, *, #205, .F. ) ;
#864 = COLOUR_RGB ( '',0.6470588235294117974, 0.6196078431372549211, 0.5882352941176470784 ) ;
#865 = AXIS2_PLACEMENT_3D ( 'NONE', #1580, #1195, #804 ) ;
#866 = EDGE_CURVE ( 'NONE', #1202, #2304, #736, .T. ) ;
#867 = CYLINDRICAL_SURFACE ( 'NONE', #310, 0.4999999999999995559 ) ;
#868 = EDGE_CURVE ( 'NONE', #1075, #2570, #782, .T. ) ;
#869 = AXIS2_PLACEMENT_3D ( 'NONE', #1932, #2327, #78 ) ;
#870 = B_SPLINE_CURVE_WITH_KNOTS ( 'NONE', 3,
 ( #1187, #204, #2029, #2200, #813, #1589 ),
 .UNSPECIFIED., .F., .F.,
 ( 4, 2, 4 ),
 ( 0.000000000000000000, 0.0002854608768380505939, 0.0005709217536761011878 ),
 .UNSPECIFIED. ) ;
#871 = ORIENTED_EDGE ( 'NONE', *, *, #1455, .T. ) ;
#872 = CARTESIAN_POINT ( 'NONE',  ( -4.783167807881790523, -6.232958133179173466, -0.02168894706409653719 ) ) ;
#873 = AXIS2_PLACEMENT_3D ( 'NONE', #979, #748, #599 ) ;
#874 = DIRECTION ( 'NONE',  ( 4.275262644885174286E-16, -1.000000000000000000, 0.000000000000000000 ) ) ;
#875 = SURFACE_STYLE_FILL_AREA ( #1895 ) ;
#876 = CARTESIAN_POINT ( 'NONE',  ( -5.499999999999998224, -7.640930106817048539, 0.4000000000000000777 ) ) ;
#877 = CIRCLE ( 'NONE', #1444, 0.2000000000000000111 ) ;
#878 = DIRECTION ( 'NONE',  ( 0.000000000000000000, 1.000000000000000000, 0.000000000000000000 ) ) ;
#879 = ORIENTED_EDGE ( 'NONE', *, *, #2574, .T. ) ;
#880 = CIRCLE ( 'NONE', #314, 0.3750000000000002776 ) ;
#881 =( GEOMETRIC_REPRESENTATION_CONTEXT ( 3 ) GLOBAL_UNCERTAINTY_ASSIGNED_CONTEXT ( ( #193 ) ) GLOBAL_UNIT_ASSIGNED_CONTEXT ( ( #1152, #163, #2426 ) ) REPRESENTATION_CONTEXT ( 'NONE', 'WORKASPACE' ) );
#882 = CIRCLE ( 'NONE', #2382, 0.1999999999999999833 ) ;
#883 = EDGE_CURVE ( 'NONE', #1302, #1316, #882, .T. ) ;
#884 = CARTESIAN_POINT ( 'NONE',  ( -4.544375853807967047, -6.988572456835031588, 0.7953341181767282775 ) ) ;
#885 = EDGE_LOOP ( 'NONE', ( #960, #1784, #1293 ) ) ;
#886 = ADVANCED_FACE ( 'NONE', ( #190 ), #1573, .T. ) ;
#887 = DIRECTION ( 'NONE',  ( 0.000000000000000000, 0.000000000000000000, 1.000000000000000000 ) ) ;
#888 = PRESENTATION_STYLE_ASSIGNMENT (( #1753 ) ) ;
#889 = CARTESIAN_POINT ( 'NONE',  ( -4.625000000000008882, -19.42748912837628694, 0.4000000000000000222 ) ) ;
#890 = DIRECTION ( 'NONE',  ( -0.000000000000000000, -1.000000000000000000, -0.000000000000000000 ) ) ;
#891 = VECTOR ( 'NONE', #665, 1000.000000000000000 ) ;
#892 = CARTESIAN_POINT ( 'NONE',  ( 5.248179374411979126, -6.744579351089129204, 1.882133654737701667 ) ) ;
#893 = EDGE_LOOP ( 'NONE', ( #119, #2175, #1215, #243 ) ) ;
#894 = CARTESIAN_POINT ( 'NONE',  ( -5.637429624770359027, -6.927635652550525158, 0.6205121359390231017 ) ) ;
#895 = FILL_AREA_STYLE_COLOUR ( '', #2379 ) ;
#896 = CARTESIAN_POINT ( 'NONE',  ( 4.859914746047102163, -6.312419573926252525, 2.010366520478622743 ) ) ;
#897 = VERTEX_POINT ( 'NONE', #557 ) ;
#898 = CARTESIAN_POINT ( 'NONE',  ( 4.090963651533336964, -6.718058629768171031, 1.695982617753816424 ) ) ;
#899 = CARTESIAN_POINT ( 'NONE',  ( -4.703661102725241960, -5.964803047044504147, 0.000000000000000000 ) ) ;
#900 = SPHERICAL_SURFACE ( 'NONE', #2198, 1.000000000000000000 ) ;
#901 = CARTESIAN_POINT ( 'NONE',  ( 4.244250306070517453, -6.752179888195242619, 1.767985100931844133 ) ) ;
#902 = CARTESIAN_POINT ( 'NONE',  ( 5.000000000000014211, -16.61537650602526739, 1.600000000000000089 ) ) ;
#903 = EDGE_CURVE ( 'NONE', #410, #2558, #572, .T. ) ;
#904 = VERTEX_POINT ( 'NONE', #386 ) ;
#905 = CARTESIAN_POINT ( 'NONE',  ( -5.203739659727633970, -6.999999999999996447, 1.056707423748053598 ) ) ;
#906 = PRESENTATION_STYLE_ASSIGNMENT (( #74 ) ) ;
#907 = MECHANICAL_DESIGN_GEOMETRIC_PRESENTATION_REPRESENTATION (  '', ( #2457 ), #1982 ) ;
#908 = CARTESIAN_POINT ( 'NONE',  ( -4.244250306070507683, -6.752179888195263935, 0.2320148990681719092 ) ) ;
#909 = CARTESIAN_POINT ( 'NONE',  ( -4.561962643677012430, -7.158094897957392178, 0.7635565685716292350 ) ) ;
#910 = TOROIDAL_SURFACE ( 'NONE', #1775, 1.000000000000001332, 0.3750000000000003331 ) ;
#911 = ORIENTED_EDGE ( 'NONE', *, *, #1247, .F. ) ;
#912 = CARTESIAN_POINT ( 'NONE',  ( 5.999999999999997335, 6.000000000000002665, 1.000000000000000000 ) ) ;
#913 = DIRECTION ( 'NONE',  ( 0.000000000000000000, 0.000000000000000000, 1.000000000000000000 ) ) ;
#914 = DIRECTION ( 'NONE',  ( 1.445602896647340889E-16, -1.000000000000000000, 0.000000000000000000 ) ) ;
#915 = AXIS2_PLACEMENT_3D ( 'NONE', #1806, #1549, #971 ) ;
#916 = DIRECTION ( 'NONE',  ( -1.000000000000000000, 0.000000000000000000, 0.000000000000000000 ) ) ;
#917 = CIRCLE ( 'NONE', #2464, 0.3750000000000001110 ) ;
#918 = CARTESIAN_POINT ( 'NONE',  ( 5.069086138561686994, -6.530370917895448102, 1.966698531822725915 ) ) ;
#919 = ADVANCED_FACE ( 'NONE', ( #177 ), #544, .T. ) ;
#920 = ORIENTED_EDGE ( 'NONE', *, *, #1748, .F. ) ;
#921 = CARTESIAN_POINT ( 'NONE',  ( -5.390251516596175740, -7.000000000000273559, 0.9649515543935913708 ) ) ;
#922 = DIRECTION ( 'NONE',  ( 6.938893903907228378E-15, -1.000000000000000000, 0.000000000000000000 ) ) ;
#923 = EDGE_CURVE ( 'NONE', #424, #2304, #2150, .T. ) ;
#924 = AXIS2_PLACEMENT_3D ( 'NONE', #1700, #1342, #1082 ) ;
#925 = DIRECTION ( 'NONE',  ( -0.000000000000000000, -0.000000000000000000, -1.000000000000000000 ) ) ;
#926 = CIRCLE ( 'NONE', #2084, 0.4999999999999993339 ) ;
#927 = AXIS2_PLACEMENT_3D ( 'NONE', #406, #1223, #2474 ) ;
#928 = CARTESIAN_POINT ( 'NONE',  ( -4.017358860025116662, -6.080172737534495830, -0.02441049890042232273 ) ) ;
#929 = VECTOR ( 'NONE', #1424, 1000.000000000000000 ) ;
#930 = ORIENTED_EDGE ( 'NONE', *, *, #1904, .T. ) ;
#931 = SURFACE_SIDE_STYLE ('',( #2330 ) ) ;
#932 = DIRECTION ( 'NONE',  ( -0.5812381937190904679, -0.8137334712067393339, 0.000000000000000000 ) ) ;
#933 = ORIENTED_EDGE ( 'NONE', *, *, #413, .T. ) ;
#934 = CARTESIAN_POINT ( 'NONE',  ( 4.859914746047091505, -6.312419573926234762, 2.010366520478624075 ) ) ;
#935 = ORIENTED_EDGE ( 'NONE', *, *, #2168, .F. ) ;
#936 = DIRECTION ( 'NONE',  ( 0.000000000000000000, 0.000000000000000000, 1.000000000000000000 ) ) ;
#937 = EDGE_CURVE ( 'NONE', #1091, #416, #822, .T. ) ;
#938 = DIRECTION ( 'NONE',  ( 1.000000000000000000, 0.000000000000000000, 0.000000000000000000 ) ) ;
#939 = CARTESIAN_POINT ( 'NONE',  ( -4.244250306070509460, -6.752179888195263935, 0.2320148990681724643 ) ) ;
#940 = ORIENTED_EDGE ( 'NONE', *, *, #2590, .T. ) ;
#941 = FACE_OUTER_BOUND ( 'NONE', #407, .T. ) ;
#942 = SURFACE_STYLE_USAGE ( .BOTH. , #2436 ) ;
#943 = CARTESIAN_POINT ( 'NONE',  ( 5.999999999999997335, 5.999999999999995559, 2.000000000000000000 ) ) ;
#944 = DIRECTION ( 'NONE',  ( 0.000000000000000000, 1.000000000000000000, 0.000000000000000000 ) ) ;
#945 = EDGE_LOOP ( 'NONE', ( #2600, #871, #153 ) ) ;
#946 = UNCERTAINTY_MEASURE_WITH_UNIT (LENGTH_MEASURE( 1.000000000000000082E-05 ), #2280, 'distance_accuracy_value', 'NONE');
#947 = DIRECTION ( 'NONE',  ( -6.938893903907228378E-15, -1.000000000000000000, 0.000000000000000000 ) ) ;
#948 = SURFACE_SIDE_STYLE ('',( #1916 ) ) ;
#949 =( NAMED_UNIT ( * ) SI_UNIT ( $, .STERADIAN. ) SOLID_ANGLE_UNIT ( ) );
#950 = EDGE_CURVE ( 'NONE', #2570, #2558, #1773, .T. ) ;
#951 = AXIS2_PLACEMENT_3D ( 'NONE', #1599, #2215, #947 ) ;
#952 = ORIENTED_EDGE ( 'NONE', *, *, #803, .F. ) ;
#953 = CARTESIAN_POINT ( 'NONE',  ( 4.120188689412093375, -6.499435682043123386, 1.877924911668019892 ) ) ;
#954 = DIRECTION ( 'NONE',  ( 0.000000000000000000, 1.000000000000000000, 0.000000000000000000 ) ) ;
#955 = DIRECTION ( 'NONE',  ( 0.000000000000000000, 0.000000000000000000, 1.000000000000000000 ) ) ;
#956 = ADVANCED_FACE ( 'NONE', ( #134 ), #339, .T. ) ;
#957 = AXIS2_PLACEMENT_3D ( 'NONE', #263, #1879, #2067 ) ;
#958 = CARTESIAN_POINT ( 'NONE',  ( -4.077851663448478270, -6.209118077372001387, -0.007135041769417743880 ) ) ;
#959 = CARTESIAN_POINT ( 'NONE',  ( 5.333104658601970804, -6.956610091734968471, 1.321674523916013921 ) ) ;
#960 = ORIENTED_EDGE ( 'NONE', *, *, #468, .F. ) ;
#961 =( GEOMETRIC_REPRESENTATION_CONTEXT ( 3 ) GLOBAL_UNCERTAINTY_ASSIGNED_CONTEXT ( ( #1283 ) ) GLOBAL_UNIT_ASSIGNED_CONTEXT ( ( #2202, #2017, #1590 ) ) REPRESENTATION_CONTEXT ( 'NONE', 'WORKASPACE' ) );
#962 =( LENGTH_UNIT ( ) NAMED_UNIT ( * ) SI_UNIT ( .MILLI., .METRE. ) );
#963 = DIRECTION ( 'NONE',  ( 0.000000000000000000, 0.000000000000000000, -1.000000000000000000 ) ) ;
#964 = AXIS2_PLACEMENT_3D ( 'NONE', #30, #619, #1849 ) ;
#965 = ORIENTED_EDGE ( 'NONE', *, *, #1009, .T. ) ;
#966 = CARTESIAN_POINT ( 'NONE',  ( -4.185181865108434707, -6.706100149080895356, 0.2916795881154509162 ) ) ;
#967 = LINE ( 'NONE', #1410, #929 ) ;
#968 = STYLED_ITEM ( 'NONE', ( #34 ), #220 ) ;
#969 = ORIENTED_EDGE ( 'NONE', *, *, #1547, .T. ) ;
#970 = EDGE_CURVE ( 'NONE', #21, #2626, #471, .T. ) ;
#971 = DIRECTION ( 'NONE',  ( -1.000000000000000000, 0.000000000000000000, 0.000000000000000000 ) ) ;
#972 = AXIS2_PLACEMENT_3D ( 'NONE', #860, #1072, #200 ) ;
#973 = LINE ( 'NONE', #1794, #315 ) ;
#974 = CARTESIAN_POINT ( 'NONE',  ( 5.000000000000015987, -19.42748912837629405, 1.600000000000000089 ) ) ;
#975 = B_SPLINE_CURVE_WITH_KNOTS ( 'NONE', 3,
 ( #2456, #577, #1630, #180, #1015, #2044, #613, #2252, #561, #414, #1392, #1804, #1409, #772 ),
 .UNSPECIFIED., .F., .F.,
 ( 4, 2, 2, 2, 2, 2, 4 ),
 ( 0.000000000000000000, 0.0004340958934942355319, 0.0008681917869884710637, 0.001085239733735589426, 0.001302287680482707788, 0.001519335627229826150, 0.001736383573976944513 ),
 .UNSPECIFIED. ) ;
#976 = PRESENTATION_LAYER_ASSIGNMENT (  '', '', ( #2126 ) ) ;
#977 = EDGE_CURVE ( 'NONE', #2455, #410, #212, .T. ) ;
#978 = DIRECTION ( 'NONE',  ( -1.000000000000000000, 0.000000000000000000, 0.000000000000000000 ) ) ;
#979 = CARTESIAN_POINT ( 'NONE',  ( -5.000000000000000000, -16.61537650602526384, 0.4000000000000000222 ) ) ;
#980 = CARTESIAN_POINT ( 'NONE',  ( -5.319008656967004534, -7.199999999999997513, 1.000000000000000000 ) ) ;
#981 = ORIENTED_EDGE ( 'NONE', *, *, #2519, .T. ) ;
#982 = CARTESIAN_POINT ( 'NONE',  ( 5.000000000000014211, -9.419721809301302429, 1.100000000000000533 ) ) ;
#983 = DIRECTION ( 'NONE',  ( 1.000000000000000000, -0.000000000000000000, 0.000000000000000000 ) ) ;
#984 = ORIENTED_EDGE ( 'NONE', *, *, #1632, .F. ) ;
#985 = FACE_OUTER_BOUND ( 'NONE', #2577, .T. ) ;
#986 = CARTESIAN_POINT ( 'NONE',  ( -6.000000000000000888, 6.000000000000002665, 1.000000000000000000 ) ) ;
#987 = VERTEX_POINT ( 'NONE', #2614 ) ;
#988 = CARTESIAN_POINT ( 'NONE',  ( -4.999999999999998224, -7.640930106817048539, 0.4000000000000000222 ) ) ;
#989 = PRESENTATION_STYLE_ASSIGNMENT (( #744 ) ) ;
#990 = CARTESIAN_POINT ( 'NONE',  ( -5.445781286630986706, -7.120011818522802294, 0.4478484009482816552 ) ) ;
#991 = CARTESIAN_POINT ( 'NONE',  ( -5.181094400831099733, -6.379835546889004227, 0.06952611837255397165 ) ) ;
#992 = CARTESIAN_POINT ( 'NONE',  ( 5.319008656967309179, -7.000000000000261124, 0.9999999999996537214 ) ) ;
#993 = ORIENTED_EDGE ( 'NONE', *, *, #2378, .F. ) ;
#994 = EDGE_CURVE ( 'NONE', #1597, #1104, #769, .T. ) ;
#995 = STYLED_ITEM ( 'NONE', ( #2371 ), #1711 ) ;
#996 = DIRECTION ( 'NONE',  ( 0.000000000000000000, 0.000000000000000000, 1.000000000000000000 ) ) ;
#997 = CARTESIAN_POINT ( 'NONE',  ( -4.666185137657925530, -6.999999999999997335, 0.8494300194635308054 ) ) ;
#998 = VERTEX_POINT ( 'NONE', #121 ) ;
#999 = CARTESIAN_POINT ( 'NONE',  ( -3.987278041463328648, -6.241056761774566475, 0.02734329654515965657 ) ) ;
#1000 = CARTESIAN_POINT ( 'NONE',  ( 4.090963651533336964, -6.718058629768170142, 1.695982617753816424 ) ) ;
#1001 = CARTESIAN_POINT ( 'NONE',  ( 6.999999999999999112, -5.999999999999990230, 1.000000000000000000 ) ) ;
#1002 = DIRECTION ( 'NONE',  ( 0.000000000000000000, -1.000000000000000000, 0.000000000000000000 ) ) ;
#1003 = VECTOR ( 'NONE', #530, 1000.000000000000000 ) ;
#1004 = FACE_OUTER_BOUND ( 'NONE', #1066, .T. ) ;
#1005 = CARTESIAN_POINT ( 'NONE',  ( -5.446870536004991159, -6.998548368347183413, 0.9247790305676927280 ) ) ;
#1006 = CARTESIAN_POINT ( 'NONE',  ( -5.999999999999999112, -5.999999999999997335, 2.000000000000000000 ) ) ;
#1007 = ORIENTED_EDGE ( 'NONE', *, *, #2028, .T. ) ;
#1008 = COLOUR_RGB ( '',0.6470588235294117974, 0.6196078431372549211, 0.5882352941176470784 ) ;
#1009 = EDGE_CURVE ( 'NONE', #555, #750, #397, .T. ) ;
#1010 = SURFACE_STYLE_USAGE ( .BOTH. , #2025 ) ;
#1011 = CARTESIAN_POINT ( 'NONE',  ( -4.625000000000000888, -19.42748912837628694, 0.4000000000000000222 ) ) ;
#1012 = ORIENTED_EDGE ( 'NONE', *, *, #1889, .F. ) ;
#1013 = AXIS2_PLACEMENT_3D ( 'NONE', #818, #1250, #2060 ) ;
#1014 = EDGE_CURVE ( 'NONE', #701, #658, #1999, .T. ) ;
#1015 = CARTESIAN_POINT ( 'NONE',  ( 5.489540618177686682, -6.649784306039954629, 1.771322058499058549 ) ) ;
#1016 = COLOUR_RGB ( '',1.000000000000000000, 0.9372549019607843146, 0.1372549019607843257 ) ;
#1017 = DIRECTION ( 'NONE',  ( 0.000000000000000000, 0.000000000000000000, 1.000000000000000000 ) ) ;
#1018 = CIRCLE ( 'NONE', #2499, 1.000000000000000000 ) ;
#1019 =( NAMED_UNIT ( * ) SI_UNIT ( $, .STERADIAN. ) SOLID_ANGLE_UNIT ( ) );
#1020 = AXIS2_PLACEMENT_3D ( 'NONE', #611, #878, #49 ) ;
#1021 = MECHANICAL_DESIGN_GEOMETRIC_PRESENTATION_REPRESENTATION (  '', ( #374 ), #2501 ) ;
#1022 = CARTESIAN_POINT ( 'NONE',  ( -4.090963651533323642, -6.718058629768186130, 0.3040173822462003406 ) ) ;
#1023 = CARTESIAN_POINT ( 'NONE',  ( -5.000000000000001776, -9.419721809301321969, 0.8999999999999995781 ) ) ;
#1024 = ORIENTED_EDGE ( 'NONE', *, *, #2103, .T. ) ;
#1025 = CIRCLE ( 'NONE', #1452, 0.3750000000000001110 ) ;
#1026 = ORIENTED_EDGE ( 'NONE', *, *, #54, .T. ) ;
#1027 = CARTESIAN_POINT ( 'NONE',  ( 4.077851663448488928, -6.209118077371992506, 2.007135041769417594 ) ) ;
#1028 = EDGE_CURVE ( 'NONE', #33, #2494, #37, .T. ) ;
#1029 = CARTESIAN_POINT ( 'NONE',  ( 0.2933957754997174039, -0.2095684110712288106, 0.000000000000000000 ) ) ;
#1030 = ORIENTED_EDGE ( 'NONE', *, *, #1039, .T. ) ;
#1031 = CARTESIAN_POINT ( 'NONE',  ( 4.364233945659933056, -7.012880573279440810, 1.528998255842575205 ) ) ;
#1032 = CYLINDRICAL_SURFACE ( 'NONE', #964, 1.000000000000000000 ) ;
#1033 = CARTESIAN_POINT ( 'NONE',  ( 0.000000000000000000, -1.734723475976807094E-15, 0.4000000000000000222 ) ) ;
#1034 = ORIENTED_EDGE ( 'NONE', *, *, #2320, .F. ) ;
#1035 = UNCERTAINTY_MEASURE_WITH_UNIT (LENGTH_MEASURE( 1.000000000000000082E-05 ), #393, 'distance_accuracy_value', 'NONE');
#1036 = FILL_AREA_STYLE ('',( #202 ) ) ;
#1037 = ORIENTED_EDGE ( 'NONE', *, *, #1632, .T. ) ;
#1038 = CARTESIAN_POINT ( 'NONE',  ( 5.999999999999997335, 6.000000000000002665, 0.000000000000000000 ) ) ;
#1039 = EDGE_CURVE ( 'NONE', #33, #316, #2487, .T. ) ;
#1040 = LINE ( 'NONE', #1029, #1138 ) ;
#1041 = ORIENTED_EDGE ( 'NONE', *, *, #1796, .T. ) ;
#1042 = EDGE_CURVE ( 'NONE', #687, #735, #1089, .T. ) ;
#1043 = DIRECTION ( 'NONE',  ( -6.938893903907228378E-15, 1.000000000000000000, 0.000000000000000000 ) ) ;
#1044 = CARTESIAN_POINT ( 'NONE',  ( 4.000000000000016875, -19.42748912837629405, 1.600000000000000089 ) ) ;
#1045 = CARTESIAN_POINT ( 'NONE',  ( -4.794037537649911584, -6.076108260611218448, 0.000000000000000000 ) ) ;
#1046 = AXIS2_PLACEMENT_3D ( 'NONE', #1167, #2196, #558 ) ;
#1047 = VERTEX_POINT ( 'NONE', #1574 ) ;
#1048 = AXIS2_PLACEMENT_3D ( 'NONE', #296, #116, #2314 ) ;
#1049 = VERTEX_POINT ( 'NONE', #2554 ) ;
#1050 = AXIS2_PLACEMENT_3D ( 'NONE', #788, #2602, #1017 ) ;
#1051 = AXIS2_PLACEMENT_3D ( 'NONE', #1694, #1707, #1736 ) ;
#1052 = DIRECTION ( 'NONE',  ( 1.000000000000000000, 0.000000000000000000, 1.182766006347821383E-16 ) ) ;
#1053 = AXIS2_PLACEMENT_3D ( 'NONE', #1950, #671, #2515 ) ;
#1054 = EDGE_CURVE ( 'NONE', #555, #1664, #1683, .T. ) ;
#1055 = VERTEX_POINT ( 'NONE', #709 ) ;
#1056 =( LENGTH_UNIT ( ) NAMED_UNIT ( * ) SI_UNIT ( .MILLI., .METRE. ) );
#1057 = TOROIDAL_SURFACE ( 'NONE', #535, 1.000000000000001998, 0.3750000000000003331 ) ;
#1058 = CARTESIAN_POINT ( 'NONE',  ( 4.579037723018921646, -6.999999999999998224, 1.000000000000010658 ) ) ;
#1059 = DIRECTION ( 'NONE',  ( -0.5812381937190971293, -0.8137334712067344489, -0.000000000000000000 ) ) ;
#1060 = SURFACE_SIDE_STYLE ('',( #2076 ) ) ;
#1061 = ORIENTED_EDGE ( 'NONE', *, *, #770, .T. ) ;
#1062 = EDGE_CURVE ( 'NONE', #1099, #416, #135, .T. ) ;
#1063 = COLOUR_RGB ( '',0.6470588235294117974, 0.6196078431372549211, 0.5882352941176470784 ) ;
#1064 =( BOUNDED_SURFACE ( )  B_SPLINE_SURFACE ( 3, 2, ( 
 ( #655, #1326, #474 ),
 ( #2278, #2133, #1276 ),
 ( #2312, #283, #29 ),
 ( #2087, #1092, #1882 ),
 ( #1693, #1069, #1105 ),
 ( #898, #857, #1482 ) ),
 .UNSPECIFIED., .F., .F., .F. ) 
 B_SPLINE_SURFACE_WITH_KNOTS ( ( 4, 2, 4 ),
 ( 3, 3 ),
 ( 0.002713997599302571655, 0.003244166001401323218, 0.003774334403500074781 ),
 ( 0.000000000000000000, 1.000000000000000000 ),
 .UNSPECIFIED. ) 
 GEOMETRIC_REPRESENTATION_ITEM ( )  RATIONAL_B_SPLINE_SURFACE ( (
 ( 1.000000000000000000, 0.7544968102222178175, 1.000000000000000000),
 ( 1.000000000000000000, 0.7543865692273566959, 1.000000000000000000),
 ( 1.000000000000000000, 0.7606744659088194860, 1.000000000000000000),
 ( 1.000000000000000000, 0.8191706464741518312, 1.000000000000000000),
 ( 1.000000000000000000, 0.8668357176405114828, 1.000000000000000000),
 ( 1.000000000000000000, 0.9019235821299818046, 1.000000000000000000) ) ) 
 REPRESENTATION_ITEM ( '' )  SURFACE ( )  );
#1065 = AXIS2_PLACEMENT_3D ( 'NONE', #1207, #2019, #2007 ) ;
#1066 = EDGE_LOOP ( 'NONE', ( #1249, #1387, #2431, #2311, #1083 ) ) ;
#1067 = FILL_AREA_STYLE ('',( #2095 ) ) ;
#1068 = ORIENTED_EDGE ( 'NONE', *, *, #248, .T. ) ;
#1069 = CARTESIAN_POINT ( 'NONE',  ( 4.239935485220356348, -6.813368250752375843, 1.601475310677126229 ) ) ;
#1070 = CARTESIAN_POINT ( 'NONE',  ( 5.137445607444814932, -7.214303131292950866, 1.124542325556007416 ) ) ;
#1071 = CARTESIAN_POINT ( 'NONE',  ( -5.047713304926110922, -7.012483448546647402, 0.8926156264304065946 ) ) ;
#1072 = DIRECTION ( 'NONE',  ( -0.000000000000000000, 1.000000000000000000, -0.000000000000000000 ) ) ;
#1073 = EDGE_LOOP ( 'NONE', ( #811, #2051, #1776 ) ) ;
#1074 = ADVANCED_FACE ( 'NONE', ( #754 ), #1587, .T. ) ;
#1075 = VERTEX_POINT ( 'NONE', #1389 ) ;
#1076 = ADVANCED_FACE ( 'NONE', ( #306 ), #109, .T. ) ;
#1077 = SURFACE_STYLE_FILL_AREA ( #1067 ) ;
#1078 = VERTEX_POINT ( 'NONE', #1141 ) ;
#1079 = FACE_OUTER_BOUND ( 'NONE', #1885, .T. ) ;
#1080 =( NAMED_UNIT ( * ) PLANE_ANGLE_UNIT ( ) SI_UNIT ( $, .RADIAN. ) );
#1081 = ORIENTED_EDGE ( 'NONE', *, *, #994, .T. ) ;
#1082 = DIRECTION ( 'NONE',  ( 1.000000000000000000, 0.000000000000000000, 1.084202172485509118E-16 ) ) ;
#1083 = ORIENTED_EDGE ( 'NONE', *, *, #1814, .F. ) ;
#1084 = ADVANCED_FACE ( 'NONE', ( #783 ), #1172, .T. ) ;
#1085 = DIRECTION ( 'NONE',  ( -1.000000000000000000, -0.000000000000000000, 0.000000000000000000 ) ) ;
#1086 = MECHANICAL_DESIGN_GEOMETRIC_PRESENTATION_REPRESENTATION (  '', ( #39 ), #97 ) ;
#1087 = EDGE_CURVE ( 'NONE', #602, #987, #2481, .T. ) ;
#1088 = DIRECTION ( 'NONE',  ( 0.8137334712067346709, -0.5812381937190967962, 0.000000000000000000 ) ) ;
#1089 = B_SPLINE_CURVE_WITH_KNOTS ( 'NONE', 3,
 ( #1772, #2411, #1802, #2171, #573, #1201 ),
 .UNSPECIFIED., .F., .F.,
 ( 4, 2, 4 ),
 ( 0.001451185527702289653, 0.001721849156685576528, 0.001992512785668863404 ),
 .UNSPECIFIED. ) ;
#1090 = MECHANICAL_DESIGN_GEOMETRIC_PRESENTATION_REPRESENTATION (  '', ( #2245 ), #1650 ) ;
#1091 = VERTEX_POINT ( 'NONE', #2228 ) ;
#1092 = CARTESIAN_POINT ( 'NONE',  ( 4.296626639526184732, -6.881012261164181965, 1.485160421998022340 ) ) ;
#1093 =( GEOMETRIC_REPRESENTATION_CONTEXT ( 3 ) GLOBAL_UNCERTAINTY_ASSIGNED_CONTEXT ( ( #257 ) ) GLOBAL_UNIT_ASSIGNED_CONTEXT ( ( #2211, #2491, #1659 ) ) REPRESENTATION_CONTEXT ( 'NONE', 'WORKASPACE' ) );
#1094 = CARTESIAN_POINT ( 'NONE',  ( 5.000000000000016875, -19.42748912837629405, 1.600000000000000089 ) ) ;
#1095 = CARTESIAN_POINT ( 'NONE',  ( 0.2933957754997175149, -0.2095684110712291714, 0.000000000000000000 ) ) ;
#1096 = FILL_AREA_STYLE_COLOUR ( '', #1954 ) ;
#1097 =( NAMED_UNIT ( * ) PLANE_ANGLE_UNIT ( ) SI_UNIT ( $, .RADIAN. ) );
#1098 = CARTESIAN_POINT ( 'NONE',  ( -4.854712027114262973, -7.187744441968793474, 0.8997475384232954676 ) ) ;
#1099 = VERTEX_POINT ( 'NONE', #2505 ) ;
#1100 = AXIS2_PLACEMENT_3D ( 'NONE', #1899, #721, #288 ) ;
#1101 = CARTESIAN_POINT ( 'NONE',  ( -5.500836812318094182, -6.661874858041363368, 0.2394573470444144592 ) ) ;
#1102 = PRESENTATION_STYLE_ASSIGNMENT (( #2158 ) ) ;
#1103 = EDGE_CURVE ( 'NONE', #1800, #1900, #387, .T. ) ;
#1104 = VERTEX_POINT ( 'NONE', #2099 ) ;
#1105 = CARTESIAN_POINT ( 'NONE',  ( 4.297032513757374161, -6.882047557544988869, 1.676779634430823673 ) ) ;
#1106 = DIRECTION ( 'NONE',  ( 0.000000000000000000, 1.000000000000000000, 0.000000000000000000 ) ) ;
#1107 = DIRECTION ( 'NONE',  ( 0.5812381937190971293, 0.8137334712067344489, 0.000000000000000000 ) ) ;
#1108 = EDGE_LOOP ( 'NONE', ( #1881, #1509, #2217, #2159, #1616 ) ) ;
#1109 = CARTESIAN_POINT ( 'NONE',  ( -5.190378233233161609, -6.387065769834419982, 0.07218504677108933398 ) ) ;
#1110 = CARTESIAN_POINT ( 'NONE',  ( -5.437130888051647126, -7.083800826932567851, 0.4000000000006003753 ) ) ;
#1111 = CARTESIAN_POINT ( 'NONE',  ( 5.000000000000016875, -19.42748912837629405, 1.600000000000000089 ) ) ;
#1112 = DIRECTION ( 'NONE',  ( 0.000000000000000000, 0.000000000000000000, 1.000000000000000000 ) ) ;
#1113 = ORIENTED_EDGE ( 'NONE', *, *, #1228, .T. ) ;
#1114 = ADVANCED_FACE ( 'NONE', ( #669 ), #2054, .F. ) ;
#1115 = FACE_OUTER_BOUND ( 'NONE', #2277, .T. ) ;
#1116 = CARTESIAN_POINT ( 'NONE',  ( 4.859914746047102163, -6.312419573926252525, 2.010366520478622743 ) ) ;
#1117 = CARTESIAN_POINT ( 'NONE',  ( 4.244250306070517453, -6.752179888195242619, 1.767985100931844133 ) ) ;
#1118 = EDGE_LOOP ( 'NONE', ( #2258, #2285, #1034, #2381 ) ) ;
#1119 = EDGE_CURVE ( 'NONE', #735, #2455, #1855, .T. ) ;
#1120 = CARTESIAN_POINT ( 'NONE',  ( 4.783785814309918116, -6.233598030596927408, 2.021597786080643999 ) ) ;
#1121 = EDGE_LOOP ( 'NONE', ( #1519, #2496, #2655, #504 ) ) ;
#1122 = CARTESIAN_POINT ( 'NONE',  ( -5.621407495335329685, -6.829019548656058980, 0.4365336753259398406 ) ) ;
#1123 = FILL_AREA_STYLE_COLOUR ( '', #1738 ) ;
#1124 = AXIS2_PLACEMENT_3D ( 'NONE', #353, #1420, #798 ) ;
#1125 = CIRCLE ( 'NONE', #1348, 0.3750000000000002776 ) ;
#1126 = SURFACE_SIDE_STYLE ('',( #2117 ) ) ;
#1127 = CIRCLE ( 'NONE', #614, 1.500000000000000888 ) ;
#1128 = ORIENTED_EDGE ( 'NONE', *, *, #2297, .T. ) ;
#1129 = CARTESIAN_POINT ( 'NONE',  ( 3.891802805847170976, -6.057371970597340116, 2.000000000000000000 ) ) ;
#1130 = CARTESIAN_POINT ( 'NONE',  ( -5.999999999999999112, -5.999999999999997335, 0.000000000000000000 ) ) ;
#1131 = CARTESIAN_POINT ( 'NONE',  ( 5.999999999999997335, 6.000000000000002665, 1.000000000000000000 ) ) ;
#1132 = DIRECTION ( 'NONE',  ( 0.8654877903601363442, 0.000000000000000000, -0.5009300198006992888 ) ) ;
#1133 = CIRCLE ( 'NONE', #182, 1.000000000000000000 ) ;
#1134 = VERTEX_POINT ( 'NONE', #2629 ) ;
#1135 = AXIS2_PLACEMENT_3D ( 'NONE', #1948, #1148, #101 ) ;
#1136 = CARTESIAN_POINT ( 'NONE',  ( 4.899310569518541492, -6.260651083036351316, 1.967105657571263766 ) ) ;
#1137 = ORIENTED_EDGE ( 'NONE', *, *, #2358, .F. ) ;
#1138 = VECTOR ( 'NONE', #615, 1000.000000000000000 ) ;
#1139 = EDGE_CURVE ( 'NONE', #694, #1643, #1484, .T. ) ;
#1140 = CARTESIAN_POINT ( 'NONE',  ( -5.288816023429069091, -6.648421333981472614, 0.2246201871349335355 ) ) ;
#1141 = CARTESIAN_POINT ( 'NONE',  ( -4.209406647525805845, -18.83861405166475933, 0.4000000000000001332 ) ) ;
#1142 = VECTOR ( 'NONE', #327, 1000.000000000000000 ) ;
#1143 = CARTESIAN_POINT ( 'NONE',  ( -5.000000000000002665, -26.19999999999999929, 0.4000000000000000222 ) ) ;
#1144 = AXIS2_PLACEMENT_3D ( 'NONE', #2348, #1132, #495 ) ;
#1145 = DIRECTION ( 'NONE',  ( 0.000000000000000000, 0.000000000000000000, 1.000000000000000000 ) ) ;
#1146 = ORIENTED_EDGE ( 'NONE', *, *, #360, .F. ) ;
#1147 = CARTESIAN_POINT ( 'NONE',  ( 3.887764599636190699, -5.967758705989039569, 1.999999999999999556 ) ) ;
#1148 = DIRECTION ( 'NONE',  ( 0.000000000000000000, 1.000000000000000000, 0.000000000000000000 ) ) ;
#1149 = DIRECTION ( 'NONE',  ( 0.000000000000000000, 0.000000000000000000, 1.000000000000000000 ) ) ;
#1150 = CARTESIAN_POINT ( 'NONE',  ( -3.000000000000001776, -7.640930106817046763, 0.4000000000000000222 ) ) ;
#1151 = CARTESIAN_POINT ( 'NONE',  ( 5.999999999999990230, 7.000000000000002665, 1.000000000000000000 ) ) ;
#1152 =( LENGTH_UNIT ( ) NAMED_UNIT ( * ) SI_UNIT ( .MILLI., .METRE. ) );
#1153 = EDGE_LOOP ( 'NONE', ( #496, #250, #2111, #797, #1792 ) ) ;
#1154 = EDGE_CURVE ( 'NONE', #1190, #424, #2524, .T. ) ;
#1155 = CARTESIAN_POINT ( 'NONE',  ( 5.999999999999992006, -5.999999999999997335, 2.000000000000000000 ) ) ;
#1156 = PRESENTATION_STYLE_ASSIGNMENT (( #1575 ) ) ;
#1157 = EDGE_CURVE ( 'NONE', #555, #1049, #1669, .T. ) ;
#1158 = CARTESIAN_POINT ( 'NONE',  ( -0.2095684110712269510, -0.1496917221937340559, 2.028571428571428026 ) ) ;
#1159 = CARTESIAN_POINT ( 'NONE',  ( 5.999999999999997335, 6.000000000000002665, 1.000000000000000000 ) ) ;
#1160 = ORIENTED_EDGE ( 'NONE', *, *, #1139, .F. ) ;
#1161 = CARTESIAN_POINT ( 'NONE',  ( -5.000000000000001776, -9.419721809301321969, 0.4000000000000000222 ) ) ;
#1162 = CARTESIAN_POINT ( 'NONE',  ( 5.076380004023548054, -6.996514904843697202, 0.9165850663272273602 ) ) ;
#1163 = CARTESIAN_POINT ( 'NONE',  ( 5.000000000000014211, -9.419721809301302429, 1.600000000000000089 ) ) ;
#1164 = CYLINDRICAL_SURFACE ( 'NONE', #404, 0.2000000000000000111 ) ;
#1165 = ORIENTED_EDGE ( 'NONE', *, *, #2537, .F. ) ;
#1166 = DIRECTION ( 'NONE',  ( 0.000000000000000000, 0.000000000000000000, 1.000000000000000000 ) ) ;
#1167 = CARTESIAN_POINT ( 'NONE',  ( 5.999999999999990230, 6.000000000000002665, 1.000000000000000000 ) ) ;
#1168 = ORIENTED_EDGE ( 'NONE', *, *, #1568, .F. ) ;
#1169 = FILL_AREA_STYLE ('',( #1984 ) ) ;
#1170 = CARTESIAN_POINT ( 'NONE',  ( 3.928632833943773051, -6.113965523306806205, 1.995580878015584148 ) ) ;
#1171 = EDGE_CURVE ( 'NONE', #1787, #164, #507, .T. ) ;
#1172 = TOROIDAL_SURFACE ( 'NONE', #1603, 1.984623493974733588, 0.3750000000000003331 ) ;
#1173 = ORIENTED_EDGE ( 'NONE', *, *, #23, .F. ) ;
#1174 = FACE_OUTER_BOUND ( 'NONE', #1953, .T. ) ;
#1175 = CARTESIAN_POINT ( 'NONE',  ( -5.000000000000008882, -19.42748912837628694, 0.4000000000000000222 ) ) ;
#1176 = DIRECTION ( 'NONE',  ( -0.5812381937190924663, 0.8137334712067377795, 0.000000000000000000 ) ) ;
#1177 = CARTESIAN_POINT ( 'NONE',  ( -4.244250306070508572, -6.752179888195263047, 0.2320148990681712708 ) ) ;
#1178 = DIRECTION ( 'NONE',  ( -6.938893903907228378E-15, -1.000000000000000000, -0.000000000000000000 ) ) ;
#1179 = ORIENTED_EDGE ( 'NONE', *, *, #2144, .T. ) ;
#1180 = AXIS2_PLACEMENT_3D ( 'NONE', #678, #1793, #1396 ) ;
#1181 = DIRECTION ( 'NONE',  ( -0.000000000000000000, 1.000000000000000000, -0.000000000000000000 ) ) ;
#1182 = TOROIDAL_SURFACE ( 'NONE', #1273, 0.9999999999999991118, 0.3750000000000003331 ) ;
#1183 = CARTESIAN_POINT ( 'NONE',  ( 5.000000000000014211, -9.669721809301305981, 1.600000000000000089 ) ) ;
#1184 = AXIS2_PLACEMENT_3D ( 'NONE', #1435, #1668, #643 ) ;
#1185 = ORIENTED_EDGE ( 'NONE', *, *, #1745, .T. ) ;
#1186 = MECHANICAL_DESIGN_GEOMETRIC_PRESENTATION_REPRESENTATION (  '', ( #1653 ), #2118 ) ;
#1187 = CARTESIAN_POINT ( 'NONE',  ( 4.678257745111183752, -7.172293825345796847, 1.171428571428571486 ) ) ;
#1188 = CARTESIAN_POINT ( 'NONE',  ( -4.239935485221364431, -6.813368250752219524, 0.3985246893224963505 ) ) ;
#1189 = AXIS2_PLACEMENT_3D ( 'NONE', #1596, #1178, #1612 ) ;
#1190 = VERTEX_POINT ( 'NONE', #1095 ) ;
#1191 = ADVANCED_FACE ( 'NONE', ( #253 ), #900, .T. ) ;
#1192 = CARTESIAN_POINT ( 'NONE',  ( 4.085372676534871239, -6.227404815736852228, 2.003966981471999809 ) ) ;
#1193 = AXIS2_PLACEMENT_3D ( 'NONE', #2110, #1107, #670 ) ;
#1194 = PRESENTATION_STYLE_ASSIGNMENT (( #942 ) ) ;
#1195 = DIRECTION ( 'NONE',  ( 0.9422001227384385613, 0.3350506360412875972, 1.021535419989128748E-16 ) ) ;
#1196 = DIRECTION ( 'NONE',  ( 4.275262644885174286E-16, -1.000000000000000000, 0.000000000000000000 ) ) ;
#1197 = CARTESIAN_POINT ( 'NONE',  ( -5.641544858550036068, -6.898595914753227198, 0.5558231286025817619 ) ) ;
#1198 = SURFACE_SIDE_STYLE ('',( #2036 ) ) ;
#1199 = ORIENTED_EDGE ( 'NONE', *, *, #1294, .T. ) ;
#1200 = CARTESIAN_POINT ( 'NONE',  ( 0.000000000000000000, 0.000000000000000000, 1.600000000000000089 ) ) ;
#1201 = CARTESIAN_POINT ( 'NONE',  ( 5.437130888051660449, -7.083800826932566963, 1.599999999999399902 ) ) ;
#1202 = VERTEX_POINT ( 'NONE', #1564 ) ;
#1203 = CARTESIAN_POINT ( 'NONE',  ( 3.926454152449339929, -5.940123311122502692, 2.028571428571428470 ) ) ;
#1204 = FACE_OUTER_BOUND ( 'NONE', #2181, .T. ) ;
#1205 = SURFACE_STYLE_FILL_AREA ( #761 ) ;
#1206 = DIRECTION ( 'NONE',  ( 0.5009300198007035076, 0.000000000000000000, 0.8654877903601337907 ) ) ;
#1207 = CARTESIAN_POINT ( 'NONE',  ( -5.999999999999999112, -5.999999999999997335, 1.000000000000000000 ) ) ;
#1208 = B_SPLINE_CURVE_WITH_KNOTS ( 'NONE', 3,
 ( #1117, #1696, #1312, #1709 ),
 .UNSPECIFIED., .F., .F.,
 ( 4, 4 ),
 ( 1.637109379325283692E-18, 0.0002708071420694656999 ),
 .UNSPECIFIED. ) ;
#1209 = DIRECTION ( 'NONE',  ( 0.000000000000000000, -1.000000000000000000, 0.000000000000000000 ) ) ;
#1210 = CARTESIAN_POINT ( 'NONE',  ( -5.590516290564366386, -6.972816757141328203, 0.7581489710228460632 ) ) ;
#1211 = FILL_AREA_STYLE_COLOUR ( '', #839 ) ;
#1212 = ORIENTED_EDGE ( 'NONE', *, *, #1722, .T. ) ;
#1213 = EDGE_CURVE ( 'NONE', #1419, #2570, #298, .T. ) ;
#1214 = CARTESIAN_POINT ( 'NONE',  ( 4.500000000000013323, -7.640930106817036993, 1.600000000000000089 ) ) ;
#1215 = ORIENTED_EDGE ( 'NONE', *, *, #1087, .T. ) ;
#1216 = DIRECTION ( 'NONE',  ( 0.000000000000000000, 0.000000000000000000, 1.000000000000000000 ) ) ;
#1217 = DIRECTION ( 'NONE',  ( 1.000000000000000000, 0.000000000000000000, 0.000000000000000000 ) ) ;
#1218 = DIRECTION ( 'NONE',  ( 0.000000000000000000, 1.000000000000000000, 0.000000000000000000 ) ) ;
#1219 = AXIS2_PLACEMENT_3D ( 'NONE', #2214, #1181, #1166 ) ;
#1220 = PRESENTATION_LAYER_ASSIGNMENT (  '', '', ( #39 ) ) ;
#1221 = CARTESIAN_POINT ( 'NONE',  ( -5.207032570818329376, -7.000000000000327738, 0.8103221425572081360 ) ) ;
#1222 = CARTESIAN_POINT ( 'NONE',  ( -4.011532511120782907, -6.070020063885772643, -0.02504774285393019870 ) ) ;
#1223 = DIRECTION ( 'NONE',  ( 0.000000000000000000, 1.000000000000000000, 0.000000000000000000 ) ) ;
#1224 = ORIENTED_EDGE ( 'NONE', *, *, #1722, .F. ) ;
#1225 = PRODUCT_DEFINITION_CONTEXT ( 'detailed design', #307, 'design' ) ;
#1226 = CIRCLE ( 'NONE', #1516, 1.375000000000005551 ) ;
#1227 = CARTESIAN_POINT ( 'NONE',  ( -4.090963651533323642, -6.861670355721823711, 0.1648208586954404142 ) ) ;
#1228 = EDGE_CURVE ( 'NONE', #2304, #498, #2241, .T. ) ;
#1229 = VERTEX_POINT ( 'NONE', #1719 ) ;
#1230 = COLOUR_RGB ( '',0.6470588235294117974, 0.6196078431372549211, 0.5882352941176470784 ) ;
#1231 = UNCERTAINTY_MEASURE_WITH_UNIT (LENGTH_MEASURE( 1.000000000000000082E-05 ), #447, 'distance_accuracy_value', 'NONE');
#1232 = CARTESIAN_POINT ( 'NONE',  ( -5.999999999999999112, -5.999999999999997335, 1.000000000000000000 ) ) ;
#1233 = MECHANICAL_DESIGN_GEOMETRIC_PRESENTATION_REPRESENTATION (  '', ( #92 ), #1905 ) ;
#1234 = CIRCLE ( 'NONE', #2589, 1.000000000000000000 ) ;
#1235 = DIRECTION ( 'NONE',  ( 4.275262644885195980E-16, -1.000000000000000000, 0.000000000000000000 ) ) ;
#1236 = PRESENTATION_LAYER_ASSIGNMENT (  '', '', ( #968 ) ) ;
#1237 = AXIS2_PLACEMENT_3D ( 'NONE', #808, #1461, #2062 ) ;
#1238 = CARTESIAN_POINT ( 'NONE',  ( 5.999999999999999112, -5.999999999999990230, 1.000000000000000000 ) ) ;
#1239 = CARTESIAN_POINT ( 'NONE',  ( 5.000000000000014211, -13.80326388367424073, 1.600000000000000089 ) ) ;
#1240 = DIRECTION ( 'NONE',  ( -1.000000000000000000, 0.000000000000000000, 0.000000000000000000 ) ) ;
#1241 = ORIENTED_EDGE ( 'NONE', *, *, #439, .F. ) ;
#1242 = AXIS2_PLACEMENT_3D ( 'NONE', #974, #1807, #1372 ) ;
#1243 = CYLINDRICAL_SURFACE ( 'NONE', #2543, 1.000000000000000000 ) ;
#1244 = ORIENTED_EDGE ( 'NONE', *, *, #1039, .F. ) ;
#1245 = ADVANCED_FACE ( 'NONE', ( #1523 ), #1559, .T. ) ;
#1246 = DIRECTION ( 'NONE',  ( 1.000000000000000000, 0.000000000000000000, 0.000000000000000000 ) ) ;
#1247 = EDGE_CURVE ( 'NONE', #1104, #2494, #2572, .T. ) ;
#1248 = CARTESIAN_POINT ( 'NONE',  ( -5.437130888051647126, -7.083800826932567851, 0.4000000000006003753 ) ) ;
#1249 = ORIENTED_EDGE ( 'NONE', *, *, #488, .T. ) ;
#1250 = DIRECTION ( 'NONE',  ( 1.445602896647340889E-16, -1.000000000000000000, 0.000000000000000000 ) ) ;
#1251 = CARTESIAN_POINT ( 'NONE',  ( 5.999999999999999112, -5.999999999999995559, 0.000000000000000000 ) ) ;
#1252 = FACE_OUTER_BOUND ( 'NONE', #518, .T. ) ;
#1253 = EDGE_LOOP ( 'NONE', ( #821, #952, #1897, #1853, #2059 ) ) ;
#1254 = ORIENTED_EDGE ( 'NONE', *, *, #576, .T. ) ;
#1255 = EDGE_CURVE ( 'NONE', #2642, #1918, #1295, .T. ) ;
#1256 = CARTESIAN_POINT ( 'NONE',  ( 5.000000000000013323, -7.640930106817036993, 1.600000000000000089 ) ) ;
#1257 = ADVANCED_FACE ( 'NONE', ( #704 ), #2121, .T. ) ;
#1258 = ORIENTED_EDGE ( 'NONE', *, *, #2275, .T. ) ;
#1259 = CARTESIAN_POINT ( 'NONE',  ( -4.125003850852896115, -6.826318248629045016, 0.4157109096353478472 ) ) ;
#1260 = DIRECTION ( 'NONE',  ( -1.000000000000000000, 0.000000000000000000, 0.000000000000000000 ) ) ;
#1261 =( NAMED_UNIT ( * ) SI_UNIT ( $, .STERADIAN. ) SOLID_ANGLE_UNIT ( ) );
#1262 = CARTESIAN_POINT ( 'NONE',  ( -4.859914746047237166, -6.312419573926170813, -0.01036652047931751162 ) ) ;
#1263 = ORIENTED_EDGE ( 'NONE', *, *, #1547, .F. ) ;
#1264 =( GEOMETRIC_REPRESENTATION_CONTEXT ( 3 ) GLOBAL_UNCERTAINTY_ASSIGNED_CONTEXT ( ( #543 ) ) GLOBAL_UNIT_ASSIGNED_CONTEXT ( ( #1965, #2561, #2361 ) ) REPRESENTATION_CONTEXT ( 'NONE', 'WORKASPACE' ) );
#1265 = SURFACE_STYLE_FILL_AREA ( #1036 ) ;
#1266 = ORIENTED_EDGE ( 'NONE', *, *, #1663, .T. ) ;
#1267 = VECTOR ( 'NONE', #2337, 1000.000000000000000 ) ;
#1268 = FILL_AREA_STYLE_COLOUR ( '', #301 ) ;
#1269 = VECTOR ( 'NONE', #2419, 1000.000000000000000 ) ;
#1270 = B_SPLINE_CURVE_WITH_KNOTS ( 'NONE', 3,
 ( #2010, #587, #147, #384 ),
 .UNSPECIFIED., .F., .F.,
 ( 4, 4 ),
 ( 1.037454584534502481E-18, 0.0002708071420694392454 ),
 .UNSPECIFIED. ) ;
#1271 = CIRCLE ( 'NONE', #1781, 1.000000000000000000 ) ;
#1272 = CARTESIAN_POINT ( 'NONE',  ( -4.364233945659917069, -7.012880573279439922, 0.4710017441574254615 ) ) ;
#1273 = AXIS2_PLACEMENT_3D ( 'NONE', #2670, #604, #1468 ) ;
#1274 = VERTEX_POINT ( 'NONE', #68 ) ;
#1275 = EDGE_CURVE ( 'NONE', #149, #2664, #2635, .T. ) ;
#1276 = CARTESIAN_POINT ( 'NONE',  ( 4.561962643676984897, -7.158094897957608005, 1.236443431428429163 ) ) ;
#1277 = MECHANICAL_DESIGN_GEOMETRIC_PRESENTATION_REPRESENTATION (  '', ( #968 ), #661 ) ;
#1278 = LINE ( 'NONE', #1471, #262 ) ;
#1279 = CARTESIAN_POINT ( 'NONE',  ( -5.043227662600745731, -7.203770103164654159, 0.9000595465437702947 ) ) ;
#1280 = PRESENTATION_STYLE_ASSIGNMENT (( #443 ) ) ;
#1281 = ORIENTED_EDGE ( 'NONE', *, *, #841, .F. ) ;
#1282 = AXIS2_PLACEMENT_3D ( 'NONE', #273, #1896, #466 ) ;
#1283 = UNCERTAINTY_MEASURE_WITH_UNIT (LENGTH_MEASURE( 1.000000000000000082E-05 ), #2202, 'distance_accuracy_value', 'NONE');
#1284 = EDGE_CURVE ( 'NONE', #2626, #21, #1941, .T. ) ;
#1285 = AXIS2_PLACEMENT_3D ( 'NONE', #565, #1196, #367 ) ;
#1286 = ORIENTED_EDGE ( 'NONE', *, *, #746, .T. ) ;
#1287 = DIRECTION ( 'NONE',  ( -1.000000000000000000, 0.000000000000000000, 0.000000000000000000 ) ) ;
#1288 = ORIENTED_EDGE ( 'NONE', *, *, #1986, .F. ) ;
#1289 = PRESENTATION_STYLE_ASSIGNMENT (( #1909 ) ) ;
#1290 = CARTESIAN_POINT ( 'NONE',  ( -5.141386672446016881, -7.009985476926883230, 0.8563331895299529650 ) ) ;
#1291 = EDGE_LOOP ( 'NONE', ( #2466, #2290, #2263, #2238 ) ) ;
#1292 = CARTESIAN_POINT ( 'NONE',  ( -5.000000000000001776, -9.544721809301323745, 0.4000000000000000222 ) ) ;
#1293 = ORIENTED_EDGE ( 'NONE', *, *, #805, .F. ) ;
#1294 = EDGE_CURVE ( 'NONE', #1055, #987, #2031, .T. ) ;
#1295 = B_SPLINE_CURVE_WITH_KNOTS ( 'NONE', 3,
 ( #2347, #2147, #1767, #2376, #1299, #476 ),
 .UNSPECIFIED., .F., .F.,
 ( 4, 2, 4 ),
 ( 0.002488097448637749658, 0.002955164817308773319, 0.003422232185979797413 ),
 .UNSPECIFIED. ) ;
#1296 = CARTESIAN_POINT ( 'NONE',  ( 5.437130888051660449, -7.083800826932566963, 1.599999999999399902 ) ) ;
#1297 = VERTEX_POINT ( 'NONE', #333 ) ;
#1298 =( NAMED_UNIT ( * ) SI_UNIT ( $, .STERADIAN. ) SOLID_ANGLE_UNIT ( ) );
#1299 = CARTESIAN_POINT ( 'NONE',  ( 4.125003850852909437, -6.826318248629036134, 1.584289090364667807 ) ) ;
#1300 = FACE_OUTER_BOUND ( 'NONE', #2660, .T. ) ;
#1301 = CYLINDRICAL_SURFACE ( 'NONE', #145, 1.000000000000000000 ) ;
#1302 = VERTEX_POINT ( 'NONE', #143 ) ;
#1303 = EDGE_CURVE ( 'NONE', #1597, #303, #2493, .T. ) ;
#1304 =( NAMED_UNIT ( * ) SI_UNIT ( $, .STERADIAN. ) SOLID_ANGLE_UNIT ( ) );
#1305 = EDGE_CURVE ( 'NONE', #602, #1978, #1125, .T. ) ;
#1306 = AXIS2_PLACEMENT_3D ( 'NONE', #1929, #138, #938 ) ;
#1307 = DIRECTION ( 'NONE',  ( 0.000000000000000000, 0.000000000000000000, 1.000000000000000000 ) ) ;
#1308 = CIRCLE ( 'NONE', #2581, 1.000000000000000000 ) ;
#1309 = ORIENTED_EDGE ( 'NONE', *, *, #1275, .T. ) ;
#1310 = AXIS2_PLACEMENT_3D ( 'NONE', #582, #1413, #2220 ) ;
#1311 = CARTESIAN_POINT ( 'NONE',  ( 5.319008656967016968, -7.199999999999997513, 1.000000000000000444 ) ) ;
#1312 = CARTESIAN_POINT ( 'NONE',  ( 4.299210567990158438, -6.888348308861557356, 1.662524480556525575 ) ) ;
#1313 = ORIENTED_EDGE ( 'NONE', *, *, #1481, .F. ) ;
#1314 = PRESENTATION_LAYER_ASSIGNMENT (  '', '', ( #1653 ) ) ;
#1315 = CARTESIAN_POINT ( 'NONE',  ( 5.408213125328194870, -6.998701251984997818, 1.699899375048329109 ) ) ;
#1316 = VERTEX_POINT ( 'NONE', #1383 ) ;
#1317 = TOROIDAL_SURFACE ( 'NONE', #924, 1.000000000000005329, 0.3750000000000003331 ) ;
#1318 = CARTESIAN_POINT ( 'NONE',  ( -6.810810810810802529, -4.864864864864875571, 2.000000000000000000 ) ) ;
#1319 = CIRCLE ( 'NONE', #1871, 0.3750000000000003331 ) ;
#1320 = CYLINDRICAL_SURFACE ( 'NONE', #1907, 0.3750000000000003331 ) ;
#1321 = EDGE_CURVE ( 'NONE', #750, #1969, #2420, .T. ) ;
#1322 = DIRECTION ( 'NONE',  ( 1.000000000000000000, 0.000000000000000000, 0.000000000000000000 ) ) ;
#1323 = CARTESIAN_POINT ( 'NONE',  ( 5.105884445066229738, -6.569218026883309136, 1.957913201927901303 ) ) ;
#1324 = EDGE_CURVE ( 'NONE', #1078, #1812, #1819, .T. ) ;
#1325 = ORIENTED_EDGE ( 'NONE', *, *, #1416, .T. ) ;
#1326 = CARTESIAN_POINT ( 'NONE',  ( 4.666185137657930859, -6.999999999999999112, 1.150569980536457981 ) ) ;
#1327 = CARTESIAN_POINT ( 'NONE',  ( 4.579037723018915429, -6.999999999999997335, 1.000000000000000000 ) ) ;
#1328 = CARTESIAN_POINT ( 'NONE',  ( -5.000000000000008882, -19.42748912837628694, 0.4000000000000000222 ) ) ;
#1329 = DIRECTION ( 'NONE',  ( 0.000000000000000000, 0.000000000000000000, -1.000000000000000000 ) ) ;
#1330 = UNCERTAINTY_MEASURE_WITH_UNIT (LENGTH_MEASURE( 1.000000000000000082E-05 ), #489, 'distance_accuracy_value', 'NONE');
#1331 = ORIENTED_EDGE ( 'NONE', *, *, #1904, .F. ) ;
#1332 = CARTESIAN_POINT ( 'NONE',  ( -4.694661794859762871, -7.000000000000000000, 1.055767750511891867 ) ) ;
#1333 = CYLINDRICAL_SURFACE ( 'NONE', #1306, 0.4999999999999995559 ) ;
#1334 = CARTESIAN_POINT ( 'NONE',  ( -4.123334684465462807, -6.821010093305198474, 0.4102343838698921386 ) ) ;
#1335 = EDGE_LOOP ( 'NONE', ( #2611, #240, #2400, #73 ) ) ;
#1336 = EDGE_CURVE ( 'NONE', #1969, #2642, #1756, .T. ) ;
#1337 = LINE ( 'NONE', #331, #1518 ) ;
#1338 = DIRECTION ( 'NONE',  ( 0.000000000000000000, 0.000000000000000000, 1.000000000000000000 ) ) ;
#1339 = DIRECTION ( 'NONE',  ( -0.000000000000000000, 1.000000000000000000, -0.000000000000000000 ) ) ;
#1340 = DIRECTION ( 'NONE',  ( -2.561418517975604524E-16, -1.000000000000000000, 0.000000000000000000 ) ) ;
#1341 = ORIENTED_EDGE ( 'NONE', *, *, #1411, .F. ) ;
#1342 = DIRECTION ( 'NONE',  ( -1.084202172485509118E-16, -0.000000000000000000, 1.000000000000000000 ) ) ;
#1343 = ORIENTED_EDGE ( 'NONE', *, *, #2467, .T. ) ;
#1344 = FACE_OUTER_BOUND ( 'NONE', #2299, .T. ) ;
#1345 =( NAMED_UNIT ( * ) PLANE_ANGLE_UNIT ( ) SI_UNIT ( $, .RADIAN. ) );
#1346 =( LENGTH_UNIT ( ) NAMED_UNIT ( * ) SI_UNIT ( .MILLI., .METRE. ) );
#1347 = COLOUR_RGB ( '',0.6470588235294117974, 0.6196078431372549211, 0.5882352941176470784 ) ;
#1348 = AXIS2_PLACEMENT_3D ( 'NONE', #1175, #1414, #776 ) ;
#1349 = CARTESIAN_POINT ( 'NONE',  ( -3.936284906949388152, -6.030417087828301881, -0.001840723607730773313 ) ) ;
#1350 = CARTESIAN_POINT ( 'NONE',  ( 5.424729116240470717, -7.029549969476028615, 1.672487471989835939 ) ) ;
#1351 = COLOUR_RGB ( '',0.6470588235294117974, 0.6196078431372549211, 0.5882352941176470784 ) ;
#1352 = ORIENTED_EDGE ( 'NONE', *, *, #595, .T. ) ;
#1353 = CARTESIAN_POINT ( 'NONE',  ( 4.185181865108442700, -6.706100149080878481, 1.708320411884564072 ) ) ;
#1354 = CARTESIAN_POINT ( 'NONE',  ( -4.625000000000010658, -13.80326388367424073, 0.4000000000000000222 ) ) ;
#1355 = CARTESIAN_POINT ( 'NONE',  ( -5.999999999999999112, -5.999999999999997335, 0.000000000000000000 ) ) ;
#1356 = CARTESIAN_POINT ( 'NONE',  ( -6.000000000000000888, 6.000000000000002665, 1.000000000000000000 ) ) ;
#1357 = AXIS2_PLACEMENT_3D ( 'NONE', #66, #493, #233 ) ;
#1358 = CARTESIAN_POINT ( 'NONE',  ( 0.2933957754997170708, 0.2095684110712272563, 2.200000000000000178 ) ) ;
#1359 = ADVANCED_FACE ( 'NONE', ( #2651 ), #2621, .T. ) ;
#1360 = PRESENTATION_LAYER_ASSIGNMENT (  '', '', ( #2497 ) ) ;
#1361 = VERTEX_POINT ( 'NONE', #1593 ) ;
#1362 = AXIS2_PLACEMENT_3D ( 'NONE', #1397, #379, #2402 ) ;
#1363 = DIRECTION ( 'NONE',  ( 0.000000000000000000, 1.000000000000000000, 0.000000000000000000 ) ) ;
#1364 = VECTOR ( 'NONE', #391, 1000.000000000000000 ) ;
#1365 = CIRCLE ( 'NONE', #1193, 0.4999999999999995559 ) ;
#1366 = FACE_OUTER_BOUND ( 'NONE', #893, .T. ) ;
#1367 = AXIS2_PLACEMENT_3D ( 'NONE', #1356, #2607, #763 ) ;
#1368 = CIRCLE ( 'NONE', #458, 1.000000000000000000 ) ;
#1369 = ORIENTED_EDGE ( 'NONE', *, *, #2232, .F. ) ;
#1370 = CARTESIAN_POINT ( 'NONE',  ( 4.063746643528976854, -6.302750605784224192, 1.955673277744572225 ) ) ;
#1371 = CARTESIAN_POINT ( 'NONE',  ( 4.952893867500530511, -6.205004929787660828, 1.978760940558395465 ) ) ;
#1372 = DIRECTION ( 'NONE',  ( 0.000000000000000000, 0.000000000000000000, -1.000000000000000000 ) ) ;
#1373 = ORIENTED_EDGE ( 'NONE', *, *, #1042, .F. ) ;
#1374 = CARTESIAN_POINT ( 'NONE',  ( -6.000000000000000888, 6.000000000000002665, 1.000000000000000000 ) ) ;
#1375 = DIRECTION ( 'NONE',  ( -1.000000000000000000, 0.000000000000000000, 0.000000000000000000 ) ) ;
#1376 = EDGE_CURVE ( 'NONE', #759, #1229, #2544, .T. ) ;
#1377 = DIRECTION ( 'NONE',  ( -0.9422001227384392275, 0.3350506360412857099, 0.000000000000000000 ) ) ;
#1378 = CARTESIAN_POINT ( 'NONE',  ( -4.007835118448097589, -6.313269081100352231, 0.04786320692793689935 ) ) ;
#1379 = FILL_AREA_STYLE ('',( #726 ) ) ;
#1380 = ORIENTED_EDGE ( 'NONE', *, *, #23, .T. ) ;
#1381 = CARTESIAN_POINT ( 'NONE',  ( -5.000000000000001776, -9.419721809301321969, 0.4000000000000000222 ) ) ;
#1382 =( NAMED_UNIT ( * ) PLANE_ANGLE_UNIT ( ) SI_UNIT ( $, .RADIAN. ) );
#1383 = CARTESIAN_POINT ( 'NONE',  ( -4.244250306070508572, -6.752179888195263047, 0.2320148990681712708 ) ) ;
#1384 = CARTESIAN_POINT ( 'NONE',  ( 5.217806014015316407, -7.219242399994140413, 1.171428571428416721 ) ) ;
#1385 = CARTESIAN_POINT ( 'NONE',  ( -4.200554051729871397, -6.634150406444484283, 0.1393720030524323861 ) ) ;
#1386 = DIRECTION ( 'NONE',  ( 1.000000000000000000, 0.000000000000000000, 8.673617379884015751E-17 ) ) ;
#1387 = ORIENTED_EDGE ( 'NONE', *, *, #1972, .T. ) ;
#1388 =( NAMED_UNIT ( * ) PLANE_ANGLE_UNIT ( ) SI_UNIT ( $, .RADIAN. ) );
#1389 = CARTESIAN_POINT ( 'NONE',  ( 5.000000000000014211, -9.544721809301302429, 1.224999999999999645 ) ) ;
#1390 = EDGE_LOOP ( 'NONE', ( #1600, #289, #1325, #541, #562 ) ) ;
#1391 = EDGE_CURVE ( 'NONE', #316, #1664, #2018, .T. ) ;
#1392 = CARTESIAN_POINT ( 'NONE',  ( 5.549462803351965512, -6.985179823016534506, 1.179381589056036850 ) ) ;
#1393 = MECHANICAL_DESIGN_GEOMETRIC_PRESENTATION_REPRESENTATION (  '', ( #610 ), #778 ) ;
#1394 = CARTESIAN_POINT ( 'NONE',  ( -5.449446280300406009, -7.137673821822222209, 0.4719825896072846749 ) ) ;
#1395 = VERTEX_POINT ( 'NONE', #1820 ) ;
#1396 = DIRECTION ( 'NONE',  ( 0.000000000000000000, 0.000000000000000000, 1.000000000000000000 ) ) ;
#1397 = CARTESIAN_POINT ( 'NONE',  ( 0.000000000000000000, 0.000000000000000000, 0.000000000000000000 ) ) ;
#1398 = CARTESIAN_POINT ( 'NONE',  ( 4.795499016198355946, -6.077813438255700973, 2.000000000000000000 ) ) ;
#1399 = CARTESIAN_POINT ( 'NONE',  ( 5.999999999999990230, 7.000000000000002665, 1.000000000000000000 ) ) ;
#1400 = AXIS2_PLACEMENT_3D ( 'NONE', #1111, #1789, #2386 ) ;
#1401 = CARTESIAN_POINT ( 'NONE',  ( -5.285198309500871439, -6.982499757347676805, 0.7433182826528090814 ) ) ;
#1402 = FILL_AREA_STYLE ('',( #1211 ) ) ;
#1403 = ORIENTED_EDGE ( 'NONE', *, *, #1154, .T. ) ;
#1404 = AXIS2_PLACEMENT_3D ( 'NONE', #1094, #115, #1338 ) ;
#1405 = CARTESIAN_POINT ( 'NONE',  ( 0.000000000000000000, -1.734723475976807094E-15, 0.4000000000000000222 ) ) ;
#1406 =( LENGTH_UNIT ( ) NAMED_UNIT ( * ) SI_UNIT ( .MILLI., .METRE. ) );
#1407 = ORIENTED_EDGE ( 'NONE', *, *, #2358, .T. ) ;
#1408 = AXIS2_PLACEMENT_3D ( 'NONE', #1143, #1363, #2368 ) ;
#1409 = CARTESIAN_POINT ( 'NONE',  ( 5.385081295665735901, -7.000000000000324185, 1.032504916417666285 ) ) ;
#1410 = CARTESIAN_POINT ( 'NONE',  ( 5.000000000000015987, -19.42748912837629405, 1.224999999999999645 ) ) ;
#1411 = EDGE_CURVE ( 'NONE', #850, #206, #973, .T. ) ;
#1412 = AXIS2_PLACEMENT_3D ( 'NONE', #690, #1340, #1910 ) ;
#1413 = DIRECTION ( 'NONE',  ( -0.000000000000000000, -0.000000000000000000, -1.000000000000000000 ) ) ;
#1414 = DIRECTION ( 'NONE',  ( 0.000000000000000000, 1.000000000000000000, 0.000000000000000000 ) ) ;
#1415 = FACE_OUTER_BOUND ( 'NONE', #1805, .T. ) ;
#1416 = EDGE_CURVE ( 'NONE', #2455, #1419, #2437, .T. ) ;
#1417 = VECTOR ( 'NONE', #1478, 1000.000000000000114 ) ;
#1418 = CARTESIAN_POINT ( 'NONE',  ( -5.069086138561721633, -6.530370917895474747, 0.03330146817731225589 ) ) ;
#1419 = VERTEX_POINT ( 'NONE', #1433 ) ;
#1420 = DIRECTION ( 'NONE',  ( -0.000000000000000000, 1.000000000000000000, -0.000000000000000000 ) ) ;
#1421 = DIRECTION ( 'NONE',  ( -2.561418517975604524E-16, -1.000000000000000000, 0.000000000000000000 ) ) ;
#1422 = VERTEX_POINT ( 'NONE', #1678 ) ;
#1423 = CARTESIAN_POINT ( 'NONE',  ( 4.011532511120792677, -6.070020063885767314, 2.025047742853930188 ) ) ;
#1424 = DIRECTION ( 'NONE',  ( 0.000000000000000000, -1.000000000000000000, 0.000000000000000000 ) ) ;
#1425 = PRODUCT_CONTEXT ( 'NONE', #2170, 'mechanical' ) ;
#1426 = FILL_AREA_STYLE ('',( #792 ) ) ;
#1427 = EDGE_CURVE ( 'NONE', #1134, #410, #1698, .T. ) ;
#1428 =( NAMED_UNIT ( * ) PLANE_ANGLE_UNIT ( ) SI_UNIT ( $, .RADIAN. ) );
#1429 = CARTESIAN_POINT ( 'NONE',  ( -4.000000000000000888, -13.80326388367424073, 0.4000000000000001332 ) ) ;
#1430 = ORIENTED_EDGE ( 'NONE', *, *, #2533, .F. ) ;
#1431 = EDGE_LOOP ( 'NONE', ( #845, #1403, #88, #1113 ) ) ;
#1432 = CARTESIAN_POINT ( 'NONE',  ( 4.090963651533336964, -6.718058629768170142, 1.695982617753816424 ) ) ;
#1433 = CARTESIAN_POINT ( 'NONE',  ( 5.500000000000013323, -9.419721809301302429, 1.600000000000000089 ) ) ;
#1434 = CARTESIAN_POINT ( 'NONE',  ( 0.2933957754997170153, 0.2095684110712273118, 2.200000000000000178 ) ) ;
#1435 = CARTESIAN_POINT ( 'NONE',  ( -5.999999999999999112, -5.999999999999997335, 1.000000000000000000 ) ) ;
#1436 = CARTESIAN_POINT ( 'NONE',  ( -4.871582520004924532, -6.142499585965582654, 0.008147094804138887980 ) ) ;
#1437 = ORIENTED_EDGE ( 'NONE', *, *, #624, .T. ) ;
#1438 = EDGE_CURVE ( 'NONE', #344, #77, #15, .T. ) ;
#1439 = DIRECTION ( 'NONE',  ( 0.000000000000000000, -1.000000000000000000, 0.000000000000000000 ) ) ;
#1440 = ORIENTED_EDGE ( 'NONE', *, *, #1876, .F. ) ;
#1441 = VECTOR ( 'NONE', #1717, 1000.000000000000114 ) ;
#1442 = DIRECTION ( 'NONE',  ( 0.000000000000000000, -1.000000000000000000, 0.000000000000000000 ) ) ;
#1443 = VECTOR ( 'NONE', #874, 1000.000000000000000 ) ;
#1444 = AXIS2_PLACEMENT_3D ( 'NONE', #1358, #2164, #1924 ) ;
#1445 = CARTESIAN_POINT ( 'NONE',  ( 3.842626788020850004, -5.999999999999997335, 2.200000000000000178 ) ) ;
#1446 = ORIENTED_EDGE ( 'NONE', *, *, #1062, .T. ) ;
#1447 = TOROIDAL_SURFACE ( 'NONE', #1744, 1.000000000000005329, 0.3750000000000003331 ) ;
#1448 = CARTESIAN_POINT ( 'NONE',  ( 5.999999999999997335, 6.000000000000002665, 1.000000000000000000 ) ) ;
#1449 = LINE ( 'NONE', #2256, #1443 ) ;
#1450 = DIRECTION ( 'NONE',  ( 0.000000000000000000, -1.000000000000000000, 0.000000000000000000 ) ) ;
#1451 = ORIENTED_EDGE ( 'NONE', *, *, #2115, .T. ) ;
#1452 = AXIS2_PLACEMENT_3D ( 'NONE', #731, #1565, #1966 ) ;
#1453 =( LENGTH_UNIT ( ) NAMED_UNIT ( * ) SI_UNIT ( .MILLI., .METRE. ) );
#1454 = EDGE_LOOP ( 'NONE', ( #1613, #1313, #2518, #1146, #2603 ) ) ;
#1455 = EDGE_CURVE ( 'NONE', #1664, #750, #1368, .T. ) ;
#1456 = FILL_AREA_STYLE ('',( #1268 ) ) ;
#1457 = CARTESIAN_POINT ( 'NONE',  ( -4.403854475273534241, -7.067860034220744048, 0.5504232588260818959 ) ) ;
#1458 = ORIENTED_EDGE ( 'NONE', *, *, #341, .T. ) ;
#1459 = CYLINDRICAL_SURFACE ( 'NONE', #1013, 1.000000000000000000 ) ;
#1460 = CARTESIAN_POINT ( 'NONE',  ( -4.678257745111177535, -7.172293825345797735, 0.8285714285714167460 ) ) ;
#1461 = DIRECTION ( 'NONE',  ( 1.000000000000000000, 6.938893903907228378E-15, -0.000000000000000000 ) ) ;
#1462 = ORIENTED_EDGE ( 'NONE', *, *, #246, .F. ) ;
#1463 = PRESENTATION_STYLE_ASSIGNMENT (( #1662 ) ) ;
#1464 = VERTEX_POINT ( 'NONE', #231 ) ;
#1465 = UNCERTAINTY_MEASURE_WITH_UNIT (LENGTH_MEASURE( 1.000000000000000082E-05 ), #1497, 'distance_accuracy_value', 'NONE');
#1466 = CARTESIAN_POINT ( 'NONE',  ( -5.000000000000002665, -26.19999999999999929, 0.4000000000000000222 ) ) ;
#1467 = ADVANCED_FACE ( 'NONE', ( #2057 ), #1182, .T. ) ;
#1468 = DIRECTION ( 'NONE',  ( -1.000000000000000000, 0.000000000000000000, 0.000000000000000000 ) ) ;
#1469 = ORIENTED_EDGE ( 'NONE', *, *, #1748, .T. ) ;
#1470 = SURFACE_STYLE_FILL_AREA ( #2440 ) ;
#1471 = CARTESIAN_POINT ( 'NONE',  ( 0.2095684110712263404, 0.1496917221937337505, 2.028571428571428470 ) ) ;
#1472 = CARTESIAN_POINT ( 'NONE',  ( -5.319008656967004534, -6.999999999999998224, 0.9999999999999997780 ) ) ;
#1473 = DIRECTION ( 'NONE',  ( -0.9422001227384392275, 0.3350506360412856544, -1.021535419989128872E-16 ) ) ;
#1474 = AXIS2_PLACEMENT_3D ( 'NONE', #737, #91, #1375 ) ;
#1475 = ORIENTED_EDGE ( 'NONE', *, *, #609, .T. ) ;
#1476 = ORIENTED_EDGE ( 'NONE', *, *, #2149, .F. ) ;
#1477 = CIRCLE ( 'NONE', #1903, 0.6249999999999987788 ) ;
#1478 = DIRECTION ( 'NONE',  ( 8.659560562354902043E-17, 0.7071067811865502373, -0.7071067811865449082 ) ) ;
#1479 =( GEOMETRIC_REPRESENTATION_CONTEXT ( 3 ) GLOBAL_UNCERTAINTY_ASSIGNED_CONTEXT ( ( #752 ) ) GLOBAL_UNIT_ASSIGNED_CONTEXT ( ( #2242, #1845, #38 ) ) REPRESENTATION_CONTEXT ( 'NONE', 'WORKASPACE' ) );
#1480 = ORIENTED_EDGE ( 'NONE', *, *, #341, .F. ) ;
#1481 = EDGE_CURVE ( 'NONE', #140, #998, #815, .T. ) ;
#1482 = CARTESIAN_POINT ( 'NONE',  ( 4.244250306070521894, -6.752179888195244395, 1.767985100931842357 ) ) ;
#1483 = CARTESIAN_POINT ( 'NONE',  ( 5.207886918965802359, -6.999999999999997335, 0.9453329106940132620 ) ) ;
#1484 = LINE ( 'NONE', #2075, #1857 ) ;
#1485 = ORIENTED_EDGE ( 'NONE', *, *, #2502, .T. ) ;
#1486 = CIRCLE ( 'NONE', #2289, 0.2000000000000002331 ) ;
#1487 = AXIS2_PLACEMENT_3D ( 'NONE', #1150, #2573, #347 ) ;
#1488 = VERTEX_POINT ( 'NONE', #814 ) ;
#1489 = LINE ( 'NONE', #2300, #1514 ) ;
#1490 = DIRECTION ( 'NONE',  ( 0.7277273448964481917, 0.6712993803576020602, -0.1406060219957368795 ) ) ;
#1491 = ORIENTED_EDGE ( 'NONE', *, *, #1014, .T. ) ;
#1492 = COLOUR_RGB ( '',1.000000000000000000, 0.9372549019607843146, 0.1372549019607843257 ) ;
#1493 = DIRECTION ( 'NONE',  ( 1.000000000000000000, -6.938893903907228378E-15, 0.000000000000000000 ) ) ;
#1494 = CARTESIAN_POINT ( 'NONE',  ( 5.000000000000014211, -16.61537650602526739, 1.600000000000000089 ) ) ;
#1495 = CARTESIAN_POINT ( 'NONE',  ( -5.137445607444767859, -7.214303131293002380, 0.8754576744440186742 ) ) ;
#1496 = CARTESIAN_POINT ( 'NONE',  ( 5.999999999999999112, -5.999999999999997335, 0.000000000000000000 ) ) ;
#1497 =( LENGTH_UNIT ( ) NAMED_UNIT ( * ) SI_UNIT ( .MILLI., .METRE. ) );
#1498 = EDGE_CURVE ( 'NONE', #1812, #1978, #94, .T. ) ;
#1499 = CARTESIAN_POINT ( 'NONE',  ( 4.952893867500619329, -6.205004929787667045, 1.978760940559143533 ) ) ;
#1500 = ORIENTED_EDGE ( 'NONE', *, *, #2378, .T. ) ;
#1501 = CARTESIAN_POINT ( 'NONE',  ( 5.263692796859050560, -6.768138652692300639, 1.866499574421927266 ) ) ;
#1502 = ORIENTED_EDGE ( 'NONE', *, *, #2203, .F. ) ;
#1503 = DIRECTION ( 'NONE',  ( -0.000000000000000000, -0.000000000000000000, -1.000000000000000000 ) ) ;
#1504 = DIRECTION ( 'NONE',  ( -1.445602896647340889E-16, 1.000000000000000000, 0.000000000000000000 ) ) ;
#1505 = CARTESIAN_POINT ( 'NONE',  ( 0.000000000000000000, -1.734723475976807094E-15, 0.4000000000000000222 ) ) ;
#1506 = FILL_AREA_STYLE_COLOUR ( '', #185 ) ;
#1507 = CARTESIAN_POINT ( 'NONE',  ( 4.644974418979262332, -6.059876688877490203, 2.028571428571428470 ) ) ;
#1508 = ADVANCED_FACE ( 'NONE', ( #827 ), #867, .T. ) ;
#1509 = ORIENTED_EDGE ( 'NONE', *, *, #1139, .T. ) ;
#1510 = VECTOR ( 'NONE', #2014, 1000.000000000000000 ) ;
#1511 = DIRECTION ( 'NONE',  ( -0.5812381937190967962, -0.8137334712067346709, 0.000000000000000000 ) ) ;
#1512 = EDGE_CURVE ( 'NONE', #1049, #1190, #1040, .T. ) ;
#1513 =( NAMED_UNIT ( * ) PLANE_ANGLE_UNIT ( ) SI_UNIT ( $, .RADIAN. ) );
#1514 = VECTOR ( 'NONE', #1085, 1000.000000000000000 ) ;
#1515 = CARTESIAN_POINT ( 'NONE',  ( -4.120188689412009886, -6.499435682043205986, 0.1220750883320201596 ) ) ;
#1516 = AXIS2_PLACEMENT_3D ( 'NONE', #449, #470, #2468 ) ;
#1517 = CARTESIAN_POINT ( 'NONE',  ( -0.2933957754997174594, 0.2095684110712252302, -0.2000000000000000389 ) ) ;
#1518 = VECTOR ( 'NONE', #2176, 1000.000000000000000 ) ;
#1519 = ORIENTED_EDGE ( 'NONE', *, *, #560, .F. ) ;
#1520 = DIRECTION ( 'NONE',  ( -6.938893903907228378E-15, -1.000000000000000000, 0.000000000000000000 ) ) ;
#1521 = AXIS2_PLACEMENT_3D ( 'NONE', #2504, #506, #913 ) ;
#1522 = FACE_OUTER_BOUND ( 'NONE', #2085, .T. ) ;
#1523 = FACE_OUTER_BOUND ( 'NONE', #548, .T. ) ;
#1524 = CARTESIAN_POINT ( 'NONE',  ( -5.999999999999999112, -5.999999999999990230, 2.000000000000000000 ) ) ;
#1525 = STYLED_ITEM ( 'NONE', ( #906 ), #194 ) ;
#1526 = CARTESIAN_POINT ( 'NONE',  ( 4.728801783407752701, -5.999999999999997335, 2.000000000000000000 ) ) ;
#1527 = ORIENTED_EDGE ( 'NONE', *, *, #111, .F. ) ;
#1528 = PRESENTATION_LAYER_ASSIGNMENT (  '', '', ( #409 ) ) ;
#1529 = EDGE_CURVE ( 'NONE', #850, #164, #789, .T. ) ;
#1530 = CARTESIAN_POINT ( 'NONE',  ( -5.347935731113031999, -6.942290355776051136, 0.6503282787314228486 ) ) ;
#1531 = CONICAL_SURFACE ( 'NONE', #267, 0.4999999999999993339, 0.7853981633974445042 ) ;
#1532 = CARTESIAN_POINT ( 'NONE',  ( -4.209406647525800516, -14.39213896038577012, 0.4000000000000000777 ) ) ;
#1533 = EDGE_CURVE ( 'NONE', #24, #1229, #65, .T. ) ;
#1534 = SURFACE_STYLE_FILL_AREA ( #1169 ) ;
#1535 = VERTEX_POINT ( 'NONE', #2107 ) ;
#1536 = DIRECTION ( 'NONE',  ( -0.8137334712067275655, 0.5812381937191065662, 0.000000000000000000 ) ) ;
#1537 = DIRECTION ( 'NONE',  ( 0.8611377918341811544, -0.000000000000000000, 0.5083716194625250706 ) ) ;
#1538 = DIRECTION ( 'NONE',  ( 0.000000000000000000, 0.000000000000000000, 1.000000000000000000 ) ) ;
#1539 = UNCERTAINTY_MEASURE_WITH_UNIT (LENGTH_MEASURE( 1.000000000000000082E-05 ), #1964, 'distance_accuracy_value', 'NONE');
#1540 = CARTESIAN_POINT ( 'NONE',  ( 5.395453466019493938, -6.858801472096677898, 1.516301049326683303 ) ) ;
#1541 = EDGE_LOOP ( 'NONE', ( #28, #1437, #681, #98, #2332, #1068 ) ) ;
#1542 = FACE_OUTER_BOUND ( 'NONE', #1454, .T. ) ;
#1543 = DIRECTION ( 'NONE',  ( 1.445602896647340889E-16, -1.000000000000000000, 0.000000000000000000 ) ) ;
#1544 = FACE_OUTER_BOUND ( 'NONE', #1887, .T. ) ;
#1545 = FACE_OUTER_BOUND ( 'NONE', #337, .T. ) ;
#1546 = FILL_AREA_STYLE ('',( #1750 ) ) ;
#1547 = EDGE_CURVE ( 'NONE', #1488, #21, #2557, .T. ) ;
#1548 = ORIENTED_EDGE ( 'NONE', *, *, #853, .F. ) ;
#1549 = DIRECTION ( 'NONE',  ( -0.000000000000000000, -0.000000000000000000, -1.000000000000000000 ) ) ;
#1550 = LINE ( 'NONE', #899, #2324 ) ;
#1551 = CARTESIAN_POINT ( 'NONE',  ( -4.579037723018902994, -6.999999999999997335, 1.000000000000000000 ) ) ;
#1552 = EDGE_LOOP ( 'NONE', ( #879, #1440, #1629, #647 ) ) ;
#1553 = CARTESIAN_POINT ( 'NONE',  ( 4.748753452906411709, -6.116296805414312310, 1.997530668295901313 ) ) ;
#1554 = ORIENTED_EDGE ( 'NONE', *, *, #160, .T. ) ;
#1555 = MANIFOLD_SOLID_BREP ( 'Fillet3', #264 ) ;
#1556 = CARTESIAN_POINT ( 'NONE',  ( 5.999999999999999112, -5.999999999999997335, 1.000000000000000000 ) ) ;
#1557 = DIRECTION ( 'NONE',  ( 1.000000000000000000, 6.938893903907228378E-15, 0.000000000000000000 ) ) ;
#1558 = AXIS2_PLACEMENT_3D ( 'NONE', #2396, #1543, #2353 ) ;
#1559 = TOROIDAL_SURFACE ( 'NONE', #2488, 1.000000000000001998, 0.3750000000000003331 ) ;
#1560 = SURFACE_SIDE_STYLE ('',( #534 ) ) ;
#1561 = MECHANICAL_DESIGN_GEOMETRIC_PRESENTATION_REPRESENTATION (  '', ( #825 ), #2319 ) ;
#1562 = ORIENTED_EDGE ( 'NONE', *, *, #1889, .T. ) ;
#1563 = LINE ( 'NONE', #2345, #2535 ) ;
#1564 = CARTESIAN_POINT ( 'NONE',  ( -4.644974418979248121, -6.059876688877491979, -0.02857142857142828951 ) ) ;
#1565 = DIRECTION ( 'NONE',  ( -0.9422001227384392275, 0.3350506360412857099, 0.000000000000000000 ) ) ;
#1566 = MECHANICAL_DESIGN_GEOMETRIC_PRESENTATION_REPRESENTATION (  '', ( #2204 ), #1479 ) ;
#1567 = MECHANICAL_DESIGN_GEOMETRIC_PRESENTATION_REPRESENTATION (  '', ( #437 ), #2114 ) ;
#1568 = EDGE_CURVE ( 'NONE', #104, #998, #48, .T. ) ;
#1569 = PRESENTATION_LAYER_ASSIGNMENT (  '', '', ( #2372 ) ) ;
#1570 = CARTESIAN_POINT ( 'NONE',  ( -4.335050636041282601, -14.74546400641268029, 0.4000000000000000777 ) ) ;
#1571 = ORIENTED_EDGE ( 'NONE', *, *, #1119, .F. ) ;
#1572 = PRESENTATION_LAYER_ASSIGNMENT (  '', '', ( #2042 ) ) ;
#1573 = CYLINDRICAL_SURFACE ( 'NONE', #1723, 0.4999999999999995559 ) ;
#1574 = CARTESIAN_POINT ( 'NONE',  ( -4.499999999999999112, -7.640930106817048539, 0.4000000000000000222 ) ) ;
#1575 = SURFACE_STYLE_USAGE ( .BOTH. , #948 ) ;
#1576 = CIRCLE ( 'NONE', #2644, 0.4999999999999993339 ) ;
#1577 = CARTESIAN_POINT ( 'NONE',  ( -4.145823922654243709, -6.616678922975400390, 0.2027306477650582528 ) ) ;
#1578 = CIRCLE ( 'NONE', #2597, 1.609623493974732700 ) ;
#1579 = EDGE_LOOP ( 'NONE', ( #388, #2197, #281, #2023 ) ) ;
#1580 = CARTESIAN_POINT ( 'NONE',  ( -4.335050636041288818, -18.48528900563784561, 0.4000000000000000777 ) ) ;
#1581 = CARTESIAN_POINT ( 'NONE',  ( 0.2095684110712269788, -0.1496917221937354159, -0.02857142857142842135 ) ) ;
#1582 = CARTESIAN_POINT ( 'NONE',  ( -5.319008656967004534, -6.999999999999997335, 1.000000000000000000 ) ) ;
#1583 = CARTESIAN_POINT ( 'NONE',  ( 5.455134654145098239, -6.998154601067039238, 1.081620471637551706 ) ) ;
#1584 = EDGE_LOOP ( 'NONE', ( #2152, #1656, #1940, #2108 ) ) ;
#1585 = EDGE_CURVE ( 'NONE', #344, #420, #663, .T. ) ;
#1586 = DIRECTION ( 'NONE',  ( 0.000000000000000000, -1.000000000000000000, 0.000000000000000000 ) ) ;
#1587 = CYLINDRICAL_SURFACE ( 'NONE', #1558, 1.000000000000000000 ) ;
#1588 = VERTEX_POINT ( 'NONE', #2500 ) ;
#1589 = CARTESIAN_POINT ( 'NONE',  ( 5.217806014015316407, -7.219242399994140413, 1.171428571428416721 ) ) ;
#1590 =( NAMED_UNIT ( * ) SI_UNIT ( $, .STERADIAN. ) SOLID_ANGLE_UNIT ( ) );
#1591 = ORIENTED_EDGE ( 'NONE', *, *, #1438, .T. ) ;
#1592 = CARTESIAN_POINT ( 'NONE',  ( 5.000000000000014211, -9.419721809301302429, 1.600000000000000089 ) ) ;
#1593 = CARTESIAN_POINT ( 'NONE',  ( -5.999999999999999112, -5.999999999999990230, 0.000000000000000000 ) ) ;
#1594 = FACE_OUTER_BOUND ( 'NONE', #1153, .T. ) ;
#1595 = CARTESIAN_POINT ( 'NONE',  ( 0.2933957754997174594, -0.2095684110712286996, -0.2000000000000000389 ) ) ;
#1596 = CARTESIAN_POINT ( 'NONE',  ( 5.999999999999997335, 6.000000000000002665, 1.000000000000000000 ) ) ;
#1597 = VERTEX_POINT ( 'NONE', #2301 ) ;
#1598 = EDGE_CURVE ( 'NONE', #735, #149, #214, .T. ) ;
#1599 = CARTESIAN_POINT ( 'NONE',  ( 5.999999999999999112, -5.999999999999997335, 1.000000000000000000 ) ) ;
#1600 = ORIENTED_EDGE ( 'NONE', *, *, #903, .F. ) ;
#1601 = EDGE_CURVE ( 'NONE', #1978, #1055, #2523, .T. ) ;
#1602 = FACE_OUTER_BOUND ( 'NONE', #608, .T. ) ;
#1603 = AXIS2_PLACEMENT_3D ( 'NONE', #1615, #43, #31 ) ;
#1604 = SPHERICAL_SURFACE ( 'NONE', #452, 1.000000000000000000 ) ;
#1605 = AXIS2_PLACEMENT_3D ( 'NONE', #2109, #1106, #1922 ) ;
#1606 = CARTESIAN_POINT ( 'NONE',  ( -5.068126389142239674, -6.293586091534627336, 0.03979269607741744985 ) ) ;
#1607 = DIRECTION ( 'NONE',  ( 2.098349847134404727E-16, -1.000000000000000000, 0.000000000000000000 ) ) ;
#1608 = DIRECTION ( 'NONE',  ( 0.000000000000000000, 0.7071067811865502373, 0.7071067811865447972 ) ) ;
#1609 = AXIS2_PLACEMENT_3D ( 'NONE', #1595, #1511, #290 ) ;
#1610 = CARTESIAN_POINT ( 'NONE',  ( -5.408213125328177995, -6.998701251984996041, 0.3001006249516641189 ) ) ;
#1611 = CIRCLE ( 'NONE', #1310, 1.375000000000001554 ) ;
#1612 = DIRECTION ( 'NONE',  ( 1.000000000000000000, -6.938893903907228378E-15, 0.000000000000000000 ) ) ;
#1613 = ORIENTED_EDGE ( 'NONE', *, *, #1568, .T. ) ;
#1614 = PRESENTATION_LAYER_ASSIGNMENT (  '', '', ( #92 ) ) ;
#1615 = CARTESIAN_POINT ( 'NONE',  ( -5.000000000000000000, -16.61537650602526384, 0.4000000000000000222 ) ) ;
#1616 = ORIENTED_EDGE ( 'NONE', *, *, #2502, .F. ) ;
#1617 = CARTESIAN_POINT ( 'NONE',  ( -3.928632833943763281, -6.113965523306809757, 0.004419121984415274804 ) ) ;
#1618 = CIRCLE ( 'NONE', #2591, 0.6250000000000014433 ) ;
#1619 = DIRECTION ( 'NONE',  ( 1.000000000000000000, 0.000000000000000000, 0.000000000000000000 ) ) ;
#1620 = ADVANCED_FACE ( 'NONE', ( #463 ), #313, .F. ) ;
#1621 = CIRCLE ( 'NONE', #1956, 2.359623493974733588 ) ;
#1622 = DIRECTION ( 'NONE',  ( -0.5812381937190980175, 0.8137334712067337827, -0.000000000000000000 ) ) ;
#1623 = SURFACE_STYLE_FILL_AREA ( #1426 ) ;
#1624 = FACE_OUTER_BOUND ( 'NONE', #1892, .T. ) ;
#1625 = PRESENTATION_STYLE_ASSIGNMENT (( #588 ) ) ;
#1626 = EDGE_LOOP ( 'NONE', ( #800, #935, #2398, #1288, #2225 ) ) ;
#1627 = UNCERTAINTY_MEASURE_WITH_UNIT (LENGTH_MEASURE( 1.000000000000000082E-05 ), #332, 'distance_accuracy_value', 'NONE');
#1628 = SURFACE_SIDE_STYLE ('',( #875 ) ) ;
#1629 = ORIENTED_EDGE ( 'NONE', *, *, #640, .F. ) ;
#1630 = CARTESIAN_POINT ( 'NONE',  ( 5.181094400831101510, -6.379835546888993569, 1.930473881627450261 ) ) ;
#1631 = LINE ( 'NONE', #1833, #2532 ) ;
#1632 = EDGE_CURVE ( 'NONE', #410, #2455, #926, .T. ) ;
#1633 = DIRECTION ( 'NONE',  ( 1.445602896647340889E-16, -1.000000000000000000, -0.000000000000000000 ) ) ;
#1634 =( NAMED_UNIT ( * ) SI_UNIT ( $, .STERADIAN. ) SOLID_ANGLE_UNIT ( ) );
#1635 = SURFACE_SIDE_STYLE ('',( #1994 ) ) ;
#1636 = CARTESIAN_POINT ( 'NONE',  ( 5.375000000000017764, -19.42748912837629405, 1.600000000000000089 ) ) ;
#1637 = ORIENTED_EDGE ( 'NONE', *, *, #1706, .T. ) ;
#1638 = EDGE_LOOP ( 'NONE', ( #2336, #840, #2027, #1343, #852 ) ) ;
#1639 = DIRECTION ( 'NONE',  ( 1.000000000000000000, 0.000000000000000000, 0.000000000000000000 ) ) ;
#1640 = CARTESIAN_POINT ( 'NONE',  ( -5.000000000000001776, -9.419721809301321969, -0.09999999999999956146 ) ) ;
#1641 = PRESENTATION_LAYER_ASSIGNMENT (  '', '', ( #610 ) ) ;
#1642 = ADVANCED_FACE ( 'NONE', ( #1930 ), #218, .F. ) ;
#1643 = VERTEX_POINT ( 'NONE', #2636 ) ;
#1644 = DIRECTION ( 'NONE',  ( 0.000000000000000000, 1.000000000000000000, 0.000000000000000000 ) ) ;
#1645 = EDGE_LOOP ( 'NONE', ( #2132, #1981, #2167, #809 ) ) ;
#1646 = EDGE_CURVE ( 'NONE', #1918, #850, #83, .T. ) ;
#1647 =( GEOMETRIC_REPRESENTATION_CONTEXT ( 3 ) GLOBAL_UNCERTAINTY_ASSIGNED_CONTEXT ( ( #236 ) ) GLOBAL_UNIT_ASSIGNED_CONTEXT ( ( #2510, #1867, #1304 ) ) REPRESENTATION_CONTEXT ( 'NONE', 'WORKASPACE' ) );
#1648 = FACE_OUTER_BOUND ( 'NONE', #1584, .T. ) ;
#1649 = ORIENTED_EDGE ( 'NONE', *, *, #1171, .T. ) ;
#1650 =( GEOMETRIC_REPRESENTATION_CONTEXT ( 3 ) GLOBAL_UNCERTAINTY_ASSIGNED_CONTEXT ( ( #1937 ) ) GLOBAL_UNIT_ASSIGNED_CONTEXT ( ( #1056, #1837, #1634 ) ) REPRESENTATION_CONTEXT ( 'NONE', 'WORKASPACE' ) );
#1651 = DIRECTION ( 'NONE',  ( -1.000000000000000000, 0.000000000000000000, -0.000000000000000000 ) ) ;
#1652 = CIRCLE ( 'NONE', #1521, 0.4999999999999995559 ) ;
#1653 = STYLED_ITEM ( 'NONE', ( #46 ), #64 ) ;
#1654 = CARTESIAN_POINT ( 'NONE',  ( 3.000000000000011990, -7.640930106817036993, 1.600000000000000089 ) ) ;
#1655 = AXIS2_PLACEMENT_3D ( 'NONE', #2065, #810, #851 ) ;
#1656 = ORIENTED_EDGE ( 'NONE', *, *, #2275, .F. ) ;
#1657 = CIRCLE ( 'NONE', #369, 0.3750000000000002776 ) ;
#1658 = CARTESIAN_POINT ( 'NONE',  ( 4.678257745111183752, -7.172293825345796847, 1.171428571428571486 ) ) ;
#1659 =( NAMED_UNIT ( * ) SI_UNIT ( $, .STERADIAN. ) SOLID_ANGLE_UNIT ( ) );
#1660 = DIRECTION ( 'NONE',  ( -1.445602896647340889E-16, 1.000000000000000000, 0.000000000000000000 ) ) ;
#1661 = ORIENTED_EDGE ( 'NONE', *, *, #1481, .T. ) ;
#1662 = SURFACE_STYLE_USAGE ( .BOTH. , #1673 ) ;
#1663 = EDGE_CURVE ( 'NONE', #224, #2645, #967, .T. ) ;
#1664 = VERTEX_POINT ( 'NONE', #359 ) ;
#1665 = CARTESIAN_POINT ( 'NONE',  ( -5.312846002023186465, -6.835876716802322228, 0.1716264264910999093 ) ) ;
#1666 = ORIENTED_EDGE ( 'NONE', *, *, #1831, .T. ) ;
#1667 = DIRECTION ( 'NONE',  ( 0.5812381937190980175, -0.8137334712067338938, 0.000000000000000000 ) ) ;
#1668 = DIRECTION ( 'NONE',  ( -1.000000000000000000, 0.000000000000000000, 0.000000000000000000 ) ) ;
#1669 = LINE ( 'NONE', #1355, #1938 ) ;
#1670 = FACE_OUTER_BOUND ( 'NONE', #617, .T. ) ;
#1671 = ORIENTED_EDGE ( 'NONE', *, *, #711, .F. ) ;
#1672 = UNCERTAINTY_MEASURE_WITH_UNIT (LENGTH_MEASURE( 1.000000000000000082E-05 ), #1732, 'distance_accuracy_value', 'NONE');
#1673 = SURFACE_SIDE_STYLE ('',( #1265 ) ) ;
#1674 = ORIENTED_EDGE ( 'NONE', *, *, #2058, .F. ) ;
#1675 = ADVANCED_FACE ( 'NONE', ( #155 ), #1604, .T. ) ;
#1676 =( LENGTH_UNIT ( ) NAMED_UNIT ( * ) SI_UNIT ( .MILLI., .METRE. ) );
#1677 = ADVANCED_FACE ( 'NONE', ( #594 ), #2582, .T. ) ;
#1678 = CARTESIAN_POINT ( 'NONE',  ( 4.625000000000015987, -19.42748912837629405, 1.600000000000000089 ) ) ;
#1679 = EDGE_LOOP ( 'NONE', ( #1946, #2452 ) ) ;
#1680 = CARTESIAN_POINT ( 'NONE',  ( -4.728801783407737602, -5.999999999999997335, 0.000000000000000000 ) ) ;
#1681 = DIRECTION ( 'NONE',  ( -0.000000000000000000, -0.000000000000000000, -1.000000000000000000 ) ) ;
#1682 =( LENGTH_UNIT ( ) NAMED_UNIT ( * ) SI_UNIT ( .MILLI., .METRE. ) );
#1683 = CIRCLE ( 'NONE', #1817, 1.000000000000000000 ) ;
#1684 = EDGE_LOOP ( 'NONE', ( #1244, #6, #1502 ) ) ;
#1685 = PLANE ( 'NONE',  #1655 ) ;
#1686 = ORIENTED_EDGE ( 'NONE', *, *, #1706, .F. ) ;
#1687 = STYLED_ITEM ( 'NONE', ( #2556 ), #1761 ) ;
#1688 = PLANE ( 'NONE',  #86 ) ;
#1689 = TOROIDAL_SURFACE ( 'NONE', #915, 2.000000000000000888, 0.4999999999999995559 ) ;
#1690 = CARTESIAN_POINT ( 'NONE',  ( -5.000000000000001776, -9.544721809301323745, 0.4000000000000000222 ) ) ;
#1691 = EDGE_CURVE ( 'NONE', #592, #140, #552, .T. ) ;
#1692 =( GEOMETRIC_REPRESENTATION_CONTEXT ( 3 ) GLOBAL_UNCERTAINTY_ASSIGNED_CONTEXT ( ( #25 ) ) GLOBAL_UNIT_ASSIGNED_CONTEXT ( ( #1346, #1513, #2539 ) ) REPRESENTATION_CONTEXT ( 'NONE', 'WORKASPACE' ) );
#1693 = CARTESIAN_POINT ( 'NONE',  ( 4.123334684465075561, -6.821010093305263311, 1.589765616130046633 ) ) ;
#1694 = CARTESIAN_POINT ( 'NONE',  ( -6.000000000000000888, 6.000000000000002665, 1.000000000000000000 ) ) ;
#1695 = DIRECTION ( 'NONE',  ( 1.000000000000000000, 0.000000000000000000, 0.000000000000000000 ) ) ;
#1696 = CARTESIAN_POINT ( 'NONE',  ( 4.272869784242009139, -6.822596479308524309, 1.718531884535279053 ) ) ;
#1697 = ORIENTED_EDGE ( 'NONE', *, *, #1646, .F. ) ;
#1698 = CIRCLE ( 'NONE', #411, 1.500000000000001332 ) ;
#1699 = MECHANICAL_DESIGN_GEOMETRIC_PRESENTATION_REPRESENTATION (  '', ( #409 ), #2253 ) ;
#1700 = CARTESIAN_POINT ( 'NONE',  ( -4.000000000000000888, -13.80326388367424073, 0.4000000000000001332 ) ) ;
#1701 = EDGE_LOOP ( 'NONE', ( #1988, #261, #1666, #1458 ) ) ;
#1702 = PRESENTATION_STYLE_ASSIGNMENT (( #2309 ) ) ;
#1703 = B_SPLINE_CURVE_WITH_KNOTS ( 'NONE', 3,
 ( #2151, #2564, #1098, #2551, #1952, #1757 ),
 .UNSPECIFIED., .F., .F.,
 ( 4, 2, 4 ),
 ( 0.000000000000000000, 0.0002854608768380499434, 0.0005709217536760998867 ),
 .UNSPECIFIED. ) ;
#1704 = CARTESIAN_POINT ( 'NONE',  ( -4.304247159296410885, -6.989582548523541661, 0.8009331141226866402 ) ) ;
#1705 = ORIENTED_EDGE ( 'NONE', *, *, #2476, .T. ) ;
#1706 = EDGE_CURVE ( 'NONE', #77, #1091, #2520, .T. ) ;
#1707 = DIRECTION ( 'NONE',  ( -1.000000000000000000, 6.938893903907228378E-15, 0.000000000000000000 ) ) ;
#1708 = FILL_AREA_STYLE_COLOUR ( '', #2316 ) ;
#1709 = CARTESIAN_POINT ( 'NONE',  ( 4.329658166741147340, -6.946661311883396195, 1.600000000000134870 ) ) ;
#1710 = CARTESIAN_POINT ( 'NONE',  ( -4.329658166741129577, -6.946661311883394418, 0.3999999999998652411 ) ) ;
#1711 = ADVANCED_FACE ( 'NONE', ( #1204 ), #45, .T. ) ;
#1712 = CARTESIAN_POINT ( 'NONE',  ( 5.500836812318031122, -6.661874858041283431, 1.760542652955674248 ) ) ;
#1713 = ORIENTED_EDGE ( 'NONE', *, *, #2533, .T. ) ;
#1714 = CARTESIAN_POINT ( 'NONE',  ( -5.354121148189897816, -6.737811520434149770, 0.3106427967331606421 ) ) ;
#1715 = CARTESIAN_POINT ( 'NONE',  ( 3.926454152449339929, -5.940123311122502692, 2.028571428571428470 ) ) ;
#1716 = ORIENTED_EDGE ( 'NONE', *, *, #1972, .F. ) ;
#1717 = DIRECTION ( 'NONE',  ( 0.5812381937190980175, -0.8137334712067337827, 0.000000000000000000 ) ) ;
#1718 = CARTESIAN_POINT ( 'NONE',  ( 0.000000000000000000, 0.000000000000000000, 1.600000000000000089 ) ) ;
#1719 = CARTESIAN_POINT ( 'NONE',  ( -4.678257745111170429, -7.172293825345796847, 0.8285714285714287364 ) ) ;
#1720 = FACE_OUTER_BOUND ( 'NONE', #1431, .T. ) ;
#1721 = DIRECTION ( 'NONE',  ( 0.000000000000000000, 0.000000000000000000, 1.000000000000000000 ) ) ;
#1722 = EDGE_CURVE ( 'NONE', #1488, #344, #733, .T. ) ;
#1723 = AXIS2_PLACEMENT_3D ( 'NONE', #1200, #2395, #2383 ) ;
#1724 = DIRECTION ( 'NONE',  ( -1.000000000000000000, 0.000000000000000000, 0.000000000000000000 ) ) ;
#1725 = ORIENTED_EDGE ( 'NONE', *, *, #2627, .T. ) ;
#1726 = EDGE_CURVE ( 'NONE', #1190, #498, #2649, .T. ) ;
#1727 = PRESENTATION_LAYER_ASSIGNMENT (  '', '', ( #1898 ) ) ;
#1728 = CARTESIAN_POINT ( 'NONE',  ( -5.598308005018351352, -6.789932186158555538, 0.3834507278904955019 ) ) ;
#1729 =( GEOMETRIC_REPRESENTATION_CONTEXT ( 3 ) GLOBAL_UNCERTAINTY_ASSIGNED_CONTEXT ( ( #1330 ) ) GLOBAL_UNIT_ASSIGNED_CONTEXT ( ( #489, #1749, #949 ) ) REPRESENTATION_CONTEXT ( 'NONE', 'WORKASPACE' ) );
#1730 = CARTESIAN_POINT ( 'NONE',  ( -4.175314372647179084, -6.514211034715663651, 0.07889124779403720866 ) ) ;
#1731 = AXIS2_PLACEMENT_3D ( 'NONE', #1381, #520, #2160 ) ;
#1732 =( LENGTH_UNIT ( ) NAMED_UNIT ( * ) SI_UNIT ( .MILLI., .METRE. ) );
#1733 = CIRCLE ( 'NONE', #1404, 0.3750000000000001110 ) ;
#1734 = EDGE_LOOP ( 'NONE', ( #2657, #438 ) ) ;
#1735 = FACE_OUTER_BOUND ( 'NONE', #1638, .T. ) ;
#1736 = DIRECTION ( 'NONE',  ( -6.938893903907228378E-15, -1.000000000000000000, 0.000000000000000000 ) ) ;
#1737 = CARTESIAN_POINT ( 'NONE',  ( -3.842626788020835793, -5.999999999999997335, -0.2000000000000000111 ) ) ;
#1738 = COLOUR_RGB ( '',0.6470588235294117974, 0.6196078431372549211, 0.5882352941176470784 ) ;
#1739 = DIRECTION ( 'NONE',  ( 1.000000000000000000, 0.000000000000000000, 0.000000000000000000 ) ) ;
#1740 = COLOUR_RGB ( '',0.6470588235294117974, 0.6196078431372549211, 0.5882352941176470784 ) ;
#1741 = CARTESIAN_POINT ( 'NONE',  ( 5.402895740043035744, -6.568472461556703834, 1.829155931091578147 ) ) ;
#1742 = AXIS2_PLACEMENT_3D ( 'NONE', #2587, #550, #1206 ) ;
#1743 = ORIENTED_EDGE ( 'NONE', *, *, #2103, .F. ) ;
#1744 = AXIS2_PLACEMENT_3D ( 'NONE', #1429, #1770, #645 ) ;
#1745 = EDGE_CURVE ( 'NONE', #1464, #850, #1631, .T. ) ;
#1746 = CARTESIAN_POINT ( 'NONE',  ( -4.579037723018902994, -6.999999999999997335, 1.000000000000000000 ) ) ;
#1747 = COLOUR_RGB ( '',0.6470588235294117974, 0.6196078431372549211, 0.5882352941176470784 ) ;
#1748 = EDGE_CURVE ( 'NONE', #2318, #1395, #215, .T. ) ;
#1749 =( NAMED_UNIT ( * ) PLANE_ANGLE_UNIT ( ) SI_UNIT ( $, .RADIAN. ) );
#1750 = FILL_AREA_STYLE_COLOUR ( '', #1492 ) ;
#1751 = ORIENTED_EDGE ( 'NONE', *, *, #2612, .F. ) ;
#1752 = CARTESIAN_POINT ( 'NONE',  ( 4.111207253499025605, -6.302085659231609682, 1.987545812948607660 ) ) ;
#1753 = SURFACE_STYLE_USAGE ( .BOTH. , #931 ) ;
#1754 = CARTESIAN_POINT ( 'NONE',  ( -3.000000000000001776, -7.640930106817046763, 0.4000000000000000222 ) ) ;
#1755 = CARTESIAN_POINT ( 'NONE',  ( -4.460694624556764687, -15.09878905243959935, 0.4000000000000000777 ) ) ;
#1756 = B_SPLINE_CURVE_WITH_KNOTS ( 'NONE', 3,
 ( #762, #791, #1162, #2221, #366, #2403 ),
 .UNSPECIFIED., .F., .F.,
 ( 4, 2, 4 ),
 ( 8.940560153363745023E-19, 0.0003809686734959222558, 0.0007619373469918436443 ),
 .UNSPECIFIED. ) ;
#1757 = CARTESIAN_POINT ( 'NONE',  ( -5.217806014015302196, -7.219242399994140413, 0.8285714285715837235 ) ) ;
#1758 = ORIENTED_EDGE ( 'NONE', *, *, #609, .F. ) ;
#1759 = DIRECTION ( 'NONE',  ( 0.000000000000000000, 0.000000000000000000, 1.000000000000000000 ) ) ;
#1760 = CARTESIAN_POINT ( 'NONE',  ( -4.952893867500530511, -6.205004929787673262, 0.02123905944160698819 ) ) ;
#1761 = ADVANCED_FACE ( 'NONE', ( #1366 ), #2567, .T. ) ;
#1762 = CARTESIAN_POINT ( 'NONE',  ( -4.048790171080657530, -6.503821222393768586, 0.1253731450237195177 ) ) ;
#1763 = CARTESIAN_POINT ( 'NONE',  ( -5.362246807210100386, -7.222409387677231507, 0.7142678342189205942 ) ) ;
#1764 = EDGE_CURVE ( 'NONE', #1422, #694, #434, .T. ) ;
#1765 = EDGE_LOOP ( 'NONE', ( #399, #2565, #741, #136, #2475, #771 ) ) ;
#1766 = FACE_OUTER_BOUND ( 'NONE', #219, .T. ) ;
#1767 = CARTESIAN_POINT ( 'NONE',  ( 4.316661679556117015, -6.992803344163267099, 1.183180016753985431 ) ) ;
#1768 = CARTESIAN_POINT ( 'NONE',  ( -7.000000000000000888, 5.999999999999995559, 1.000000000000000000 ) ) ;
#1769 = DIRECTION ( 'NONE',  ( 1.000000000000000000, 0.000000000000000000, 0.000000000000000000 ) ) ;
#1770 = DIRECTION ( 'NONE',  ( -1.084202172485509118E-16, -0.000000000000000000, 1.000000000000000000 ) ) ;
#1771 = VERTEX_POINT ( 'NONE', #342 ) ;
#1772 = CARTESIAN_POINT ( 'NONE',  ( 5.217806014015316407, -7.219242399994140413, 1.171428571428416721 ) ) ;
#1773 = CIRCLE ( 'NONE', #1219, 0.4999999999999993339 ) ;
#1774 = CARTESIAN_POINT ( 'NONE',  ( 4.335050636041303029, -14.74546400641267851, 1.600000000000000089 ) ) ;
#1775 = AXIS2_PLACEMENT_3D ( 'NONE', #2080, #675, #1902 ) ;
#1776 = ORIENTED_EDGE ( 'NONE', *, *, #2115, .F. ) ;
#1777 = ADVANCED_FACE ( 'NONE', ( #2187 ), #1333, .T. ) ;
#1778 = CARTESIAN_POINT ( 'NONE',  ( 4.090963651533332524, -6.718058629768170142, 1.695982617753815536 ) ) ;
#1779 = SURFACE_SIDE_STYLE ('',( #1976 ) ) ;
#1780 = AXIS2_PLACEMENT_3D ( 'NONE', #1448, #642, #1043 ) ;
#1781 = AXIS2_PLACEMENT_3D ( 'NONE', #2088, #2246, #405 ) ;
#1782 = ADVANCED_FACE ( 'NONE', ( #1545 ), #499, .F. ) ;
#1783 = CARTESIAN_POINT ( 'NONE',  ( 5.389028512054665931, -7.210362133404780494, 1.334020238571484551 ) ) ;
#1784 = ORIENTED_EDGE ( 'NONE', *, *, #2092, .T. ) ;
#1785 = DIRECTION ( 'NONE',  ( 1.000000000000000000, -0.000000000000000000, 0.000000000000000000 ) ) ;
#1786 = CARTESIAN_POINT ( 'NONE',  ( -5.000000000000001776, -9.419721809301321969, 0.8999999999999995781 ) ) ;
#1787 = VERTEX_POINT ( 'NONE', #1158 ) ;
#1788 = AXIS2_PLACEMENT_3D ( 'NONE', #1006, #2224, #2625 ) ;
#1789 = DIRECTION ( 'NONE',  ( 0.000000000000000000, 1.000000000000000000, 0.000000000000000000 ) ) ;
#1790 = DIRECTION ( 'NONE',  ( -0.000000000000000000, 1.000000000000000000, -0.000000000000000000 ) ) ;
#1791 = CIRCLE ( 'NONE', #2432, 0.3750000000000001110 ) ;
#1792 = ORIENTED_EDGE ( 'NONE', *, *, #2476, .F. ) ;
#1793 = DIRECTION ( 'NONE',  ( 0.9422001227384385613, 0.3350506360412875972, 1.021535419989128748E-16 ) ) ;
#1794 = CARTESIAN_POINT ( 'NONE',  ( 0.5174150353110850142, -1.344703546206346800, 2.000000000000000000 ) ) ;
#1795 = DIRECTION ( 'NONE',  ( -1.000000000000000000, 0.000000000000000000, -1.010362525656441311E-16 ) ) ;
#1796 = EDGE_CURVE ( 'NONE', #904, #2509, #571, .T. ) ;
#1797 = CARTESIAN_POINT ( 'NONE',  ( -5.073182894302537882, -6.297473070054333988, 0.04060683743257311601 ) ) ;
#1798 = SURFACE_STYLE_USAGE ( .BOTH. , #1635 ) ;
#1799 = CARTESIAN_POINT ( 'NONE',  ( 5.637429624770410541, -6.927635652550529599, 1.379487864060962465 ) ) ;
#1800 = VERTEX_POINT ( 'NONE', #2433 ) ;
#1801 = EDGE_CURVE ( 'NONE', #164, #570, #1808, .T. ) ;
#1802 = CARTESIAN_POINT ( 'NONE',  ( 5.362246807210111932, -7.222409387677231507, 1.285732165781080294 ) ) ;
#1803 = ORIENTED_EDGE ( 'NONE', *, *, #2186, .T. ) ;
#1804 = CARTESIAN_POINT ( 'NONE',  ( 5.446870536005007146, -6.998548368347185189, 1.075220969432309159 ) ) ;
#1805 = EDGE_LOOP ( 'NONE', ( #646, #2071, #351, #2477, #755 ) ) ;
#1806 = CARTESIAN_POINT ( 'NONE',  ( 3.000000000000011990, -7.640930106817036993, 1.600000000000000089 ) ) ;
#1807 = DIRECTION ( 'NONE',  ( 0.000000000000000000, -1.000000000000000000, 0.000000000000000000 ) ) ;
#1808 = B_SPLINE_CURVE_WITH_KNOTS ( 'NONE', 3,
 ( #1203, #1844, #1423, #1027, #400, #2002, #2601, #2617 ),
 .UNSPECIFIED., .F., .F.,
 ( 4, 2, 2, 4 ),
 ( 0.000000000000000000, 0.0002320566786984115063, 0.0004641133573968230126, 0.0009282267147936453747 ),
 .UNSPECIFIED. ) ;
#1809 = CARTESIAN_POINT ( 'NONE',  ( -5.319008656967295856, -7.000000000000261124, 1.000000000000346390 ) ) ;
#1810 = CARTESIAN_POINT ( 'NONE',  ( -5.619688085534177979, -6.824714010592425772, 0.4297033447334174805 ) ) ;
#1811 = CARTESIAN_POINT ( 'NONE',  ( -4.000000000000000888, -19.42748912837628694, 0.4000000000000000777 ) ) ;
#1812 = VERTEX_POINT ( 'NONE', #2218 ) ;
#1813 = DIRECTION ( 'NONE',  ( 0.000000000000000000, -1.000000000000000000, 0.000000000000000000 ) ) ;
#1814 = EDGE_CURVE ( 'NONE', #1075, #2318, #2055, .T. ) ;
#1815 = EDGE_LOOP ( 'NONE', ( #1480, #35, #245, #1671 ) ) ;
#1816 = CARTESIAN_POINT ( 'NONE',  ( 4.678257745111183752, -7.172293825345796847, 1.171428571428571486 ) ) ;
#1817 = AXIS2_PLACEMENT_3D ( 'NONE', #2384, #922, #2185 ) ;
#1818 = CARTESIAN_POINT ( 'NONE',  ( -5.295790260276452166, -7.224035553155313316, 0.7830715448889953301 ) ) ;
#1819 = CIRCLE ( 'NONE', #865, 0.3750000000000003331 ) ;
#1820 = CARTESIAN_POINT ( 'NONE',  ( 4.625000000000013323, -13.80326388367424073, 1.600000000000000089 ) ) ;
#1821 = FACE_OUTER_BOUND ( 'NONE', #1108, .T. ) ;
#1822 = PRESENTATION_LAYER_ASSIGNMENT (  '', '', ( #478 ) ) ;
#1823 = FILL_AREA_STYLE_COLOUR ( '', #1230 ) ;
#1824 = CIRCLE ( 'NONE', #1780, 1.000000000000000000 ) ;
#1825 = SURFACE_STYLE_USAGE ( .BOTH. , #1198 ) ;
#1826 = CARTESIAN_POINT ( 'NONE',  ( 4.952893867500530511, -6.205004929787660828, 1.978760940558395465 ) ) ;
#1827 = ORIENTED_EDGE ( 'NONE', *, *, #2261, .F. ) ;
#1828 = DIRECTION ( 'NONE',  ( -0.1794066474406667555, -0.6846903012767068253, 0.7064081300436121369 ) ) ;
#1829 = AXIS2_PLACEMENT_3D ( 'NONE', #1445, #1856, #1870 ) ;
#1830 = ORIENTED_EDGE ( 'NONE', *, *, #866, .T. ) ;
#1831 = EDGE_CURVE ( 'NONE', #2626, #192, #1901, .T. ) ;
#1832 = CARTESIAN_POINT ( 'NONE',  ( -3.889271383881893307, -6.054418695176913445, -9.779300307911906943E-13 ) ) ;
#1833 = CARTESIAN_POINT ( 'NONE',  ( 5.999999999999992006, -5.999999999999997335, 2.000000000000000000 ) ) ;
#1834 = CIRCLE ( 'NONE', #100, 0.2000000000000002331 ) ;
#1835 = CONICAL_SURFACE ( 'NONE', #57, 0.4999999999999993339, 0.7853981633974445042 ) ;
#1836 = CARTESIAN_POINT ( 'NONE',  ( -5.000000000000012434, -9.669721809301327298, 0.4000000000000000222 ) ) ;
#1837 =( NAMED_UNIT ( * ) PLANE_ANGLE_UNIT ( ) SI_UNIT ( $, .RADIAN. ) );
#1838 = CARTESIAN_POINT ( 'NONE',  ( 5.500000000000015987, -7.640930106817035217, 1.600000000000000089 ) ) ;
#1839 = CARTESIAN_POINT ( 'NONE',  ( -4.335050636041282601, -14.74546400641268029, 0.4000000000000000777 ) ) ;
#1840 = VERTEX_POINT ( 'NONE', #195 ) ;
#1841 = CARTESIAN_POINT ( 'NONE',  ( -5.999999999999999112, 6.000000000000002665, 1.000000000000000000 ) ) ;
#1842 = ORIENTED_EDGE ( 'NONE', *, *, #576, .F. ) ;
#1843 = UNCERTAINTY_MEASURE_WITH_UNIT (LENGTH_MEASURE( 1.000000000000000082E-05 ), #1682, 'distance_accuracy_value', 'NONE');
#1844 = CARTESIAN_POINT ( 'NONE',  ( 3.971827775659803716, -6.003646383617152082, 2.028571428571428470 ) ) ;
#1845 =( NAMED_UNIT ( * ) PLANE_ANGLE_UNIT ( ) SI_UNIT ( $, .RADIAN. ) );
#1846 = EDGE_CURVE ( 'NONE', #24, #1047, #1127, .T. ) ;
#1847 = VERTEX_POINT ( 'NONE', #1816 ) ;
#1848 = CARTESIAN_POINT ( 'NONE',  ( 4.515350925427464190, -7.142534909204377058, 1.295185901863715738 ) ) ;
#1849 = DIRECTION ( 'NONE',  ( 0.000000000000000000, 0.000000000000000000, 1.000000000000000000 ) ) ;
#1850 = CARTESIAN_POINT ( 'NONE',  ( 4.500000000000016875, -7.640930106817035217, 1.600000000000000089 ) ) ;
#1851 = ORIENTED_EDGE ( 'NONE', *, *, #1726, .T. ) ;
#1852 = DIRECTION ( 'NONE',  ( 1.000000000000000000, 0.000000000000000000, -0.000000000000000000 ) ) ;
#1853 = ORIENTED_EDGE ( 'NONE', *, *, #1764, .T. ) ;
#1854 = SURFACE_STYLE_USAGE ( .BOTH. , #2094 ) ;
#1855 = CIRCLE ( 'NONE', #349, 2.500000000000000444 ) ;
#1856 = DIRECTION ( 'NONE',  ( 0.5812381937191075654, -0.8137334712067270104, 0.000000000000000000 ) ) ;
#1857 = VECTOR ( 'NONE', #1813, 1000.000000000000000 ) ;
#1858 = ADVANCED_FACE ( 'NONE', ( #1602 ), #801, .T. ) ;
#1859 = LINE ( 'NONE', #2, #1441 ) ;
#1860 = DIRECTION ( 'NONE',  ( 1.445602896647340889E-16, -1.000000000000000000, -0.000000000000000000 ) ) ;
#1861 = CARTESIAN_POINT ( 'NONE',  ( -4.644974418979248121, -6.059876688877491979, -0.02857142857142842135 ) ) ;
#1862 = ORIENTED_EDGE ( 'NONE', *, *, #2435, .T. ) ;
#1863 = AXIS2_PLACEMENT_3D ( 'NONE', #146, #780, #2128 ) ;
#1864 = FACE_OUTER_BOUND ( 'NONE', #1734, .T. ) ;
#1865 = VERTEX_POINT ( 'NONE', #2658 ) ;
#1866 = AXIS2_PLACEMENT_3D ( 'NONE', #988, #716, #729 ) ;
#1867 =( NAMED_UNIT ( * ) PLANE_ANGLE_UNIT ( ) SI_UNIT ( $, .RADIAN. ) );
#1868 = CIRCLE ( 'NONE', #578, 2.359623493974736697 ) ;
#1869 = TOROIDAL_SURFACE ( 'NONE', #1053, 2.000000000000000444, 0.4999999999999995559 ) ;
#1870 = DIRECTION ( 'NONE',  ( 0.8137334712067262332, 0.5812381937191087866, 0.000000000000000000 ) ) ;
#1871 = AXIS2_PLACEMENT_3D ( 'NONE', #1839, #1473, #2234 ) ;
#1872 = CARTESIAN_POINT ( 'NONE',  ( 5.999999999999999112, -5.999999999999997335, 1.000000000000000000 ) ) ;
#1873 = CARTESIAN_POINT ( 'NONE',  ( 4.678257745111189969, -7.172293825345797735, 1.171428571428584142 ) ) ;
#1874 = CYLINDRICAL_SURFACE ( 'NONE', #1412, 0.3750000000000003331 ) ;
#1875 = EDGE_LOOP ( 'NONE', ( #395, #1725, #2255 ) ) ;
#1876 = EDGE_CURVE ( 'NONE', #1847, #687, #870, .T. ) ;
#1877 = ORIENTED_EDGE ( 'NONE', *, *, #841, .T. ) ;
#1878 = ADVANCED_FACE ( 'NONE', ( #985 ), #603, .T. ) ;
#1879 = DIRECTION ( 'NONE',  ( 0.1794066474406663114, -0.6846903012767240337, -0.7064081300435955946 ) ) ;
#1880 =( BOUNDED_SURFACE ( )  B_SPLINE_SURFACE ( 3, 2, ( 
 ( #1778, #1353, #2401 ),
 ( #2605, #2207, #2571 ),
 ( #549, #953, #294 ),
 ( #2189, #1370, #1752 ),
 ( #2586, #128, #1192 ),
 ( #364, #1963, #563 ),
 ( #1129, #2559, #2619 ),
 ( #142, #1147, #345 ) ),
 .UNSPECIFIED., .F., .F., .F. ) 
 B_SPLINE_SURFACE_WITH_KNOTS ( ( 4, 2, 2, 4 ),
 ( 3, 3 ),
 ( 1.626303258728256651E-19, 0.0005006213382236247020, 0.0007509320073354368904, 0.001001242676447249187 ),
 ( 0.000000000000000000, 1.000000000000000000 ),
 .UNSPECIFIED. ) 
 GEOMETRIC_REPRESENTATION_ITEM ( )  RATIONAL_B_SPLINE_SURFACE ( (
 ( 1.000000000000000000, 0.9019235821299828038, 1.000000000000000000),
 ( 1.000000000000000000, 0.9222225597174839029, 1.000000000000000000),
 ( 1.000000000000000000, 0.9428964382506739295, 1.000000000000000000),
 ( 1.000000000000000000, 0.9619859228993687950, 1.000000000000000000),
 ( 1.000000000000000000, 0.9664448607187828832, 1.000000000000000000),
 ( 1.000000000000000000, 0.9694646983350491132, 1.000000000000000000),
 ( 1.000000000000000000, 0.9680772879821424315, 1.000000000000000000),
 ( 1.000000000000000000, 0.9636241116594315148, 1.000000000000000000) ) ) 
 REPRESENTATION_ITEM ( '' )  SURFACE ( )  );
#1881 = ORIENTED_EDGE ( 'NONE', *, *, #235, .F. ) ;
#1882 = CARTESIAN_POINT ( 'NONE',  ( 4.341103335371596650, -6.990406547101609469, 1.564628150940878371 ) ) ;
#1883 = DIRECTION ( 'NONE',  ( -0.5812381937190980175, 0.8137334712067337827, -0.000000000000000000 ) ) ;
#1884 = DIRECTION ( 'NONE',  ( -1.000000000000000000, 0.000000000000000000, 0.000000000000000000 ) ) ;
#1885 = EDGE_LOOP ( 'NONE', ( #2351, #479, #156, #2534, #457, #1007, #324 ) ) ;
#1886 = DIRECTION ( 'NONE',  ( -1.084202172485509118E-16, -0.000000000000000000, 1.000000000000000000 ) ) ;
#1887 = EDGE_LOOP ( 'NONE', ( #2427, #2507, #969, #2412, #993 ) ) ;
#1888 = PRODUCT ( '30R500UF', '30R500UF', '', ( #1425 ) ) ;
#1889 = EDGE_CURVE ( 'NONE', #303, #1969, #975, .T. ) ;
#1890 =( NAMED_UNIT ( * ) SI_UNIT ( $, .STERADIAN. ) SOLID_ANGLE_UNIT ( ) );
#1891 = DIRECTION ( 'NONE',  ( -0.000000000000000000, -0.000000000000000000, -1.000000000000000000 ) ) ;
#1892 = EDGE_LOOP ( 'NONE', ( #1548, #1241, #9, #784 ) ) ;
#1893 =( NAMED_UNIT ( * ) PLANE_ANGLE_UNIT ( ) SI_UNIT ( $, .RADIAN. ) );
#1894 = CYLINDRICAL_SURFACE ( 'NONE', #1184, 1.000000000000000000 ) ;
#1895 = FILL_AREA_STYLE ('',( #2295 ) ) ;
#1896 = DIRECTION ( 'NONE',  ( 0.9422001227384388944, 0.3350506360412866536, 0.000000000000000000 ) ) ;
#1897 = ORIENTED_EDGE ( 'NONE', *, *, #126, .T. ) ;
#1898 = STYLED_ITEM ( 'NONE', ( #888 ), #1245 ) ;
#1899 = CARTESIAN_POINT ( 'NONE',  ( 4.952893867500530511, -6.246005915745193704, 2.174513128670074291 ) ) ;
#1900 = VERTEX_POINT ( 'NONE', #1038 ) ;
#1901 = CIRCLE ( 'NONE', #526, 0.6250000000000048850 ) ;
#1902 = DIRECTION ( 'NONE',  ( -1.000000000000000000, 0.000000000000000000, 0.000000000000000000 ) ) ;
#1903 = AXIS2_PLACEMENT_3D ( 'NONE', #631, #2244, #207 ) ;
#1904 = EDGE_CURVE ( 'NONE', #1302, #1049, #516, .T. ) ;
#1905 =( GEOMETRIC_REPRESENTATION_CONTEXT ( 3 ) GLOBAL_UNCERTAINTY_ASSIGNED_CONTEXT ( ( #1035 ) ) GLOBAL_UNIT_ASSIGNED_CONTEXT ( ( #393, #1428, #2441 ) ) REPRESENTATION_CONTEXT ( 'NONE', 'WORKASPACE' ) );
#1906 = CARTESIAN_POINT ( 'NONE',  ( -4.421459318816152617, -6.999999999999998224, 0.9239967831822017974 ) ) ;
#1907 = AXIS2_PLACEMENT_3D ( 'NONE', #62, #2385, #1971 ) ;
#1908 = ORIENTED_EDGE ( 'NONE', *, *, #1512, .F. ) ;
#1909 = SURFACE_STYLE_USAGE ( .BOTH. , #41 ) ;
#1910 = DIRECTION ( 'NONE',  ( 1.000000000000000000, 0.000000000000000000, 0.000000000000000000 ) ) ;
#1911 = AXIS2_PLACEMENT_3D ( 'NONE', #1836, #1607, #346 ) ;
#1912 = CARTESIAN_POINT ( 'NONE',  ( 5.190378233233094107, -6.387065769834399553, 1.927814953228920603 ) ) ;
#1913 = VECTOR ( 'NONE', #2404, 1000.000000000000000 ) ;
#1914 = ORIENTED_EDGE ( 'NONE', *, *, #1336, .T. ) ;
#1915 = CARTESIAN_POINT ( 'NONE',  ( -5.427328941942815455, -7.042660251877811639, 0.3456002881333089527 ) ) ;
#1916 = SURFACE_STYLE_FILL_AREA ( #2354 ) ;
#1917 = CARTESIAN_POINT ( 'NONE',  ( 5.393103388621730332, -6.966472995348465425, 1.731391885430055400 ) ) ;
#1918 = VERTEX_POINT ( 'NONE', #1432 ) ;
#1919 = ADVANCED_FACE ( 'NONE', ( #12 ), #910, .T. ) ;
#1920 = DIRECTION ( 'NONE',  ( -1.000000000000000000, 0.000000000000000000, 0.000000000000000000 ) ) ;
#1921 = CARTESIAN_POINT ( 'NONE',  ( 4.500000000000014211, -9.419721809301302429, 1.600000000000000089 ) ) ;
#1922 = DIRECTION ( 'NONE',  ( 1.000000000000000000, 0.000000000000000000, 0.000000000000000000 ) ) ;
#1923 =( NAMED_UNIT ( * ) SI_UNIT ( $, .STERADIAN. ) SOLID_ANGLE_UNIT ( ) );
#1924 = DIRECTION ( 'NONE',  ( -0.8137334712067340048, -0.5812381937190977954, 0.000000000000000000 ) ) ;
#1925 = CARTESIAN_POINT ( 'NONE',  ( 5.598308005018397537, -6.789932186158588401, 1.616549272109469415 ) ) ;
#1926 = ORIENTED_EDGE ( 'NONE', *, *, #1321, .T. ) ;
#1927 = CARTESIAN_POINT ( 'NONE',  ( -5.328179001063086062, -6.853042107984388842, 0.1766777239470192218 ) ) ;
#1928 = CARTESIAN_POINT ( 'NONE',  ( 4.859914746047102163, -6.312419573926252525, 2.010366520478622743 ) ) ;
#1929 = CARTESIAN_POINT ( 'NONE',  ( -5.000000000000002665, -7.640930106817046763, 0.4000000000000000222 ) ) ;
#1930 = FACE_OUTER_BOUND ( 'NONE', #2545, .T. ) ;
#1931 = EDGE_LOOP ( 'NONE', ( #2357, #2471, #201, #1697 ) ) ;
#1932 = CARTESIAN_POINT ( 'NONE',  ( 3.000000000000011990, -7.640930106817036993, 1.600000000000000089 ) ) ;
#1933 = PLANE ( 'NONE',  #2116 ) ;
#1934 = CARTESIAN_POINT ( 'NONE',  ( 4.709652578243121113, -6.150426111846799770, 2.028571428571694479 ) ) ;
#1935 = ORIENTED_EDGE ( 'NONE', *, *, #696, .F. ) ;
#1936 = EDGE_CURVE ( 'NONE', #2642, #759, #2287, .T. ) ;
#1937 = UNCERTAINTY_MEASURE_WITH_UNIT (LENGTH_MEASURE( 1.000000000000000082E-05 ), #1056, 'distance_accuracy_value', 'NONE');
#1938 = VECTOR ( 'NONE', #689, 1000.000000000000000 ) ;
#1939 = CARTESIAN_POINT ( 'NONE',  ( 4.899310569518410041, -6.260651083036393949, 1.967105657570496602 ) ) ;
#1940 = ORIENTED_EDGE ( 'NONE', *, *, #1028, .F. ) ;
#1941 = CIRCLE ( 'NONE', #779, 0.3750000000000002776 ) ;
#1942 = CARTESIAN_POINT ( 'NONE',  ( -5.374519380343572017, -6.913459138416700789, 0.5920425531613588976 ) ) ;
#1943 = CARTESIAN_POINT ( 'NONE',  ( -5.000000000000001776, -9.419721809301321969, 0.4000000000000000222 ) ) ;
#1944 = CARTESIAN_POINT ( 'NONE',  ( -4.060953072891813065, -6.622614356663133250, 0.2055456931309989632 ) ) ;
#1945 = COLOUR_RGB ( '',0.6470588235294117974, 0.6196078431372549211, 0.5882352941176470784 ) ;
#1946 = ORIENTED_EDGE ( 'NONE', *, *, #123, .F. ) ;
#1947 = DIRECTION ( 'NONE',  ( -1.445602896647340889E-16, 1.000000000000000000, -0.000000000000000000 ) ) ;
#1948 = CARTESIAN_POINT ( 'NONE',  ( 5.000000000000015987, -26.19999999999999929, 1.600000000000000089 ) ) ;
#1949 = DIRECTION ( 'NONE',  ( 1.000000000000000000, 0.000000000000000000, 0.000000000000000000 ) ) ;
#1950 = CARTESIAN_POINT ( 'NONE',  ( -3.000000000000001776, -7.640930106817046763, 0.4000000000000000222 ) ) ;
#1951 = MECHANICAL_DESIGN_GEOMETRIC_PRESENTATION_REPRESENTATION (  '', ( #1525 ), #13 ) ;
#1952 = CARTESIAN_POINT ( 'NONE',  ( -5.135594408578561421, -7.214189420252892226, 0.8765377636207073442 ) ) ;
#1953 = EDGE_LOOP ( 'NONE', ( #2213, #1224, #861, #1446, #2004, #1686 ) ) ;
#1954 = COLOUR_RGB ( '',0.6470588235294117974, 0.6196078431372549211, 0.5882352941176470784 ) ;
#1955 = CYLINDRICAL_SURFACE ( 'NONE', #1863, 1.000000000000000000 ) ;
#1956 = AXIS2_PLACEMENT_3D ( 'NONE', #2227, #398, #2613 ) ;
#1957 = CARTESIAN_POINT ( 'NONE',  ( 5.000000000000016875, -7.640930106817035217, 1.600000000000000089 ) ) ;
#1958 = EDGE_CURVE ( 'NONE', #21, #40, #1226, .T. ) ;
#1959 = CARTESIAN_POINT ( 'NONE',  ( -4.872659488168257447, -6.143327423889079597, 0.008320488376508804185 ) ) ;
#1960 = CARTESIAN_POINT ( 'NONE',  ( -4.090963651533321865, -6.718058629768187018, 0.3040173822462004516 ) ) ;
#1961 = DIRECTION ( 'NONE',  ( 0.000000000000000000, 1.000000000000000000, 0.000000000000000000 ) ) ;
#1962 = EDGE_LOOP ( 'NONE', ( #660, #2079, #1485, #781, #2296 ) ) ;
#1963 = CARTESIAN_POINT ( 'NONE',  ( 3.977036350940761356, -6.096567016993664545, 1.997952018204695035 ) ) ;
#1964 =( LENGTH_UNIT ( ) NAMED_UNIT ( * ) SI_UNIT ( .MILLI., .METRE. ) );
#1965 =( LENGTH_UNIT ( ) NAMED_UNIT ( * ) SI_UNIT ( .MILLI., .METRE. ) );
#1966 = DIRECTION ( 'NONE',  ( 0.000000000000000000, 0.000000000000000000, 1.000000000000000000 ) ) ;
#1967 = B_SPLINE_CURVE_WITH_KNOTS ( 'NONE', 3,
 ( #2640, #2233, #1222, #958, #186, #540, #1385, #1177 ),
 .UNSPECIFIED., .F., .F.,
 ( 4, 2, 2, 4 ),
 ( 0.000000000000000000, 0.0002320566786984167376, 0.0004641133573968334752, 0.0009282267147936644567 ),
 .UNSPECIFIED. ) ;
#1968 = CARTESIAN_POINT ( 'NONE',  ( 5.217806014015505589, -7.219242399994246107, 1.171428571428157595 ) ) ;
#1969 = VERTEX_POINT ( 'NONE', #26 ) ;
#1970 = UNCERTAINTY_MEASURE_WITH_UNIT (LENGTH_MEASURE( 1.000000000000000082E-05 ), #962, 'distance_accuracy_value', 'NONE');
#1971 = DIRECTION ( 'NONE',  ( 1.000000000000000000, 0.000000000000000000, 0.000000000000000000 ) ) ;
#1972 = EDGE_CURVE ( 'NONE', #1588, #60, #2113, .T. ) ;
#1973 = CARTESIAN_POINT ( 'NONE',  ( 3.889271383881907962, -6.054418695176913445, 2.000000000000977884 ) ) ;
#1974 = EDGE_LOOP ( 'NONE', ( #715, #1661, #431, #1862, #635, #50 ) ) ;
#1975 = DIRECTION ( 'NONE',  ( -0.000000000000000000, 1.000000000000000000, -0.000000000000000000 ) ) ;
#1976 = SURFACE_STYLE_FILL_AREA ( #2177 ) ;
#1977 = CARTESIAN_POINT ( 'NONE',  ( 5.595300981809679719, -6.970080669108007498, 1.251917522763617008 ) ) ;
#1978 = VERTEX_POINT ( 'NONE', #639 ) ;
#1979 = CARTESIAN_POINT ( 'NONE',  ( 0.000000000000000000, 0.000000000000000000, 1.600000000000000089 ) ) ;
#1980 = CARTESIAN_POINT ( 'NONE',  ( -7.000000000000000888, 5.999999999999995559, 1.000000000000000000 ) ) ;
#1981 = ORIENTED_EDGE ( 'NONE', *, *, #2519, .F. ) ;
#1982 =( GEOMETRIC_REPRESENTATION_CONTEXT ( 3 ) GLOBAL_UNCERTAINTY_ASSIGNED_CONTEXT ( ( #946 ) ) GLOBAL_UNIT_ASSIGNED_CONTEXT ( ( #2280, #442, #1261 ) ) REPRESENTATION_CONTEXT ( 'NONE', 'WORKASPACE' ) );
#1983 = VECTOR ( 'NONE', #494, 1000.000000000000114 ) ;
#1984 = FILL_AREA_STYLE_COLOUR ( '', #1351 ) ;
#1985 = DIRECTION ( 'NONE',  ( 0.000000000000000000, 1.000000000000000000, 0.000000000000000000 ) ) ;
#1986 = EDGE_CURVE ( 'NONE', #1918, #570, #1987, .T. ) ;
#1987 = CIRCLE ( 'NONE', #957, 0.1999999999999999278 ) ;
#1988 = ORIENTED_EDGE ( 'NONE', *, *, #1958, .F. ) ;
#1989 = FACE_OUTER_BOUND ( 'NONE', #1931, .T. ) ;
#1990 = FILL_AREA_STYLE_COLOUR ( '', #649 ) ;
#1991 = CARTESIAN_POINT ( 'NONE',  ( 5.000000000000015987, -19.42748912837629405, 1.975000000000000533 ) ) ;
#1992 = ADVANCED_FACE ( 'NONE', ( #462 ), #1688, .F. ) ;
#1993 = VECTOR ( 'NONE', #1860, 1000.000000000000000 ) ;
#1994 = SURFACE_STYLE_FILL_AREA ( #2191 ) ;
#1995 = CARTESIAN_POINT ( 'NONE',  ( -5.000000000000001776, -9.544721809301323745, 0.02499999999999968567 ) ) ;
#1996 = ORIENTED_EDGE ( 'NONE', *, *, #1157, .F. ) ;
#1997 = AXIS2_PLACEMENT_3D ( 'NONE', #692, #890, #1329 ) ;
#1998 = FILL_AREA_STYLE ('',( #375 ) ) ;
#1999 = LINE ( 'NONE', #1980, #1003 ) ;
#2000 = EDGE_LOOP ( 'NONE', ( #2127, #1030, #2307 ) ) ;
#2001 = STYLED_ITEM ( 'NONE', ( #1625 ), #382 ) ;
#2002 = CARTESIAN_POINT ( 'NONE',  ( 4.170742283685149765, -6.495182307649727704, 1.929399175971246327 ) ) ;
#2003 = CARTESIAN_POINT ( 'NONE',  ( 4.048507935500644805, -6.500722050135417263, 1.876592561907118206 ) ) ;
#2004 = ORIENTED_EDGE ( 'NONE', *, *, #937, .F. ) ;
#2005 = CARTESIAN_POINT ( 'NONE',  ( -0.2095684110712266179, 0.1496917221937318632, -0.02857142857142852890 ) ) ;
#2006 = CARTESIAN_POINT ( 'NONE',  ( -5.000000000000002665, -26.19999999999999929, 0.4000000000000000222 ) ) ;
#2007 = DIRECTION ( 'NONE',  ( -1.000000000000000000, 0.000000000000000000, 0.000000000000000000 ) ) ;
#2008 = EDGE_CURVE ( 'NONE', #2249, #1361, #1489, .T. ) ;
#2009 = CARTESIAN_POINT ( 'NONE',  ( -3.926454152449326607, -5.940123311122504468, -0.02857142857142854625 ) ) ;
#2010 = CARTESIAN_POINT ( 'NONE',  ( -4.244250306070508572, -6.752179888195263047, 0.2320148990681712708 ) ) ;
#2011 = FACE_OUTER_BOUND ( 'NONE', #1701, .T. ) ;
#2012 = EDGE_LOOP ( 'NONE', ( #1716, #2459, #2093, #1469, #2066 ) ) ;
#2013 = CARTESIAN_POINT ( 'NONE',  ( -0.2095684110712267290, 0.1496917221937318077, -0.02857142857142863993 ) ) ;
#2014 = DIRECTION ( 'NONE',  ( 1.000000000000000000, -0.000000000000000000, -0.000000000000000000 ) ) ;
#2015 = ORIENTED_EDGE ( 'NONE', *, *, #7, .F. ) ;
#2016 = CARTESIAN_POINT ( 'NONE',  ( -4.000000000000000888, -13.80326388367424073, 0.4000000000000000777 ) ) ;
#2017 =( NAMED_UNIT ( * ) PLANE_ANGLE_UNIT ( ) SI_UNIT ( $, .RADIAN. ) );
#2018 = LINE ( 'NONE', #1001, #2594 ) ;
#2019 = DIRECTION ( 'NONE',  ( -0.000000000000000000, -0.000000000000000000, -1.000000000000000000 ) ) ;
#2020 = CARTESIAN_POINT ( 'NONE',  ( -5.217806014015493155, -7.219242399994246107, 0.8285714285718425165 ) ) ;
#2021 = FILL_AREA_STYLE ('',( #2653 ) ) ;
#2022 = CARTESIAN_POINT ( 'NONE',  ( 5.347935731113085289, -6.942290355776011168, 1.349671721268608238 ) ) ;
#2023 = ORIENTED_EDGE ( 'NONE', *, *, #1831, .F. ) ;
#2024 = EDGE_CURVE ( 'NONE', #203, #904, #2201, .T. ) ;
#2025 = SURFACE_SIDE_STYLE ('',( #2628 ) ) ;
#2026 = SURFACE_STYLE_USAGE ( .BOTH. , #1628 ) ;
#2027 = ORIENTED_EDGE ( 'NONE', *, *, #2585, .T. ) ;
#2028 = EDGE_CURVE ( 'NONE', #1274, #759, #482, .T. ) ;
#2029 = CARTESIAN_POINT ( 'NONE',  ( 4.854712027114275408, -7.187744441968793474, 1.100252461576704421 ) ) ;
#2030 = CARTESIAN_POINT ( 'NONE',  ( -4.185181865108437371, -6.706100149080894468, 0.2916795881154514158 ) ) ;
#2031 = CIRCLE ( 'NONE', #2276, 0.3750000000000002776 ) ;
#2032 = SHAPE_DEFINITION_REPRESENTATION ( #2063, #2638 ) ;
#2033 = AXIS2_PLACEMENT_3D ( 'NONE', #1232, #154, #1246 ) ;
#2034 = CYLINDRICAL_SURFACE ( 'NONE', #2460, 0.3750000000000003331 ) ;
#2035 = AXIS2_PLACEMENT_3D ( 'NONE', #417, #1209, #831 ) ;
#2036 = SURFACE_STYLE_FILL_AREA ( #2021 ) ;
#2037 = CARTESIAN_POINT ( 'NONE',  ( -0.2933957754997171818, 0.2095684110712249526, 0.000000000000000000 ) ) ;
#2038 = ORIENTED_EDGE ( 'NONE', *, *, #268, .T. ) ;
#2039 = AXIS2_PLACEMENT_3D ( 'NONE', #819, #426, #42 ) ;
#2040 = PRODUCT_DEFINITION_FORMATION_WITH_SPECIFIED_SOURCE ( 'ANY', '', #1888, .NOT_KNOWN. ) ;
#2041 = ORIENTED_EDGE ( 'NONE', *, *, #1427, .T. ) ;
#2042 = STYLED_ITEM ( 'NONE', ( #1156 ), #89 ) ;
#2043 = ADVANCED_FACE ( 'NONE', ( #2623 ), #511, .F. ) ;
#2044 = CARTESIAN_POINT ( 'NONE',  ( 5.593417874311096938, -6.782335912662646571, 1.626290555839750462 ) ) ;
#2045 = CIRCLE ( 'NONE', #55, 0.3750000000000001110 ) ;
#2046 = VECTOR ( 'NONE', #2195, 1000.000000000000000 ) ;
#2047 = PRESENTATION_STYLE_ASSIGNMENT (( #2470 ) ) ;
#2048 = DIRECTION ( 'NONE',  ( 0.000000000000000000, 0.000000000000000000, -1.000000000000000000 ) ) ;
#2049 = CARTESIAN_POINT ( 'NONE',  ( 4.855759184436759135, -7.187822790771202008, 1.100059768164427076 ) ) ;
#2050 = DIRECTION ( 'NONE',  ( -0.5812381937190977954, 0.8137334712067340048, 0.000000000000000000 ) ) ;
#2051 = ORIENTED_EDGE ( 'NONE', *, *, #2149, .T. ) ;
#2052 = DIRECTION ( 'NONE',  ( 0.000000000000000000, 0.000000000000000000, 1.000000000000000000 ) ) ;
#2053 = VERTEX_POINT ( 'NONE', #2009 ) ;
#2054 =( BOUNDED_SURFACE ( )  B_SPLINE_SURFACE ( 3, 2, ( 
 ( #1472, #427, #242 ),
 ( #2430, #1290, #1495 ),
 ( #167, #1071, #1279 ),
 ( #2303, #859, #19 ),
 ( #799, #2444, #633 ),
 ( #2089, #997, #1460 ) ),
 .UNSPECIFIED., .F., .F., .F. ) 
 B_SPLINE_SURFACE_WITH_KNOTS ( ( 4, 2, 4 ),
 ( 3, 3 ),
 ( 0.000000000000000000, 0.0003857424943679738116, 0.0007714849887359476232 ),
 ( 0.000000000000000000, 1.000000000000000000 ),
 .UNSPECIFIED. ) 
 GEOMETRIC_REPRESENTATION_ITEM ( )  RATIONAL_B_SPLINE_SURFACE ( (
 ( 1.000000000000000000, 0.6722306152021065850, 1.000000000000000000),
 ( 1.000000000000000000, 0.6993462791003075552, 1.000000000000000000),
 ( 1.000000000000000000, 0.7225508225541040774, 1.000000000000000000),
 ( 1.000000000000000000, 0.7495095509894079688, 1.000000000000000000),
 ( 1.000000000000000000, 0.7535684698633281497, 1.000000000000000000),
 ( 1.000000000000000000, 0.7544968102222150419, 1.000000000000000000) ) ) 
 REPRESENTATION_ITEM ( '' )  SURFACE ( )  );
#2055 = LINE ( 'NONE', #2399, #2369 ) ;
#2056 = ADVANCED_FACE ( 'NONE', ( #1344 ), #1955, .T. ) ;
#2057 = FACE_OUTER_BOUND ( 'NONE', #816, .T. ) ;
#2058 = EDGE_CURVE ( 'NONE', #1865, #206, #2321, .T. ) ;
#2059 = ORIENTED_EDGE ( 'NONE', *, *, #235, .T. ) ;
#2060 = DIRECTION ( 'NONE',  ( 1.000000000000000000, 0.000000000000000000, 0.000000000000000000 ) ) ;
#2061 = CARTESIAN_POINT ( 'NONE',  ( 5.319008656967016968, -6.999999999999997335, 1.000000000000000444 ) ) ;
#2062 = DIRECTION ( 'NONE',  ( -6.938893903907228378E-15, 1.000000000000000000, 0.000000000000000000 ) ) ;
#2063 = PRODUCT_DEFINITION_SHAPE ( 'NONE', 'NONE',  #85 ) ;
#2064 = ORIENTED_EDGE ( 'NONE', *, *, #2343, .F. ) ;
#2065 = CARTESIAN_POINT ( 'NONE',  ( 5.000000000000015987, -26.19999999999999929, 1.600000000000000089 ) ) ;
#2066 = ORIENTED_EDGE ( 'NONE', *, *, #423, .T. ) ;
#2067 = DIRECTION ( 'NONE',  ( 0.000000000000000000, 0.7180586297681706975, -0.6959826177538180891 ) ) ;
#2068 = AXIS2_PLACEMENT_3D ( 'NONE', #1183, #723, #963 ) ;
#2069 = ADVANCED_FACE ( 'NONE', ( #1542 ), #774, .F. ) ;
#2070 = CARTESIAN_POINT ( 'NONE',  ( -4.515350925427449091, -7.142534909204376170, 0.7048140981362841506 ) ) ;
#2071 = ORIENTED_EDGE ( 'NONE', *, *, #868, .T. ) ;
#2072 = ADVANCED_FACE ( 'NONE', ( #184 ), #1459, .T. ) ;
#2073 = SURFACE_STYLE_USAGE ( .BOTH. , #383 ) ;
#2074 = CARTESIAN_POINT ( 'NONE',  ( 4.691063180707756075, -6.999999999999999112, 0.9459679215032390509 ) ) ;
#2075 = CARTESIAN_POINT ( 'NONE',  ( 5.000000000000015987, -19.42748912837629405, 1.975000000000000089 ) ) ;
#2076 = SURFACE_STYLE_FILL_AREA ( #2267 ) ;
#2077 = AXIS2_PLACEMENT_3D ( 'NONE', #1774, #739, #1216 ) ;
#2078 = ORIENTED_EDGE ( 'NONE', *, *, #2144, .F. ) ;
#2079 = ORIENTED_EDGE ( 'NONE', *, *, #2393, .T. ) ;
#2080 = CARTESIAN_POINT ( 'NONE',  ( 4.000000000000016875, -19.42748912837629405, 1.600000000000000089 ) ) ;
#2081 =( GEOMETRIC_REPRESENTATION_CONTEXT ( 3 ) GLOBAL_UNCERTAINTY_ASSIGNED_CONTEXT ( ( #1231 ) ) GLOBAL_UNIT_ASSIGNED_CONTEXT ( ( #447, #106, #680 ) ) REPRESENTATION_CONTEXT ( 'NONE', 'WORKASPACE' ) );
#2082 = CARTESIAN_POINT ( 'NONE',  ( -4.678257745111170429, -7.172293825345796847, 0.8285714285714287364 ) ) ;
#2083 = CIRCLE ( 'NONE', #2124, 0.3750000000000001110 ) ;
#2084 = AXIS2_PLACEMENT_3D ( 'NONE', #2130, #1961, #1112 ) ;
#2085 = EDGE_LOOP ( 'NONE', ( #2235, #483, #1877, #1026 ) ) ;
#2086 = AXIS2_PLACEMENT_3D ( 'NONE', #2410, #1586, #601 ) ;
#2087 = CARTESIAN_POINT ( 'NONE',  ( 4.156035198301109013, -6.899147059051213837, 1.458732832479642916 ) ) ;
#2088 = CARTESIAN_POINT ( 'NONE',  ( -6.000000000000000888, 6.000000000000002665, 1.000000000000000000 ) ) ;
#2089 = CARTESIAN_POINT ( 'NONE',  ( -4.579037723018910100, -6.999999999999998224, 0.9999999999999902300 ) ) ;
#2090 = FACE_OUTER_BOUND ( 'NONE', #2445, .T. ) ;
#2091 = ORIENTED_EDGE ( 'NONE', *, *, #1324, .F. ) ;
#2092 = EDGE_CURVE ( 'NONE', #1464, #701, #2495, .T. ) ;
#2093 = ORIENTED_EDGE ( 'NONE', *, *, #1814, .T. ) ;
#2094 = SURFACE_SIDE_STYLE ('',( #229 ) ) ;
#2095 = FILL_AREA_STYLE_COLOUR ( '', #355 ) ;
#2096 = ORIENTED_EDGE ( 'NONE', *, *, #1801, .T. ) ;
#2097 = CARTESIAN_POINT ( 'NONE',  ( 4.000000000000015099, -13.80326388367424073, 1.600000000000000089 ) ) ;
#2098 = DIRECTION ( 'NONE',  ( 0.000000000000000000, 1.000000000000000000, 0.000000000000000000 ) ) ;
#2099 = CARTESIAN_POINT ( 'NONE',  ( 5.999999999999999112, -5.999999999999997335, 2.000000000000000000 ) ) ;
#2100 =( NAMED_UNIT ( * ) PLANE_ANGLE_UNIT ( ) SI_UNIT ( $, .RADIAN. ) );
#2101 = ORIENTED_EDGE ( 'NONE', *, *, #1512, .T. ) ;
#2102 =( NAMED_UNIT ( * ) SI_UNIT ( $, .STERADIAN. ) SOLID_ANGLE_UNIT ( ) );
#2103 = EDGE_CURVE ( 'NONE', #759, #1302, #2525, .T. ) ;
#2104 = ORIENTED_EDGE ( 'NONE', *, *, #1284, .T. ) ;
#2105 = SURFACE_STYLE_FILL_AREA ( #1456 ) ;
#2106 = ADVANCED_FACE ( 'NONE', ( #1004 ), #2034, .T. ) ;
#2107 = CARTESIAN_POINT ( 'NONE',  ( 4.209406647525817391, -18.83861405166476999, 1.600000000000000089 ) ) ;
#2108 = ORIENTED_EDGE ( 'NONE', *, *, #682, .F. ) ;
#2109 = CARTESIAN_POINT ( 'NONE',  ( 5.999999999999999112, -5.999999999999997335, 1.000000000000000000 ) ) ;
#2110 = CARTESIAN_POINT ( 'NONE',  ( -4.627466942413473561, -6.478453719378858722, 0.4000000000000000222 ) ) ;
#2111 = ORIENTED_EDGE ( 'NONE', *, *, #937, .T. ) ;
#2112 = MECHANICAL_DESIGN_GEOMETRIC_PRESENTATION_REPRESENTATION (  '', ( #1687 ), #1729 ) ;
#2113 = LINE ( 'NONE', #422, #1 ) ;
#2114 =( GEOMETRIC_REPRESENTATION_CONTEXT ( 3 ) GLOBAL_UNCERTAINTY_ASSIGNED_CONTEXT ( ( #2305 ) ) GLOBAL_UNIT_ASSIGNED_CONTEXT ( ( #667, #1893, #1298 ) ) REPRESENTATION_CONTEXT ( 'NONE', 'WORKASPACE' ) );
#2115 = EDGE_CURVE ( 'NONE', #750, #1104, #1133, .T. ) ;
#2116 = AXIS2_PLACEMENT_3D ( 'NONE', #1130, #2146, #2560 ) ;
#2117 = SURFACE_STYLE_FILL_AREA ( #1546 ) ;
#2118 =( GEOMETRIC_REPRESENTATION_CONTEXT ( 3 ) GLOBAL_UNCERTAINTY_ASSIGNED_CONTEXT ( ( #1465 ) ) GLOBAL_UNIT_ASSIGNED_CONTEXT ( ( #1497, #1097, #2349 ) ) REPRESENTATION_CONTEXT ( 'NONE', 'WORKASPACE' ) );
#2119 = ORIENTED_EDGE ( 'NONE', *, *, #751, .T. ) ;
#2120 = CARTESIAN_POINT ( 'NONE',  ( -4.859914746047100387, -6.312419573926267624, -0.01036652047862047718 ) ) ;
#2121 = SPHERICAL_SURFACE ( 'NONE', #1605, 1.000000000000000000 ) ;
#2122 = FACE_OUTER_BOUND ( 'NONE', #2282, .T. ) ;
#2123 = FILL_AREA_STYLE ('',( #1506 ) ) ;
#2124 = AXIS2_PLACEMENT_3D ( 'NONE', #419, #1644, #2482 ) ;
#2125 = CARTESIAN_POINT ( 'NONE',  ( 5.621407495335377646, -6.829019548656048322, 1.563466324674077201 ) ) ;
#2126 = STYLED_ITEM ( 'NONE', ( #2637 ), #836 ) ;
#2127 = ORIENTED_EDGE ( 'NONE', *, *, #2183, .T. ) ;
#2128 = DIRECTION ( 'NONE',  ( 0.000000000000000000, 0.000000000000000000, -1.000000000000000000 ) ) ;
#2129 = SURFACE_SIDE_STYLE ('',( #487 ) ) ;
#2130 = CARTESIAN_POINT ( 'NONE',  ( 5.000000000000016875, -7.640930106817035217, 1.600000000000000089 ) ) ;
#2131 = ADVANCED_FACE ( 'NONE', ( #2449 ), #425, .F. ) ;
#2132 = ORIENTED_EDGE ( 'NONE', *, *, #54, .F. ) ;
#2133 = CARTESIAN_POINT ( 'NONE',  ( 4.544375853808093169, -6.988572456834682534, 1.204665881823578699 ) ) ;
#2134 = LINE ( 'NONE', #67, #2422 ) ;
#2135 = CARTESIAN_POINT ( 'NONE',  ( -5.000000000000011546, -13.80326388367424073, 0.4000000000000000222 ) ) ;
#2136 = FILL_AREA_STYLE ('',( #1096 ) ) ;
#2137 = CARTESIAN_POINT ( 'NONE',  ( 5.000000000000014211, -13.80326388367424073, 1.975000000000000533 ) ) ;
#2138 = CARTESIAN_POINT ( 'NONE',  ( 4.952893867500540281, -6.205004929787664381, 1.978760940558395021 ) ) ;
#2139 = ORIENTED_EDGE ( 'NONE', *, *, #1764, .F. ) ;
#2140 = CARTESIAN_POINT ( 'NONE',  ( -5.455134654145084028, -6.998154601067038350, 0.9183795283624544004 ) ) ;
#2141 = CARTESIAN_POINT ( 'NONE',  ( -4.204453589787675583, -6.644683544358330529, 0.1476395673856077395 ) ) ;
#2142 = CARTESIAN_POINT ( 'NONE',  ( -5.375000000000012434, -9.669721809301327298, 0.4000000000000000777 ) ) ;
#2143 = ORIENTED_EDGE ( 'NONE', *, *, #1157, .T. ) ;
#2144 = EDGE_CURVE ( 'NONE', #1395, #2509, #1477, .T. ) ;
#2145 = DIRECTION ( 'NONE',  ( 0.5812381937191059000, 0.8137334712067281206, -0.000000000000000000 ) ) ;
#2146 = DIRECTION ( 'NONE',  ( 0.000000000000000000, 0.000000000000000000, 1.000000000000000000 ) ) ;
#2147 = CARTESIAN_POINT ( 'NONE',  ( 4.435432778348884497, -6.999999999999996447, 1.069263472554885297 ) ) ;
#2148 = ORIENTED_EDGE ( 'NONE', *, *, #1321, .F. ) ;
#2149 = EDGE_CURVE ( 'NONE', #1664, #1104, #1308, .T. ) ;
#2150 = CIRCLE ( 'NONE', #2273, 0.4999999999999995559 ) ;
#2151 = CARTESIAN_POINT ( 'NONE',  ( -4.678257745111170429, -7.172293825345796847, 0.8285714285714287364 ) ) ;
#2152 = ORIENTED_EDGE ( 'NONE', *, *, #2627, .F. ) ;
#2153 = CARTESIAN_POINT ( 'NONE',  ( -5.415817421032864232, -7.197028925230213758, 0.6126421185485901866 ) ) ;
#2154 = DIRECTION ( 'NONE',  ( 0.000000000000000000, 1.000000000000000000, 0.000000000000000000 ) ) ;
#2155 = DIRECTION ( 'NONE',  ( 0.5812381937190977954, -0.8137334712067340048, -0.000000000000000000 ) ) ;
#2156 = CARTESIAN_POINT ( 'NONE',  ( -3.975606391321249156, -6.008936402469673865, -0.02857144361617769412 ) ) ;
#2157 = AXIS2_PLACEMENT_3D ( 'NONE', #1592, #1975, #2389 ) ;
#2158 = SURFACE_STYLE_USAGE ( .BOTH. , #1126 ) ;
#2159 = ORIENTED_EDGE ( 'NONE', *, *, #1663, .F. ) ;
#2160 = DIRECTION ( 'NONE',  ( 0.000000000000000000, 0.000000000000000000, 1.000000000000000000 ) ) ;
#2161 = FACE_OUTER_BOUND ( 'NONE', #473, .T. ) ;
#2162 = CYLINDRICAL_SURFACE ( 'NONE', #1285, 0.4999999999999995559 ) ;
#2163 = AXIS2_PLACEMENT_3D ( 'NONE', #545, #1377, #936 ) ;
#2164 = DIRECTION ( 'NONE',  ( 0.5812381937190977954, -0.8137334712067340048, -0.000000000000000000 ) ) ;
#2165 = AXIS2_PLACEMENT_3D ( 'NONE', #636, #22, #244 ) ;
#2166 = CARTESIAN_POINT ( 'NONE',  ( 4.968022196889369191, -6.422733895229637113, 1.993763325295991873 ) ) ;
#2167 = ORIENTED_EDGE ( 'NONE', *, *, #770, .F. ) ;
#2168 = EDGE_CURVE ( 'NONE', #1134, #1847, #2604, .T. ) ;
#2169 = PRESENTATION_LAYER_ASSIGNMENT (  '', '', ( #374 ) ) ;
#2170 = APPLICATION_CONTEXT ( 'automotive_design' ) ;
#2171 = CARTESIAN_POINT ( 'NONE',  ( 5.439863725645863290, -7.179548370670604029, 1.443127688525995822 ) ) ;
#2172 = CARTESIAN_POINT ( 'NONE',  ( -4.728801783407737602, -5.999999999999997335, 0.000000000000000000 ) ) ;
#2173 = CARTESIAN_POINT ( 'NONE',  ( -3.931113110819088430, -6.118147367563338435, 0.004854415773547268720 ) ) ;
#2174 = CARTESIAN_POINT ( 'NONE',  ( -5.000000000000001776, -9.419721809301321969, 0.4000000000000000222 ) ) ;
#2175 = ORIENTED_EDGE ( 'NONE', *, *, #1305, .F. ) ;
#2176 = DIRECTION ( 'NONE',  ( -1.000000000000000000, 0.000000000000000000, 0.000000000000000000 ) ) ;
#2177 = FILL_AREA_STYLE ('',( #1990 ) ) ;
#2178 = STYLED_ITEM ( 'NONE', ( #1102 ), #1555 ) ;
#2179 = CARTESIAN_POINT ( 'NONE',  ( -5.637103528323312851, -6.929825818952368266, 0.6254491895592327877 ) ) ;
#2180 = CARTESIAN_POINT ( 'NONE',  ( 5.444207696206088798, -7.151784156758417055, 1.496703878683928624 ) ) ;
#2181 = EDGE_LOOP ( 'NONE', ( #2302, #421, #1407, #1554 ) ) ;
#2182 = UNCERTAINTY_MEASURE_WITH_UNIT (LENGTH_MEASURE( 1.000000000000000082E-05 ), #129, 'distance_accuracy_value', 'NONE');
#2183 = EDGE_CURVE ( 'NONE', #1900, #33, #1824, .T. ) ;
#2184 = DIRECTION ( 'NONE',  ( 0.5812381937190971293, 0.8137334712067344489, 0.000000000000000000 ) ) ;
#2185 = DIRECTION ( 'NONE',  ( 1.000000000000000000, 6.938893903907228378E-15, 0.000000000000000000 ) ) ;
#2186 = EDGE_CURVE ( 'NONE', #1865, #1597, #1859, .T. ) ;
#2187 = FACE_OUTER_BOUND ( 'NONE', #823, .T. ) ;
#2188 = EDGE_LOOP ( 'NONE', ( #1462, #2531, #1041, #2078, #920 ) ) ;
#2189 = CARTESIAN_POINT ( 'NONE',  ( 4.007835118448110912, -6.313269081100346902, 1.952136793072064114 ) ) ;
#2190 = CARTESIAN_POINT ( 'NONE',  ( 5.000000000000014211, -9.419721809301302429, 2.099999999999999645 ) ) ;
#2191 = FILL_AREA_STYLE ('',( #807 ) ) ;
#2192 = CARTESIAN_POINT ( 'NONE',  ( 5.390251516596194392, -7.000000000000273559, 1.035048445606393530 ) ) ;
#2193 = ORIENTED_EDGE ( 'NONE', *, *, #1498, .F. ) ;
#2194 = PRESENTATION_LAYER_ASSIGNMENT (  '', '', ( #2457 ) ) ;
#2195 = DIRECTION ( 'NONE',  ( 8.659560562354899578E-17, 0.7071067811865502373, -0.7071067811865447972 ) ) ;
#2196 = DIRECTION ( 'NONE',  ( 1.000000000000000000, 0.000000000000000000, 0.000000000000000000 ) ) ;
#2197 = ORIENTED_EDGE ( 'NONE', *, *, #1958, .T. ) ;
#2198 = AXIS2_PLACEMENT_3D ( 'NONE', #1131, #2529, #1949 ) ;
#2199 = ADVANCED_FACE ( 'NONE', ( #440 ), #691, .T. ) ;
#2200 = CARTESIAN_POINT ( 'NONE',  ( 5.042044691115656008, -7.203658869426519118, 1.099751451927566182 ) ) ;
#2201 = CIRCLE ( 'NONE', #2415, 1.374999999999999556 ) ;
#2202 =( LENGTH_UNIT ( ) NAMED_UNIT ( * ) SI_UNIT ( .MILLI., .METRE. ) );
#2203 = EDGE_CURVE ( 'NONE', #316, #2494, #2370, .T. ) ;
#2204 = STYLED_ITEM ( 'NONE', ( #2047 ), #1467 ) ;
#2205 = CIRCLE ( 'NONE', #529, 0.2000000000000004829 ) ;
#2206 = ORIENTED_EDGE ( 'NONE', *, *, #178, .F. ) ;
#2207 = CARTESIAN_POINT ( 'NONE',  ( 4.145823922654436444, -6.616678922975410160, 1.797269352235005835 ) ) ;
#2208 = DIRECTION ( 'NONE',  ( -0.000000000000000000, 1.000000000000000000, -0.000000000000000000 ) ) ;
#2209 = CIRCLE ( 'NONE', #616, 0.3750000000000001110 ) ;
#2210 = CARTESIAN_POINT ( 'NONE',  ( -5.252142173072033238, -6.993138309654042040, 0.7787049013335685110 ) ) ;
#2211 =( LENGTH_UNIT ( ) NAMED_UNIT ( * ) SI_UNIT ( .MILLI., .METRE. ) );
#2212 = SURFACE_STYLE_FILL_AREA ( #1402 ) ;
#2213 = ORIENTED_EDGE ( 'NONE', *, *, #1438, .F. ) ;
#2214 = CARTESIAN_POINT ( 'NONE',  ( 5.000000000000014211, -9.419721809301302429, 1.600000000000000089 ) ) ;
#2215 = DIRECTION ( 'NONE',  ( -1.000000000000000000, 6.938893903907228378E-15, 0.000000000000000000 ) ) ;
#2216 = AXIS2_PLACEMENT_3D ( 'NONE', #1033, #2663, #2461 ) ;
#2217 = ORIENTED_EDGE ( 'NONE', *, *, #525, .T. ) ;
#2218 = CARTESIAN_POINT ( 'NONE',  ( -4.460694624556771792, -18.13196395961093188, 0.4000000000000000777 ) ) ;
#2219 = ADVANCED_FACE ( 'NONE', ( #1735 ), #2527, .T. ) ;
#2220 = DIRECTION ( 'NONE',  ( -1.000000000000000000, 0.000000000000000000, 0.000000000000000000 ) ) ;
#2221 = CARTESIAN_POINT ( 'NONE',  ( 4.822165990856777107, -6.996528582935655827, 0.9167486328789377081 ) ) ;
#2222 = DIRECTION ( 'NONE',  ( 0.000000000000000000, 0.000000000000000000, 1.000000000000000000 ) ) ;
#2223 = CARTESIAN_POINT ( 'NONE',  ( -5.319008656967004534, -6.999999999999997335, 1.000000000000000000 ) ) ;
#2224 = DIRECTION ( 'NONE',  ( 0.000000000000000000, 0.000000000000000000, 1.000000000000000000 ) ) ;
#2225 = ORIENTED_EDGE ( 'NONE', *, *, #1255, .F. ) ;
#2226 = PRESENTATION_LAYER_ASSIGNMENT (  '', '', ( #2178 ) ) ;
#2227 = CARTESIAN_POINT ( 'NONE',  ( -5.000000000000000000, -16.61537650602526384, 0.4000000000000000222 ) ) ;
#2228 = CARTESIAN_POINT ( 'NONE',  ( -5.500000000000001776, -9.419721809301321969, 0.4000000000000000777 ) ) ;
#2229 = VERTEX_POINT ( 'NONE', #2546 ) ;
#2230 = DIRECTION ( 'NONE',  ( 0.000000000000000000, 1.000000000000000000, 0.000000000000000000 ) ) ;
#2231 = CARTESIAN_POINT ( 'NONE',  ( 5.500000000000012434, -7.640930106817036993, 1.600000000000000089 ) ) ;
#2232 = EDGE_CURVE ( 'NONE', #998, #1202, #842, .T. ) ;
#2233 = CARTESIAN_POINT ( 'NONE',  ( -3.971827775659791282, -6.003646383617156523, -0.02857142857142857401 ) ) ;
#2234 = DIRECTION ( 'NONE',  ( 0.000000000000000000, 0.000000000000000000, 1.000000000000000000 ) ) ;
#2235 = ORIENTED_EDGE ( 'NONE', *, *, #2058, .T. ) ;
#2236 = ADVANCED_FACE ( 'NONE', ( #702 ), #1064, .F. ) ;
#2237 = DIRECTION ( 'NONE',  ( 0.000000000000000000, 0.000000000000000000, 1.000000000000000000 ) ) ;
#2238 = ORIENTED_EDGE ( 'NONE', *, *, #2478, .F. ) ;
#2239 =( BOUNDED_SURFACE ( )  B_SPLINE_SURFACE ( 3, 2, ( 
 ( #2138, #1939, #934 ),
 ( #527, #260, #2166 ),
 ( #1912, #497, #918 ),
 ( #1741, #59, #892 ),
 ( #1712, #2517, #481 ),
 ( #1925, #706, #1315 ),
 ( #2125, #1540, #72 ),
 ( #2442, #2576, #323 ),
 ( #1799, #734, #2180 ),
 ( #1977, #2022, #2610 ),
 ( #132, #959, #1783 ),
 ( #1583, #2593, #796 ),
 ( #2192, #554, #174 ),
 ( #992, #749, #1968 ) ),
 .UNSPECIFIED., .F., .F., .F. ) 
 B_SPLINE_SURFACE_WITH_KNOTS ( ( 4, 2, 2, 2, 2, 2, 4 ),
 ( 3, 3 ),
 ( -9.757819552369539906E-18, 0.0004886721586758055675, 0.0009773443173516208927, 0.001221680396689528610, 0.001466016476027436110, 0.001710352555365343610, 0.001954688634703251326 ),
 ( 0.000000000000000000, 1.000000000000000000 ),
 .UNSPECIFIED. ) 
 GEOMETRIC_REPRESENTATION_ITEM ( )  RATIONAL_B_SPLINE_SURFACE ( (
 ( 1.000000000000000000, 0.9314574081655426774, 1.000000000000000000),
 ( 1.000000000000000000, 0.9104394070437697994, 1.000000000000000000),
 ( 1.000000000000000000, 0.8806283536660375333, 1.000000000000000000),
 ( 1.000000000000000000, 0.8026660004811985161, 1.000000000000000000),
 ( 1.000000000000000000, 0.7523169064419173990, 1.000000000000000000),
 ( 1.000000000000000000, 0.6779824367283202591, 1.000000000000000000),
 ( 1.000000000000000000, 0.6546180269930680362, 1.000000000000000000),
 ( 1.000000000000000000, 0.6181359454369046436, 1.000000000000000000),
 ( 1.000000000000000000, 0.6062997765362033720, 1.000000000000000000),
 ( 1.000000000000000000, 0.6024368781475558654, 1.000000000000000000),
 ( 1.000000000000000000, 0.6104101780792449139, 1.000000000000000000),
 ( 1.000000000000000000, 0.6369361726987069483, 1.000000000000000000),
 ( 1.000000000000000000, 0.6552392739652631581, 1.000000000000000000),
 ( 1.000000000000000000, 0.6722306152022435866, 1.000000000000000000) ) ) 
 REPRESENTATION_ITEM ( '' )  SURFACE ( )  );
#2240 = CARTESIAN_POINT ( 'NONE',  ( -3.842626788020835793, -5.999999999999997335, 0.000000000000000000 ) ) ;
#2241 = CIRCLE ( 'NONE', #1048, 0.2000000000000000666 ) ;
#2242 =( LENGTH_UNIT ( ) NAMED_UNIT ( * ) SI_UNIT ( .MILLI., .METRE. ) );
#2243 = AXIS2_PLACEMENT_3D ( 'NONE', #389, #2414, #1639 ) ;
#2244 = DIRECTION ( 'NONE',  ( -0.000000000000000000, -0.000000000000000000, -1.000000000000000000 ) ) ;
#2245 = STYLED_ITEM ( 'NONE', ( #2639 ), #2106 ) ;
#2246 = DIRECTION ( 'NONE',  ( 6.938893903907228378E-15, -1.000000000000000000, 0.000000000000000000 ) ) ;
#2247 = CARTESIAN_POINT ( 'NONE',  ( -4.783785814309877260, -6.233598030597079287, -0.02159778608071878658 ) ) ;
#2248 = AXIS2_PLACEMENT_3D ( 'NONE', #280, #1490, #96 ) ;
#2249 = VERTEX_POINT ( 'NONE', #1680 ) ;
#2250 = ADVANCED_FACE ( 'NONE', ( #2490 ), #480, .T. ) ;
#2251 = ORIENTED_EDGE ( 'NONE', *, *, #2343, .T. ) ;
#2252 = CARTESIAN_POINT ( 'NONE',  ( 5.642160964451164773, -6.899169692209495608, 1.443717634185952337 ) ) ;
#2253 =( GEOMETRIC_REPRESENTATION_CONTEXT ( 3 ) GLOBAL_UNCERTAINTY_ASSIGNED_CONTEXT ( ( #1843 ) ) GLOBAL_UNIT_ASSIGNED_CONTEXT ( ( #1682, #1080, #1923 ) ) REPRESENTATION_CONTEXT ( 'NONE', 'WORKASPACE' ) );
#2254 = CIRCLE ( 'NONE', #1367, 1.000000000000000000 ) ;
#2255 = ORIENTED_EDGE ( 'NONE', *, *, #786, .F. ) ;
#2256 = CARTESIAN_POINT ( 'NONE',  ( -4.500000000000003553, -7.640930106817046763, 0.4000000000000000222 ) ) ;
#2257 = CARTESIAN_POINT ( 'NONE',  ( -4.683663971792397795, -6.032241294010955990, -4.065758146820641628E-17 ) ) ;
#2258 = ORIENTED_EDGE ( 'NONE', *, *, #1228, .F. ) ;
#2259 = CARTESIAN_POINT ( 'NONE',  ( 5.375000000000014211, -13.80326388367424073, 1.600000000000000089 ) ) ;
#2260 = EDGE_LOOP ( 'NONE', ( #1713, #2064, #2015, #1491 ) ) ;
#2261 = EDGE_CURVE ( 'NONE', #1812, #1078, #2322, .T. ) ;
#2262 = ADVANCED_FACE ( 'NONE', ( #1766 ), #358, .T. ) ;
#2263 = ORIENTED_EDGE ( 'NONE', *, *, #1054, .F. ) ;
#2264 = CARTESIAN_POINT ( 'NONE',  ( 4.403854475273550229, -7.067860034220746712, 1.449576741173918659 ) ) ;
#2265 = CARTESIAN_POINT ( 'NONE',  ( 4.854786719221249491, -7.011240392851713743, 1.092827919979297846 ) ) ;
#2266 = DIRECTION ( 'NONE',  ( -0.000000000000000000, -0.000000000000000000, -1.000000000000000000 ) ) ;
#2267 = FILL_AREA_STYLE ('',( #634 ) ) ;
#2268 = EDGE_LOOP ( 'NONE', ( #1263, #1212, #2489, #1500, #2104 ) ) ;
#2269 =( NAMED_UNIT ( * ) SI_UNIT ( $, .STERADIAN. ) SOLID_ANGLE_UNIT ( ) );
#2270 = ORIENTED_EDGE ( 'NONE', *, *, #560, .T. ) ;
#2271 = FILL_AREA_STYLE_COLOUR ( '', #1008 ) ;
#2272 = ADVANCED_FACE ( 'NONE', ( #1989 ), #1880, .F. ) ;
#2273 = AXIS2_PLACEMENT_3D ( 'NONE', #1405, #2184, #996 ) ;
#2274 = DIRECTION ( 'NONE',  ( -1.084202172485509118E-16, -0.000000000000000000, 1.000000000000000000 ) ) ;
#2275 = EDGE_CURVE ( 'NONE', #2494, #2229, #1337, .T. ) ;
#2276 = AXIS2_PLACEMENT_3D ( 'NONE', #2006, #954, #2390 ) ;
#2277 = EDGE_LOOP ( 'NONE', ( #2143, #2101, #1851, #940, #673, #2251, #385, #464 ) ) ;
#2278 = CARTESIAN_POINT ( 'NONE',  ( 4.421459318816087780, -6.999999999999998224, 1.076003216817777774 ) ) ;
#2279 = CARTESIAN_POINT ( 'NONE',  ( 5.207032570818005190, -6.999999999999999112, 1.189677857443205644 ) ) ;
#2280 =( LENGTH_UNIT ( ) NAMED_UNIT ( * ) SI_UNIT ( .MILLI., .METRE. ) );
#2281 = CARTESIAN_POINT ( 'NONE',  ( -4.952893867500617553, -6.205004929787677703, 0.02123905944085912809 ) ) ;
#2282 = EDGE_LOOP ( 'NONE', ( #1160, #2139, #1751, #1266, #2366 ) ) ;
#2283 = CIRCLE ( 'NONE', #1866, 0.4999999999999995559 ) ;
#2284 = SURFACE_STYLE_FILL_AREA ( #2465 ) ;
#2285 = ORIENTED_EDGE ( 'NONE', *, *, #866, .F. ) ;
#2286 = CIRCLE ( 'NONE', #1051, 1.000000000000000000 ) ;
#2287 = LINE ( 'NONE', #843, #137 ) ;
#2288 = AXIS2_PLACEMENT_3D ( 'NONE', #110, #2155, #309 ) ;
#2289 = AXIS2_PLACEMENT_3D ( 'NONE', #980, #2392, #766 ) ;
#2290 = ORIENTED_EDGE ( 'NONE', *, *, #1391, .T. ) ;
#2291 = EDGE_CURVE ( 'NONE', #589, #1047, #2283, .T. ) ;
#2292 = CIRCLE ( 'NONE', #1065, 1.000000000000000000 ) ;
#2293 = FILL_AREA_STYLE_COLOUR ( '', #47 ) ;
#2294 = CARTESIAN_POINT ( 'NONE',  ( 4.761071105654688829, -7.182404831861235017, 1.125131702218999941 ) ) ;
#2295 = FILL_AREA_STYLE_COLOUR ( '', #864 ) ;
#2296 = ORIENTED_EDGE ( 'NONE', *, *, #126, .F. ) ;
#2297 = EDGE_CURVE ( 'NONE', #2558, #1771, #356, .T. ) ;
#2298 = CARTESIAN_POINT ( 'NONE',  ( -4.000000000000000888, -19.42748912837628694, 0.4000000000000001332 ) ) ;
#2299 = EDGE_LOOP ( 'NONE', ( #1926, #1914, #448, #1024, #930, #1996, #965 ) ) ;
#2300 = CARTESIAN_POINT ( 'NONE',  ( -5.999999999999999112, -5.999999999999997335, 0.000000000000000000 ) ) ;
#2301 = CARTESIAN_POINT ( 'NONE',  ( 4.728801783407752701, -5.999999999999997335, 2.000000000000000000 ) ) ;
#2302 = ORIENTED_EDGE ( 'NONE', *, *, #2659, .F. ) ;
#2303 = CARTESIAN_POINT ( 'NONE',  ( -4.820686180401456689, -6.996527559898762405, 1.083263600935144622 ) ) ;
#2304 = VERTEX_POINT ( 'NONE', #2005 ) ;
#2305 = UNCERTAINTY_MEASURE_WITH_UNIT (LENGTH_MEASURE( 1.000000000000000082E-05 ), #667, 'distance_accuracy_value', 'NONE');
#2306 = FACE_OUTER_BOUND ( 'NONE', #429, .T. ) ;
#2307 = ORIENTED_EDGE ( 'NONE', *, *, #326, .F. ) ;
#2308 = ADVANCED_FACE ( 'NONE', ( #941 ), #1689, .T. ) ;
#2309 = SURFACE_STYLE_USAGE ( .BOTH. , #247 ) ;
#2310 = CARTESIAN_POINT ( 'NONE',  ( -4.296626639526247793, -6.881012261164182853, 0.5148395780019724421 ) ) ;
#2311 = ORIENTED_EDGE ( 'NONE', *, *, #246, .T. ) ;
#2312 = CARTESIAN_POINT ( 'NONE',  ( 4.304247159296500591, -6.989582548523544325, 1.199066885877311028 ) ) ;
#2313 = APPLICATION_PROTOCOL_DEFINITION ( 'draft international standard', 'automotive_design', 1998, #2170 ) ;
#2314 = DIRECTION ( 'NONE',  ( -0.8137334712067344489, 0.5812381937190971293, -1.761828530288944114E-15 ) ) ;
#2315 = DIRECTION ( 'NONE',  ( 0.000000000000000000, 0.000000000000000000, 1.000000000000000000 ) ) ;
#2316 = COLOUR_RGB ( '',0.6470588235294117974, 0.6196078431372549211, 0.5882352941176470784 ) ;
#2317 = CARTESIAN_POINT ( 'NONE',  ( 4.683663971792412006, -6.032241294010955102, 2.000000000000000000 ) ) ;
#2318 = VERTEX_POINT ( 'NONE', #2359 ) ;
#2319 =( GEOMETRIC_REPRESENTATION_CONTEXT ( 3 ) GLOBAL_UNCERTAINTY_ASSIGNED_CONTEXT ( ( #2334 ) ) GLOBAL_UNIT_ASSIGNED_CONTEXT ( ( #1676, #2667, #1890 ) ) REPRESENTATION_CONTEXT ( 'NONE', 'WORKASPACE' ) );
#2320 = EDGE_CURVE ( 'NONE', #2249, #1202, #2205, .T. ) ;
#2321 = LINE ( 'NONE', #1318, #1267 ) ;
#2322 = CIRCLE ( 'NONE', #1180, 0.3750000000000003331 ) ;
#2323 = FILL_AREA_STYLE ('',( #895 ) ) ;
#2324 = VECTOR ( 'NONE', #717, 1000.000000000000000 ) ;
#2325 = SURFACE_STYLE_USAGE ( .BOTH. , #2580 ) ;
#2326 = VERTEX_POINT ( 'NONE', #742 ) ;
#2327 = DIRECTION ( 'NONE',  ( -0.000000000000000000, -0.000000000000000000, -1.000000000000000000 ) ) ;
#2328 = CIRCLE ( 'NONE', #1189, 1.000000000000000000 ) ;
#2329 =( NAMED_UNIT ( * ) PLANE_ANGLE_UNIT ( ) SI_UNIT ( $, .RADIAN. ) );
#2330 = SURFACE_STYLE_FILL_AREA ( #2548 ) ;
#2331 = CYLINDRICAL_SURFACE ( 'NONE', #1242, 0.3750000000000003331 ) ;
#2332 = ORIENTED_EDGE ( 'NONE', *, *, #1533, .T. ) ;
#2333 = VECTOR ( 'NONE', #914, 1000.000000000000000 ) ;
#2334 = UNCERTAINTY_MEASURE_WITH_UNIT (LENGTH_MEASURE( 1.000000000000000082E-05 ), #1676, 'distance_accuracy_value', 'NONE');
#2335 = CARTESIAN_POINT ( 'NONE',  ( 4.871582520005046213, -6.142499585965213171, 1.991852905195938384 ) ) ;
#2336 = ORIENTED_EDGE ( 'NONE', *, *, #141, .T. ) ;
#2337 = DIRECTION ( 'NONE',  ( -0.8137334712067340048, -0.5812381937190977954, 0.000000000000000000 ) ) ;
#2338 =( LENGTH_UNIT ( ) NAMED_UNIT ( * ) SI_UNIT ( .MILLI., .METRE. ) );
#2339 = ADVANCED_FACE ( 'NONE', ( #1174 ), #217, .T. ) ;
#2340 = VECTOR ( 'NONE', #2542, 1000.000000000000000 ) ;
#2341 = CARTESIAN_POINT ( 'NONE',  ( -4.452685351466024954, -6.969133384796530883, 0.7146032802169151044 ) ) ;
#2342 = B_SPLINE_CURVE_WITH_KNOTS ( 'NONE', 3,
 ( #775, #1606, #991, #131, #553, #162, #1810, #2609, #2179, #1210, #2624, #1005, #335, #1582 ),
 .UNSPECIFIED., .F., .F.,
 ( 4, 2, 2, 2, 2, 2, 4 ),
 ( 1.016439536705160407E-20, 0.0004340958934942298940, 0.0008681917869884597880, 0.001085239733735575982, 0.001302287680482692393, 0.001519335627229808586, 0.001736383573976924997 ),
 .UNSPECIFIED. ) ;
#2343 = EDGE_CURVE ( 'NONE', #1361, #1800, #1563, .T. ) ;
#2344 = ORIENTED_EDGE ( 'NONE', *, *, #883, .F. ) ;
#2345 = CARTESIAN_POINT ( 'NONE',  ( -5.999999999999999112, -5.999999999999997335, 0.000000000000000000 ) ) ;
#2346 = CARTESIAN_POINT ( 'NONE',  ( 5.000000000000015987, -26.19999999999999929, 1.224999999999999645 ) ) ;
#2347 = CARTESIAN_POINT ( 'NONE',  ( 4.579037723018915429, -6.999999999999997335, 1.000000000000000000 ) ) ;
#2348 = CARTESIAN_POINT ( 'NONE',  ( 4.579037723018916317, -7.199999999999997513, 0.9999999999999997780 ) ) ;
#2349 =( NAMED_UNIT ( * ) SI_UNIT ( $, .STERADIAN. ) SOLID_ANGLE_UNIT ( ) );
#2350 = CARTESIAN_POINT ( 'NONE',  ( 4.794037537650091885, -6.076108260611274403, 2.000000000000000000 ) ) ;
#2351 = ORIENTED_EDGE ( 'NONE', *, *, #1255, .T. ) ;
#2352 = CARTESIAN_POINT ( 'NONE',  ( -4.899310569518409153, -6.260651083036409048, 0.03289434242950720066 ) ) ;
#2353 = DIRECTION ( 'NONE',  ( 1.000000000000000000, 0.000000000000000000, 0.000000000000000000 ) ) ;
#2354 = FILL_AREA_STYLE ('',( #1123 ) ) ;
#2355 = CARTESIAN_POINT ( 'NONE',  ( -3.891802805847134561, -6.057371970597310806, 4.003219460097119915E-16 ) ) ;
#2356 = CARTESIAN_POINT ( 'NONE',  ( 4.985625678684388440, -6.440696750666846881, 1.991059782800219446 ) ) ;
#2357 = ORIENTED_EDGE ( 'NONE', *, *, #1986, .T. ) ;
#2358 = EDGE_CURVE ( 'NONE', #904, #897, #575, .T. ) ;
#2359 = CARTESIAN_POINT ( 'NONE',  ( 5.000000000000014211, -13.80326388367424073, 1.224999999999999645 ) ) ;
#2360 = PLANE ( 'NONE',  #361 ) ;
#2361 =( NAMED_UNIT ( * ) SI_UNIT ( $, .STERADIAN. ) SOLID_ANGLE_UNIT ( ) );
#2362 = DIRECTION ( 'NONE',  ( -0.000000000000000000, 1.000000000000000000, -0.000000000000000000 ) ) ;
#2363 = ORIENTED_EDGE ( 'NONE', *, *, #1411, .T. ) ;
#2364 = VECTOR ( 'NONE', #512, 1000.000000000000114 ) ;
#2365 = CARTESIAN_POINT ( 'NONE',  ( 4.824005574510830563, -6.191321789452119972, 1.985277699480829661 ) ) ;
#2366 = ORIENTED_EDGE ( 'NONE', *, *, #2661, .T. ) ;
#2367 = DIRECTION ( 'NONE',  ( 0.000000000000000000, 1.000000000000000000, 0.000000000000000000 ) ) ;
#2368 = DIRECTION ( 'NONE',  ( 0.000000000000000000, 0.000000000000000000, 1.000000000000000000 ) ) ;
#2369 = VECTOR ( 'NONE', #1442, 1000.000000000000000 ) ;
#2370 = CIRCLE ( 'NONE', #3, 1.000000000000000000 ) ;
#2371 = PRESENTATION_STYLE_ASSIGNMENT (( #125 ) ) ;
#2372 = STYLED_ITEM ( 'NONE', ( #765 ), #2453 ) ;
#2373 = ORIENTED_EDGE ( 'NONE', *, *, #1303, .T. ) ;
#2374 = LINE ( 'NONE', #537, #1269 ) ;
#2375 = APPLICATION_PROTOCOL_DEFINITION ( 'draft international standard', 'automotive_design', 1998, #307 ) ;
#2376 = CARTESIAN_POINT ( 'NONE',  ( 4.160115203064553846, -6.905547526762070731, 1.446314995821169402 ) ) ;
#2377 = CARTESIAN_POINT ( 'NONE',  ( 5.999999999999992006, -6.999999999999997335, 1.000000000000000000 ) ) ;
#2378 = EDGE_CURVE ( 'NONE', #420, #2626, #2374, .T. ) ;
#2379 = COLOUR_RGB ( '',0.6470588235294117974, 0.6196078431372549211, 0.5882352941176470784 ) ;
#2380 = DIRECTION ( 'NONE',  ( -1.084202172485509118E-16, -0.000000000000000000, 1.000000000000000000 ) ) ;
#2381 = ORIENTED_EDGE ( 'NONE', *, *, #2590, .F. ) ;
#2382 = AXIS2_PLACEMENT_3D ( 'NONE', #1227, #1828, #768 ) ;
#2383 = DIRECTION ( 'NONE',  ( 0.8137334712067340048, 0.5812381937190980175, 0.000000000000000000 ) ) ;
#2384 = CARTESIAN_POINT ( 'NONE',  ( 5.999999999999999112, -5.999999999999997335, 1.000000000000000000 ) ) ;
#2385 = DIRECTION ( 'NONE',  ( 2.098349847134404727E-16, -1.000000000000000000, 0.000000000000000000 ) ) ;
#2386 = DIRECTION ( 'NONE',  ( 0.000000000000000000, 0.000000000000000000, 1.000000000000000000 ) ) ;
#2387 = CARTESIAN_POINT ( 'NONE',  ( 3.842626788020850004, -5.999999999999997335, 2.000000000000000000 ) ) ;
#2388 = EDGE_LOOP ( 'NONE', ( #1185, #2363, #1674, #1803, #1081, #621, #1258, #2270 ) ) ;
#2389 = DIRECTION ( 'NONE',  ( 0.000000000000000000, 0.000000000000000000, 1.000000000000000000 ) ) ;
#2390 = DIRECTION ( 'NONE',  ( 0.000000000000000000, 0.000000000000000000, 1.000000000000000000 ) ) ;
#2391 = CARTESIAN_POINT ( 'NONE',  ( 4.728801783407752701, -5.999999999999997335, 2.200000000000000178 ) ) ;
#2392 = DIRECTION ( 'NONE',  ( -0.8611377918341794890, 0.000000000000000000, -0.5083716194625284013 ) ) ;
#2393 = EDGE_CURVE ( 'NONE', #897, #492, #1611, .T. ) ;
#2394 = ORIENTED_EDGE ( 'NONE', *, *, #268, .F. ) ;
#2395 = DIRECTION ( 'NONE',  ( 0.5812381937190980175, -0.8137334712067338938, 0.000000000000000000 ) ) ;
#2396 = CARTESIAN_POINT ( 'NONE',  ( -6.000000000000000888, 5.999999999999995559, 1.000000000000000000 ) ) ;
#2397 = EDGE_CURVE ( 'NONE', #104, #1274, #2342, .T. ) ;
#2398 = ORIENTED_EDGE ( 'NONE', *, *, #638, .F. ) ;
#2399 = CARTESIAN_POINT ( 'NONE',  ( 5.000000000000014211, -9.669721809301305981, 1.224999999999999645 ) ) ;
#2400 = ORIENTED_EDGE ( 'NONE', *, *, #1376, .F. ) ;
#2401 = CARTESIAN_POINT ( 'NONE',  ( 4.244250306070516565, -6.752179888195243507, 1.767985100931841691 ) ) ;
#2402 = DIRECTION ( 'NONE',  ( 1.000000000000000000, 0.000000000000000000, 0.000000000000000000 ) ) ;
#2403 = CARTESIAN_POINT ( 'NONE',  ( 4.579037723018915429, -6.999999999999997335, 1.000000000000000000 ) ) ;
#2404 = DIRECTION ( 'NONE',  ( 1.000000000000000000, -0.000000000000000000, -0.000000000000000000 ) ) ;
#2405 = CARTESIAN_POINT ( 'NONE',  ( -4.968022196889439357, -6.422733895229526979, 0.006236674704103425081 ) ) ;
#2406 = DIRECTION ( 'NONE',  ( 0.8137334712067337827, 0.5812381937190980175, 0.000000000000000000 ) ) ;
#2407 = FACE_OUTER_BOUND ( 'NONE', #2388, .T. ) ;
#2408 = EDGE_LOOP ( 'NONE', ( #1281, #1649, #2096, #933, #1309, #981 ) ) ;
#2409 = VECTOR ( 'NONE', #2598, 1000.000000000000000 ) ;
#2410 = CARTESIAN_POINT ( 'NONE',  ( 5.000000000000015987, -19.42748912837629405, 1.600000000000000089 ) ) ;
#2411 = CARTESIAN_POINT ( 'NONE',  ( 5.295790260276464601, -7.224035553155314204, 1.216928455111005114 ) ) ;
#2412 = ORIENTED_EDGE ( 'NONE', *, *, #970, .T. ) ;
#2413 = ADVANCED_FACE ( 'NONE', ( #795 ), #1164, .F. ) ;
#2414 = DIRECTION ( 'NONE',  ( 4.275262644885195980E-16, -1.000000000000000000, 0.000000000000000000 ) ) ;
#2415 = AXIS2_PLACEMENT_3D ( 'NONE', #52, #161, #978 ) ;
#2416 = CARTESIAN_POINT ( 'NONE',  ( -5.217806014015302196, -7.219242399994140413, 0.8285714285715837235 ) ) ;
#2417 = PRESENTATION_LAYER_ASSIGNMENT (  '', '', ( #2204 ) ) ;
#2418 = AXIS2_PLACEMENT_3D ( 'NONE', #505, #317, #99 ) ;
#2419 = DIRECTION ( 'NONE',  ( 2.098349847134404727E-16, -1.000000000000000000, 0.000000000000000000 ) ) ;
#2420 = LINE ( 'NONE', #158, #2631 ) ;
#2421 = FACE_OUTER_BOUND ( 'NONE', #1974, .T. ) ;
#2422 = VECTOR ( 'NONE', #79, 1000.000000000000000 ) ;
#2423 = CARTESIAN_POINT ( 'NONE',  ( -5.402895740042959360, -6.568472461556702058, 0.1708440689084222142 ) ) ;
#2424 = CIRCLE ( 'NONE', #2288, 0.1999999999999999833 ) ;
#2425 = CARTESIAN_POINT ( 'NONE',  ( -0.2933957754997170153, -0.2095684110712273118, 2.200000000000000178 ) ) ;
#2426 =( NAMED_UNIT ( * ) SI_UNIT ( $, .STERADIAN. ) SOLID_ANGLE_UNIT ( ) );
#2427 = ORIENTED_EDGE ( 'NONE', *, *, #205, .T. ) ;
#2428 = CIRCLE ( 'NONE', #1020, 0.3750000000000001110 ) ;
#2429 = CARTESIAN_POINT ( 'NONE',  ( 3.842626788020850004, -5.999999999999997335, 2.000000000000000000 ) ) ;
#2430 = CARTESIAN_POINT ( 'NONE',  ( -5.207886918965753509, -6.999999999999998224, 1.054667089306004613 ) ) ;
#2431 = ORIENTED_EDGE ( 'NONE', *, *, #2537, .T. ) ;
#2432 = AXIS2_PLACEMENT_3D ( 'NONE', #2622, #745, #955 ) ;
#2433 = CARTESIAN_POINT ( 'NONE',  ( -6.000000000000000888, 6.000000000000002665, 0.000000000000000000 ) ) ;
#2434 = CARTESIAN_POINT ( 'NONE',  ( 4.060403341842339309, -6.620866264695425052, 1.796257846915860323 ) ) ;
#2435 = EDGE_CURVE ( 'NONE', #1316, #24, #1270, .T. ) ;
#2436 = SURFACE_SIDE_STYLE ('',( #1205 ) ) ;
#2437 = LINE ( 'NONE', #2231, #1364 ) ;
#2438 = SURFACE_SIDE_STYLE ('',( #1623 ) ) ;
#2439 = ADVANCED_FACE ( 'NONE', ( #1624 ), #183, .T. ) ;
#2440 = FILL_AREA_STYLE ('',( #1823 ) ) ;
#2441 =( NAMED_UNIT ( * ) SI_UNIT ( $, .STERADIAN. ) SOLID_ANGLE_UNIT ( ) );
#2442 = CARTESIAN_POINT ( 'NONE',  ( 5.641544858550011199, -6.898595914753229863, 1.444176871397414130 ) ) ;
#2443 = EDGE_LOOP ( 'NONE', ( #1827, #210, #1254, #856 ) ) ;
#2444 = CARTESIAN_POINT ( 'NONE',  ( -4.752778730766930693, -7.008123773160734871, 0.8878864877979985026 ) ) ;
#2445 = EDGE_LOOP ( 'NONE', ( #237, #1286, #211, #1352, #133, #1830 ) ) ;
#2446 = DIRECTION ( 'NONE',  ( -1.084202172485509118E-16, -0.000000000000000000, 1.000000000000000000 ) ) ;
#2447 = CARTESIAN_POINT ( 'NONE',  ( 5.999999999999999112, -5.999999999999997335, 1.000000000000000000 ) ) ;
#2448 = EDGE_CURVE ( 'NONE', #2053, #1316, #1967, .T. ) ;
#2449 = FACE_OUTER_BOUND ( 'NONE', #1645, .T. ) ;
#2450 = CARTESIAN_POINT ( 'NONE',  ( 5.999999999999997335, 6.000000000000002665, 2.000000000000000000 ) ) ;
#2451 = CARTESIAN_POINT ( 'NONE',  ( -5.999999999999999112, -5.999999999999997335, 1.000000000000000000 ) ) ;
#2452 = ORIENTED_EDGE ( 'NONE', *, *, #1294, .F. ) ;
#2453 = ADVANCED_FACE ( 'NONE', ( #568 ), #2583, .T. ) ;
#2454 = FACE_OUTER_BOUND ( 'NONE', #1579, .T. ) ;
#2455 = VERTEX_POINT ( 'NONE', #1838 ) ;
#2456 = CARTESIAN_POINT ( 'NONE',  ( 4.952893867500530511, -6.205004929787660828, 1.978760940558395465 ) ) ;
#2457 = STYLED_ITEM ( 'NONE', ( #644 ), #1084 ) ;
#2458 = DIRECTION ( 'NONE',  ( -0.000000000000000000, -0.000000000000000000, -1.000000000000000000 ) ) ;
#2459 = ORIENTED_EDGE ( 'NONE', *, *, #696, .T. ) ;
#2460 = AXIS2_PLACEMENT_3D ( 'NONE', #392, #618, #2472 ) ;
#2461 = DIRECTION ( 'NONE',  ( 0.8137334712067346709, -0.5812381937190967962, 0.000000000000000000 ) ) ;
#2462 = ORIENTED_EDGE ( 'NONE', *, *, #300, .T. ) ;
#2463 = ADVANCED_FACE ( 'NONE', ( #18 ), #1032, .T. ) ;
#2464 = AXIS2_PLACEMENT_3D ( 'NONE', #847, #2098, #241 ) ;
#2465 = FILL_AREA_STYLE ('',( #838 ) ) ;
#2466 = ORIENTED_EDGE ( 'NONE', *, *, #326, .T. ) ;
#2467 = EDGE_CURVE ( 'NONE', #1840, #1361, #2538, .T. ) ;
#2468 = DIRECTION ( 'NONE',  ( 1.000000000000000000, 0.000000000000000000, 1.182766006347818178E-16 ) ) ;
#2469 = CIRCLE ( 'NONE', #1237, 1.000000000000000000 ) ;
#2470 = SURFACE_STYLE_USAGE ( .BOTH. , #239 ) ;
#2471 = ORIENTED_EDGE ( 'NONE', *, *, #1801, .F. ) ;
#2472 = DIRECTION ( 'NONE',  ( 0.000000000000000000, 0.000000000000000000, -1.000000000000000000 ) ) ;
#2473 = CARTESIAN_POINT ( 'NONE',  ( 5.047713304926067401, -7.012483448546648290, 1.107384373569579195 ) ) ;
#2474 = DIRECTION ( 'NONE',  ( 0.000000000000000000, 0.000000000000000000, 1.000000000000000000 ) ) ;
#2475 = ORIENTED_EDGE ( 'NONE', *, *, #2168, .T. ) ;
#2476 = EDGE_CURVE ( 'NONE', #1047, #227, #1449, .T. ) ;
#2477 = ORIENTED_EDGE ( 'NONE', *, *, #751, .F. ) ;
#2478 = EDGE_CURVE ( 'NONE', #1900, #555, #418, .T. ) ;
#2479 = ORIENTED_EDGE ( 'NONE', *, *, #423, .F. ) ;
#2480 = CARTESIAN_POINT ( 'NONE',  ( 4.588456029998879693, -7.161329512321864321, 1.221632273845516092 ) ) ;
#2481 = LINE ( 'NONE', #1011, #2668 ) ;
#2482 = DIRECTION ( 'NONE',  ( 0.000000000000000000, 0.000000000000000000, 1.000000000000000000 ) ) ;
#2483 = ORIENTED_EDGE ( 'NONE', *, *, #1598, .T. ) ;
#2484 =( NAMED_UNIT ( * ) PLANE_ANGLE_UNIT ( ) SI_UNIT ( $, .RADIAN. ) );
#2485 = ORIENTED_EDGE ( 'NONE', *, *, #435, .F. ) ;
#2486 = ADVANCED_FACE ( 'NONE', ( #441 ), #120, .F. ) ;
#2487 = CIRCLE ( 'NONE', #1474, 1.000000000000000000 ) ;
#2488 = AXIS2_PLACEMENT_3D ( 'NONE', #730, #2513, #679 ) ;
#2489 = ORIENTED_EDGE ( 'NONE', *, *, #1585, .T. ) ;
#2490 = FACE_OUTER_BOUND ( 'NONE', #2188, .T. ) ;
#2491 =( NAMED_UNIT ( * ) PLANE_ANGLE_UNIT ( ) SI_UNIT ( $, .RADIAN. ) );
#2492 = AXIS2_PLACEMENT_3D ( 'NONE', #378, #773, #170 ) ;
#2494 = VERTEX_POINT ( 'NONE', #2450 ) ;
#2493 = B_SPLINE_CURVE_WITH_KNOTS ( 'NONE', 3,
 ( #2606, #1398, #583, #1371 ),
 .UNSPECIFIED., .F., .F.,
 ( 4, 4 ),
 ( 0.000000000000000000, 0.0003044591615245848112 ),
 .UNSPECIFIED. ) ;
#2495 = CIRCLE ( 'NONE', #2035, 1.000000000000000000 ) ;
#2496 = ORIENTED_EDGE ( 'NONE', *, *, #165, .T. ) ;
#2497 = STYLED_ITEM ( 'NONE', ( #1194 ), #2638 ) ;
#2498 = DIRECTION ( 'NONE',  ( 0.000000000000000000, 1.000000000000000000, 0.000000000000000000 ) ) ;
#2499 = AXIS2_PLACEMENT_3D ( 'NONE', #2566, #724, #1557 ) ;
#2500 = CARTESIAN_POINT ( 'NONE',  ( 5.000000000000014211, -9.544721809301302429, 1.975000000000000533 ) ) ;
#2501 =( GEOMETRIC_REPRESENTATION_CONTEXT ( 3 ) GLOBAL_UNCERTAINTY_ASSIGNED_CONTEXT ( ( #812 ) ) GLOBAL_UNIT_ASSIGNED_CONTEXT ( ( #456, #2100, #522 ) ) REPRESENTATION_CONTEXT ( 'NONE', 'WORKASPACE' ) );
#2502 = EDGE_CURVE ( 'NONE', #492, #224, #917, .T. ) ;
#2503 = SURFACE_STYLE_FILL_AREA ( #454 ) ;
#2504 = CARTESIAN_POINT ( 'NONE',  ( -4.999999999999998224, -7.640930106817048539, 0.4000000000000000222 ) ) ;
#2505 = CARTESIAN_POINT ( 'NONE',  ( -5.000000000000001776, -9.544721809301323745, 0.7750000000000002442 ) ) ;
#2506 = PLANE ( 'NONE',  #743 ) ;
#2507 = ORIENTED_EDGE ( 'NONE', *, *, #817, .T. ) ;
#2508 = CARTESIAN_POINT ( 'NONE',  ( 5.999999999999997335, 5.999999999999995559, 1.000000000000000000 ) ) ;
#2509 = VERTEX_POINT ( 'NONE', #606 ) ;
#2510 =( LENGTH_UNIT ( ) NAMED_UNIT ( * ) SI_UNIT ( .MILLI., .METRE. ) );
#2511 = ORIENTED_EDGE ( 'NONE', *, *, #883, .T. ) ;
#2512 = CARTESIAN_POINT ( 'NONE',  ( 4.644974418979262332, -6.059876688877490203, 2.028571428571428026 ) ) ;
#2513 = DIRECTION ( 'NONE',  ( -1.084202172485509118E-16, -0.000000000000000000, 1.000000000000000000 ) ) ;
#2514 = CARTESIAN_POINT ( 'NONE',  ( 5.000000000000014211, -9.419721809301302429, 1.600000000000000089 ) ) ;
#2515 = DIRECTION ( 'NONE',  ( 1.000000000000000000, 0.000000000000000000, 0.000000000000000000 ) ) ;
#2516 = ADVANCED_FACE ( 'NONE', ( #1079 ), #1894, .T. ) ;
#2517 = CARTESIAN_POINT ( 'NONE',  ( 5.354121148189769031, -6.737811520434055623, 1.689357203266756535 ) ) ;
#2518 = ORIENTED_EDGE ( 'NONE', *, *, #1691, .F. ) ;
#2519 = EDGE_CURVE ( 'NONE', #2664, #2326, #1278, .T. ) ;
#2520 = CIRCLE ( 'NONE', #753, 0.4999999999999995559 ) ;
#2521 = CARTESIAN_POINT ( 'NONE',  ( -5.557324177450787772, -6.983357567710692493, 0.8103097180988274584 ) ) ;
#2522 = CARTESIAN_POINT ( 'NONE',  ( -4.795499016198346176, -6.077813438255705414, 0.000000000000000000 ) ) ;
#2523 = LINE ( 'NONE', #515, #2340 ) ;
#2524 = CIRCLE ( 'NONE', #432, 0.2000000000000000111 ) ;
#2525 = B_SPLINE_CURVE_WITH_KNOTS ( 'NONE', 3,
 ( #17, #173, #221, #806, #1259, #1022 ),
 .UNSPECIFIED., .F., .F.,
 ( 4, 2, 4 ),
 ( 0.002488097448637728842, 0.002955164817308741660, 0.003422232185979754478 ),
 .UNSPECIFIED. ) ;
#2526 = ORIENTED_EDGE ( 'NONE', *, *, #580, .F. ) ;
#2527 = CYLINDRICAL_SURFACE ( 'NONE', #1357, 1.000000000000000000 ) ;
#2528 = DIRECTION ( 'NONE',  ( 0.000000000000000000, 0.000000000000000000, 1.000000000000000000 ) ) ;
#2529 = DIRECTION ( 'NONE',  ( 0.000000000000000000, 1.000000000000000000, 0.000000000000000000 ) ) ;
#2530 = DIRECTION ( 'NONE',  ( 0.000000000000000000, -0.000000000000000000, 1.000000000000000000 ) ) ;
#2531 = ORIENTED_EDGE ( 'NONE', *, *, #2024, .T. ) ;
#2532 = VECTOR ( 'NONE', #1785, 1000.000000000000000 ) ;
#2533 = EDGE_CURVE ( 'NONE', #658, #1800, #1271, .T. ) ;
#2534 = ORIENTED_EDGE ( 'NONE', *, *, #468, .T. ) ;
#2535 = VECTOR ( 'NONE', #1947, 1000.000000000000000 ) ;
#2536 = CARTESIAN_POINT ( 'NONE',  ( -5.395453466019406896, -6.858801472096751617, 0.4836989506733640476 ) ) ;
#2537 = EDGE_CURVE ( 'NONE', #60, #203, #2209, .T. ) ;
#2538 = CIRCLE ( 'NONE', #2039, 1.000000000000000000 ) ;
#2539 =( NAMED_UNIT ( * ) SI_UNIT ( $, .STERADIAN. ) SOLID_ANGLE_UNIT ( ) );
#2540 = CARTESIAN_POINT ( 'NONE',  ( -4.063746643529001723, -6.302750605784197546, 0.04432672225541350181 ) ) ;
#2541 = CIRCLE ( 'NONE', #1408, 0.3750000000000002776 ) ;
#2542 = DIRECTION ( 'NONE',  ( -2.561418517975604524E-16, -1.000000000000000000, 0.000000000000000000 ) ) ;
#2543 = AXIS2_PLACEMENT_3D ( 'NONE', #1841, #1852, #226 ) ;
#2544 = CIRCLE ( 'NONE', #1742, 0.2000000000000000944 ) ;
#2545 = EDGE_LOOP ( 'NONE', ( #574, #56, #2666, #2344, #1743 ) ) ;
#2546 = CARTESIAN_POINT ( 'NONE',  ( -6.000000000000000888, 6.000000000000002665, 2.000000000000000000 ) ) ;
#2547 = CYLINDRICAL_SURFACE ( 'NONE', #222, 1.000000000000000000 ) ;
#2548 = FILL_AREA_STYLE ('',( #1708 ) ) ;
#2549 = SURFACE_SIDE_STYLE ('',( #286 ) ) ;
#2550 = VECTOR ( 'NONE', #584, 1000.000000000000000 ) ;
#2551 = CARTESIAN_POINT ( 'NONE',  ( -5.042044691115640909, -7.203658869426519118, 0.9002485480724337075 ) ) ;
#2552 = ORIENTED_EDGE ( 'NONE', *, *, #950, .F. ) ;
#2553 = CARTESIAN_POINT ( 'NONE',  ( -5.117569850189514824, -6.462505865610197908, 0.1038295325594686402 ) ) ;
#2554 = CARTESIAN_POINT ( 'NONE',  ( -3.842626788020835793, -5.999999999999997335, 0.000000000000000000 ) ) ;
#2555 = ADVANCED_FACE ( 'NONE', ( #1115 ), #1933, .F. ) ;
#2556 = PRESENTATION_STYLE_ASSIGNMENT (( #2325 ) ) ;
#2557 = LINE ( 'NONE', #2142, #891 ) ;
#2558 = VERTEX_POINT ( 'NONE', #1921 ) ;
#2559 = CARTESIAN_POINT ( 'NONE',  ( 3.936284906949434781, -6.030417087828347178, 2.001840723607768435 ) ) ;
#2560 = DIRECTION ( 'NONE',  ( 1.000000000000000000, 0.000000000000000000, -0.000000000000000000 ) ) ;
#2561 =( NAMED_UNIT ( * ) PLANE_ANGLE_UNIT ( ) SI_UNIT ( $, .RADIAN. ) );
#2562 = FACE_OUTER_BOUND ( 'NONE', #2563, .T. ) ;
#2563 = EDGE_LOOP ( 'NONE', ( #63, #1935, #363, #168, #2552 ) ) ;
#2564 = CARTESIAN_POINT ( 'NONE',  ( -4.760872587590654348, -7.182380659347075813, 0.8747573055546893350 ) ) ;
#2565 = ORIENTED_EDGE ( 'NONE', *, *, #1119, .T. ) ;
#2566 = CARTESIAN_POINT ( 'NONE',  ( -6.000000000000000888, 6.000000000000002665, 1.000000000000000000 ) ) ;
#2567 = CYLINDRICAL_SURFACE ( 'NONE', #255, 0.3750000000000003331 ) ;
#2568 = CARTESIAN_POINT ( 'NONE',  ( -5.439863725645849080, -7.179548370670604029, 0.5568723114740051772 ) ) ;
#2569 = EDGE_CURVE ( 'NONE', #1047, #589, #1652, .T. ) ;
#2570 = VERTEX_POINT ( 'NONE', #521 ) ;
#2571 = CARTESIAN_POINT ( 'NONE',  ( 4.204453589787729761, -6.644683544358368721, 1.852360432614408525 ) ) ;
#2572 = LINE ( 'NONE', #943, #82 ) ;
#2573 = DIRECTION ( 'NONE',  ( 0.000000000000000000, -0.000000000000000000, 1.000000000000000000 ) ) ;
#2574 = EDGE_CURVE ( 'NONE', #1969, #687, #828, .T. ) ;
#2575 = CARTESIAN_POINT ( 'NONE',  ( -5.000000000000001776, -9.419721809301321969, -0.09999999999999956146 ) ) ;
#2576 = CARTESIAN_POINT ( 'NONE',  ( 5.385909839673512778, -6.899446627969639145, 1.438592200930984610 ) ) ;
#2577 = EDGE_LOOP ( 'NONE', ( #984, #330, #1128, #2119, #835 ) ) ;
#2578 =( NAMED_UNIT ( * ) SI_UNIT ( $, .STERADIAN. ) SOLID_ANGLE_UNIT ( ) );
#2579 = DIRECTION ( 'NONE',  ( 0.000000000000000000, 1.000000000000000000, 0.000000000000000000 ) ) ;
#2580 = SURFACE_SIDE_STYLE ('',( #1534 ) ) ;
#2581 = AXIS2_PLACEMENT_3D ( 'NONE', #1238, #198, #2048 ) ;
#2582 = SPHERICAL_SURFACE ( 'NONE', #2620, 1.000000000000000000 ) ;
#2583 = TOROIDAL_SURFACE ( 'NONE', #484, 1.000000000000001332, 0.3750000000000003331 ) ;
#2584 = ORIENTED_EDGE ( 'NONE', *, *, #682, .T. ) ;
#2585 = EDGE_CURVE ( 'NONE', #1274, #1840, #2134, .T. ) ;
#2586 = CARTESIAN_POINT ( 'NONE',  ( 3.989286701021686810, -6.246698048686178062, 1.971294809541361603 ) ) ;
#2587 = CARTESIAN_POINT ( 'NONE',  ( -4.579037723018902994, -7.199999999999997513, 1.000000000000000222 ) ) ;
#2588 = CARTESIAN_POINT ( 'NONE',  ( 5.000000000000014211, -9.419721809301302429, 1.600000000000000089 ) ) ;
#2589 = AXIS2_PLACEMENT_3D ( 'NONE', #287, #916, #299 ) ;
#2590 = EDGE_CURVE ( 'NONE', #498, #2249, #1550, .T. ) ;
#2591 = AXIS2_PLACEMENT_3D ( 'NONE', #1811, #2380, #1386 ) ;
#2592 = PRESENTATION_STYLE_ASSIGNMENT (( #1825 ) ) ;
#2593 = CARTESIAN_POINT ( 'NONE',  ( 5.285198309501001113, -6.982499757347778946, 1.256681717347127636 ) ) ;
#2594 = VECTOR ( 'NONE', #1633, 1000.000000000000000 ) ;
#2595 = ORIENTED_EDGE ( 'NONE', *, *, #805, .T. ) ;
#2596 = CIRCLE ( 'NONE', #14, 2.500000000000000000 ) ;
#2597 = AXIS2_PLACEMENT_3D ( 'NONE', #117, #719, #1795 ) ;
#2598 = DIRECTION ( 'NONE',  ( 4.275262644885195980E-16, -1.000000000000000000, 0.000000000000000000 ) ) ;
#2599 = CARTESIAN_POINT ( 'NONE',  ( -5.000000000000011546, -13.80326388367424073, 0.4000000000000000222 ) ) ;
#2600 = ORIENTED_EDGE ( 'NONE', *, *, #1054, .T. ) ;
#2601 = CARTESIAN_POINT ( 'NONE',  ( 4.200554051729877614, -6.634150406444465631, 1.860627996947576301 ) ) ;
#2602 = DIRECTION ( 'NONE',  ( 0.000000000000000000, -1.000000000000000000, 0.000000000000000000 ) ) ;
#2603 = ORIENTED_EDGE ( 'NONE', *, *, #2397, .F. ) ;
#2604 = B_SPLINE_CURVE_WITH_KNOTS ( 'NONE', 3,
 ( #2662, #1031, #2264, #1848, #2480, #1658 ),
 .UNSPECIFIED., .F., .F.,
 ( 4, 2, 4 ),
 ( 0.0002708071420694656999, 0.0005783311590009559185, 0.0008858551759324461913 ),
 .UNSPECIFIED. ) ;
#2605 = CARTESIAN_POINT ( 'NONE',  ( 4.060953072891869020, -6.622614356663114599, 1.794454306869013527 ) ) ;
#2606 = CARTESIAN_POINT ( 'NONE',  ( 4.728801783407752701, -5.999999999999997335, 2.000000000000000000 ) ) ;
#2607 = DIRECTION ( 'NONE',  ( -0.000000000000000000, -0.000000000000000000, -1.000000000000000000 ) ) ;
#2608 = CARTESIAN_POINT ( 'NONE',  ( -5.393189920194429554, -6.833738269380787322, 0.4405873186954291088 ) ) ;
#2609 = CARTESIAN_POINT ( 'NONE',  ( -5.642160964451154115, -6.899169692209496496, 0.5562823658140536587 ) ) ;
#2610 = CARTESIAN_POINT ( 'NONE',  ( 5.415817421032871337, -7.197028925230170238, 1.387357881451416031 ) ) ;
#2611 = ORIENTED_EDGE ( 'NONE', *, *, #360, .T. ) ;
#2612 = EDGE_CURVE ( 'NONE', #224, #1422, #1733, .T. ) ;
#2613 = DIRECTION ( 'NONE',  ( -1.000000000000000000, 0.000000000000000000, -1.148702510436516479E-16 ) ) ;
#2614 = CARTESIAN_POINT ( 'NONE',  ( -4.625000000000002665, -26.19999999999999929, 0.4000000000000000222 ) ) ;
#2615 = ORIENTED_EDGE ( 'NONE', *, *, #2659, .T. ) ;
#2616 =( BOUNDED_SURFACE ( )  B_SPLINE_SURFACE ( 3, 2, ( 
 ( #209, #2257, #1861 ),
 ( #1045, #834, #607 ),
 ( #1436, #394, #2247 ),
 ( #2281, #5, #1262 ) ),
 .UNSPECIFIED., .F., .F., .F. ) 
 B_SPLINE_SURFACE_WITH_KNOTS ( ( 4, 4 ),
 ( 3, 3 ),
 ( 0.000000000000000000, 0.0003337450424274182787 ),
 ( 0.000000000000000000, 1.000000000000000000 ),
 .UNSPECIFIED. ) 
 GEOMETRIC_REPRESENTATION_ITEM ( )  RATIONAL_B_SPLINE_SURFACE ( (
 ( 1.000000000000000000, 0.9636241116594317369, 1.000000000000000000),
 ( 1.000000000000000000, 0.9576783050473198777, 1.000000000000000000),
 ( 1.000000000000000000, 0.9468382068461983492, 1.000000000000000000),
 ( 1.000000000000000000, 0.9314574081656513682, 1.000000000000000000) ) ) 
 REPRESENTATION_ITEM ( '' )  SURFACE ( )  );
#2617 = CARTESIAN_POINT ( 'NONE',  ( 4.244250306070517453, -6.752179888195242619, 1.767985100931844133 ) ) ;
#2618 = CARTESIAN_POINT ( 'NONE',  ( 4.006529927609527419, -6.308136419706174003, 1.953853353310316621 ) ) ;
#2619 = CARTESIAN_POINT ( 'NONE',  ( 3.975606391321218069, -6.008936402469707616, 2.028571443616143721 ) ) ;
#2620 = AXIS2_PLACEMENT_3D ( 'NONE', #986, #2230, #1217 ) ;
#2621 = CYLINDRICAL_SURFACE ( 'NONE', #1911, 0.3750000000000003331 ) ;
#2622 = CARTESIAN_POINT ( 'NONE',  ( 5.000000000000014211, -9.544721809301302429, 1.600000000000000089 ) ) ;
#2623 = FACE_OUTER_BOUND ( 'NONE', #469, .T. ) ;
#2624 = CARTESIAN_POINT ( 'NONE',  ( -5.549462803351951301, -6.985179823016537171, 0.8206184109439660368 ) ) ;
#2625 = DIRECTION ( 'NONE',  ( 1.000000000000000000, 0.000000000000000000, -0.000000000000000000 ) ) ;
#2626 = VERTEX_POINT ( 'NONE', #1354 ) ;
#2627 = EDGE_CURVE ( 'NONE', #2229, #1297, #2286, .T. ) ;
#2628 = SURFACE_STYLE_FILL_AREA ( #1998 ) ;
#2629 = CARTESIAN_POINT ( 'NONE',  ( 4.329658166741147340, -6.946661311883396195, 1.600000000000134870 ) ) ;
#2630 = ORIENTED_EDGE ( 'NONE', *, *, #1305, .T. ) ;
#2631 = VECTOR ( 'NONE', #564, 1000.000000000000000 ) ;
#2632 = ADVANCED_FACE ( 'NONE', ( #2161 ), #2547, .T. ) ;
#2633 = CARTESIAN_POINT ( 'NONE',  ( -4.090963651533323642, -6.718058629768186130, 0.3040173822462003406 ) ) ;
#2634 = PRESENTATION_LAYER_ASSIGNMENT (  '', '', ( #1687 ) ) ;
#2635 = B_SPLINE_CURVE_WITH_KNOTS ( 'NONE', 3,
 ( #1116, #285, #1934, #80 ),
 .UNSPECIFIED., .F., .F.,
 ( 4, 4 ),
 ( 1.167721476617542327E-17, 0.0003321274930917977397 ),
 .UNSPECIFIED. ) ;
#2636 = CARTESIAN_POINT ( 'NONE',  ( 5.000000000000015987, -26.19999999999999929, 1.975000000000000533 ) ) ;
#2637 = PRESENTATION_STYLE_ASSIGNMENT (( #597 ) ) ;
#2638 = ADVANCED_BREP_SHAPE_REPRESENTATION ( '30R500UF', ( #1555, #1362 ), #308 ) ;
#2639 = PRESENTATION_STYLE_ASSIGNMENT (( #2073 ) ) ;
#2640 = CARTESIAN_POINT ( 'NONE',  ( -3.926454152449326607, -5.940123311122504468, -0.02857142857142854625 ) ) ;
#2641 = FACE_OUTER_BOUND ( 'NONE', #1121, .T. ) ;
#2642 = VERTEX_POINT ( 'NONE', #1327 ) ;
#2643 = PRESENTATION_STYLE_ASSIGNMENT (( #1010 ) ) ;
#2644 = AXIS2_PLACEMENT_3D ( 'NONE', #820, #2050, #32 ) ;
#2645 = VERTEX_POINT ( 'NONE', #2346 ) ;
#2646 = UNCERTAINTY_MEASURE_WITH_UNIT (LENGTH_MEASURE( 1.000000000000000082E-05 ), #1453, 'distance_accuracy_value', 'NONE');
#2647 = VECTOR ( 'NONE', #1608, 1000.000000000000000 ) ;
#2648 = DIRECTION ( 'NONE',  ( 0.000000000000000000, -0.000000000000000000, 1.000000000000000000 ) ) ;
#2649 = LINE ( 'NONE', #181, #650 ) ;
#2650 = ADVANCED_FACE ( 'NONE', ( #1522 ), #2360, .T. ) ;
#2651 = FACE_OUTER_BOUND ( 'NONE', #2268, .T. ) ;
#2652 = DIRECTION ( 'NONE',  ( -1.000000000000000000, 6.938893903907228378E-15, 0.000000000000000000 ) ) ;
#2653 = FILL_AREA_STYLE_COLOUR ( '', #51 ) ;
#2654 = CYLINDRICAL_SURFACE ( 'NONE', #2216, 0.4999999999999996114 ) ;
#2655 = ORIENTED_EDGE ( 'NONE', *, *, #1014, .F. ) ;
#2656 = CARTESIAN_POINT ( 'NONE',  ( -0.2933957754997175149, -0.2095684110712267845, 2.000000000000000000 ) ) ;
#2657 = ORIENTED_EDGE ( 'NONE', *, *, #2661, .F. ) ;
#2658 = CARTESIAN_POINT ( 'NONE',  ( 0.2933957754997175149, 0.2095684110712276449, 2.000000000000000000 ) ) ;
#2659 = EDGE_CURVE ( 'NONE', #2509, #1535, #1868, .T. ) ;
#2660 = EDGE_LOOP ( 'NONE', ( #2526, #2615, #637, #1137 ) ) ;
#2661 = EDGE_CURVE ( 'NONE', #2645, #1643, #695, .T. ) ;
#2662 = CARTESIAN_POINT ( 'NONE',  ( 4.329658166741147340, -6.946661311883396195, 1.600000000000134870 ) ) ;
#2663 = DIRECTION ( 'NONE',  ( -0.5812381937190967962, -0.8137334712067346709, 0.000000000000000000 ) ) ;
#2664 = VERTEX_POINT ( 'NONE', #2512 ) ;
#2665 =( NAMED_UNIT ( * ) PLANE_ANGLE_UNIT ( ) SI_UNIT ( $, .RADIAN. ) );
#2666 = ORIENTED_EDGE ( 'NONE', *, *, #2435, .F. ) ;
#2667 =( NAMED_UNIT ( * ) PLANE_ANGLE_UNIT ( ) SI_UNIT ( $, .RADIAN. ) );
#2668 = VECTOR ( 'NONE', #1421, 1000.000000000000000 ) ;
#2669 = AXIS2_PLACEMENT_3D ( 'NONE', #501, #75, #1145 ) ;
#2670 = CARTESIAN_POINT ( 'NONE',  ( 4.000000000000015099, -13.80326388367424073, 1.600000000000000089 ) ) ;
ENDSEC;
END-ISO-10303-21;
