ISO-10303-21;
HEADER;
FILE_DESCRIPTION(('STEP AP242'),'1');
FILE_NAME('0705410073.stp','2025-01-17T16:13:30',('TraceParts'),('TraceParts S.A.'),'Spatial InterOp 3D',' ',' ');
FILE_SCHEMA(('AP242_MANAGED_MODEL_BASED_3D_ENGINEERING_MIM_LF  {1 0 10303 442 1 1 4}'));
ENDSEC;
DATA;
#1=PRODUCT_DEFINITION_CONTEXT('',#10,'design');
#2=APPLICATION_PROTOCOL_DEFINITION('INTERNATIONAL STANDARD','ap242_managed_model_based_3d_engineering',2014,#10);
#3=PRODUCT_CATEGORY_RELATIONSHIP('NONE','NONE',#11,#12);
#4=SHAPE_DEFINITION_REPRESENTATION(#13,#14);
#5=SHAPE_DEFINITION_REPRESENTATION(#13,#15);
#6= (GEOMETRIC_REPRESENTATION_CONTEXT(3)GLOBAL_UNCERTAINTY_ASSIGNED_CONTEXT((#18))GLOBAL_UNIT_ASSIGNED_CONTEXT((#20,#21,#22))REPRESENTATION_CONTEXT('NONE','WORKSPACE'));
#10=APPLICATION_CONTEXT('managed model based 3d engineering');
#11=PRODUCT_CATEGORY('part','NONE');
#12=PRODUCT_RELATED_PRODUCT_CATEGORY('detail',' ',(#24));
#13=PRODUCT_DEFINITION_SHAPE('NONE','NONE',#25);
#14=ADVANCED_BREP_SHAPE_REPRESENTATION('0705410073_1',(#26,#27),#6);
#15=GEOMETRICALLY_BOUNDED_SURFACE_SHAPE_REPRESENTATION('1',(#28,#29),#6);
#18=UNCERTAINTY_MEASURE_WITH_UNIT(LENGTH_MEASURE(1.0E-06),#20,'','');
#20= (CONVERSION_BASED_UNIT('MILLIMETRE',#32)LENGTH_UNIT()NAMED_UNIT(#35));
#21= (NAMED_UNIT(#37)PLANE_ANGLE_UNIT()SI_UNIT($,.RADIAN.));
#22= (NAMED_UNIT(#37)SOLID_ANGLE_UNIT()SI_UNIT($,.STERADIAN.));
#24=PRODUCT('0705410073_1','0705410073_1','PART-0705410073_1-DESC',(#43));
#25=PRODUCT_DEFINITION('','NONE',#44,#1);
#26=MANIFOLD_SOLID_BREP('0705410073_1',#45);
#27=AXIS2_PLACEMENT_3D('',#46,#47,#48);
#28=GEOMETRIC_SET('1',(#49,#50,#51,#52,#53,#54,#55,#56,#57,#58,#59,#60));
#29=AXIS2_PLACEMENT_3D('',#61,#62,#63);
#32=LENGTH_MEASURE_WITH_UNIT(LENGTH_MEASURE(1.0),#64);
#35=DIMENSIONAL_EXPONENTS(1.0,0.0,0.0,0.0,0.0,0.0,0.0);
#37=DIMENSIONAL_EXPONENTS(0.0,0.0,0.0,0.0,0.0,0.0,0.0);
#43=PRODUCT_CONTEXT('',#10,'mechanical');
#44=PRODUCT_DEFINITION_FORMATION_WITH_SPECIFIED_SOURCE(' ','NONE',#24,.NOT_KNOWN.);
#45=CLOSED_SHELL('',(#65,#66,#67,#68,#69,#70,#71,#72,#73,#74,#75,#76,#77,#78,#79,#80,#81,#82,#83,#84,#85,#86,#87,#88,#89,#90,#91,#92,#93,#94,#95,#96,#97,#98,#99,#100,#101,#102,#103,#104,#105,#106,#107,#108,#109,#110,#111,#112,#113,#114,#115,#116,#117,#118,#119,#120,#121,#122,#123,#124,#125,#126,#127,#128,#129,#130,#131,#132,#133,#134,#135,#136,#137,#138,#139,#140,#141,#142,#143,#144,#145,#146,#147,#148,#149,#150,#151,#152,#153,#154,#155,#156,#157,#158,#159,#160,#161,#162,#163,#164,#165,#166,#167,#168,#169,#170,#171,#172,#173,#174,#175,#176,#177,#178,#179,#180,#181,#182,#183,#184,#185,#186,#187,#188,#189,#190,#191,#192,#193,#194,#195,#196,#197,#198,#199,#200,#201,#202,#203,#204,#205,#206,#207,#208,#209,#210,#211,#212,#213,#214,#215,#216,#217,#218,#219,#220,#221,#222,#223));
#46=CARTESIAN_POINT('',(0.0,0.0,0.0));
#47=DIRECTION('',(0.0,0.0,1.0));
#48=DIRECTION('',(1.0,0.0,0.0));
#49=COMPOSITE_CURVE('0705410073_2',(#224),.U.);
#50=COMPOSITE_CURVE('0705410073_3',(#225),.U.);
#51=COMPOSITE_CURVE('0705410073_4',(#226),.U.);
#52=COMPOSITE_CURVE('0705410073_5',(#227),.U.);
#53=COMPOSITE_CURVE('0705410073_6',(#228),.U.);
#54=COMPOSITE_CURVE('0705410073_7',(#229),.U.);
#55=COMPOSITE_CURVE('0705410073_8',(#230),.U.);
#56=COMPOSITE_CURVE('0705410073_9',(#231),.U.);
#57=COMPOSITE_CURVE('0705410073_10',(#232),.U.);
#58=COMPOSITE_CURVE('0705410073_11',(#233),.U.);
#59=COMPOSITE_CURVE('0705410073_12',(#234),.U.);
#60=COMPOSITE_CURVE('0705410073_13',(#235),.U.);
#61=CARTESIAN_POINT('',(0.0,0.0,0.0));
#62=DIRECTION('',(0.0,0.0,1.0));
#63=DIRECTION('',(1.0,0.0,0.0));
#64= (NAMED_UNIT(#35)LENGTH_UNIT()SI_UNIT(.MILLI.,.METRE.));
#65=ADVANCED_FACE('',(#237),#238,.F.);
#66=ADVANCED_FACE('',(#239),#240,.F.);
#67=ADVANCED_FACE('',(#241),#242,.F.);
#68=ADVANCED_FACE('',(#243),#244,.F.);
#69=ADVANCED_FACE('',(#245,#246,#247,#248,#249),#250,.F.);
#70=ADVANCED_FACE('',(#251),#252,.F.);
#71=ADVANCED_FACE('',(#253),#254,.F.);
#72=ADVANCED_FACE('',(#255),#256,.T.);
#73=ADVANCED_FACE('',(#257),#258,.T.);
#74=ADVANCED_FACE('',(#259),#260,.F.);
#75=ADVANCED_FACE('',(#261),#262,.T.);
#76=ADVANCED_FACE('',(#263),#264,.T.);
#77=ADVANCED_FACE('',(#265),#266,.F.);
#78=ADVANCED_FACE('',(#267),#268,.T.);
#79=ADVANCED_FACE('',(#269),#270,.T.);
#80=ADVANCED_FACE('',(#271),#272,.T.);
#81=ADVANCED_FACE('',(#273),#274,.F.);
#82=ADVANCED_FACE('',(#275),#276,.T.);
#83=ADVANCED_FACE('',(#277,#278,#279,#280,#281),#282,.T.);
#84=ADVANCED_FACE('',(#283),#284,.F.);
#85=ADVANCED_FACE('',(#285),#286,.F.);
#86=ADVANCED_FACE('',(#287),#288,.F.);
#87=ADVANCED_FACE('',(#289),#290,.F.);
#88=ADVANCED_FACE('',(#291),#292,.F.);
#89=ADVANCED_FACE('',(#293),#294,.F.);
#90=ADVANCED_FACE('',(#295),#296,.F.);
#91=ADVANCED_FACE('',(#297),#298,.T.);
#92=ADVANCED_FACE('',(#299),#300,.T.);
#93=ADVANCED_FACE('',(#301),#302,.T.);
#94=ADVANCED_FACE('',(#303),#304,.F.);
#95=ADVANCED_FACE('',(#305),#306,.F.);
#96=ADVANCED_FACE('',(#307),#308,.F.);
#97=ADVANCED_FACE('',(#309),#310,.F.);
#98=ADVANCED_FACE('',(#311),#312,.T.);
#99=ADVANCED_FACE('',(#313),#314,.F.);
#100=ADVANCED_FACE('',(#315),#316,.F.);
#101=ADVANCED_FACE('',(#317),#318,.F.);
#102=ADVANCED_FACE('',(#319),#320,.F.);
#103=ADVANCED_FACE('',(#321),#322,.F.);
#104=ADVANCED_FACE('',(#323),#324,.F.);
#105=ADVANCED_FACE('',(#325),#326,.F.);
#106=ADVANCED_FACE('',(#327),#328,.T.);
#107=ADVANCED_FACE('',(#329),#330,.T.);
#108=ADVANCED_FACE('',(#331),#332,.T.);
#109=ADVANCED_FACE('',(#333),#334,.T.);
#110=ADVANCED_FACE('',(#335),#336,.T.);
#111=ADVANCED_FACE('',(#337),#338,.T.);
#112=ADVANCED_FACE('',(#339),#340,.T.);
#113=ADVANCED_FACE('',(#341),#342,.F.);
#114=ADVANCED_FACE('',(#343),#344,.F.);
#115=ADVANCED_FACE('',(#345),#346,.F.);
#116=ADVANCED_FACE('',(#347),#348,.T.);
#117=ADVANCED_FACE('',(#349),#350,.T.);
#118=ADVANCED_FACE('',(#351),#352,.F.);
#119=ADVANCED_FACE('',(#353),#354,.F.);
#120=ADVANCED_FACE('',(#355),#356,.F.);
#121=ADVANCED_FACE('',(#357),#358,.T.);
#122=ADVANCED_FACE('',(#359),#360,.T.);
#123=ADVANCED_FACE('',(#361),#362,.T.);
#124=ADVANCED_FACE('',(#363),#364,.T.);
#125=ADVANCED_FACE('',(#365),#366,.T.);
#126=ADVANCED_FACE('',(#367),#368,.T.);
#127=ADVANCED_FACE('',(#369),#370,.T.);
#128=ADVANCED_FACE('',(#371),#372,.T.);
#129=ADVANCED_FACE('',(#373),#374,.F.);
#130=ADVANCED_FACE('',(#375),#376,.F.);
#131=ADVANCED_FACE('',(#377),#378,.T.);
#132=ADVANCED_FACE('',(#379),#380,.T.);
#133=ADVANCED_FACE('',(#381),#382,.T.);
#134=ADVANCED_FACE('',(#383),#384,.T.);
#135=ADVANCED_FACE('',(#385),#386,.T.);
#136=ADVANCED_FACE('',(#387),#388,.T.);
#137=ADVANCED_FACE('',(#389),#390,.T.);
#138=ADVANCED_FACE('',(#391),#392,.T.);
#139=ADVANCED_FACE('',(#393),#394,.F.);
#140=ADVANCED_FACE('',(#395),#396,.F.);
#141=ADVANCED_FACE('',(#397),#398,.T.);
#142=ADVANCED_FACE('',(#399),#400,.T.);
#143=ADVANCED_FACE('',(#401),#402,.T.);
#144=ADVANCED_FACE('',(#403),#404,.T.);
#145=ADVANCED_FACE('',(#405),#406,.T.);
#146=ADVANCED_FACE('',(#407),#408,.T.);
#147=ADVANCED_FACE('',(#409),#410,.T.);
#148=ADVANCED_FACE('',(#411),#412,.T.);
#149=ADVANCED_FACE('',(#413),#414,.F.);
#150=ADVANCED_FACE('',(#415),#416,.F.);
#151=ADVANCED_FACE('',(#417),#418,.T.);
#152=ADVANCED_FACE('',(#419),#420,.T.);
#153=ADVANCED_FACE('',(#421),#422,.T.);
#154=ADVANCED_FACE('',(#423),#424,.T.);
#155=ADVANCED_FACE('',(#425),#426,.T.);
#156=ADVANCED_FACE('',(#427),#428,.T.);
#157=ADVANCED_FACE('',(#429),#430,.T.);
#158=ADVANCED_FACE('',(#431),#432,.T.);
#159=ADVANCED_FACE('',(#433),#434,.T.);
#160=ADVANCED_FACE('',(#435),#436,.T.);
#161=ADVANCED_FACE('',(#437),#438,.T.);
#162=ADVANCED_FACE('',(#439),#440,.F.);
#163=ADVANCED_FACE('',(#441),#442,.T.);
#164=ADVANCED_FACE('',(#443),#444,.T.);
#165=ADVANCED_FACE('',(#445),#446,.F.);
#166=ADVANCED_FACE('',(#447),#448,.T.);
#167=ADVANCED_FACE('',(#449),#450,.T.);
#168=ADVANCED_FACE('',(#451),#452,.F.);
#169=ADVANCED_FACE('',(#453),#454,.T.);
#170=ADVANCED_FACE('',(#455),#456,.F.);
#171=ADVANCED_FACE('',(#457),#458,.F.);
#172=ADVANCED_FACE('',(#459),#460,.F.);
#173=ADVANCED_FACE('',(#461),#462,.F.);
#174=ADVANCED_FACE('',(#463),#464,.F.);
#175=ADVANCED_FACE('',(#465),#466,.F.);
#176=ADVANCED_FACE('',(#467),#468,.F.);
#177=ADVANCED_FACE('',(#469),#470,.T.);
#178=ADVANCED_FACE('',(#471),#472,.T.);
#179=ADVANCED_FACE('',(#473),#474,.T.);
#180=ADVANCED_FACE('',(#475),#476,.F.);
#181=ADVANCED_FACE('',(#477),#478,.F.);
#182=ADVANCED_FACE('',(#479),#480,.F.);
#183=ADVANCED_FACE('',(#481),#482,.F.);
#184=ADVANCED_FACE('',(#483),#484,.F.);
#185=ADVANCED_FACE('',(#485),#486,.F.);
#186=ADVANCED_FACE('',(#487),#488,.F.);
#187=ADVANCED_FACE('',(#489),#490,.F.);
#188=ADVANCED_FACE('',(#491),#492,.T.);
#189=ADVANCED_FACE('',(#493),#494,.T.);
#190=ADVANCED_FACE('',(#495),#496,.T.);
#191=ADVANCED_FACE('',(#497),#498,.T.);
#192=ADVANCED_FACE('',(#499),#500,.T.);
#193=ADVANCED_FACE('',(#501),#502,.T.);
#194=ADVANCED_FACE('',(#503),#504,.F.);
#195=ADVANCED_FACE('',(#505),#506,.T.);
#196=ADVANCED_FACE('',(#507),#508,.T.);
#197=ADVANCED_FACE('',(#509),#510,.F.);
#198=ADVANCED_FACE('',(#511),#512,.F.);
#199=ADVANCED_FACE('',(#513),#514,.F.);
#200=ADVANCED_FACE('',(#515),#516,.T.);
#201=ADVANCED_FACE('',(#517),#518,.T.);
#202=ADVANCED_FACE('',(#519),#520,.T.);
#203=ADVANCED_FACE('',(#521),#522,.T.);
#204=ADVANCED_FACE('',(#523),#524,.T.);
#205=ADVANCED_FACE('',(#525),#526,.T.);
#206=ADVANCED_FACE('',(#527),#528,.F.);
#207=ADVANCED_FACE('',(#529),#530,.T.);
#208=ADVANCED_FACE('',(#531),#532,.T.);
#209=ADVANCED_FACE('',(#533),#534,.T.);
#210=ADVANCED_FACE('',(#535),#536,.T.);
#211=ADVANCED_FACE('',(#537),#538,.T.);
#212=ADVANCED_FACE('',(#539),#540,.T.);
#213=ADVANCED_FACE('',(#541),#542,.T.);
#214=ADVANCED_FACE('',(#543),#544,.T.);
#215=ADVANCED_FACE('',(#545),#546,.F.);
#216=ADVANCED_FACE('',(#547),#548,.T.);
#217=ADVANCED_FACE('',(#549),#550,.T.);
#218=ADVANCED_FACE('',(#551),#552,.T.);
#219=ADVANCED_FACE('',(#553),#554,.T.);
#220=ADVANCED_FACE('',(#555),#556,.T.);
#221=ADVANCED_FACE('',(#557),#558,.T.);
#222=ADVANCED_FACE('',(#559),#560,.F.);
#223=ADVANCED_FACE('',(#561),#562,.T.);
#224=COMPOSITE_CURVE_SEGMENT(.CONTINUOUS.,.T.,#563);
#225=COMPOSITE_CURVE_SEGMENT(.CONTINUOUS.,.T.,#564);
#226=COMPOSITE_CURVE_SEGMENT(.CONTINUOUS.,.T.,#565);
#227=COMPOSITE_CURVE_SEGMENT(.CONTINUOUS.,.T.,#566);
#228=COMPOSITE_CURVE_SEGMENT(.CONTINUOUS.,.T.,#567);
#229=COMPOSITE_CURVE_SEGMENT(.CONTINUOUS.,.T.,#568);
#230=COMPOSITE_CURVE_SEGMENT(.CONTINUOUS.,.T.,#569);
#231=COMPOSITE_CURVE_SEGMENT(.CONTINUOUS.,.T.,#570);
#232=COMPOSITE_CURVE_SEGMENT(.CONTINUOUS.,.T.,#571);
#233=COMPOSITE_CURVE_SEGMENT(.CONTINUOUS.,.T.,#572);
#234=COMPOSITE_CURVE_SEGMENT(.CONTINUOUS.,.T.,#573);
#235=COMPOSITE_CURVE_SEGMENT(.CONTINUOUS.,.T.,#574);
#237=FACE_OUTER_BOUND('',#575,.T.);
#238=CYLINDRICAL_SURFACE('',#576,0.4445);
#239=FACE_OUTER_BOUND('',#577,.T.);
#240=CYLINDRICAL_SURFACE('',#578,0.4445);
#241=FACE_OUTER_BOUND('',#579,.T.);
#242=CYLINDRICAL_SURFACE('',#580,0.4445);
#243=FACE_OUTER_BOUND('',#581,.T.);
#244=CYLINDRICAL_SURFACE('',#582,0.4445);
#245=FACE_OUTER_BOUND('',#583,.T.);
#246=FACE_BOUND('',#584,.T.);
#247=FACE_BOUND('',#585,.T.);
#248=FACE_BOUND('',#586,.T.);
#249=FACE_BOUND('',#587,.T.);
#250=PLANE('',#588);
#251=FACE_OUTER_BOUND('',#589,.T.);
#252=PLANE('',#590);
#253=FACE_OUTER_BOUND('',#591,.T.);
#254=PLANE('',#592);
#255=FACE_OUTER_BOUND('',#593,.T.);
#256=PLANE('',#594);
#257=FACE_OUTER_BOUND('',#595,.T.);
#258=PLANE('',#596);
#259=FACE_OUTER_BOUND('',#597,.T.);
#260=PLANE('',#598);
#261=FACE_OUTER_BOUND('',#599,.T.);
#262=PLANE('',#600);
#263=FACE_OUTER_BOUND('',#601,.T.);
#264=PLANE('',#602);
#265=FACE_OUTER_BOUND('',#603,.T.);
#266=PLANE('',#604);
#267=FACE_OUTER_BOUND('',#605,.T.);
#268=PLANE('',#606);
#269=FACE_OUTER_BOUND('',#607,.T.);
#270=PLANE('',#608);
#271=FACE_OUTER_BOUND('',#609,.T.);
#272=PLANE('',#610);
#273=FACE_OUTER_BOUND('',#611,.T.);
#274=PLANE('',#612);
#275=FACE_OUTER_BOUND('',#613,.T.);
#276=PLANE('',#614);
#277=FACE_OUTER_BOUND('',#615,.T.);
#278=FACE_BOUND('',#616,.T.);
#279=FACE_BOUND('',#617,.T.);
#280=FACE_BOUND('',#618,.T.);
#281=FACE_BOUND('',#619,.T.);
#282=PLANE('',#620);
#283=FACE_OUTER_BOUND('',#621,.T.);
#284=PLANE('',#622);
#285=FACE_OUTER_BOUND('',#623,.T.);
#286=PLANE('',#624);
#287=FACE_OUTER_BOUND('',#625,.T.);
#288=PLANE('',#626);
#289=FACE_OUTER_BOUND('',#627,.T.);
#290=PLANE('',#628);
#291=FACE_OUTER_BOUND('',#629,.T.);
#292=PLANE('',#630);
#293=FACE_OUTER_BOUND('',#631,.T.);
#294=PLANE('',#632);
#295=FACE_OUTER_BOUND('',#633,.T.);
#296=PLANE('',#634);
#297=FACE_OUTER_BOUND('',#635,.T.);
#298=PLANE('',#636);
#299=FACE_OUTER_BOUND('',#637,.T.);
#300=PLANE('',#638);
#301=FACE_OUTER_BOUND('',#639,.T.);
#302=PLANE('',#640);
#303=FACE_OUTER_BOUND('',#641,.T.);
#304=PLANE('',#642);
#305=FACE_OUTER_BOUND('',#643,.T.);
#306=PLANE('',#644);
#307=FACE_OUTER_BOUND('',#645,.T.);
#308=PLANE('',#646);
#309=FACE_OUTER_BOUND('',#647,.T.);
#310=PLANE('',#648);
#311=FACE_OUTER_BOUND('',#649,.T.);
#312=PLANE('',#650);
#313=FACE_OUTER_BOUND('',#651,.T.);
#314=CYLINDRICAL_SURFACE('',#652,1.016);
#315=FACE_OUTER_BOUND('',#653,.T.);
#316=PLANE('',#654);
#317=FACE_OUTER_BOUND('',#655,.T.);
#318=PLANE('',#656);
#319=FACE_OUTER_BOUND('',#657,.T.);
#320=PLANE('',#658);
#321=FACE_OUTER_BOUND('',#659,.T.);
#322=PLANE('',#660);
#323=FACE_OUTER_BOUND('',#661,.T.);
#324=PLANE('',#662);
#325=FACE_OUTER_BOUND('',#663,.T.);
#326=PLANE('',#664);
#327=FACE_OUTER_BOUND('',#665,.T.);
#328=PLANE('',#666);
#329=FACE_OUTER_BOUND('',#667,.T.);
#330=PLANE('',#668);
#331=FACE_OUTER_BOUND('',#669,.T.);
#332=PLANE('',#670);
#333=FACE_OUTER_BOUND('',#671,.T.);
#334=PLANE('',#672);
#335=FACE_OUTER_BOUND('',#673,.T.);
#336=PLANE('',#674);
#337=FACE_OUTER_BOUND('',#675,.T.);
#338=PLANE('',#676);
#339=FACE_OUTER_BOUND('',#677,.T.);
#340=PLANE('',#678);
#341=FACE_OUTER_BOUND('',#679,.T.);
#342=PLANE('',#680);
#343=FACE_OUTER_BOUND('',#681,.T.);
#344=CYLINDRICAL_SURFACE('',#682,1.016);
#345=FACE_OUTER_BOUND('',#683,.T.);
#346=PLANE('',#684);
#347=FACE_OUTER_BOUND('',#685,.T.);
#348=PLANE('',#686);
#349=FACE_OUTER_BOUND('',#687,.T.);
#350=PLANE('',#688);
#351=FACE_OUTER_BOUND('',#689,.T.);
#352=PLANE('',#690);
#353=FACE_OUTER_BOUND('',#691,.T.);
#354=PLANE('',#692);
#355=FACE_OUTER_BOUND('',#693,.T.);
#356=PLANE('',#694);
#357=FACE_OUTER_BOUND('',#695,.T.);
#358=PLANE('',#696);
#359=FACE_OUTER_BOUND('',#697,.T.);
#360=PLANE('',#698);
#361=FACE_OUTER_BOUND('',#699,.T.);
#362=PLANE('',#700);
#363=FACE_OUTER_BOUND('',#701,.T.);
#364=PLANE('',#702);
#365=FACE_OUTER_BOUND('',#703,.T.);
#366=PLANE('',#704);
#367=FACE_OUTER_BOUND('',#705,.T.);
#368=PLANE('',#706);
#369=FACE_OUTER_BOUND('',#707,.T.);
#370=PLANE('',#708);
#371=FACE_OUTER_BOUND('',#709,.T.);
#372=PLANE('',#710);
#373=FACE_OUTER_BOUND('',#711,.T.);
#374=PLANE('',#712);
#375=FACE_OUTER_BOUND('',#713,.T.);
#376=PLANE('',#714);
#377=FACE_OUTER_BOUND('',#715,.T.);
#378=PLANE('',#716);
#379=FACE_OUTER_BOUND('',#717,.T.);
#380=PLANE('',#718);
#381=FACE_OUTER_BOUND('',#719,.T.);
#382=PLANE('',#720);
#383=FACE_OUTER_BOUND('',#721,.T.);
#384=PLANE('',#722);
#385=FACE_OUTER_BOUND('',#723,.T.);
#386=PLANE('',#724);
#387=FACE_OUTER_BOUND('',#725,.T.);
#388=PLANE('',#726);
#389=FACE_OUTER_BOUND('',#727,.T.);
#390=PLANE('',#728);
#391=FACE_OUTER_BOUND('',#729,.T.);
#392=PLANE('',#730);
#393=FACE_OUTER_BOUND('',#731,.T.);
#394=PLANE('',#732);
#395=FACE_OUTER_BOUND('',#733,.T.);
#396=PLANE('',#734);
#397=FACE_OUTER_BOUND('',#735,.T.);
#398=PLANE('',#736);
#399=FACE_OUTER_BOUND('',#737,.T.);
#400=PLANE('',#738);
#401=FACE_OUTER_BOUND('',#739,.T.);
#402=PLANE('',#740);
#403=FACE_OUTER_BOUND('',#741,.T.);
#404=PLANE('',#742);
#405=FACE_OUTER_BOUND('',#743,.T.);
#406=PLANE('',#744);
#407=FACE_OUTER_BOUND('',#745,.T.);
#408=PLANE('',#746);
#409=FACE_OUTER_BOUND('',#747,.T.);
#410=PLANE('',#748);
#411=FACE_OUTER_BOUND('',#749,.T.);
#412=PLANE('',#750);
#413=FACE_OUTER_BOUND('',#751,.T.);
#414=PLANE('',#752);
#415=FACE_OUTER_BOUND('',#753,.T.);
#416=PLANE('',#754);
#417=FACE_OUTER_BOUND('',#755,.T.);
#418=PLANE('',#756);
#419=FACE_OUTER_BOUND('',#757,.T.);
#420=PLANE('',#758);
#421=FACE_OUTER_BOUND('',#759,.T.);
#422=PLANE('',#760);
#423=FACE_OUTER_BOUND('',#761,.T.);
#424=PLANE('',#762);
#425=FACE_OUTER_BOUND('',#763,.T.);
#426=PLANE('',#764);
#427=FACE_OUTER_BOUND('',#765,.T.);
#428=PLANE('',#766);
#429=FACE_OUTER_BOUND('',#767,.T.);
#430=PLANE('',#768);
#431=FACE_OUTER_BOUND('',#769,.T.);
#432=PLANE('',#770);
#433=FACE_OUTER_BOUND('',#771,.T.);
#434=PLANE('',#772);
#435=FACE_OUTER_BOUND('',#773,.T.);
#436=PLANE('',#774);
#437=FACE_OUTER_BOUND('',#775,.T.);
#438=PLANE('',#776);
#439=FACE_OUTER_BOUND('',#777,.T.);
#440=PLANE('',#778);
#441=FACE_OUTER_BOUND('',#779,.T.);
#442=PLANE('',#780);
#443=FACE_OUTER_BOUND('',#781,.T.);
#444=PLANE('',#782);
#445=FACE_OUTER_BOUND('',#783,.T.);
#446=PLANE('',#784);
#447=FACE_OUTER_BOUND('',#785,.T.);
#448=PLANE('',#786);
#449=FACE_OUTER_BOUND('',#787,.T.);
#450=PLANE('',#788);
#451=FACE_OUTER_BOUND('',#789,.T.);
#452=PLANE('',#790);
#453=FACE_OUTER_BOUND('',#791,.T.);
#454=PLANE('',#792);
#455=FACE_OUTER_BOUND('',#793,.T.);
#456=CYLINDRICAL_SURFACE('',#794,0.4445);
#457=FACE_OUTER_BOUND('',#795,.T.);
#458=PLANE('',#796);
#459=FACE_OUTER_BOUND('',#797,.T.);
#460=PLANE('',#798);
#461=FACE_OUTER_BOUND('',#799,.T.);
#462=PLANE('',#800);
#463=FACE_OUTER_BOUND('',#801,.T.);
#464=PLANE('',#802);
#465=FACE_OUTER_BOUND('',#803,.T.);
#466=PLANE('',#804);
#467=FACE_OUTER_BOUND('',#805,.T.);
#468=PLANE('',#806);
#469=FACE_OUTER_BOUND('',#807,.T.);
#470=PLANE('',#808);
#471=FACE_OUTER_BOUND('',#809,.T.);
#472=PLANE('',#810);
#473=FACE_OUTER_BOUND('',#811,.T.);
#474=PLANE('',#812);
#475=FACE_OUTER_BOUND('',#813,.T.);
#476=PLANE('',#814);
#477=FACE_OUTER_BOUND('',#815,.T.);
#478=PLANE('',#816);
#479=FACE_OUTER_BOUND('',#817,.T.);
#480=CYLINDRICAL_SURFACE('',#818,0.4445);
#481=FACE_OUTER_BOUND('',#819,.T.);
#482=PLANE('',#820);
#483=FACE_OUTER_BOUND('',#821,.T.);
#484=PLANE('',#822);
#485=FACE_OUTER_BOUND('',#823,.T.);
#486=PLANE('',#824);
#487=FACE_OUTER_BOUND('',#825,.T.);
#488=PLANE('',#826);
#489=FACE_OUTER_BOUND('',#827,.T.);
#490=PLANE('',#828);
#491=FACE_OUTER_BOUND('',#829,.T.);
#492=PLANE('',#830);
#493=FACE_OUTER_BOUND('',#831,.T.);
#494=PLANE('',#832);
#495=FACE_OUTER_BOUND('',#833,.T.);
#496=PLANE('',#834);
#497=FACE_OUTER_BOUND('',#835,.T.);
#498=PLANE('',#836);
#499=FACE_OUTER_BOUND('',#837,.T.);
#500=PLANE('',#838);
#501=FACE_OUTER_BOUND('',#839,.T.);
#502=PLANE('',#840);
#503=FACE_OUTER_BOUND('',#841,.T.);
#504=PLANE('',#842);
#505=FACE_OUTER_BOUND('',#843,.T.);
#506=PLANE('',#844);
#507=FACE_OUTER_BOUND('',#845,.T.);
#508=PLANE('',#846);
#509=FACE_OUTER_BOUND('',#847,.T.);
#510=PLANE('',#848);
#511=FACE_OUTER_BOUND('',#849,.T.);
#512=PLANE('',#850);
#513=FACE_OUTER_BOUND('',#851,.T.);
#514=PLANE('',#852);
#515=FACE_OUTER_BOUND('',#853,.T.);
#516=PLANE('',#854);
#517=FACE_OUTER_BOUND('',#855,.T.);
#518=PLANE('',#856);
#519=FACE_OUTER_BOUND('',#857,.T.);
#520=PLANE('',#858);
#521=FACE_OUTER_BOUND('',#859,.T.);
#522=PLANE('',#860);
#523=FACE_OUTER_BOUND('',#861,.T.);
#524=PLANE('',#862);
#525=FACE_OUTER_BOUND('',#863,.T.);
#526=PLANE('',#864);
#527=FACE_OUTER_BOUND('',#865,.T.);
#528=CYLINDRICAL_SURFACE('',#866,0.4445);
#529=FACE_OUTER_BOUND('',#867,.T.);
#530=PLANE('',#868);
#531=FACE_OUTER_BOUND('',#869,.T.);
#532=PLANE('',#870);
#533=FACE_OUTER_BOUND('',#871,.T.);
#534=PLANE('',#872);
#535=FACE_OUTER_BOUND('',#873,.T.);
#536=PLANE('',#874);
#537=FACE_OUTER_BOUND('',#875,.T.);
#538=PLANE('',#876);
#539=FACE_OUTER_BOUND('',#877,.T.);
#540=PLANE('',#878);
#541=FACE_OUTER_BOUND('',#879,.T.);
#542=PLANE('',#880);
#543=FACE_OUTER_BOUND('',#881,.T.);
#544=PLANE('',#882);
#545=FACE_OUTER_BOUND('',#883,.T.);
#546=CYLINDRICAL_SURFACE('',#884,0.4445);
#547=FACE_OUTER_BOUND('',#885,.T.);
#548=PLANE('',#886);
#549=FACE_OUTER_BOUND('',#887,.T.);
#550=PLANE('',#888);
#551=FACE_OUTER_BOUND('',#889,.T.);
#552=PLANE('',#890);
#553=FACE_OUTER_BOUND('',#891,.T.);
#554=PLANE('',#892);
#555=FACE_OUTER_BOUND('',#893,.T.);
#556=PLANE('',#894);
#557=FACE_OUTER_BOUND('',#895,.T.);
#558=PLANE('',#896);
#559=FACE_OUTER_BOUND('',#897,.T.);
#560=PLANE('',#898);
#561=FACE_OUTER_BOUND('',#899,.T.);
#562=PLANE('',#900);
#563=TRIMMED_CURVE('',#901,(PARAMETER_VALUE(0.0)),(PARAMETER_VALUE(3.1415926535892)),.T.,.UNSPECIFIED.);
#564=TRIMMED_CURVE('',#902,(PARAMETER_VALUE(0.0)),(PARAMETER_VALUE(3.1415926535892)),.T.,.UNSPECIFIED.);
#565=TRIMMED_CURVE('',#903,(PARAMETER_VALUE(0.0)),(PARAMETER_VALUE(3.1415926535892)),.T.,.UNSPECIFIED.);
#566=TRIMMED_CURVE('',#904,(PARAMETER_VALUE(0.0)),(PARAMETER_VALUE(3.1415926535892)),.T.,.UNSPECIFIED.);
#567=TRIMMED_CURVE('',#905,(PARAMETER_VALUE(0.0)),(PARAMETER_VALUE(3.1415926535892)),.T.,.UNSPECIFIED.);
#568=TRIMMED_CURVE('',#906,(PARAMETER_VALUE(0.0)),(PARAMETER_VALUE(3.1415926535892)),.T.,.UNSPECIFIED.);
#569=TRIMMED_CURVE('',#907,(PARAMETER_VALUE(0.0)),(PARAMETER_VALUE(3.1415926535892)),.T.,.UNSPECIFIED.);
#570=TRIMMED_CURVE('',#908,(PARAMETER_VALUE(0.0)),(PARAMETER_VALUE(3.1415926535892)),.T.,.UNSPECIFIED.);
#571=TRIMMED_CURVE('',#909,(PARAMETER_VALUE(0.0)),(PARAMETER_VALUE(3.1415926535892)),.T.,.UNSPECIFIED.);
#572=TRIMMED_CURVE('',#910,(PARAMETER_VALUE(0.0)),(PARAMETER_VALUE(3.1415926535892)),.T.,.UNSPECIFIED.);
#573=TRIMMED_CURVE('',#911,(PARAMETER_VALUE(0.0)),(PARAMETER_VALUE(3.1415926535892)),.T.,.UNSPECIFIED.);
#574=TRIMMED_CURVE('',#912,(PARAMETER_VALUE(0.0)),(PARAMETER_VALUE(3.1415926535892)),.T.,.UNSPECIFIED.);
#575=EDGE_LOOP('',(#913,#914,#915,#916));
#576=AXIS2_PLACEMENT_3D('',#917,#918,#919);
#577=EDGE_LOOP('',(#920,#921,#922,#923));
#578=AXIS2_PLACEMENT_3D('',#924,#925,#926);
#579=EDGE_LOOP('',(#927,#928,#929,#930));
#580=AXIS2_PLACEMENT_3D('',#931,#932,#933);
#581=EDGE_LOOP('',(#934,#935,#936,#937));
#582=AXIS2_PLACEMENT_3D('',#938,#939,#940);
#583=EDGE_LOOP('',(#941,#942,#943,#944));
#584=EDGE_LOOP('',(#945,#946,#947,#948));
#585=EDGE_LOOP('',(#949,#950,#951,#952));
#586=EDGE_LOOP('',(#953,#954,#955,#956));
#587=EDGE_LOOP('',(#957,#958,#959,#960));
#588=AXIS2_PLACEMENT_3D('',#961,#962,#963);
#589=EDGE_LOOP('',(#964,#965,#966,#967,#968,#969,#970,#971,#972,#973,#974,#975,#976));
#590=AXIS2_PLACEMENT_3D('',#977,#978,#979);
#591=EDGE_LOOP('',(#980,#981,#982,#983,#984,#985,#986,#987,#988,#989,#990,#991,#992));
#592=AXIS2_PLACEMENT_3D('',#993,#994,#995);
#593=EDGE_LOOP('',(#996,#997,#998,#999));
#594=AXIS2_PLACEMENT_3D('',#1000,#1001,#1002);
#595=EDGE_LOOP('',(#1003,#1004,#1005,#1006,#1007,#1008,#1009,#1010,#1011,#1012,#1013,#1014,#1015,#1016,#1017,#1018,#1019,#1020,#1021,#1022,#1023,#1024,#1025));
#596=AXIS2_PLACEMENT_3D('',#1026,#1027,#1028);
#597=EDGE_LOOP('',(#1029,#1030,#1031,#1032));
#598=AXIS2_PLACEMENT_3D('',#1033,#1034,#1035);
#599=EDGE_LOOP('',(#1036,#1037,#1038,#1039));
#600=AXIS2_PLACEMENT_3D('',#1040,#1041,#1042);
#601=EDGE_LOOP('',(#1043,#1044,#1045,#1046,#1047,#1048,#1049,#1050,#1051,#1052,#1053,#1054,#1055,#1056,#1057,#1058,#1059,#1060,#1061,#1062,#1063,#1064,#1065,#1066));
#602=AXIS2_PLACEMENT_3D('',#1067,#1068,#1069);
#603=EDGE_LOOP('',(#1070,#1071,#1072,#1073,#1074));
#604=AXIS2_PLACEMENT_3D('',#1075,#1076,#1077);
#605=EDGE_LOOP('',(#1078,#1079,#1080,#1081));
#606=AXIS2_PLACEMENT_3D('',#1082,#1083,#1084);
#607=EDGE_LOOP('',(#1085,#1086,#1087,#1088));
#608=AXIS2_PLACEMENT_3D('',#1089,#1090,#1091);
#609=EDGE_LOOP('',(#1092,#1093,#1094,#1095));
#610=AXIS2_PLACEMENT_3D('',#1096,#1097,#1098);
#611=EDGE_LOOP('',(#1099,#1100,#1101,#1102,#1103));
#612=AXIS2_PLACEMENT_3D('',#1104,#1105,#1106);
#613=EDGE_LOOP('',(#1107,#1108,#1109,#1110,#1111,#1112,#1113,#1114,#1115,#1116,#1117,#1118,#1119,#1120,#1121,#1122,#1123,#1124));
#614=AXIS2_PLACEMENT_3D('',#1125,#1126,#1127);
#615=EDGE_LOOP('',(#1128,#1129,#1130,#1131,#1132,#1133,#1134,#1135,#1136,#1137,#1138,#1139,#1140,#1141,#1142,#1143));
#616=EDGE_LOOP('',(#1144,#1145,#1146,#1147));
#617=EDGE_LOOP('',(#1148,#1149,#1150,#1151));
#618=EDGE_LOOP('',(#1152,#1153,#1154,#1155));
#619=EDGE_LOOP('',(#1156,#1157,#1158,#1159));
#620=AXIS2_PLACEMENT_3D('',#1160,#1161,#1162);
#621=EDGE_LOOP('',(#1163,#1164,#1165,#1166));
#622=AXIS2_PLACEMENT_3D('',#1167,#1168,#1169);
#623=EDGE_LOOP('',(#1170,#1171,#1172,#1173));
#624=AXIS2_PLACEMENT_3D('',#1174,#1175,#1176);
#625=EDGE_LOOP('',(#1177,#1178,#1179,#1180));
#626=AXIS2_PLACEMENT_3D('',#1181,#1182,#1183);
#627=EDGE_LOOP('',(#1184,#1185,#1186,#1187,#1188));
#628=AXIS2_PLACEMENT_3D('',#1189,#1190,#1191);
#629=EDGE_LOOP('',(#1192,#1193,#1194,#1195));
#630=AXIS2_PLACEMENT_3D('',#1196,#1197,#1198);
#631=EDGE_LOOP('',(#1199,#1200,#1201,#1202,#1203,#1204));
#632=AXIS2_PLACEMENT_3D('',#1205,#1206,#1207);
#633=EDGE_LOOP('',(#1208,#1209,#1210,#1211,#1212));
#634=AXIS2_PLACEMENT_3D('',#1213,#1214,#1215);
#635=EDGE_LOOP('',(#1216,#1217,#1218,#1219));
#636=AXIS2_PLACEMENT_3D('',#1220,#1221,#1222);
#637=EDGE_LOOP('',(#1223,#1224,#1225,#1226));
#638=AXIS2_PLACEMENT_3D('',#1227,#1228,#1229);
#639=EDGE_LOOP('',(#1230,#1231,#1232,#1233));
#640=AXIS2_PLACEMENT_3D('',#1234,#1235,#1236);
#641=EDGE_LOOP('',(#1237,#1238,#1239,#1240,#1241,#1242));
#642=AXIS2_PLACEMENT_3D('',#1243,#1244,#1245);
#643=EDGE_LOOP('',(#1246,#1247,#1248,#1249,#1250,#1251));
#644=AXIS2_PLACEMENT_3D('',#1252,#1253,#1254);
#645=EDGE_LOOP('',(#1255,#1256,#1257,#1258,#1259,#1260));
#646=AXIS2_PLACEMENT_3D('',#1261,#1262,#1263);
#647=EDGE_LOOP('',(#1264,#1265,#1266,#1267));
#648=AXIS2_PLACEMENT_3D('',#1268,#1269,#1270);
#649=EDGE_LOOP('',(#1271,#1272,#1273,#1274,#1275,#1276,#1277,#1278,#1279,#1280));
#650=AXIS2_PLACEMENT_3D('',#1281,#1282,#1283);
#651=EDGE_LOOP('',(#1284,#1285,#1286,#1287));
#652=AXIS2_PLACEMENT_3D('',#1288,#1289,#1290);
#653=EDGE_LOOP('',(#1291,#1292,#1293,#1294,#1295,#1296,#1297,#1298,#1299,#1300));
#654=AXIS2_PLACEMENT_3D('',#1301,#1302,#1303);
#655=EDGE_LOOP('',(#1304,#1305,#1306,#1307,#1308,#1309));
#656=AXIS2_PLACEMENT_3D('',#1310,#1311,#1312);
#657=EDGE_LOOP('',(#1313,#1314,#1315,#1316));
#658=AXIS2_PLACEMENT_3D('',#1317,#1318,#1319);
#659=EDGE_LOOP('',(#1320,#1321,#1322,#1323,#1324));
#660=AXIS2_PLACEMENT_3D('',#1325,#1326,#1327);
#661=EDGE_LOOP('',(#1328,#1329,#1330,#1331,#1332,#1333));
#662=AXIS2_PLACEMENT_3D('',#1334,#1335,#1336);
#663=EDGE_LOOP('',(#1337,#1338,#1339,#1340));
#664=AXIS2_PLACEMENT_3D('',#1341,#1342,#1343);
#665=EDGE_LOOP('',(#1344,#1345,#1346,#1347));
#666=AXIS2_PLACEMENT_3D('',#1348,#1349,#1350);
#667=EDGE_LOOP('',(#1351,#1352,#1353,#1354));
#668=AXIS2_PLACEMENT_3D('',#1355,#1356,#1357);
#669=EDGE_LOOP('',(#1358,#1359,#1360,#1361));
#670=AXIS2_PLACEMENT_3D('',#1362,#1363,#1364);
#671=EDGE_LOOP('',(#1365,#1366,#1367,#1368));
#672=AXIS2_PLACEMENT_3D('',#1369,#1370,#1371);
#673=EDGE_LOOP('',(#1372,#1373,#1374,#1375));
#674=AXIS2_PLACEMENT_3D('',#1376,#1377,#1378);
#675=EDGE_LOOP('',(#1379,#1380,#1381,#1382));
#676=AXIS2_PLACEMENT_3D('',#1383,#1384,#1385);
#677=EDGE_LOOP('',(#1386,#1387,#1388,#1389));
#678=AXIS2_PLACEMENT_3D('',#1390,#1391,#1392);
#679=EDGE_LOOP('',(#1393,#1394,#1395,#1396));
#680=AXIS2_PLACEMENT_3D('',#1397,#1398,#1399);
#681=EDGE_LOOP('',(#1400,#1401,#1402,#1403));
#682=AXIS2_PLACEMENT_3D('',#1404,#1405,#1406);
#683=EDGE_LOOP('',(#1407,#1408,#1409,#1410));
#684=AXIS2_PLACEMENT_3D('',#1411,#1412,#1413);
#685=EDGE_LOOP('',(#1414,#1415,#1416,#1417));
#686=AXIS2_PLACEMENT_3D('',#1418,#1419,#1420);
#687=EDGE_LOOP('',(#1421,#1422,#1423,#1424));
#688=AXIS2_PLACEMENT_3D('',#1425,#1426,#1427);
#689=EDGE_LOOP('',(#1428,#1429,#1430,#1431,#1432));
#690=AXIS2_PLACEMENT_3D('',#1433,#1434,#1435);
#691=EDGE_LOOP('',(#1436,#1437,#1438,#1439));
#692=AXIS2_PLACEMENT_3D('',#1440,#1441,#1442);
#693=EDGE_LOOP('',(#1443,#1444,#1445,#1446));
#694=AXIS2_PLACEMENT_3D('',#1447,#1448,#1449);
#695=EDGE_LOOP('',(#1450,#1451,#1452,#1453));
#696=AXIS2_PLACEMENT_3D('',#1454,#1455,#1456);
#697=EDGE_LOOP('',(#1457,#1458,#1459,#1460));
#698=AXIS2_PLACEMENT_3D('',#1461,#1462,#1463);
#699=EDGE_LOOP('',(#1464,#1465,#1466,#1467));
#700=AXIS2_PLACEMENT_3D('',#1468,#1469,#1470);
#701=EDGE_LOOP('',(#1471,#1472,#1473,#1474));
#702=AXIS2_PLACEMENT_3D('',#1475,#1476,#1477);
#703=EDGE_LOOP('',(#1478,#1479,#1480,#1481));
#704=AXIS2_PLACEMENT_3D('',#1482,#1483,#1484);
#705=EDGE_LOOP('',(#1485,#1486,#1487,#1488));
#706=AXIS2_PLACEMENT_3D('',#1489,#1490,#1491);
#707=EDGE_LOOP('',(#1492,#1493,#1494,#1495));
#708=AXIS2_PLACEMENT_3D('',#1496,#1497,#1498);
#709=EDGE_LOOP('',(#1499,#1500,#1501,#1502));
#710=AXIS2_PLACEMENT_3D('',#1503,#1504,#1505);
#711=EDGE_LOOP('',(#1506,#1507,#1508,#1509));
#712=AXIS2_PLACEMENT_3D('',#1510,#1511,#1512);
#713=EDGE_LOOP('',(#1513,#1514,#1515,#1516));
#714=AXIS2_PLACEMENT_3D('',#1517,#1518,#1519);
#715=EDGE_LOOP('',(#1520,#1521,#1522,#1523));
#716=AXIS2_PLACEMENT_3D('',#1524,#1525,#1526);
#717=EDGE_LOOP('',(#1527,#1528,#1529,#1530));
#718=AXIS2_PLACEMENT_3D('',#1531,#1532,#1533);
#719=EDGE_LOOP('',(#1534,#1535,#1536,#1537));
#720=AXIS2_PLACEMENT_3D('',#1538,#1539,#1540);
#721=EDGE_LOOP('',(#1541,#1542,#1543,#1544));
#722=AXIS2_PLACEMENT_3D('',#1545,#1546,#1547);
#723=EDGE_LOOP('',(#1548,#1549,#1550,#1551));
#724=AXIS2_PLACEMENT_3D('',#1552,#1553,#1554);
#725=EDGE_LOOP('',(#1555,#1556,#1557,#1558));
#726=AXIS2_PLACEMENT_3D('',#1559,#1560,#1561);
#727=EDGE_LOOP('',(#1562,#1563,#1564,#1565));
#728=AXIS2_PLACEMENT_3D('',#1566,#1567,#1568);
#729=EDGE_LOOP('',(#1569,#1570,#1571,#1572));
#730=AXIS2_PLACEMENT_3D('',#1573,#1574,#1575);
#731=EDGE_LOOP('',(#1576,#1577,#1578,#1579));
#732=AXIS2_PLACEMENT_3D('',#1580,#1581,#1582);
#733=EDGE_LOOP('',(#1583,#1584,#1585,#1586));
#734=AXIS2_PLACEMENT_3D('',#1587,#1588,#1589);
#735=EDGE_LOOP('',(#1590,#1591,#1592,#1593));
#736=AXIS2_PLACEMENT_3D('',#1594,#1595,#1596);
#737=EDGE_LOOP('',(#1597,#1598,#1599,#1600));
#738=AXIS2_PLACEMENT_3D('',#1601,#1602,#1603);
#739=EDGE_LOOP('',(#1604,#1605,#1606,#1607));
#740=AXIS2_PLACEMENT_3D('',#1608,#1609,#1610);
#741=EDGE_LOOP('',(#1611,#1612,#1613,#1614));
#742=AXIS2_PLACEMENT_3D('',#1615,#1616,#1617);
#743=EDGE_LOOP('',(#1618,#1619,#1620,#1621));
#744=AXIS2_PLACEMENT_3D('',#1622,#1623,#1624);
#745=EDGE_LOOP('',(#1625,#1626,#1627,#1628));
#746=AXIS2_PLACEMENT_3D('',#1629,#1630,#1631);
#747=EDGE_LOOP('',(#1632,#1633,#1634,#1635));
#748=AXIS2_PLACEMENT_3D('',#1636,#1637,#1638);
#749=EDGE_LOOP('',(#1639,#1640,#1641,#1642));
#750=AXIS2_PLACEMENT_3D('',#1643,#1644,#1645);
#751=EDGE_LOOP('',(#1646,#1647,#1648,#1649));
#752=AXIS2_PLACEMENT_3D('',#1650,#1651,#1652);
#753=EDGE_LOOP('',(#1653,#1654,#1655,#1656));
#754=AXIS2_PLACEMENT_3D('',#1657,#1658,#1659);
#755=EDGE_LOOP('',(#1660,#1661,#1662,#1663));
#756=AXIS2_PLACEMENT_3D('',#1664,#1665,#1666);
#757=EDGE_LOOP('',(#1667,#1668,#1669,#1670));
#758=AXIS2_PLACEMENT_3D('',#1671,#1672,#1673);
#759=EDGE_LOOP('',(#1674,#1675,#1676,#1677));
#760=AXIS2_PLACEMENT_3D('',#1678,#1679,#1680);
#761=EDGE_LOOP('',(#1681,#1682,#1683,#1684));
#762=AXIS2_PLACEMENT_3D('',#1685,#1686,#1687);
#763=EDGE_LOOP('',(#1688,#1689,#1690,#1691));
#764=AXIS2_PLACEMENT_3D('',#1692,#1693,#1694);
#765=EDGE_LOOP('',(#1695,#1696,#1697,#1698));
#766=AXIS2_PLACEMENT_3D('',#1699,#1700,#1701);
#767=EDGE_LOOP('',(#1702,#1703,#1704,#1705));
#768=AXIS2_PLACEMENT_3D('',#1706,#1707,#1708);
#769=EDGE_LOOP('',(#1709,#1710,#1711,#1712));
#770=AXIS2_PLACEMENT_3D('',#1713,#1714,#1715);
#771=EDGE_LOOP('',(#1716,#1717,#1718,#1719,#1720,#1721,#1722,#1723,#1724,#1725,#1726,#1727));
#772=AXIS2_PLACEMENT_3D('',#1728,#1729,#1730);
#773=EDGE_LOOP('',(#1731,#1732,#1733,#1734));
#774=AXIS2_PLACEMENT_3D('',#1735,#1736,#1737);
#775=EDGE_LOOP('',(#1738,#1739,#1740,#1741));
#776=AXIS2_PLACEMENT_3D('',#1742,#1743,#1744);
#777=EDGE_LOOP('',(#1745,#1746,#1747,#1748,#1749,#1750,#1751));
#778=AXIS2_PLACEMENT_3D('',#1752,#1753,#1754);
#779=EDGE_LOOP('',(#1755,#1756,#1757,#1758,#1759,#1760,#1761,#1762));
#780=AXIS2_PLACEMENT_3D('',#1763,#1764,#1765);
#781=EDGE_LOOP('',(#1766,#1767,#1768,#1769,#1770,#1771,#1772,#1773));
#782=AXIS2_PLACEMENT_3D('',#1774,#1775,#1776);
#783=EDGE_LOOP('',(#1777,#1778,#1779,#1780));
#784=AXIS2_PLACEMENT_3D('',#1781,#1782,#1783);
#785=EDGE_LOOP('',(#1784,#1785,#1786,#1787));
#786=AXIS2_PLACEMENT_3D('',#1788,#1789,#1790);
#787=EDGE_LOOP('',(#1791,#1792,#1793,#1794));
#788=AXIS2_PLACEMENT_3D('',#1795,#1796,#1797);
#789=EDGE_LOOP('',(#1798,#1799,#1800,#1801));
#790=AXIS2_PLACEMENT_3D('',#1802,#1803,#1804);
#791=EDGE_LOOP('',(#1805,#1806,#1807,#1808,#1809,#1810,#1811,#1812,#1813,#1814,#1815,#1816,#1817,#1818,#1819,#1820,#1821,#1822,#1823,#1824));
#792=AXIS2_PLACEMENT_3D('',#1825,#1826,#1827);
#793=EDGE_LOOP('',(#1828,#1829,#1830,#1831));
#794=AXIS2_PLACEMENT_3D('',#1832,#1833,#1834);
#795=EDGE_LOOP('',(#1835,#1836,#1837,#1838));
#796=AXIS2_PLACEMENT_3D('',#1839,#1840,#1841);
#797=EDGE_LOOP('',(#1842,#1843,#1844,#1845));
#798=AXIS2_PLACEMENT_3D('',#1846,#1847,#1848);
#799=EDGE_LOOP('',(#1849,#1850,#1851,#1852));
#800=AXIS2_PLACEMENT_3D('',#1853,#1854,#1855);
#801=EDGE_LOOP('',(#1856,#1857,#1858,#1859));
#802=AXIS2_PLACEMENT_3D('',#1860,#1861,#1862);
#803=EDGE_LOOP('',(#1863,#1864,#1865,#1866));
#804=AXIS2_PLACEMENT_3D('',#1867,#1868,#1869);
#805=EDGE_LOOP('',(#1870,#1871,#1872,#1873,#1874,#1875,#1876));
#806=AXIS2_PLACEMENT_3D('',#1877,#1878,#1879);
#807=EDGE_LOOP('',(#1880,#1881,#1882,#1883,#1884));
#808=AXIS2_PLACEMENT_3D('',#1885,#1886,#1887);
#809=EDGE_LOOP('',(#1888,#1889,#1890,#1891));
#810=AXIS2_PLACEMENT_3D('',#1892,#1893,#1894);
#811=EDGE_LOOP('',(#1895,#1896,#1897,#1898));
#812=AXIS2_PLACEMENT_3D('',#1899,#1900,#1901);
#813=EDGE_LOOP('',(#1902,#1903,#1904,#1905));
#814=AXIS2_PLACEMENT_3D('',#1906,#1907,#1908);
#815=EDGE_LOOP('',(#1909,#1910,#1911,#1912,#1913));
#816=AXIS2_PLACEMENT_3D('',#1914,#1915,#1916);
#817=EDGE_LOOP('',(#1917,#1918,#1919,#1920));
#818=AXIS2_PLACEMENT_3D('',#1921,#1922,#1923);
#819=EDGE_LOOP('',(#1924,#1925,#1926,#1927,#1928));
#820=AXIS2_PLACEMENT_3D('',#1929,#1930,#1931);
#821=EDGE_LOOP('',(#1932,#1933,#1934,#1935));
#822=AXIS2_PLACEMENT_3D('',#1936,#1937,#1938);
#823=EDGE_LOOP('',(#1939,#1940,#1941,#1942));
#824=AXIS2_PLACEMENT_3D('',#1943,#1944,#1945);
#825=EDGE_LOOP('',(#1946,#1947,#1948,#1949));
#826=AXIS2_PLACEMENT_3D('',#1950,#1951,#1952);
#827=EDGE_LOOP('',(#1953,#1954,#1955,#1956));
#828=AXIS2_PLACEMENT_3D('',#1957,#1958,#1959);
#829=EDGE_LOOP('',(#1960,#1961,#1962,#1963));
#830=AXIS2_PLACEMENT_3D('',#1964,#1965,#1966);
#831=EDGE_LOOP('',(#1967,#1968,#1969,#1970,#1971,#1972,#1973,#1974));
#832=AXIS2_PLACEMENT_3D('',#1975,#1976,#1977);
#833=EDGE_LOOP('',(#1978,#1979,#1980,#1981,#1982,#1983,#1984,#1985));
#834=AXIS2_PLACEMENT_3D('',#1986,#1987,#1988);
#835=EDGE_LOOP('',(#1989,#1990,#1991,#1992));
#836=AXIS2_PLACEMENT_3D('',#1993,#1994,#1995);
#837=EDGE_LOOP('',(#1996,#1997,#1998,#1999));
#838=AXIS2_PLACEMENT_3D('',#2000,#2001,#2002);
#839=EDGE_LOOP('',(#2003,#2004,#2005,#2006));
#840=AXIS2_PLACEMENT_3D('',#2007,#2008,#2009);
#841=EDGE_LOOP('',(#2010,#2011,#2012,#2013));
#842=AXIS2_PLACEMENT_3D('',#2014,#2015,#2016);
#843=EDGE_LOOP('',(#2017,#2018,#2019,#2020));
#844=AXIS2_PLACEMENT_3D('',#2021,#2022,#2023);
#845=EDGE_LOOP('',(#2024,#2025,#2026,#2027,#2028,#2029,#2030));
#846=AXIS2_PLACEMENT_3D('',#2031,#2032,#2033);
#847=EDGE_LOOP('',(#2034,#2035,#2036,#2037,#2038));
#848=AXIS2_PLACEMENT_3D('',#2039,#2040,#2041);
#849=EDGE_LOOP('',(#2042,#2043,#2044,#2045));
#850=AXIS2_PLACEMENT_3D('',#2046,#2047,#2048);
#851=EDGE_LOOP('',(#2049,#2050,#2051,#2052));
#852=AXIS2_PLACEMENT_3D('',#2053,#2054,#2055);
#853=EDGE_LOOP('',(#2056,#2057,#2058,#2059));
#854=AXIS2_PLACEMENT_3D('',#2060,#2061,#2062);
#855=EDGE_LOOP('',(#2063,#2064,#2065,#2066,#2067,#2068,#2069,#2070,#2071,#2072,#2073,#2074));
#856=AXIS2_PLACEMENT_3D('',#2075,#2076,#2077);
#857=EDGE_LOOP('',(#2078,#2079,#2080,#2081));
#858=AXIS2_PLACEMENT_3D('',#2082,#2083,#2084);
#859=EDGE_LOOP('',(#2085,#2086,#2087,#2088));
#860=AXIS2_PLACEMENT_3D('',#2089,#2090,#2091);
#861=EDGE_LOOP('',(#2092,#2093,#2094,#2095,#2096));
#862=AXIS2_PLACEMENT_3D('',#2097,#2098,#2099);
#863=EDGE_LOOP('',(#2100,#2101,#2102,#2103,#2104,#2105,#2106,#2107,#2108,#2109,#2110,#2111,#2112,#2113,#2114,#2115,#2116,#2117,#2118,#2119));
#864=AXIS2_PLACEMENT_3D('',#2120,#2121,#2122);
#865=EDGE_LOOP('',(#2123,#2124,#2125,#2126));
#866=AXIS2_PLACEMENT_3D('',#2127,#2128,#2129);
#867=EDGE_LOOP('',(#2130,#2131,#2132,#2133,#2134));
#868=AXIS2_PLACEMENT_3D('',#2135,#2136,#2137);
#869=EDGE_LOOP('',(#2138,#2139,#2140,#2141,#2142,#2143,#2144));
#870=AXIS2_PLACEMENT_3D('',#2145,#2146,#2147);
#871=EDGE_LOOP('',(#2148,#2149,#2150,#2151));
#872=AXIS2_PLACEMENT_3D('',#2152,#2153,#2154);
#873=EDGE_LOOP('',(#2155,#2156,#2157,#2158));
#874=AXIS2_PLACEMENT_3D('',#2159,#2160,#2161);
#875=EDGE_LOOP('',(#2162,#2163,#2164,#2165));
#876=AXIS2_PLACEMENT_3D('',#2166,#2167,#2168);
#877=EDGE_LOOP('',(#2169,#2170,#2171,#2172));
#878=AXIS2_PLACEMENT_3D('',#2173,#2174,#2175);
#879=EDGE_LOOP('',(#2176,#2177,#2178,#2179));
#880=AXIS2_PLACEMENT_3D('',#2180,#2181,#2182);
#881=EDGE_LOOP('',(#2183,#2184,#2185,#2186));
#882=AXIS2_PLACEMENT_3D('',#2187,#2188,#2189);
#883=EDGE_LOOP('',(#2190,#2191,#2192,#2193));
#884=AXIS2_PLACEMENT_3D('',#2194,#2195,#2196);
#885=EDGE_LOOP('',(#2197,#2198,#2199,#2200));
#886=AXIS2_PLACEMENT_3D('',#2201,#2202,#2203);
#887=EDGE_LOOP('',(#2204,#2205,#2206,#2207));
#888=AXIS2_PLACEMENT_3D('',#2208,#2209,#2210);
#889=EDGE_LOOP('',(#2211,#2212,#2213,#2214));
#890=AXIS2_PLACEMENT_3D('',#2215,#2216,#2217);
#891=EDGE_LOOP('',(#2218,#2219,#2220,#2221));
#892=AXIS2_PLACEMENT_3D('',#2222,#2223,#2224);
#893=EDGE_LOOP('',(#2225,#2226,#2227,#2228));
#894=AXIS2_PLACEMENT_3D('',#2229,#2230,#2231);
#895=EDGE_LOOP('',(#2232,#2233,#2234,#2235));
#896=AXIS2_PLACEMENT_3D('',#2236,#2237,#2238);
#897=EDGE_LOOP('',(#2239,#2240,#2241,#2242));
#898=AXIS2_PLACEMENT_3D('',#2243,#2244,#2245);
#899=EDGE_LOOP('',(#2246,#2247,#2248));
#900=AXIS2_PLACEMENT_3D('',#2249,#2250,#2251);
#901=CIRCLE('',#2252,1.7018);
#902=CIRCLE('',#2253,1.7018);
#903=CIRCLE('',#2254,1.7018);
#904=CIRCLE('',#2255,1.7018);
#905=CIRCLE('',#2256,0.5461);
#906=CIRCLE('',#2257,0.5461);
#907=CIRCLE('',#2258,0.5461);
#908=CIRCLE('',#2259,0.5461);
#909=CIRCLE('',#2260,0.5461);
#910=CIRCLE('',#2261,0.5461);
#911=CIRCLE('',#2262,0.5461);
#912=CIRCLE('',#2263,0.5461);
#913=ORIENTED_EDGE('',*,*,#2264,.F.);
#914=ORIENTED_EDGE('',*,*,#2265,.F.);
#915=ORIENTED_EDGE('',*,*,#2266,.T.);
#916=ORIENTED_EDGE('',*,*,#2267,.T.);
#917=CARTESIAN_POINT('',(-8.8392,0.762,-6.1595));
#918=DIRECTION('',(-1.0,0.0,-0.0));
#919=DIRECTION('',(0.0,0.0,-1.0));
#920=ORIENTED_EDGE('',*,*,#2268,.F.);
#921=ORIENTED_EDGE('',*,*,#2269,.T.);
#922=ORIENTED_EDGE('',*,*,#2270,.F.);
#923=ORIENTED_EDGE('',*,*,#2271,.F.);
#924=CARTESIAN_POINT('',(-8.8392,0.762,-4.2545));
#925=DIRECTION('',(-1.0,0.0,-0.0));
#926=DIRECTION('',(0.0,0.0,-1.0));
#927=ORIENTED_EDGE('',*,*,#2272,.F.);
#928=ORIENTED_EDGE('',*,*,#2273,.T.);
#929=ORIENTED_EDGE('',*,*,#2274,.T.);
#930=ORIENTED_EDGE('',*,*,#2275,.F.);
#931=CARTESIAN_POINT('',(8.8392,0.762,-4.2545));
#932=DIRECTION('',(-1.0,0.0,-0.0));
#933=DIRECTION('',(0.0,0.0,-1.0));
#934=ORIENTED_EDGE('',*,*,#2276,.F.);
#935=ORIENTED_EDGE('',*,*,#2277,.F.);
#936=ORIENTED_EDGE('',*,*,#2278,.F.);
#937=ORIENTED_EDGE('',*,*,#2279,.T.);
#938=CARTESIAN_POINT('',(8.8392,0.762,-6.1595));
#939=DIRECTION('',(-1.0,0.0,-0.0));
#940=DIRECTION('',(0.0,0.0,-1.0));
#941=ORIENTED_EDGE('',*,*,#2280,.T.);
#942=ORIENTED_EDGE('',*,*,#2281,.F.);
#943=ORIENTED_EDGE('',*,*,#2282,.F.);
#944=ORIENTED_EDGE('',*,*,#2283,.T.);
#945=ORIENTED_EDGE('',*,*,#2284,.F.);
#946=ORIENTED_EDGE('',*,*,#2285,.T.);
#947=ORIENTED_EDGE('',*,*,#2286,.T.);
#948=ORIENTED_EDGE('',*,*,#2287,.F.);
#949=ORIENTED_EDGE('',*,*,#2288,.T.);
#950=ORIENTED_EDGE('',*,*,#2289,.T.);
#951=ORIENTED_EDGE('',*,*,#2290,.F.);
#952=ORIENTED_EDGE('',*,*,#2291,.F.);
#953=ORIENTED_EDGE('',*,*,#2292,.T.);
#954=ORIENTED_EDGE('',*,*,#2293,.T.);
#955=ORIENTED_EDGE('',*,*,#2294,.F.);
#956=ORIENTED_EDGE('',*,*,#2295,.F.);
#957=ORIENTED_EDGE('',*,*,#2296,.T.);
#958=ORIENTED_EDGE('',*,*,#2297,.T.);
#959=ORIENTED_EDGE('',*,*,#2298,.F.);
#960=ORIENTED_EDGE('',*,*,#2299,.F.);
#961=CARTESIAN_POINT('',(0.0,0.0,-5.715));
#962=DIRECTION('',(0.0,0.0,1.0));
#963=DIRECTION('',(1.0,0.0,0.0));
#964=ORIENTED_EDGE('',*,*,#2300,.F.);
#965=ORIENTED_EDGE('',*,*,#2301,.F.);
#966=ORIENTED_EDGE('',*,*,#2302,.F.);
#967=ORIENTED_EDGE('',*,*,#2303,.T.);
#968=ORIENTED_EDGE('',*,*,#2304,.T.);
#969=ORIENTED_EDGE('',*,*,#2305,.F.);
#970=ORIENTED_EDGE('',*,*,#2306,.T.);
#971=ORIENTED_EDGE('',*,*,#2307,.F.);
#972=ORIENTED_EDGE('',*,*,#2308,.F.);
#973=ORIENTED_EDGE('',*,*,#2309,.F.);
#974=ORIENTED_EDGE('',*,*,#2310,.F.);
#975=ORIENTED_EDGE('',*,*,#2311,.T.);
#976=ORIENTED_EDGE('',*,*,#2312,.F.);
#977=CARTESIAN_POINT('',(0.0,0.0,-5.715));
#978=DIRECTION('',(0.0,0.0,1.0));
#979=DIRECTION('',(1.0,0.0,0.0));
#980=ORIENTED_EDGE('',*,*,#2313,.F.);
#981=ORIENTED_EDGE('',*,*,#2314,.T.);
#982=ORIENTED_EDGE('',*,*,#2315,.T.);
#983=ORIENTED_EDGE('',*,*,#2316,.T.);
#984=ORIENTED_EDGE('',*,*,#2317,.T.);
#985=ORIENTED_EDGE('',*,*,#2318,.F.);
#986=ORIENTED_EDGE('',*,*,#2319,.F.);
#987=ORIENTED_EDGE('',*,*,#2320,.T.);
#988=ORIENTED_EDGE('',*,*,#2321,.F.);
#989=ORIENTED_EDGE('',*,*,#2322,.F.);
#990=ORIENTED_EDGE('',*,*,#2323,.F.);
#991=ORIENTED_EDGE('',*,*,#2324,.T.);
#992=ORIENTED_EDGE('',*,*,#2325,.T.);
#993=CARTESIAN_POINT('',(0.0,0.0,-5.715));
#994=DIRECTION('',(0.0,0.0,1.0));
#995=DIRECTION('',(1.0,0.0,0.0));
#996=ORIENTED_EDGE('',*,*,#2326,.T.);
#997=ORIENTED_EDGE('',*,*,#2327,.T.);
#998=ORIENTED_EDGE('',*,*,#2328,.F.);
#999=ORIENTED_EDGE('',*,*,#2283,.F.);
#1000=CARTESIAN_POINT('',(-4.62594188122194,-2.54,-5.715));
#1001=DIRECTION('',(0.642787609686505,0.0,-0.766044443119006));
#1002=DIRECTION('',(0.0,-1.0,0.0));
#1003=ORIENTED_EDGE('',*,*,#2329,.F.);
#1004=ORIENTED_EDGE('',*,*,#2330,.F.);
#1005=ORIENTED_EDGE('',*,*,#2304,.F.);
#1006=ORIENTED_EDGE('',*,*,#2331,.T.);
#1007=ORIENTED_EDGE('',*,*,#2332,.T.);
#1008=ORIENTED_EDGE('',*,*,#2280,.F.);
#1009=ORIENTED_EDGE('',*,*,#2328,.T.);
#1010=ORIENTED_EDGE('',*,*,#2333,.T.);
#1011=ORIENTED_EDGE('',*,*,#2320,.F.);
#1012=ORIENTED_EDGE('',*,*,#2334,.T.);
#1013=ORIENTED_EDGE('',*,*,#2335,.F.);
#1014=ORIENTED_EDGE('',*,*,#2336,.F.);
#1015=ORIENTED_EDGE('',*,*,#2337,.F.);
#1016=ORIENTED_EDGE('',*,*,#2338,.T.);
#1017=ORIENTED_EDGE('',*,*,#2339,.T.);
#1018=ORIENTED_EDGE('',*,*,#2340,.T.);
#1019=ORIENTED_EDGE('',*,*,#2341,.F.);
#1020=ORIENTED_EDGE('',*,*,#2342,.T.);
#1021=ORIENTED_EDGE('',*,*,#2343,.F.);
#1022=ORIENTED_EDGE('',*,*,#2344,.T.);
#1023=ORIENTED_EDGE('',*,*,#2345,.F.);
#1024=ORIENTED_EDGE('',*,*,#2346,.F.);
#1025=ORIENTED_EDGE('',*,*,#2347,.F.);
#1026=CARTESIAN_POINT('',(6.35,2.54,-5.715));
#1027=DIRECTION('',(-0.0,1.0,0.0));
#1028=DIRECTION('',(1.0,0.0,0.0));
#1029=ORIENTED_EDGE('',*,*,#2347,.T.);
#1030=ORIENTED_EDGE('',*,*,#2348,.T.);
#1031=ORIENTED_EDGE('',*,*,#2349,.F.);
#1032=ORIENTED_EDGE('',*,*,#2350,.T.);
#1033=CARTESIAN_POINT('',(5.6198936666418,2.54,5.715));
#1034=DIRECTION('',(0.978147600733838,0.0,-0.207911690817608));
#1035=DIRECTION('',(0.0,-1.0,0.0));
#1036=ORIENTED_EDGE('',*,*,#2351,.F.);
#1037=ORIENTED_EDGE('',*,*,#2352,.F.);
#1038=ORIENTED_EDGE('',*,*,#2353,.T.);
#1039=ORIENTED_EDGE('',*,*,#2354,.T.);
#1040=CARTESIAN_POINT('',(0.0,0.0,5.715));
#1041=DIRECTION('',(0.0,0.0,1.0));
#1042=DIRECTION('',(1.0,0.0,0.0));
#1043=ORIENTED_EDGE('',*,*,#2355,.T.);
#1044=ORIENTED_EDGE('',*,*,#2356,.T.);
#1045=ORIENTED_EDGE('',*,*,#2329,.T.);
#1046=ORIENTED_EDGE('',*,*,#2350,.F.);
#1047=ORIENTED_EDGE('',*,*,#2357,.F.);
#1048=ORIENTED_EDGE('',*,*,#2358,.T.);
#1049=ORIENTED_EDGE('',*,*,#2345,.T.);
#1050=ORIENTED_EDGE('',*,*,#2359,.T.);
#1051=ORIENTED_EDGE('',*,*,#2360,.T.);
#1052=ORIENTED_EDGE('',*,*,#2361,.T.);
#1053=ORIENTED_EDGE('',*,*,#2335,.T.);
#1054=ORIENTED_EDGE('',*,*,#2362,.T.);
#1055=ORIENTED_EDGE('',*,*,#2363,.T.);
#1056=ORIENTED_EDGE('',*,*,#2364,.T.);
#1057=ORIENTED_EDGE('',*,*,#2365,.F.);
#1058=ORIENTED_EDGE('',*,*,#2366,.F.);
#1059=ORIENTED_EDGE('',*,*,#2367,.F.);
#1060=ORIENTED_EDGE('',*,*,#2368,.F.);
#1061=ORIENTED_EDGE('',*,*,#2369,.F.);
#1062=ORIENTED_EDGE('',*,*,#2370,.F.);
#1063=ORIENTED_EDGE('',*,*,#2371,.F.);
#1064=ORIENTED_EDGE('',*,*,#2372,.F.);
#1065=ORIENTED_EDGE('',*,*,#2373,.F.);
#1066=ORIENTED_EDGE('',*,*,#2374,.F.);
#1067=CARTESIAN_POINT('',(0.0,0.0,5.715));
#1068=DIRECTION('',(0.0,0.0,1.0));
#1069=DIRECTION('',(1.0,0.0,0.0));
#1070=ORIENTED_EDGE('',*,*,#2375,.T.);
#1071=ORIENTED_EDGE('',*,*,#2376,.F.);
#1072=ORIENTED_EDGE('',*,*,#2377,.T.);
#1073=ORIENTED_EDGE('',*,*,#2378,.F.);
#1074=ORIENTED_EDGE('',*,*,#2354,.F.);
#1075=CARTESIAN_POINT('',(1.905,-1.524,5.715));
#1076=DIRECTION('',(-1.0,0.0,0.0));
#1077=DIRECTION('',(0.0,0.0,1.0));
#1078=ORIENTED_EDGE('',*,*,#2379,.F.);
#1079=ORIENTED_EDGE('',*,*,#2380,.F.);
#1080=ORIENTED_EDGE('',*,*,#2351,.T.);
#1081=ORIENTED_EDGE('',*,*,#2378,.T.);
#1082=CARTESIAN_POINT('',(-5.334,-2.032,5.715));
#1083=DIRECTION('',(0.0,0.707106781186547,0.707106781186547));
#1084=DIRECTION('',(1.0,0.0,-0.0));
#1085=ORIENTED_EDGE('',*,*,#2373,.T.);
#1086=ORIENTED_EDGE('',*,*,#2381,.T.);
#1087=ORIENTED_EDGE('',*,*,#2382,.F.);
#1088=ORIENTED_EDGE('',*,*,#2383,.F.);
#1089=CARTESIAN_POINT('',(-5.334,-2.032,5.715));
#1090=DIRECTION('',(0.0,0.707106781186547,0.707106781186547));
#1091=DIRECTION('',(1.0,0.0,-0.0));
#1092=ORIENTED_EDGE('',*,*,#2384,.T.);
#1093=ORIENTED_EDGE('',*,*,#2385,.F.);
#1094=ORIENTED_EDGE('',*,*,#2386,.F.);
#1095=ORIENTED_EDGE('',*,*,#2365,.T.);
#1096=CARTESIAN_POINT('',(-5.334,-2.032,5.715));
#1097=DIRECTION('',(0.0,0.707106781186547,0.707106781186547));
#1098=DIRECTION('',(1.0,0.0,-0.0));
#1099=ORIENTED_EDGE('',*,*,#2380,.T.);
#1100=ORIENTED_EDGE('',*,*,#2387,.F.);
#1101=ORIENTED_EDGE('',*,*,#2388,.F.);
#1102=ORIENTED_EDGE('',*,*,#2389,.F.);
#1103=ORIENTED_EDGE('',*,*,#2352,.T.);
#1104=CARTESIAN_POINT('',(-1.905,-2.54,5.715));
#1105=DIRECTION('',(1.0,0.0,0.0));
#1106=DIRECTION('',(0.0,1.0,0.0));
#1107=ORIENTED_EDGE('',*,*,#2390,.F.);
#1108=ORIENTED_EDGE('',*,*,#2363,.F.);
#1109=ORIENTED_EDGE('',*,*,#2391,.F.);
#1110=ORIENTED_EDGE('',*,*,#2322,.T.);
#1111=ORIENTED_EDGE('',*,*,#2392,.F.);
#1112=ORIENTED_EDGE('',*,*,#2326,.F.);
#1113=ORIENTED_EDGE('',*,*,#2282,.T.);
#1114=ORIENTED_EDGE('',*,*,#2393,.F.);
#1115=ORIENTED_EDGE('',*,*,#2394,.F.);
#1116=ORIENTED_EDGE('',*,*,#2302,.T.);
#1117=ORIENTED_EDGE('',*,*,#2395,.T.);
#1118=ORIENTED_EDGE('',*,*,#2355,.F.);
#1119=ORIENTED_EDGE('',*,*,#2396,.T.);
#1120=ORIENTED_EDGE('',*,*,#2397,.F.);
#1121=ORIENTED_EDGE('',*,*,#2375,.F.);
#1122=ORIENTED_EDGE('',*,*,#2353,.F.);
#1123=ORIENTED_EDGE('',*,*,#2389,.T.);
#1124=ORIENTED_EDGE('',*,*,#2398,.F.);
#1125=CARTESIAN_POINT('',(-6.35,-2.54,-5.715));
#1126=DIRECTION('',(0.0,-1.0,0.0));
#1127=DIRECTION('',(0.0,0.0,-1.0));
#1128=ORIENTED_EDGE('',*,*,#2399,.T.);
#1129=ORIENTED_EDGE('',*,*,#2400,.T.);
#1130=ORIENTED_EDGE('',*,*,#2401,.T.);
#1131=ORIENTED_EDGE('',*,*,#2340,.F.);
#1132=ORIENTED_EDGE('',*,*,#2402,.T.);
#1133=ORIENTED_EDGE('',*,*,#2403,.T.);
#1134=ORIENTED_EDGE('',*,*,#2404,.T.);
#1135=ORIENTED_EDGE('',*,*,#2405,.T.);
#1136=ORIENTED_EDGE('',*,*,#2406,.T.);
#1137=ORIENTED_EDGE('',*,*,#2398,.T.);
#1138=ORIENTED_EDGE('',*,*,#2388,.T.);
#1139=ORIENTED_EDGE('',*,*,#2407,.T.);
#1140=ORIENTED_EDGE('',*,*,#2376,.T.);
#1141=ORIENTED_EDGE('',*,*,#2397,.T.);
#1142=ORIENTED_EDGE('',*,*,#2408,.T.);
#1143=ORIENTED_EDGE('',*,*,#2409,.T.);
#1144=ORIENTED_EDGE('',*,*,#2410,.T.);
#1145=ORIENTED_EDGE('',*,*,#2411,.F.);
#1146=ORIENTED_EDGE('',*,*,#2412,.F.);
#1147=ORIENTED_EDGE('',*,*,#2413,.T.);
#1148=ORIENTED_EDGE('',*,*,#2414,.T.);
#1149=ORIENTED_EDGE('',*,*,#2415,.F.);
#1150=ORIENTED_EDGE('',*,*,#2416,.F.);
#1151=ORIENTED_EDGE('',*,*,#2417,.T.);
#1152=ORIENTED_EDGE('',*,*,#2418,.T.);
#1153=ORIENTED_EDGE('',*,*,#2419,.F.);
#1154=ORIENTED_EDGE('',*,*,#2420,.F.);
#1155=ORIENTED_EDGE('',*,*,#2421,.T.);
#1156=ORIENTED_EDGE('',*,*,#2422,.T.);
#1157=ORIENTED_EDGE('',*,*,#2423,.F.);
#1158=ORIENTED_EDGE('',*,*,#2424,.F.);
#1159=ORIENTED_EDGE('',*,*,#2425,.T.);
#1160=CARTESIAN_POINT('',(0.0,0.0,-3.175));
#1161=DIRECTION('',(0.0,0.0,1.0));
#1162=DIRECTION('',(1.0,0.0,0.0));
#1163=ORIENTED_EDGE('',*,*,#2407,.F.);
#1164=ORIENTED_EDGE('',*,*,#2387,.T.);
#1165=ORIENTED_EDGE('',*,*,#2379,.T.);
#1166=ORIENTED_EDGE('',*,*,#2377,.F.);
#1167=CARTESIAN_POINT('',(-5.334,-1.524,5.715));
#1168=DIRECTION('',(0.0,-1.0,0.0));
#1169=DIRECTION('',(0.0,0.0,-1.0));
#1170=ORIENTED_EDGE('',*,*,#2382,.T.);
#1171=ORIENTED_EDGE('',*,*,#2426,.F.);
#1172=ORIENTED_EDGE('',*,*,#2409,.F.);
#1173=ORIENTED_EDGE('',*,*,#2427,.T.);
#1174=CARTESIAN_POINT('',(-5.334,-1.524,5.715));
#1175=DIRECTION('',(0.0,-1.0,0.0));
#1176=DIRECTION('',(0.0,0.0,-1.0));
#1177=ORIENTED_EDGE('',*,*,#2428,.F.);
#1178=ORIENTED_EDGE('',*,*,#2385,.T.);
#1179=ORIENTED_EDGE('',*,*,#2429,.F.);
#1180=ORIENTED_EDGE('',*,*,#2405,.F.);
#1181=CARTESIAN_POINT('',(-5.334,-1.524,5.715));
#1182=DIRECTION('',(0.0,-1.0,0.0));
#1183=DIRECTION('',(0.0,0.0,-1.0));
#1184=ORIENTED_EDGE('',*,*,#2383,.T.);
#1185=ORIENTED_EDGE('',*,*,#2427,.F.);
#1186=ORIENTED_EDGE('',*,*,#2408,.F.);
#1187=ORIENTED_EDGE('',*,*,#2396,.F.);
#1188=ORIENTED_EDGE('',*,*,#2374,.T.);
#1189=CARTESIAN_POINT('',(3.175,-2.54,5.715));
#1190=DIRECTION('',(1.0,0.0,0.0));
#1191=DIRECTION('',(0.0,1.0,0.0));
#1192=ORIENTED_EDGE('',*,*,#2430,.T.);
#1193=ORIENTED_EDGE('',*,*,#2431,.T.);
#1194=ORIENTED_EDGE('',*,*,#2399,.F.);
#1195=ORIENTED_EDGE('',*,*,#2426,.T.);
#1196=CARTESIAN_POINT('',(5.334,-1.524,5.715));
#1197=DIRECTION('',(1.0,0.0,0.0));
#1198=DIRECTION('',(0.0,1.0,0.0));
#1199=ORIENTED_EDGE('',*,*,#2432,.T.);
#1200=ORIENTED_EDGE('',*,*,#2433,.T.);
#1201=ORIENTED_EDGE('',*,*,#2434,.T.);
#1202=ORIENTED_EDGE('',*,*,#2435,.T.);
#1203=ORIENTED_EDGE('',*,*,#2400,.F.);
#1204=ORIENTED_EDGE('',*,*,#2431,.F.);
#1205=CARTESIAN_POINT('',(5.334,1.524,5.715));
#1206=DIRECTION('',(-0.0,1.0,0.0));
#1207=DIRECTION('',(1.0,0.0,0.0));
#1208=ORIENTED_EDGE('',*,*,#2401,.F.);
#1209=ORIENTED_EDGE('',*,*,#2435,.F.);
#1210=ORIENTED_EDGE('',*,*,#2436,.F.);
#1211=ORIENTED_EDGE('',*,*,#2437,.F.);
#1212=ORIENTED_EDGE('',*,*,#2341,.T.);
#1213=CARTESIAN_POINT('',(1.524,1.524,5.715));
#1214=DIRECTION('',(1.0,0.0,0.0));
#1215=DIRECTION('',(0.0,1.0,0.0));
#1216=ORIENTED_EDGE('',*,*,#2438,.T.);
#1217=ORIENTED_EDGE('',*,*,#2342,.F.);
#1218=ORIENTED_EDGE('',*,*,#2437,.T.);
#1219=ORIENTED_EDGE('',*,*,#2439,.F.);
#1220=CARTESIAN_POINT('',(7.62,4.064,1.905));
#1221=DIRECTION('',(0.0,0.0,1.0));
#1222=DIRECTION('',(1.0,0.0,0.0));
#1223=ORIENTED_EDGE('',*,*,#2338,.F.);
#1224=ORIENTED_EDGE('',*,*,#2440,.T.);
#1225=ORIENTED_EDGE('',*,*,#2441,.T.);
#1226=ORIENTED_EDGE('',*,*,#2442,.F.);
#1227=CARTESIAN_POINT('',(7.62,4.064,1.905));
#1228=DIRECTION('',(0.0,0.0,1.0));
#1229=DIRECTION('',(1.0,0.0,0.0));
#1230=ORIENTED_EDGE('',*,*,#2436,.T.);
#1231=ORIENTED_EDGE('',*,*,#2434,.F.);
#1232=ORIENTED_EDGE('',*,*,#2443,.F.);
#1233=ORIENTED_EDGE('',*,*,#2439,.T.);
#1234=CARTESIAN_POINT('',(3.048,2.032,1.905));
#1235=DIRECTION('',(0.0,-0.707106781186547,0.707106781186547));
#1236=DIRECTION('',(-1.0,0.0,0.0));
#1237=ORIENTED_EDGE('',*,*,#2443,.T.);
#1238=ORIENTED_EDGE('',*,*,#2433,.F.);
#1239=ORIENTED_EDGE('',*,*,#2444,.T.);
#1240=ORIENTED_EDGE('',*,*,#2445,.T.);
#1241=ORIENTED_EDGE('',*,*,#2446,.F.);
#1242=ORIENTED_EDGE('',*,*,#2438,.F.);
#1243=CARTESIAN_POINT('',(3.048,1.524,5.715));
#1244=DIRECTION('',(1.0,0.0,0.0));
#1245=DIRECTION('',(0.0,1.0,0.0));
#1246=ORIENTED_EDGE('',*,*,#2447,.T.);
#1247=ORIENTED_EDGE('',*,*,#2448,.F.);
#1248=ORIENTED_EDGE('',*,*,#2337,.T.);
#1249=ORIENTED_EDGE('',*,*,#2449,.F.);
#1250=ORIENTED_EDGE('',*,*,#2450,.F.);
#1251=ORIENTED_EDGE('',*,*,#2451,.T.);
#1252=CARTESIAN_POINT('',(7.62,4.064,1.905));
#1253=DIRECTION('',(0.0,0.0,1.0));
#1254=DIRECTION('',(1.0,0.0,0.0));
#1255=ORIENTED_EDGE('',*,*,#2452,.F.);
#1256=ORIENTED_EDGE('',*,*,#2453,.F.);
#1257=ORIENTED_EDGE('',*,*,#2343,.T.);
#1258=ORIENTED_EDGE('',*,*,#2446,.T.);
#1259=ORIENTED_EDGE('',*,*,#2454,.T.);
#1260=ORIENTED_EDGE('',*,*,#2455,.F.);
#1261=CARTESIAN_POINT('',(7.62,4.064,1.905));
#1262=DIRECTION('',(0.0,0.0,1.0));
#1263=DIRECTION('',(1.0,0.0,0.0));
#1264=ORIENTED_EDGE('',*,*,#2456,.T.);
#1265=ORIENTED_EDGE('',*,*,#2457,.F.);
#1266=ORIENTED_EDGE('',*,*,#2451,.F.);
#1267=ORIENTED_EDGE('',*,*,#2458,.T.);
#1268=CARTESIAN_POINT('',(-2.3495,4.064,1.905));
#1269=DIRECTION('',(-1.0,0.0,0.0));
#1270=DIRECTION('',(0.0,0.0,1.0));
#1271=ORIENTED_EDGE('',*,*,#2450,.T.);
#1272=ORIENTED_EDGE('',*,*,#2459,.T.);
#1273=ORIENTED_EDGE('',*,*,#2360,.F.);
#1274=ORIENTED_EDGE('',*,*,#2460,.F.);
#1275=ORIENTED_EDGE('',*,*,#2452,.T.);
#1276=ORIENTED_EDGE('',*,*,#2461,.T.);
#1277=ORIENTED_EDGE('',*,*,#2462,.F.);
#1278=ORIENTED_EDGE('',*,*,#2463,.F.);
#1279=ORIENTED_EDGE('',*,*,#2464,.F.);
#1280=ORIENTED_EDGE('',*,*,#2458,.F.);
#1281=CARTESIAN_POINT('',(3.81,4.064,-5.715));
#1282=DIRECTION('',(-0.0,1.0,0.0));
#1283=DIRECTION('',(1.0,0.0,0.0));
#1284=ORIENTED_EDGE('',*,*,#2465,.T.);
#1285=ORIENTED_EDGE('',*,*,#2466,.F.);
#1286=ORIENTED_EDGE('',*,*,#2456,.F.);
#1287=ORIENTED_EDGE('',*,*,#2464,.T.);
#1288=CARTESIAN_POINT('',(-1.3335,4.064,2.794));
#1289=DIRECTION('',(0.0,-1.0,0.0));
#1290=DIRECTION('',(1.0,0.0,0.0));
#1291=ORIENTED_EDGE('',*,*,#2467,.T.);
#1292=ORIENTED_EDGE('',*,*,#2468,.T.);
#1293=ORIENTED_EDGE('',*,*,#2469,.F.);
#1294=ORIENTED_EDGE('',*,*,#2454,.F.);
#1295=ORIENTED_EDGE('',*,*,#2445,.F.);
#1296=ORIENTED_EDGE('',*,*,#2470,.T.);
#1297=ORIENTED_EDGE('',*,*,#2471,.T.);
#1298=ORIENTED_EDGE('',*,*,#2447,.F.);
#1299=ORIENTED_EDGE('',*,*,#2457,.T.);
#1300=ORIENTED_EDGE('',*,*,#2466,.T.);
#1301=CARTESIAN_POINT('',(3.048,3.048,5.715));
#1302=DIRECTION('',(-0.0,1.0,0.0));
#1303=DIRECTION('',(1.0,0.0,0.0));
#1304=ORIENTED_EDGE('',*,*,#2448,.T.);
#1305=ORIENTED_EDGE('',*,*,#2471,.F.);
#1306=ORIENTED_EDGE('',*,*,#2472,.T.);
#1307=ORIENTED_EDGE('',*,*,#2473,.T.);
#1308=ORIENTED_EDGE('',*,*,#2474,.F.);
#1309=ORIENTED_EDGE('',*,*,#2440,.F.);
#1310=CARTESIAN_POINT('',(-3.048,3.048,5.715));
#1311=DIRECTION('',(-1.0,0.0,0.0));
#1312=DIRECTION('',(0.0,0.0,1.0));
#1313=ORIENTED_EDGE('',*,*,#2474,.T.);
#1314=ORIENTED_EDGE('',*,*,#2475,.T.);
#1315=ORIENTED_EDGE('',*,*,#2476,.F.);
#1316=ORIENTED_EDGE('',*,*,#2441,.F.);
#1317=CARTESIAN_POINT('',(-3.048,2.032,1.905));
#1318=DIRECTION('',(0.0,0.707106781186547,-0.707106781186547));
#1319=DIRECTION('',(-1.0,0.0,0.0));
#1320=ORIENTED_EDGE('',*,*,#2442,.T.);
#1321=ORIENTED_EDGE('',*,*,#2476,.T.);
#1322=ORIENTED_EDGE('',*,*,#2477,.T.);
#1323=ORIENTED_EDGE('',*,*,#2402,.F.);
#1324=ORIENTED_EDGE('',*,*,#2339,.F.);
#1325=CARTESIAN_POINT('',(-1.524,2.54,5.715));
#1326=DIRECTION('',(-1.0,0.0,0.0));
#1327=DIRECTION('',(0.0,0.0,1.0));
#1328=ORIENTED_EDGE('',*,*,#2478,.T.);
#1329=ORIENTED_EDGE('',*,*,#2479,.T.);
#1330=ORIENTED_EDGE('',*,*,#2403,.F.);
#1331=ORIENTED_EDGE('',*,*,#2477,.F.);
#1332=ORIENTED_EDGE('',*,*,#2475,.F.);
#1333=ORIENTED_EDGE('',*,*,#2473,.F.);
#1334=CARTESIAN_POINT('',(-3.048,1.524,5.715));
#1335=DIRECTION('',(-0.0,1.0,0.0));
#1336=DIRECTION('',(1.0,0.0,0.0));
#1337=ORIENTED_EDGE('',*,*,#2480,.T.);
#1338=ORIENTED_EDGE('',*,*,#2428,.T.);
#1339=ORIENTED_EDGE('',*,*,#2404,.F.);
#1340=ORIENTED_EDGE('',*,*,#2479,.F.);
#1341=CARTESIAN_POINT('',(-5.334,1.524,5.715));
#1342=DIRECTION('',(-1.0,0.0,0.0));
#1343=DIRECTION('',(0.0,0.0,1.0));
#1344=ORIENTED_EDGE('',*,*,#2386,.T.);
#1345=ORIENTED_EDGE('',*,*,#2480,.F.);
#1346=ORIENTED_EDGE('',*,*,#2481,.F.);
#1347=ORIENTED_EDGE('',*,*,#2366,.T.);
#1348=CARTESIAN_POINT('',(-5.842,1.524,5.715));
#1349=DIRECTION('',(0.707106781186547,0.0,0.707106781186547));
#1350=DIRECTION('',(0.0,-1.0,0.0));
#1351=ORIENTED_EDGE('',*,*,#2481,.T.);
#1352=ORIENTED_EDGE('',*,*,#2478,.F.);
#1353=ORIENTED_EDGE('',*,*,#2482,.F.);
#1354=ORIENTED_EDGE('',*,*,#2367,.T.);
#1355=CARTESIAN_POINT('',(-3.048,2.032,5.715));
#1356=DIRECTION('',(0.0,-0.707106781186547,0.707106781186547));
#1357=DIRECTION('',(-1.0,0.0,0.0));
#1358=ORIENTED_EDGE('',*,*,#2482,.T.);
#1359=ORIENTED_EDGE('',*,*,#2472,.F.);
#1360=ORIENTED_EDGE('',*,*,#2483,.F.);
#1361=ORIENTED_EDGE('',*,*,#2368,.T.);
#1362=CARTESIAN_POINT('',(-3.556,3.048,5.715));
#1363=DIRECTION('',(0.707106781186547,0.0,0.707106781186547));
#1364=DIRECTION('',(0.0,-1.0,0.0));
#1365=ORIENTED_EDGE('',*,*,#2483,.T.);
#1366=ORIENTED_EDGE('',*,*,#2470,.F.);
#1367=ORIENTED_EDGE('',*,*,#2484,.F.);
#1368=ORIENTED_EDGE('',*,*,#2369,.T.);
#1369=CARTESIAN_POINT('',(3.048,3.556,5.715));
#1370=DIRECTION('',(0.0,-0.707106781186547,0.707106781186547));
#1371=DIRECTION('',(-1.0,0.0,0.0));
#1372=ORIENTED_EDGE('',*,*,#2484,.T.);
#1373=ORIENTED_EDGE('',*,*,#2444,.F.);
#1374=ORIENTED_EDGE('',*,*,#2485,.F.);
#1375=ORIENTED_EDGE('',*,*,#2370,.T.);
#1376=CARTESIAN_POINT('',(3.556,1.524,5.715));
#1377=DIRECTION('',(-0.707106781186547,0.0,0.707106781186547));
#1378=DIRECTION('',(0.0,1.0,0.0));
#1379=ORIENTED_EDGE('',*,*,#2485,.T.);
#1380=ORIENTED_EDGE('',*,*,#2432,.F.);
#1381=ORIENTED_EDGE('',*,*,#2486,.F.);
#1382=ORIENTED_EDGE('',*,*,#2371,.T.);
#1383=CARTESIAN_POINT('',(5.334,2.032,5.715));
#1384=DIRECTION('',(0.0,-0.707106781186547,0.707106781186547));
#1385=DIRECTION('',(-1.0,0.0,0.0));
#1386=ORIENTED_EDGE('',*,*,#2486,.T.);
#1387=ORIENTED_EDGE('',*,*,#2430,.F.);
#1388=ORIENTED_EDGE('',*,*,#2381,.F.);
#1389=ORIENTED_EDGE('',*,*,#2372,.T.);
#1390=CARTESIAN_POINT('',(5.842,-1.524,5.715));
#1391=DIRECTION('',(-0.707106781186547,0.0,0.707106781186547));
#1392=DIRECTION('',(0.0,1.0,0.0));
#1393=ORIENTED_EDGE('',*,*,#2455,.T.);
#1394=ORIENTED_EDGE('',*,*,#2469,.T.);
#1395=ORIENTED_EDGE('',*,*,#2487,.F.);
#1396=ORIENTED_EDGE('',*,*,#2461,.F.);
#1397=CARTESIAN_POINT('',(2.3495,4.064,2.794));
#1398=DIRECTION('',(1.0,0.0,0.0));
#1399=DIRECTION('',(0.0,1.0,0.0));
#1400=ORIENTED_EDGE('',*,*,#2487,.T.);
#1401=ORIENTED_EDGE('',*,*,#2468,.F.);
#1402=ORIENTED_EDGE('',*,*,#2488,.F.);
#1403=ORIENTED_EDGE('',*,*,#2462,.T.);
#1404=CARTESIAN_POINT('',(1.3335,4.064,2.794));
#1405=DIRECTION('',(0.0,-1.0,0.0));
#1406=DIRECTION('',(1.0,0.0,0.0));
#1407=ORIENTED_EDGE('',*,*,#2488,.T.);
#1408=ORIENTED_EDGE('',*,*,#2467,.F.);
#1409=ORIENTED_EDGE('',*,*,#2465,.F.);
#1410=ORIENTED_EDGE('',*,*,#2463,.T.);
#1411=CARTESIAN_POINT('',(-1.3335,4.064,3.81));
#1412=DIRECTION('',(0.0,0.0,1.0));
#1413=DIRECTION('',(1.0,0.0,0.0));
#1414=ORIENTED_EDGE('',*,*,#2460,.T.);
#1415=ORIENTED_EDGE('',*,*,#2359,.F.);
#1416=ORIENTED_EDGE('',*,*,#2344,.F.);
#1417=ORIENTED_EDGE('',*,*,#2453,.T.);
#1418=CARTESIAN_POINT('',(3.81,2.54,-5.715));
#1419=DIRECTION('',(1.0,0.0,0.0));
#1420=DIRECTION('',(0.0,1.0,0.0));
#1421=ORIENTED_EDGE('',*,*,#2336,.T.);
#1422=ORIENTED_EDGE('',*,*,#2361,.F.);
#1423=ORIENTED_EDGE('',*,*,#2459,.F.);
#1424=ORIENTED_EDGE('',*,*,#2449,.T.);
#1425=CARTESIAN_POINT('',(-3.81,4.064,-5.715));
#1426=DIRECTION('',(-1.0,0.0,0.0));
#1427=DIRECTION('',(0.0,0.0,1.0));
#1428=ORIENTED_EDGE('',*,*,#2390,.T.);
#1429=ORIENTED_EDGE('',*,*,#2406,.F.);
#1430=ORIENTED_EDGE('',*,*,#2429,.T.);
#1431=ORIENTED_EDGE('',*,*,#2384,.F.);
#1432=ORIENTED_EDGE('',*,*,#2364,.F.);
#1433=CARTESIAN_POINT('',(-3.175,-1.524,5.715));
#1434=DIRECTION('',(-1.0,0.0,0.0));
#1435=DIRECTION('',(0.0,0.0,1.0));
#1436=ORIENTED_EDGE('',*,*,#2489,.F.);
#1437=ORIENTED_EDGE('',*,*,#2490,.F.);
#1438=ORIENTED_EDGE('',*,*,#2491,.F.);
#1439=ORIENTED_EDGE('',*,*,#2287,.T.);
#1440=CARTESIAN_POINT('',(0.0,-0.3175,0.0));
#1441=DIRECTION('',(-0.0,1.0,0.0));
#1442=DIRECTION('',(1.0,0.0,0.0));
#1443=ORIENTED_EDGE('',*,*,#2492,.F.);
#1444=ORIENTED_EDGE('',*,*,#2493,.F.);
#1445=ORIENTED_EDGE('',*,*,#2494,.F.);
#1446=ORIENTED_EDGE('',*,*,#2413,.F.);
#1447=CARTESIAN_POINT('',(0.0,-0.3175,0.0));
#1448=DIRECTION('',(-0.0,1.0,0.0));
#1449=DIRECTION('',(1.0,0.0,0.0));
#1450=ORIENTED_EDGE('',*,*,#2491,.T.);
#1451=ORIENTED_EDGE('',*,*,#2495,.T.);
#1452=ORIENTED_EDGE('',*,*,#2496,.F.);
#1453=ORIENTED_EDGE('',*,*,#2284,.T.);
#1454=CARTESIAN_POINT('',(4.1275,-0.3175,2.921));
#1455=DIRECTION('',(1.0,0.0,0.0));
#1456=DIRECTION('',(0.0,1.0,0.0));
#1457=ORIENTED_EDGE('',*,*,#2497,.F.);
#1458=ORIENTED_EDGE('',*,*,#2498,.F.);
#1459=ORIENTED_EDGE('',*,*,#2492,.T.);
#1460=ORIENTED_EDGE('',*,*,#2412,.T.);
#1461=CARTESIAN_POINT('',(4.1275,-0.3175,2.921));
#1462=DIRECTION('',(1.0,0.0,0.0));
#1463=DIRECTION('',(0.0,1.0,0.0));
#1464=ORIENTED_EDGE('',*,*,#2496,.T.);
#1465=ORIENTED_EDGE('',*,*,#2499,.T.);
#1466=ORIENTED_EDGE('',*,*,#2500,.T.);
#1467=ORIENTED_EDGE('',*,*,#2285,.F.);
#1468=CARTESIAN_POINT('',(0.0,0.3175,0.0));
#1469=DIRECTION('',(-0.0,1.0,0.0));
#1470=DIRECTION('',(1.0,0.0,0.0));
#1471=ORIENTED_EDGE('',*,*,#2411,.T.);
#1472=ORIENTED_EDGE('',*,*,#2501,.T.);
#1473=ORIENTED_EDGE('',*,*,#2502,.T.);
#1474=ORIENTED_EDGE('',*,*,#2497,.T.);
#1475=CARTESIAN_POINT('',(0.0,0.3175,0.0));
#1476=DIRECTION('',(-0.0,1.0,0.0));
#1477=DIRECTION('',(1.0,0.0,0.0));
#1478=ORIENTED_EDGE('',*,*,#2500,.F.);
#1479=ORIENTED_EDGE('',*,*,#2503,.F.);
#1480=ORIENTED_EDGE('',*,*,#2489,.T.);
#1481=ORIENTED_EDGE('',*,*,#2286,.F.);
#1482=CARTESIAN_POINT('',(3.4925,-0.3175,-9.398));
#1483=DIRECTION('',(-1.0,0.0,0.0));
#1484=DIRECTION('',(0.0,0.0,1.0));
#1485=ORIENTED_EDGE('',*,*,#2494,.T.);
#1486=ORIENTED_EDGE('',*,*,#2504,.T.);
#1487=ORIENTED_EDGE('',*,*,#2501,.F.);
#1488=ORIENTED_EDGE('',*,*,#2410,.F.);
#1489=CARTESIAN_POINT('',(3.4925,-0.3175,-9.398));
#1490=DIRECTION('',(-1.0,0.0,0.0));
#1491=DIRECTION('',(0.0,0.0,1.0));
#1492=ORIENTED_EDGE('',*,*,#2503,.T.);
#1493=ORIENTED_EDGE('',*,*,#2499,.F.);
#1494=ORIENTED_EDGE('',*,*,#2495,.F.);
#1495=ORIENTED_EDGE('',*,*,#2490,.T.);
#1496=CARTESIAN_POINT('',(4.1275,-0.3175,-9.398));
#1497=DIRECTION('',(0.0,0.0,-1.0));
#1498=DIRECTION('',(0.0,-1.0,0.0));
#1499=ORIENTED_EDGE('',*,*,#2498,.T.);
#1500=ORIENTED_EDGE('',*,*,#2502,.F.);
#1501=ORIENTED_EDGE('',*,*,#2504,.F.);
#1502=ORIENTED_EDGE('',*,*,#2493,.T.);
#1503=CARTESIAN_POINT('',(3.4925,-0.3175,2.921));
#1504=DIRECTION('',(0.0,0.0,1.0));
#1505=DIRECTION('',(1.0,0.0,0.0));
#1506=ORIENTED_EDGE('',*,*,#2505,.F.);
#1507=ORIENTED_EDGE('',*,*,#2506,.F.);
#1508=ORIENTED_EDGE('',*,*,#2507,.F.);
#1509=ORIENTED_EDGE('',*,*,#2291,.T.);
#1510=CARTESIAN_POINT('',(0.0,-0.3175,0.0));
#1511=DIRECTION('',(-0.0,1.0,0.0));
#1512=DIRECTION('',(1.0,0.0,0.0));
#1513=ORIENTED_EDGE('',*,*,#2508,.F.);
#1514=ORIENTED_EDGE('',*,*,#2509,.F.);
#1515=ORIENTED_EDGE('',*,*,#2510,.F.);
#1516=ORIENTED_EDGE('',*,*,#2417,.F.);
#1517=CARTESIAN_POINT('',(0.0,-0.3175,0.0));
#1518=DIRECTION('',(-0.0,1.0,0.0));
#1519=DIRECTION('',(1.0,0.0,0.0));
#1520=ORIENTED_EDGE('',*,*,#2507,.T.);
#1521=ORIENTED_EDGE('',*,*,#2511,.T.);
#1522=ORIENTED_EDGE('',*,*,#2512,.F.);
#1523=ORIENTED_EDGE('',*,*,#2288,.F.);
#1524=CARTESIAN_POINT('',(1.5875,-0.3175,2.921));
#1525=DIRECTION('',(1.0,0.0,0.0));
#1526=DIRECTION('',(0.0,1.0,0.0));
#1527=ORIENTED_EDGE('',*,*,#2513,.F.);
#1528=ORIENTED_EDGE('',*,*,#2514,.F.);
#1529=ORIENTED_EDGE('',*,*,#2508,.T.);
#1530=ORIENTED_EDGE('',*,*,#2416,.T.);
#1531=CARTESIAN_POINT('',(1.5875,-0.3175,2.921));
#1532=DIRECTION('',(1.0,0.0,0.0));
#1533=DIRECTION('',(0.0,1.0,0.0));
#1534=ORIENTED_EDGE('',*,*,#2512,.T.);
#1535=ORIENTED_EDGE('',*,*,#2515,.T.);
#1536=ORIENTED_EDGE('',*,*,#2516,.T.);
#1537=ORIENTED_EDGE('',*,*,#2289,.F.);
#1538=CARTESIAN_POINT('',(0.0,0.3175,0.0));
#1539=DIRECTION('',(-0.0,1.0,0.0));
#1540=DIRECTION('',(1.0,0.0,0.0));
#1541=ORIENTED_EDGE('',*,*,#2517,.T.);
#1542=ORIENTED_EDGE('',*,*,#2518,.T.);
#1543=ORIENTED_EDGE('',*,*,#2513,.T.);
#1544=ORIENTED_EDGE('',*,*,#2415,.T.);
#1545=CARTESIAN_POINT('',(0.0,0.3175,0.0));
#1546=DIRECTION('',(-0.0,1.0,0.0));
#1547=DIRECTION('',(1.0,0.0,0.0));
#1548=ORIENTED_EDGE('',*,*,#2516,.F.);
#1549=ORIENTED_EDGE('',*,*,#2519,.F.);
#1550=ORIENTED_EDGE('',*,*,#2505,.T.);
#1551=ORIENTED_EDGE('',*,*,#2290,.T.);
#1552=CARTESIAN_POINT('',(0.9525,-0.3175,-9.398));
#1553=DIRECTION('',(-1.0,0.0,0.0));
#1554=DIRECTION('',(0.0,0.0,1.0));
#1555=ORIENTED_EDGE('',*,*,#2510,.T.);
#1556=ORIENTED_EDGE('',*,*,#2520,.T.);
#1557=ORIENTED_EDGE('',*,*,#2517,.F.);
#1558=ORIENTED_EDGE('',*,*,#2414,.F.);
#1559=CARTESIAN_POINT('',(0.9525,-0.3175,-9.398));
#1560=DIRECTION('',(-1.0,0.0,0.0));
#1561=DIRECTION('',(0.0,0.0,1.0));
#1562=ORIENTED_EDGE('',*,*,#2519,.T.);
#1563=ORIENTED_EDGE('',*,*,#2515,.F.);
#1564=ORIENTED_EDGE('',*,*,#2511,.F.);
#1565=ORIENTED_EDGE('',*,*,#2506,.T.);
#1566=CARTESIAN_POINT('',(1.5875,-0.3175,-9.398));
#1567=DIRECTION('',(0.0,0.0,-1.0));
#1568=DIRECTION('',(0.0,-1.0,0.0));
#1569=ORIENTED_EDGE('',*,*,#2514,.T.);
#1570=ORIENTED_EDGE('',*,*,#2518,.F.);
#1571=ORIENTED_EDGE('',*,*,#2520,.F.);
#1572=ORIENTED_EDGE('',*,*,#2509,.T.);
#1573=CARTESIAN_POINT('',(0.9525,-0.3175,2.921));
#1574=DIRECTION('',(0.0,0.0,1.0));
#1575=DIRECTION('',(1.0,0.0,0.0));
#1576=ORIENTED_EDGE('',*,*,#2521,.F.);
#1577=ORIENTED_EDGE('',*,*,#2522,.F.);
#1578=ORIENTED_EDGE('',*,*,#2523,.F.);
#1579=ORIENTED_EDGE('',*,*,#2295,.T.);
#1580=CARTESIAN_POINT('',(0.0,-0.3175,0.0));
#1581=DIRECTION('',(-0.0,1.0,0.0));
#1582=DIRECTION('',(1.0,0.0,0.0));
#1583=ORIENTED_EDGE('',*,*,#2524,.F.);
#1584=ORIENTED_EDGE('',*,*,#2525,.F.);
#1585=ORIENTED_EDGE('',*,*,#2526,.F.);
#1586=ORIENTED_EDGE('',*,*,#2421,.F.);
#1587=CARTESIAN_POINT('',(0.0,-0.3175,0.0));
#1588=DIRECTION('',(-0.0,1.0,0.0));
#1589=DIRECTION('',(1.0,0.0,0.0));
#1590=ORIENTED_EDGE('',*,*,#2523,.T.);
#1591=ORIENTED_EDGE('',*,*,#2527,.T.);
#1592=ORIENTED_EDGE('',*,*,#2528,.F.);
#1593=ORIENTED_EDGE('',*,*,#2292,.F.);
#1594=CARTESIAN_POINT('',(-0.9525,-0.3175,2.921));
#1595=DIRECTION('',(1.0,0.0,0.0));
#1596=DIRECTION('',(0.0,1.0,0.0));
#1597=ORIENTED_EDGE('',*,*,#2529,.F.);
#1598=ORIENTED_EDGE('',*,*,#2530,.F.);
#1599=ORIENTED_EDGE('',*,*,#2524,.T.);
#1600=ORIENTED_EDGE('',*,*,#2420,.T.);
#1601=CARTESIAN_POINT('',(-0.9525,-0.3175,2.921));
#1602=DIRECTION('',(1.0,0.0,0.0));
#1603=DIRECTION('',(0.0,1.0,0.0));
#1604=ORIENTED_EDGE('',*,*,#2528,.T.);
#1605=ORIENTED_EDGE('',*,*,#2531,.T.);
#1606=ORIENTED_EDGE('',*,*,#2532,.T.);
#1607=ORIENTED_EDGE('',*,*,#2293,.F.);
#1608=CARTESIAN_POINT('',(0.0,0.3175,0.0));
#1609=DIRECTION('',(-0.0,1.0,0.0));
#1610=DIRECTION('',(1.0,0.0,0.0));
#1611=ORIENTED_EDGE('',*,*,#2533,.T.);
#1612=ORIENTED_EDGE('',*,*,#2534,.T.);
#1613=ORIENTED_EDGE('',*,*,#2529,.T.);
#1614=ORIENTED_EDGE('',*,*,#2419,.T.);
#1615=CARTESIAN_POINT('',(0.0,0.3175,0.0));
#1616=DIRECTION('',(-0.0,1.0,0.0));
#1617=DIRECTION('',(1.0,0.0,0.0));
#1618=ORIENTED_EDGE('',*,*,#2526,.T.);
#1619=ORIENTED_EDGE('',*,*,#2535,.T.);
#1620=ORIENTED_EDGE('',*,*,#2533,.F.);
#1621=ORIENTED_EDGE('',*,*,#2418,.F.);
#1622=CARTESIAN_POINT('',(-1.5875,-0.3175,-9.398));
#1623=DIRECTION('',(-1.0,0.0,0.0));
#1624=DIRECTION('',(0.0,0.0,1.0));
#1625=ORIENTED_EDGE('',*,*,#2294,.T.);
#1626=ORIENTED_EDGE('',*,*,#2532,.F.);
#1627=ORIENTED_EDGE('',*,*,#2536,.F.);
#1628=ORIENTED_EDGE('',*,*,#2521,.T.);
#1629=CARTESIAN_POINT('',(-1.5875,-0.3175,-9.398));
#1630=DIRECTION('',(-1.0,0.0,0.0));
#1631=DIRECTION('',(0.0,0.0,1.0));
#1632=ORIENTED_EDGE('',*,*,#2530,.T.);
#1633=ORIENTED_EDGE('',*,*,#2534,.F.);
#1634=ORIENTED_EDGE('',*,*,#2535,.F.);
#1635=ORIENTED_EDGE('',*,*,#2525,.T.);
#1636=CARTESIAN_POINT('',(-1.5875,-0.3175,2.921));
#1637=DIRECTION('',(0.0,0.0,1.0));
#1638=DIRECTION('',(1.0,0.0,0.0));
#1639=ORIENTED_EDGE('',*,*,#2536,.T.);
#1640=ORIENTED_EDGE('',*,*,#2531,.F.);
#1641=ORIENTED_EDGE('',*,*,#2527,.F.);
#1642=ORIENTED_EDGE('',*,*,#2522,.T.);
#1643=CARTESIAN_POINT('',(-0.9525,-0.3175,-9.398));
#1644=DIRECTION('',(0.0,0.0,-1.0));
#1645=DIRECTION('',(0.0,-1.0,0.0));
#1646=ORIENTED_EDGE('',*,*,#2537,.F.);
#1647=ORIENTED_EDGE('',*,*,#2538,.F.);
#1648=ORIENTED_EDGE('',*,*,#2539,.F.);
#1649=ORIENTED_EDGE('',*,*,#2299,.T.);
#1650=CARTESIAN_POINT('',(0.0,-0.3175,0.0));
#1651=DIRECTION('',(-0.0,1.0,0.0));
#1652=DIRECTION('',(1.0,0.0,0.0));
#1653=ORIENTED_EDGE('',*,*,#2540,.F.);
#1654=ORIENTED_EDGE('',*,*,#2541,.F.);
#1655=ORIENTED_EDGE('',*,*,#2542,.F.);
#1656=ORIENTED_EDGE('',*,*,#2425,.F.);
#1657=CARTESIAN_POINT('',(0.0,-0.3175,0.0));
#1658=DIRECTION('',(-0.0,1.0,0.0));
#1659=DIRECTION('',(1.0,0.0,0.0));
#1660=ORIENTED_EDGE('',*,*,#2539,.T.);
#1661=ORIENTED_EDGE('',*,*,#2543,.T.);
#1662=ORIENTED_EDGE('',*,*,#2544,.F.);
#1663=ORIENTED_EDGE('',*,*,#2296,.F.);
#1664=CARTESIAN_POINT('',(-3.4925,-0.3175,2.921));
#1665=DIRECTION('',(1.0,0.0,0.0));
#1666=DIRECTION('',(0.0,1.0,0.0));
#1667=ORIENTED_EDGE('',*,*,#2545,.F.);
#1668=ORIENTED_EDGE('',*,*,#2546,.F.);
#1669=ORIENTED_EDGE('',*,*,#2540,.T.);
#1670=ORIENTED_EDGE('',*,*,#2424,.T.);
#1671=CARTESIAN_POINT('',(-3.4925,-0.3175,2.921));
#1672=DIRECTION('',(1.0,0.0,0.0));
#1673=DIRECTION('',(0.0,1.0,0.0));
#1674=ORIENTED_EDGE('',*,*,#2544,.T.);
#1675=ORIENTED_EDGE('',*,*,#2547,.T.);
#1676=ORIENTED_EDGE('',*,*,#2548,.T.);
#1677=ORIENTED_EDGE('',*,*,#2297,.F.);
#1678=CARTESIAN_POINT('',(0.0,0.3175,0.0));
#1679=DIRECTION('',(-0.0,1.0,0.0));
#1680=DIRECTION('',(1.0,0.0,0.0));
#1681=ORIENTED_EDGE('',*,*,#2549,.T.);
#1682=ORIENTED_EDGE('',*,*,#2550,.T.);
#1683=ORIENTED_EDGE('',*,*,#2545,.T.);
#1684=ORIENTED_EDGE('',*,*,#2423,.T.);
#1685=CARTESIAN_POINT('',(0.0,0.3175,0.0));
#1686=DIRECTION('',(-0.0,1.0,0.0));
#1687=DIRECTION('',(1.0,0.0,0.0));
#1688=ORIENTED_EDGE('',*,*,#2548,.F.);
#1689=ORIENTED_EDGE('',*,*,#2551,.F.);
#1690=ORIENTED_EDGE('',*,*,#2537,.T.);
#1691=ORIENTED_EDGE('',*,*,#2298,.T.);
#1692=CARTESIAN_POINT('',(-4.1275,-0.3175,-9.398));
#1693=DIRECTION('',(-1.0,0.0,0.0));
#1694=DIRECTION('',(0.0,0.0,1.0));
#1695=ORIENTED_EDGE('',*,*,#2542,.T.);
#1696=ORIENTED_EDGE('',*,*,#2552,.T.);
#1697=ORIENTED_EDGE('',*,*,#2549,.F.);
#1698=ORIENTED_EDGE('',*,*,#2422,.F.);
#1699=CARTESIAN_POINT('',(-4.1275,-0.3175,-9.398));
#1700=DIRECTION('',(-1.0,0.0,0.0));
#1701=DIRECTION('',(0.0,0.0,1.0));
#1702=ORIENTED_EDGE('',*,*,#2551,.T.);
#1703=ORIENTED_EDGE('',*,*,#2547,.F.);
#1704=ORIENTED_EDGE('',*,*,#2543,.F.);
#1705=ORIENTED_EDGE('',*,*,#2538,.T.);
#1706=CARTESIAN_POINT('',(-3.4925,-0.3175,-9.398));
#1707=DIRECTION('',(0.0,0.0,-1.0));
#1708=DIRECTION('',(0.0,-1.0,0.0));
#1709=ORIENTED_EDGE('',*,*,#2546,.T.);
#1710=ORIENTED_EDGE('',*,*,#2550,.F.);
#1711=ORIENTED_EDGE('',*,*,#2552,.F.);
#1712=ORIENTED_EDGE('',*,*,#2541,.T.);
#1713=CARTESIAN_POINT('',(-4.1275,-0.3175,2.921));
#1714=DIRECTION('',(0.0,0.0,1.0));
#1715=DIRECTION('',(1.0,0.0,0.0));
#1716=ORIENTED_EDGE('',*,*,#2553,.F.);
#1717=ORIENTED_EDGE('',*,*,#2554,.T.);
#1718=ORIENTED_EDGE('',*,*,#2555,.F.);
#1719=ORIENTED_EDGE('',*,*,#2556,.F.);
#1720=ORIENTED_EDGE('',*,*,#2305,.T.);
#1721=ORIENTED_EDGE('',*,*,#2330,.T.);
#1722=ORIENTED_EDGE('',*,*,#2356,.F.);
#1723=ORIENTED_EDGE('',*,*,#2395,.F.);
#1724=ORIENTED_EDGE('',*,*,#2301,.T.);
#1725=ORIENTED_EDGE('',*,*,#2557,.T.);
#1726=ORIENTED_EDGE('',*,*,#2558,.F.);
#1727=ORIENTED_EDGE('',*,*,#2559,.T.);
#1728=CARTESIAN_POINT('',(6.35,-2.54,-5.715));
#1729=DIRECTION('',(1.0,0.0,0.0));
#1730=DIRECTION('',(0.0,1.0,0.0));
#1731=ORIENTED_EDGE('',*,*,#2554,.F.);
#1732=ORIENTED_EDGE('',*,*,#2560,.T.);
#1733=ORIENTED_EDGE('',*,*,#2561,.T.);
#1734=ORIENTED_EDGE('',*,*,#2562,.F.);
#1735=CARTESIAN_POINT('',(6.35,-0.889,0.5715));
#1736=DIRECTION('',(0.707106781186547,0.0,0.707106781186547));
#1737=DIRECTION('',(0.0,-1.0,0.0));
#1738=ORIENTED_EDGE('',*,*,#2563,.T.);
#1739=ORIENTED_EDGE('',*,*,#2564,.F.);
#1740=ORIENTED_EDGE('',*,*,#2559,.F.);
#1741=ORIENTED_EDGE('',*,*,#2565,.T.);
#1742=CARTESIAN_POINT('',(6.35,-0.889,0.5715));
#1743=DIRECTION('',(0.707106781186547,0.0,0.707106781186547));
#1744=DIRECTION('',(0.0,-1.0,0.0));
#1745=ORIENTED_EDGE('',*,*,#2566,.F.);
#1746=ORIENTED_EDGE('',*,*,#2567,.F.);
#1747=ORIENTED_EDGE('',*,*,#2562,.T.);
#1748=ORIENTED_EDGE('',*,*,#2568,.T.);
#1749=ORIENTED_EDGE('',*,*,#2569,.T.);
#1750=ORIENTED_EDGE('',*,*,#2570,.F.);
#1751=ORIENTED_EDGE('',*,*,#2308,.T.);
#1752=CARTESIAN_POINT('',(8.8392,1.905,0.5715));
#1753=DIRECTION('',(0.0,-1.0,0.0));
#1754=DIRECTION('',(0.0,0.0,-1.0));
#1755=ORIENTED_EDGE('',*,*,#2571,.F.);
#1756=ORIENTED_EDGE('',*,*,#2572,.T.);
#1757=ORIENTED_EDGE('',*,*,#2277,.T.);
#1758=ORIENTED_EDGE('',*,*,#2309,.T.);
#1759=ORIENTED_EDGE('',*,*,#2570,.T.);
#1760=ORIENTED_EDGE('',*,*,#2573,.T.);
#1761=ORIENTED_EDGE('',*,*,#2574,.F.);
#1762=ORIENTED_EDGE('',*,*,#2575,.T.);
#1763=CARTESIAN_POINT('',(6.9088,-0.889,-9.906));
#1764=DIRECTION('',(-1.0,0.0,0.0));
#1765=DIRECTION('',(0.0,0.0,1.0));
#1766=ORIENTED_EDGE('',*,*,#2576,.T.);
#1767=ORIENTED_EDGE('',*,*,#2577,.T.);
#1768=ORIENTED_EDGE('',*,*,#2578,.F.);
#1769=ORIENTED_EDGE('',*,*,#2310,.T.);
#1770=ORIENTED_EDGE('',*,*,#2579,.T.);
#1771=ORIENTED_EDGE('',*,*,#2580,.F.);
#1772=ORIENTED_EDGE('',*,*,#2581,.F.);
#1773=ORIENTED_EDGE('',*,*,#2582,.T.);
#1774=CARTESIAN_POINT('',(6.9088,-0.889,-9.906));
#1775=DIRECTION('',(-1.0,0.0,0.0));
#1776=DIRECTION('',(0.0,0.0,1.0));
#1777=ORIENTED_EDGE('',*,*,#2583,.F.);
#1778=ORIENTED_EDGE('',*,*,#2584,.T.);
#1779=ORIENTED_EDGE('',*,*,#2585,.T.);
#1780=ORIENTED_EDGE('',*,*,#2575,.F.);
#1781=CARTESIAN_POINT('',(8.8392,2.413,-8.128));
#1782=DIRECTION('',(0.0,-0.894427190999896,0.447213595499998));
#1783=DIRECTION('',(-1.0,0.0,0.0));
#1784=ORIENTED_EDGE('',*,*,#2586,.F.);
#1785=ORIENTED_EDGE('',*,*,#2587,.T.);
#1786=ORIENTED_EDGE('',*,*,#2571,.T.);
#1787=ORIENTED_EDGE('',*,*,#2585,.F.);
#1788=CARTESIAN_POINT('',(8.8392,-0.889,-9.906));
#1789=DIRECTION('',(0.0,0.0,-1.0));
#1790=DIRECTION('',(0.0,-1.0,0.0));
#1791=ORIENTED_EDGE('',*,*,#2581,.T.);
#1792=ORIENTED_EDGE('',*,*,#2588,.F.);
#1793=ORIENTED_EDGE('',*,*,#2589,.F.);
#1794=ORIENTED_EDGE('',*,*,#2590,.T.);
#1795=CARTESIAN_POINT('',(8.8392,-0.889,-9.906));
#1796=DIRECTION('',(0.0,0.0,-1.0));
#1797=DIRECTION('',(0.0,-1.0,0.0));
#1798=ORIENTED_EDGE('',*,*,#2278,.T.);
#1799=ORIENTED_EDGE('',*,*,#2572,.F.);
#1800=ORIENTED_EDGE('',*,*,#2587,.F.);
#1801=ORIENTED_EDGE('',*,*,#2591,.T.);
#1802=CARTESIAN_POINT('',(8.8392,1.2065,-9.906));
#1803=DIRECTION('',(-0.0,1.0,0.0));
#1804=DIRECTION('',(1.0,0.0,0.0));
#1805=ORIENTED_EDGE('',*,*,#2592,.F.);
#1806=ORIENTED_EDGE('',*,*,#2593,.F.);
#1807=ORIENTED_EDGE('',*,*,#2568,.F.);
#1808=ORIENTED_EDGE('',*,*,#2561,.F.);
#1809=ORIENTED_EDGE('',*,*,#2594,.T.);
#1810=ORIENTED_EDGE('',*,*,#2273,.F.);
#1811=ORIENTED_EDGE('',*,*,#2595,.F.);
#1812=ORIENTED_EDGE('',*,*,#2596,.F.);
#1813=ORIENTED_EDGE('',*,*,#2563,.F.);
#1814=ORIENTED_EDGE('',*,*,#2597,.T.);
#1815=ORIENTED_EDGE('',*,*,#2598,.F.);
#1816=ORIENTED_EDGE('',*,*,#2599,.T.);
#1817=ORIENTED_EDGE('',*,*,#2600,.F.);
#1818=ORIENTED_EDGE('',*,*,#2589,.T.);
#1819=ORIENTED_EDGE('',*,*,#2601,.T.);
#1820=ORIENTED_EDGE('',*,*,#2602,.F.);
#1821=ORIENTED_EDGE('',*,*,#2279,.F.);
#1822=ORIENTED_EDGE('',*,*,#2591,.F.);
#1823=ORIENTED_EDGE('',*,*,#2586,.T.);
#1824=ORIENTED_EDGE('',*,*,#2584,.F.);
#1825=CARTESIAN_POINT('',(8.8392,-0.889,-1.9177));
#1826=DIRECTION('',(1.0,0.0,0.0));
#1827=DIRECTION('',(0.0,1.0,0.0));
#1828=ORIENTED_EDGE('',*,*,#2276,.T.);
#1829=ORIENTED_EDGE('',*,*,#2602,.T.);
#1830=ORIENTED_EDGE('',*,*,#2603,.T.);
#1831=ORIENTED_EDGE('',*,*,#2579,.F.);
#1832=CARTESIAN_POINT('',(8.8392,0.762,-6.1595));
#1833=DIRECTION('',(-1.0,0.0,-0.0));
#1834=DIRECTION('',(0.0,0.0,-1.0));
#1835=ORIENTED_EDGE('',*,*,#2588,.T.);
#1836=ORIENTED_EDGE('',*,*,#2580,.T.);
#1837=ORIENTED_EDGE('',*,*,#2603,.F.);
#1838=ORIENTED_EDGE('',*,*,#2601,.F.);
#1839=CARTESIAN_POINT('',(8.8392,0.3175,-6.1595));
#1840=DIRECTION('',(0.0,-1.0,0.0));
#1841=DIRECTION('',(0.0,0.0,-1.0));
#1842=ORIENTED_EDGE('',*,*,#2590,.F.);
#1843=ORIENTED_EDGE('',*,*,#2600,.T.);
#1844=ORIENTED_EDGE('',*,*,#2604,.T.);
#1845=ORIENTED_EDGE('',*,*,#2582,.F.);
#1846=CARTESIAN_POINT('',(8.8392,0.0,-9.906));
#1847=DIRECTION('',(0.0,0.894427190999896,0.447213595499998));
#1848=DIRECTION('',(1.0,0.0,-0.0));
#1849=ORIENTED_EDGE('',*,*,#2599,.F.);
#1850=ORIENTED_EDGE('',*,*,#2605,.T.);
#1851=ORIENTED_EDGE('',*,*,#2576,.F.);
#1852=ORIENTED_EDGE('',*,*,#2604,.F.);
#1853=CARTESIAN_POINT('',(0.0,-0.889,0.0));
#1854=DIRECTION('',(-0.0,1.0,0.0));
#1855=DIRECTION('',(1.0,0.0,0.0));
#1856=ORIENTED_EDGE('',*,*,#2606,.F.);
#1857=ORIENTED_EDGE('',*,*,#2607,.F.);
#1858=ORIENTED_EDGE('',*,*,#2608,.F.);
#1859=ORIENTED_EDGE('',*,*,#2609,.T.);
#1860=CARTESIAN_POINT('',(0.0,-0.889,0.0));
#1861=DIRECTION('',(-0.0,1.0,0.0));
#1862=DIRECTION('',(1.0,0.0,0.0));
#1863=ORIENTED_EDGE('',*,*,#2598,.T.);
#1864=ORIENTED_EDGE('',*,*,#2610,.T.);
#1865=ORIENTED_EDGE('',*,*,#2577,.F.);
#1866=ORIENTED_EDGE('',*,*,#2605,.F.);
#1867=CARTESIAN_POINT('',(8.8392,-0.889,-7.747));
#1868=DIRECTION('',(0.0,0.707106781186547,-0.707106781186547));
#1869=DIRECTION('',(-1.0,0.0,0.0));
#1870=ORIENTED_EDGE('',*,*,#2578,.T.);
#1871=ORIENTED_EDGE('',*,*,#2610,.F.);
#1872=ORIENTED_EDGE('',*,*,#2597,.F.);
#1873=ORIENTED_EDGE('',*,*,#2565,.F.);
#1874=ORIENTED_EDGE('',*,*,#2611,.T.);
#1875=ORIENTED_EDGE('',*,*,#2612,.F.);
#1876=ORIENTED_EDGE('',*,*,#2311,.F.);
#1877=CARTESIAN_POINT('',(8.8392,-0.381,-7.239));
#1878=DIRECTION('',(-0.0,1.0,0.0));
#1879=DIRECTION('',(1.0,0.0,0.0));
#1880=ORIENTED_EDGE('',*,*,#2613,.T.);
#1881=ORIENTED_EDGE('',*,*,#2614,.T.);
#1882=ORIENTED_EDGE('',*,*,#2275,.T.);
#1883=ORIENTED_EDGE('',*,*,#2615,.T.);
#1884=ORIENTED_EDGE('',*,*,#2616,.T.);
#1885=CARTESIAN_POINT('',(6.2992,-0.889,-1.9177));
#1886=DIRECTION('',(1.0,0.0,0.0));
#1887=DIRECTION('',(0.0,1.0,0.0));
#1888=ORIENTED_EDGE('',*,*,#2612,.T.);
#1889=ORIENTED_EDGE('',*,*,#2617,.T.);
#1890=ORIENTED_EDGE('',*,*,#2618,.T.);
#1891=ORIENTED_EDGE('',*,*,#2312,.T.);
#1892=CARTESIAN_POINT('',(6.2992,-0.889,-1.9177));
#1893=DIRECTION('',(1.0,0.0,0.0));
#1894=DIRECTION('',(0.0,1.0,0.0));
#1895=ORIENTED_EDGE('',*,*,#2619,.T.);
#1896=ORIENTED_EDGE('',*,*,#2620,.T.);
#1897=ORIENTED_EDGE('',*,*,#2566,.T.);
#1898=ORIENTED_EDGE('',*,*,#2307,.T.);
#1899=CARTESIAN_POINT('',(6.2992,-0.889,-1.9177));
#1900=DIRECTION('',(1.0,0.0,0.0));
#1901=DIRECTION('',(0.0,1.0,0.0));
#1902=ORIENTED_EDGE('',*,*,#2621,.T.);
#1903=ORIENTED_EDGE('',*,*,#2616,.F.);
#1904=ORIENTED_EDGE('',*,*,#2622,.F.);
#1905=ORIENTED_EDGE('',*,*,#2553,.T.);
#1906=CARTESIAN_POINT('',(8.8392,1.2065,0.5715));
#1907=DIRECTION('',(0.0,0.0,1.0));
#1908=DIRECTION('',(1.0,0.0,0.0));
#1909=ORIENTED_EDGE('',*,*,#2622,.T.);
#1910=ORIENTED_EDGE('',*,*,#2615,.F.);
#1911=ORIENTED_EDGE('',*,*,#2274,.F.);
#1912=ORIENTED_EDGE('',*,*,#2594,.F.);
#1913=ORIENTED_EDGE('',*,*,#2560,.F.);
#1914=CARTESIAN_POINT('',(8.8392,1.2065,-4.2545));
#1915=DIRECTION('',(-0.0,1.0,0.0));
#1916=DIRECTION('',(1.0,0.0,0.0));
#1917=ORIENTED_EDGE('',*,*,#2272,.T.);
#1918=ORIENTED_EDGE('',*,*,#2614,.F.);
#1919=ORIENTED_EDGE('',*,*,#2623,.F.);
#1920=ORIENTED_EDGE('',*,*,#2595,.T.);
#1921=CARTESIAN_POINT('',(8.8392,0.762,-4.2545));
#1922=DIRECTION('',(-1.0,0.0,-0.0));
#1923=DIRECTION('',(0.0,0.0,-1.0));
#1924=ORIENTED_EDGE('',*,*,#2596,.T.);
#1925=ORIENTED_EDGE('',*,*,#2623,.T.);
#1926=ORIENTED_EDGE('',*,*,#2613,.F.);
#1927=ORIENTED_EDGE('',*,*,#2621,.F.);
#1928=ORIENTED_EDGE('',*,*,#2564,.T.);
#1929=CARTESIAN_POINT('',(8.8392,0.3175,0.5715));
#1930=DIRECTION('',(0.0,-1.0,0.0));
#1931=DIRECTION('',(0.0,0.0,-1.0));
#1932=ORIENTED_EDGE('',*,*,#2300,.T.);
#1933=ORIENTED_EDGE('',*,*,#2618,.F.);
#1934=ORIENTED_EDGE('',*,*,#2624,.F.);
#1935=ORIENTED_EDGE('',*,*,#2557,.F.);
#1936=CARTESIAN_POINT('',(8.8392,-0.889,0.5715));
#1937=DIRECTION('',(0.0,-1.0,0.0));
#1938=DIRECTION('',(0.0,0.0,-1.0));
#1939=ORIENTED_EDGE('',*,*,#2624,.T.);
#1940=ORIENTED_EDGE('',*,*,#2617,.F.);
#1941=ORIENTED_EDGE('',*,*,#2611,.F.);
#1942=ORIENTED_EDGE('',*,*,#2558,.T.);
#1943=CARTESIAN_POINT('',(8.8392,-0.381,0.5715));
#1944=DIRECTION('',(0.0,0.0,1.0));
#1945=DIRECTION('',(1.0,0.0,0.0));
#1946=ORIENTED_EDGE('',*,*,#2567,.T.);
#1947=ORIENTED_EDGE('',*,*,#2620,.F.);
#1948=ORIENTED_EDGE('',*,*,#2625,.F.);
#1949=ORIENTED_EDGE('',*,*,#2555,.T.);
#1950=CARTESIAN_POINT('',(8.8392,2.413,0.5715));
#1951=DIRECTION('',(0.0,0.0,1.0));
#1952=DIRECTION('',(1.0,0.0,0.0));
#1953=ORIENTED_EDGE('',*,*,#2625,.T.);
#1954=ORIENTED_EDGE('',*,*,#2619,.F.);
#1955=ORIENTED_EDGE('',*,*,#2306,.F.);
#1956=ORIENTED_EDGE('',*,*,#2556,.T.);
#1957=CARTESIAN_POINT('',(8.8392,2.413,-7.747));
#1958=DIRECTION('',(-0.0,1.0,0.0));
#1959=DIRECTION('',(1.0,0.0,0.0));
#1960=ORIENTED_EDGE('',*,*,#2609,.F.);
#1961=ORIENTED_EDGE('',*,*,#2626,.F.);
#1962=ORIENTED_EDGE('',*,*,#2627,.F.);
#1963=ORIENTED_EDGE('',*,*,#2628,.T.);
#1964=CARTESIAN_POINT('',(-8.8392,0.0,-9.906));
#1965=DIRECTION('',(0.0,-0.894427190999896,-0.447213595499998));
#1966=DIRECTION('',(0.0,0.447213595499998,-0.894427190999896));
#1967=ORIENTED_EDGE('',*,*,#2629,.F.);
#1968=ORIENTED_EDGE('',*,*,#2630,.F.);
#1969=ORIENTED_EDGE('',*,*,#2631,.F.);
#1970=ORIENTED_EDGE('',*,*,#2315,.F.);
#1971=ORIENTED_EDGE('',*,*,#2267,.F.);
#1972=ORIENTED_EDGE('',*,*,#2632,.F.);
#1973=ORIENTED_EDGE('',*,*,#2633,.T.);
#1974=ORIENTED_EDGE('',*,*,#2634,.F.);
#1975=CARTESIAN_POINT('',(-6.9088,-0.889,-5.715));
#1976=DIRECTION('',(1.0,0.0,0.0));
#1977=DIRECTION('',(0.0,1.0,0.0));
#1978=ORIENTED_EDGE('',*,*,#2635,.T.);
#1979=ORIENTED_EDGE('',*,*,#2636,.T.);
#1980=ORIENTED_EDGE('',*,*,#2637,.F.);
#1981=ORIENTED_EDGE('',*,*,#2314,.F.);
#1982=ORIENTED_EDGE('',*,*,#2638,.T.);
#1983=ORIENTED_EDGE('',*,*,#2639,.F.);
#1984=ORIENTED_EDGE('',*,*,#2606,.T.);
#1985=ORIENTED_EDGE('',*,*,#2628,.F.);
#1986=CARTESIAN_POINT('',(-6.9088,-0.889,-5.715));
#1987=DIRECTION('',(1.0,0.0,0.0));
#1988=DIRECTION('',(0.0,1.0,0.0));
#1989=ORIENTED_EDGE('',*,*,#2640,.T.);
#1990=ORIENTED_EDGE('',*,*,#2641,.F.);
#1991=ORIENTED_EDGE('',*,*,#2642,.T.);
#1992=ORIENTED_EDGE('',*,*,#2634,.T.);
#1993=CARTESIAN_POINT('',(-8.8392,2.413,-8.128));
#1994=DIRECTION('',(0.0,0.894427190999896,-0.447213595499998));
#1995=DIRECTION('',(-1.0,0.0,0.0));
#1996=ORIENTED_EDGE('',*,*,#2574,.T.);
#1997=ORIENTED_EDGE('',*,*,#2643,.F.);
#1998=ORIENTED_EDGE('',*,*,#2592,.T.);
#1999=ORIENTED_EDGE('',*,*,#2583,.T.);
#2000=CARTESIAN_POINT('',(0.0,2.413,0.0));
#2001=DIRECTION('',(-0.0,1.0,0.0));
#2002=DIRECTION('',(1.0,0.0,0.0));
#2003=ORIENTED_EDGE('',*,*,#2644,.T.);
#2004=ORIENTED_EDGE('',*,*,#2645,.T.);
#2005=ORIENTED_EDGE('',*,*,#2629,.T.);
#2006=ORIENTED_EDGE('',*,*,#2642,.F.);
#2007=CARTESIAN_POINT('',(0.0,2.413,0.0));
#2008=DIRECTION('',(-0.0,1.0,0.0));
#2009=DIRECTION('',(1.0,0.0,0.0));
#2010=ORIENTED_EDGE('',*,*,#2573,.F.);
#2011=ORIENTED_EDGE('',*,*,#2569,.F.);
#2012=ORIENTED_EDGE('',*,*,#2593,.T.);
#2013=ORIENTED_EDGE('',*,*,#2643,.T.);
#2014=CARTESIAN_POINT('',(8.8392,1.905,-7.239));
#2015=DIRECTION('',(0.0,-0.707106781186547,-0.707106781186547));
#2016=DIRECTION('',(0.0,-0.707106781186548,0.707106781186548));
#2017=ORIENTED_EDGE('',*,*,#2646,.F.);
#2018=ORIENTED_EDGE('',*,*,#2647,.T.);
#2019=ORIENTED_EDGE('',*,*,#2630,.T.);
#2020=ORIENTED_EDGE('',*,*,#2645,.F.);
#2021=CARTESIAN_POINT('',(-8.8392,1.905,-7.239));
#2022=DIRECTION('',(0.0,0.707106781186547,0.707106781186547));
#2023=DIRECTION('',(1.0,0.0,-0.0));
#2024=ORIENTED_EDGE('',*,*,#2631,.T.);
#2025=ORIENTED_EDGE('',*,*,#2647,.F.);
#2026=ORIENTED_EDGE('',*,*,#2648,.F.);
#2027=ORIENTED_EDGE('',*,*,#2649,.T.);
#2028=ORIENTED_EDGE('',*,*,#2650,.T.);
#2029=ORIENTED_EDGE('',*,*,#2651,.T.);
#2030=ORIENTED_EDGE('',*,*,#2316,.F.);
#2031=CARTESIAN_POINT('',(-8.8392,1.905,0.5715));
#2032=DIRECTION('',(-0.0,1.0,0.0));
#2033=DIRECTION('',(1.0,0.0,0.0));
#2034=ORIENTED_EDGE('',*,*,#2652,.F.);
#2035=ORIENTED_EDGE('',*,*,#2269,.F.);
#2036=ORIENTED_EDGE('',*,*,#2653,.F.);
#2037=ORIENTED_EDGE('',*,*,#2654,.F.);
#2038=ORIENTED_EDGE('',*,*,#2655,.F.);
#2039=CARTESIAN_POINT('',(-6.2992,-0.889,-1.9177));
#2040=DIRECTION('',(1.0,0.0,0.0));
#2041=DIRECTION('',(0.0,1.0,0.0));
#2042=ORIENTED_EDGE('',*,*,#2656,.F.);
#2043=ORIENTED_EDGE('',*,*,#2657,.F.);
#2044=ORIENTED_EDGE('',*,*,#2658,.F.);
#2045=ORIENTED_EDGE('',*,*,#2325,.F.);
#2046=CARTESIAN_POINT('',(-6.2992,-0.889,-1.9177));
#2047=DIRECTION('',(1.0,0.0,0.0));
#2048=DIRECTION('',(0.0,1.0,0.0));
#2049=ORIENTED_EDGE('',*,*,#2651,.F.);
#2050=ORIENTED_EDGE('',*,*,#2659,.F.);
#2051=ORIENTED_EDGE('',*,*,#2660,.F.);
#2052=ORIENTED_EDGE('',*,*,#2317,.F.);
#2053=CARTESIAN_POINT('',(-6.2992,-0.889,-1.9177));
#2054=DIRECTION('',(1.0,0.0,0.0));
#2055=DIRECTION('',(0.0,1.0,0.0));
#2056=ORIENTED_EDGE('',*,*,#2661,.T.);
#2057=ORIENTED_EDGE('',*,*,#2655,.T.);
#2058=ORIENTED_EDGE('',*,*,#2662,.F.);
#2059=ORIENTED_EDGE('',*,*,#2663,.F.);
#2060=CARTESIAN_POINT('',(-8.8392,1.2065,0.5715));
#2061=DIRECTION('',(0.0,0.0,-1.0));
#2062=DIRECTION('',(0.0,-1.0,0.0));
#2063=ORIENTED_EDGE('',*,*,#2663,.T.);
#2064=ORIENTED_EDGE('',*,*,#2664,.T.);
#2065=ORIENTED_EDGE('',*,*,#2665,.T.);
#2066=ORIENTED_EDGE('',*,*,#2666,.F.);
#2067=ORIENTED_EDGE('',*,*,#2323,.T.);
#2068=ORIENTED_EDGE('',*,*,#2391,.T.);
#2069=ORIENTED_EDGE('',*,*,#2362,.F.);
#2070=ORIENTED_EDGE('',*,*,#2334,.F.);
#2071=ORIENTED_EDGE('',*,*,#2319,.T.);
#2072=ORIENTED_EDGE('',*,*,#2667,.T.);
#2073=ORIENTED_EDGE('',*,*,#2668,.T.);
#2074=ORIENTED_EDGE('',*,*,#2669,.T.);
#2075=CARTESIAN_POINT('',(-6.35,2.54,-5.715));
#2076=DIRECTION('',(-1.0,0.0,0.0));
#2077=DIRECTION('',(0.0,0.0,1.0));
#2078=ORIENTED_EDGE('',*,*,#2670,.F.);
#2079=ORIENTED_EDGE('',*,*,#2671,.T.);
#2080=ORIENTED_EDGE('',*,*,#2669,.F.);
#2081=ORIENTED_EDGE('',*,*,#2649,.F.);
#2082=CARTESIAN_POINT('',(-8.8392,-0.889,-1.9177));
#2083=DIRECTION('',(-0.707106781186547,0.0,0.707106781186547));
#2084=DIRECTION('',(0.0,1.0,0.0));
#2085=ORIENTED_EDGE('',*,*,#2664,.F.);
#2086=ORIENTED_EDGE('',*,*,#2672,.F.);
#2087=ORIENTED_EDGE('',*,*,#2673,.F.);
#2088=ORIENTED_EDGE('',*,*,#2674,.T.);
#2089=CARTESIAN_POINT('',(-8.8392,-0.889,-1.9177));
#2090=DIRECTION('',(-0.707106781186547,0.0,0.707106781186547));
#2091=DIRECTION('',(0.0,1.0,0.0));
#2092=ORIENTED_EDGE('',*,*,#2270,.T.);
#2093=ORIENTED_EDGE('',*,*,#2652,.T.);
#2094=ORIENTED_EDGE('',*,*,#2661,.F.);
#2095=ORIENTED_EDGE('',*,*,#2671,.F.);
#2096=ORIENTED_EDGE('',*,*,#2675,.T.);
#2097=CARTESIAN_POINT('',(-8.8392,1.2065,-4.2545));
#2098=DIRECTION('',(0.0,-1.0,0.0));
#2099=DIRECTION('',(0.0,0.0,-1.0));
#2100=ORIENTED_EDGE('',*,*,#2676,.F.);
#2101=ORIENTED_EDGE('',*,*,#2677,.T.);
#2102=ORIENTED_EDGE('',*,*,#2265,.T.);
#2103=ORIENTED_EDGE('',*,*,#2678,.T.);
#2104=ORIENTED_EDGE('',*,*,#2679,.F.);
#2105=ORIENTED_EDGE('',*,*,#2680,.F.);
#2106=ORIENTED_EDGE('',*,*,#2626,.T.);
#2107=ORIENTED_EDGE('',*,*,#2608,.T.);
#2108=ORIENTED_EDGE('',*,*,#2681,.T.);
#2109=ORIENTED_EDGE('',*,*,#2682,.F.);
#2110=ORIENTED_EDGE('',*,*,#2673,.T.);
#2111=ORIENTED_EDGE('',*,*,#2683,.T.);
#2112=ORIENTED_EDGE('',*,*,#2684,.T.);
#2113=ORIENTED_EDGE('',*,*,#2271,.T.);
#2114=ORIENTED_EDGE('',*,*,#2675,.F.);
#2115=ORIENTED_EDGE('',*,*,#2670,.T.);
#2116=ORIENTED_EDGE('',*,*,#2648,.T.);
#2117=ORIENTED_EDGE('',*,*,#2646,.T.);
#2118=ORIENTED_EDGE('',*,*,#2644,.F.);
#2119=ORIENTED_EDGE('',*,*,#2641,.T.);
#2120=CARTESIAN_POINT('',(-8.8392,-0.889,-9.906));
#2121=DIRECTION('',(-1.0,0.0,0.0));
#2122=DIRECTION('',(0.0,0.0,1.0));
#2123=ORIENTED_EDGE('',*,*,#2268,.T.);
#2124=ORIENTED_EDGE('',*,*,#2684,.F.);
#2125=ORIENTED_EDGE('',*,*,#2685,.T.);
#2126=ORIENTED_EDGE('',*,*,#2653,.T.);
#2127=CARTESIAN_POINT('',(-8.8392,0.762,-4.2545));
#2128=DIRECTION('',(-1.0,0.0,-0.0));
#2129=DIRECTION('',(0.0,0.0,-1.0));
#2130=ORIENTED_EDGE('',*,*,#2672,.T.);
#2131=ORIENTED_EDGE('',*,*,#2662,.T.);
#2132=ORIENTED_EDGE('',*,*,#2654,.T.);
#2133=ORIENTED_EDGE('',*,*,#2685,.F.);
#2134=ORIENTED_EDGE('',*,*,#2683,.F.);
#2135=CARTESIAN_POINT('',(-8.8392,0.3175,0.5715));
#2136=DIRECTION('',(-0.0,1.0,0.0));
#2137=DIRECTION('',(1.0,0.0,0.0));
#2138=ORIENTED_EDGE('',*,*,#2658,.T.);
#2139=ORIENTED_EDGE('',*,*,#2686,.F.);
#2140=ORIENTED_EDGE('',*,*,#2674,.F.);
#2141=ORIENTED_EDGE('',*,*,#2682,.T.);
#2142=ORIENTED_EDGE('',*,*,#2687,.T.);
#2143=ORIENTED_EDGE('',*,*,#2638,.F.);
#2144=ORIENTED_EDGE('',*,*,#2313,.T.);
#2145=CARTESIAN_POINT('',(-8.8392,-0.381,-7.239));
#2146=DIRECTION('',(0.0,-1.0,0.0));
#2147=DIRECTION('',(0.0,0.0,-1.0));
#2148=ORIENTED_EDGE('',*,*,#2639,.T.);
#2149=ORIENTED_EDGE('',*,*,#2687,.F.);
#2150=ORIENTED_EDGE('',*,*,#2681,.F.);
#2151=ORIENTED_EDGE('',*,*,#2607,.T.);
#2152=CARTESIAN_POINT('',(-8.8392,-0.889,-7.747));
#2153=DIRECTION('',(0.0,-0.707106781186547,0.707106781186547));
#2154=DIRECTION('',(-1.0,0.0,0.0));
#2155=ORIENTED_EDGE('',*,*,#2686,.T.);
#2156=ORIENTED_EDGE('',*,*,#2657,.T.);
#2157=ORIENTED_EDGE('',*,*,#2688,.F.);
#2158=ORIENTED_EDGE('',*,*,#2665,.F.);
#2159=CARTESIAN_POINT('',(-8.8392,-0.381,0.5715));
#2160=DIRECTION('',(0.0,0.0,-1.0));
#2161=DIRECTION('',(0.0,-1.0,0.0));
#2162=ORIENTED_EDGE('',*,*,#2688,.T.);
#2163=ORIENTED_EDGE('',*,*,#2656,.T.);
#2164=ORIENTED_EDGE('',*,*,#2324,.F.);
#2165=ORIENTED_EDGE('',*,*,#2666,.T.);
#2166=CARTESIAN_POINT('',(-8.8392,-0.889,0.5715));
#2167=DIRECTION('',(-0.0,1.0,0.0));
#2168=DIRECTION('',(1.0,0.0,0.0));
#2169=ORIENTED_EDGE('',*,*,#2633,.F.);
#2170=ORIENTED_EDGE('',*,*,#2689,.T.);
#2171=ORIENTED_EDGE('',*,*,#2676,.T.);
#2172=ORIENTED_EDGE('',*,*,#2640,.F.);
#2173=CARTESIAN_POINT('',(-6.9088,-0.889,-9.906));
#2174=DIRECTION('',(0.0,0.0,-1.0));
#2175=DIRECTION('',(0.0,-1.0,0.0));
#2176=ORIENTED_EDGE('',*,*,#2680,.T.);
#2177=ORIENTED_EDGE('',*,*,#2690,.F.);
#2178=ORIENTED_EDGE('',*,*,#2635,.F.);
#2179=ORIENTED_EDGE('',*,*,#2627,.T.);
#2180=CARTESIAN_POINT('',(-6.9088,-0.889,-9.906));
#2181=DIRECTION('',(0.0,0.0,-1.0));
#2182=DIRECTION('',(0.0,-1.0,0.0));
#2183=ORIENTED_EDGE('',*,*,#2266,.F.);
#2184=ORIENTED_EDGE('',*,*,#2677,.F.);
#2185=ORIENTED_EDGE('',*,*,#2689,.F.);
#2186=ORIENTED_EDGE('',*,*,#2632,.T.);
#2187=CARTESIAN_POINT('',(-8.8392,1.2065,-9.906));
#2188=DIRECTION('',(0.0,-1.0,0.0));
#2189=DIRECTION('',(0.0,0.0,-1.0));
#2190=ORIENTED_EDGE('',*,*,#2264,.T.);
#2191=ORIENTED_EDGE('',*,*,#2637,.T.);
#2192=ORIENTED_EDGE('',*,*,#2691,.F.);
#2193=ORIENTED_EDGE('',*,*,#2678,.F.);
#2194=CARTESIAN_POINT('',(-8.8392,0.762,-6.1595));
#2195=DIRECTION('',(-1.0,0.0,-0.0));
#2196=DIRECTION('',(0.0,0.0,-1.0));
#2197=ORIENTED_EDGE('',*,*,#2690,.T.);
#2198=ORIENTED_EDGE('',*,*,#2679,.T.);
#2199=ORIENTED_EDGE('',*,*,#2691,.T.);
#2200=ORIENTED_EDGE('',*,*,#2636,.F.);
#2201=CARTESIAN_POINT('',(-8.8392,0.3175,-6.1595));
#2202=DIRECTION('',(-0.0,1.0,0.0));
#2203=DIRECTION('',(1.0,0.0,0.0));
#2204=ORIENTED_EDGE('',*,*,#2692,.T.);
#2205=ORIENTED_EDGE('',*,*,#2659,.T.);
#2206=ORIENTED_EDGE('',*,*,#2650,.F.);
#2207=ORIENTED_EDGE('',*,*,#2668,.F.);
#2208=CARTESIAN_POINT('',(-8.8392,2.413,0.5715));
#2209=DIRECTION('',(0.0,0.0,-1.0));
#2210=DIRECTION('',(0.0,-1.0,0.0));
#2211=ORIENTED_EDGE('',*,*,#2318,.T.);
#2212=ORIENTED_EDGE('',*,*,#2660,.T.);
#2213=ORIENTED_EDGE('',*,*,#2692,.F.);
#2214=ORIENTED_EDGE('',*,*,#2667,.F.);
#2215=CARTESIAN_POINT('',(-8.8392,2.413,-7.747));
#2216=DIRECTION('',(0.0,-1.0,0.0));
#2217=DIRECTION('',(0.0,0.0,-1.0));
#2218=ORIENTED_EDGE('',*,*,#2394,.T.);
#2219=ORIENTED_EDGE('',*,*,#2693,.T.);
#2220=ORIENTED_EDGE('',*,*,#2331,.F.);
#2221=ORIENTED_EDGE('',*,*,#2303,.F.);
#2222=CARTESIAN_POINT('',(5.53405811877806,-2.54,-5.715));
#2223=DIRECTION('',(0.642787609686505,0.0,-0.766044443119006));
#2224=DIRECTION('',(0.0,-1.0,0.0));
#2225=ORIENTED_EDGE('',*,*,#2332,.F.);
#2226=ORIENTED_EDGE('',*,*,#2693,.F.);
#2227=ORIENTED_EDGE('',*,*,#2393,.T.);
#2228=ORIENTED_EDGE('',*,*,#2281,.T.);
#2229=CARTESIAN_POINT('',(5.08,-2.54,-6.096));
#2230=DIRECTION('',(-0.642787609686505,0.0,-0.766044443119006));
#2231=DIRECTION('',(-0.766044443119007,0.0,0.642787609686505));
#2232=ORIENTED_EDGE('',*,*,#2333,.F.);
#2233=ORIENTED_EDGE('',*,*,#2327,.F.);
#2234=ORIENTED_EDGE('',*,*,#2392,.T.);
#2235=ORIENTED_EDGE('',*,*,#2321,.T.);
#2236=CARTESIAN_POINT('',(-5.08,-2.54,-6.096));
#2237=DIRECTION('',(-0.642787609686505,0.0,-0.766044443119006));
#2238=DIRECTION('',(-0.766044443119007,0.0,0.642787609686505));
#2239=ORIENTED_EDGE('',*,*,#2694,.F.);
#2240=ORIENTED_EDGE('',*,*,#2348,.F.);
#2241=ORIENTED_EDGE('',*,*,#2346,.T.);
#2242=ORIENTED_EDGE('',*,*,#2358,.F.);
#2243=CARTESIAN_POINT('',(5.08,2.54,3.175));
#2244=DIRECTION('',(-0.978147600733838,0.0,-0.207911690817608));
#2245=DIRECTION('',(-0.207911690817608,0.0,0.978147600733838));
#2246=ORIENTED_EDGE('',*,*,#2349,.T.);
#2247=ORIENTED_EDGE('',*,*,#2694,.T.);
#2248=ORIENTED_EDGE('',*,*,#2357,.T.);
#2249=CARTESIAN_POINT('',(6.35,2.413,-5.715));
#2250=DIRECTION('',(-0.0,1.0,0.0));
#2251=DIRECTION('',(1.0,0.0,0.0));
#2252=AXIS2_PLACEMENT_3D('',#2695,#2696,#2697);
#2253=AXIS2_PLACEMENT_3D('',#2698,#2699,#2700);
#2254=AXIS2_PLACEMENT_3D('',#2701,#2702,#2703);
#2255=AXIS2_PLACEMENT_3D('',#2704,#2705,#2706);
#2256=AXIS2_PLACEMENT_3D('',#2707,#2708,#2709);
#2257=AXIS2_PLACEMENT_3D('',#2710,#2711,#2712);
#2258=AXIS2_PLACEMENT_3D('',#2713,#2714,#2715);
#2259=AXIS2_PLACEMENT_3D('',#2716,#2717,#2718);
#2260=AXIS2_PLACEMENT_3D('',#2719,#2720,#2721);
#2261=AXIS2_PLACEMENT_3D('',#2722,#2723,#2724);
#2262=AXIS2_PLACEMENT_3D('',#2725,#2726,#2727);
#2263=AXIS2_PLACEMENT_3D('',#2728,#2729,#2730);
#2264=EDGE_CURVE('',#2731,#2732,#2733,.T.);
#2265=EDGE_CURVE('',#2734,#2731,#2735,.T.);
#2266=EDGE_CURVE('',#2734,#2736,#2737,.T.);
#2267=EDGE_CURVE('',#2736,#2732,#2738,.T.);
#2268=EDGE_CURVE('',#2739,#2740,#2741,.T.);
#2269=EDGE_CURVE('',#2739,#2742,#2743,.T.);
#2270=EDGE_CURVE('',#2744,#2742,#2745,.T.);
#2271=EDGE_CURVE('',#2740,#2744,#2746,.T.);
#2272=EDGE_CURVE('',#2747,#2748,#2749,.T.);
#2273=EDGE_CURVE('',#2747,#2750,#2751,.T.);
#2274=EDGE_CURVE('',#2750,#2752,#2753,.T.);
#2275=EDGE_CURVE('',#2748,#2752,#2754,.T.);
#2276=EDGE_CURVE('',#2755,#2756,#2757,.T.);
#2277=EDGE_CURVE('',#2758,#2755,#2759,.T.);
#2278=EDGE_CURVE('',#2760,#2758,#2761,.T.);
#2279=EDGE_CURVE('',#2760,#2756,#2762,.T.);
#2280=EDGE_CURVE('',#2763,#2764,#2765,.T.);
#2281=EDGE_CURVE('',#2766,#2764,#2767,.T.);
#2282=EDGE_CURVE('',#2768,#2766,#2769,.T.);
#2283=EDGE_CURVE('',#2768,#2763,#2770,.T.);
#2284=EDGE_CURVE('',#2771,#2772,#2773,.T.);
#2285=EDGE_CURVE('',#2771,#2774,#2775,.T.);
#2286=EDGE_CURVE('',#2774,#2776,#2777,.T.);
#2287=EDGE_CURVE('',#2772,#2776,#2778,.T.);
#2288=EDGE_CURVE('',#2779,#2780,#2781,.T.);
#2289=EDGE_CURVE('',#2780,#2782,#2783,.T.);
#2290=EDGE_CURVE('',#2784,#2782,#2785,.T.);
#2291=EDGE_CURVE('',#2779,#2784,#2786,.T.);
#2292=EDGE_CURVE('',#2787,#2788,#2789,.T.);
#2293=EDGE_CURVE('',#2788,#2790,#2791,.T.);
#2294=EDGE_CURVE('',#2792,#2790,#2793,.T.);
#2295=EDGE_CURVE('',#2787,#2792,#2794,.T.);
#2296=EDGE_CURVE('',#2795,#2796,#2797,.T.);
#2297=EDGE_CURVE('',#2796,#2798,#2799,.T.);
#2298=EDGE_CURVE('',#2800,#2798,#2801,.T.);
#2299=EDGE_CURVE('',#2795,#2800,#2802,.T.);
#2300=EDGE_CURVE('',#2803,#2804,#2805,.T.);
#2301=EDGE_CURVE('',#2806,#2803,#2807,.T.);
#2302=EDGE_CURVE('',#2808,#2806,#2809,.T.);
#2303=EDGE_CURVE('',#2808,#2810,#2811,.T.);
#2304=EDGE_CURVE('',#2810,#2812,#2813,.T.);
#2305=EDGE_CURVE('',#2814,#2812,#2815,.T.);
#2306=EDGE_CURVE('',#2814,#2816,#2817,.T.);
#2307=EDGE_CURVE('',#2818,#2816,#2819,.T.);
#2308=EDGE_CURVE('',#2820,#2818,#2821,.T.);
#2309=EDGE_CURVE('',#2755,#2820,#2822,.T.);
#2310=EDGE_CURVE('',#2823,#2755,#2824,.T.);
#2311=EDGE_CURVE('',#2823,#2825,#2826,.T.);
#2312=EDGE_CURVE('',#2804,#2825,#2827,.T.);
#2313=EDGE_CURVE('',#2828,#2829,#2830,.T.);
#2314=EDGE_CURVE('',#2828,#2732,#2831,.T.);
#2315=EDGE_CURVE('',#2732,#2832,#2833,.T.);
#2316=EDGE_CURVE('',#2832,#2834,#2835,.T.);
#2317=EDGE_CURVE('',#2834,#2836,#2837,.T.);
#2318=EDGE_CURVE('',#2838,#2836,#2839,.T.);
#2319=EDGE_CURVE('',#2840,#2838,#2841,.T.);
#2320=EDGE_CURVE('',#2840,#2842,#2843,.T.);
#2321=EDGE_CURVE('',#2844,#2842,#2845,.T.);
#2322=EDGE_CURVE('',#2846,#2844,#2847,.T.);
#2323=EDGE_CURVE('',#2848,#2846,#2849,.T.);
#2324=EDGE_CURVE('',#2848,#2850,#2851,.T.);
#2325=EDGE_CURVE('',#2850,#2829,#2852,.T.);
#2326=EDGE_CURVE('',#2768,#2853,#2854,.T.);
#2327=EDGE_CURVE('',#2853,#2855,#2856,.T.);
#2328=EDGE_CURVE('',#2763,#2855,#2857,.T.);
#2329=EDGE_CURVE('',#2858,#2859,#2860,.T.);
#2330=EDGE_CURVE('',#2812,#2858,#2861,.T.);
#2331=EDGE_CURVE('',#2810,#2862,#2863,.T.);
#2332=EDGE_CURVE('',#2862,#2764,#2864,.T.);
#2333=EDGE_CURVE('',#2855,#2842,#2865,.T.);
#2334=EDGE_CURVE('',#2840,#2866,#2867,.T.);
#2335=EDGE_CURVE('',#2868,#2866,#2869,.T.);
#2336=EDGE_CURVE('',#2870,#2868,#2871,.T.);
#2337=EDGE_CURVE('',#2872,#2870,#2873,.T.);
#2338=EDGE_CURVE('',#2872,#2874,#2875,.T.);
#2339=EDGE_CURVE('',#2874,#2876,#2877,.T.);
#2340=EDGE_CURVE('',#2876,#2878,#2879,.T.);
#2341=EDGE_CURVE('',#2880,#2878,#2881,.T.);
#2342=EDGE_CURVE('',#2880,#2882,#2883,.T.);
#2343=EDGE_CURVE('',#2884,#2882,#2885,.T.);
#2344=EDGE_CURVE('',#2884,#2886,#2887,.T.);
#2345=EDGE_CURVE('',#2888,#2886,#2889,.T.);
#2346=EDGE_CURVE('',#2890,#2888,#2891,.T.);
#2347=EDGE_CURVE('',#2859,#2890,#2892,.T.);
#2348=EDGE_CURVE('',#2890,#2893,#2894,.T.);
#2349=EDGE_CURVE('',#2895,#2893,#2896,.T.);
#2350=EDGE_CURVE('',#2895,#2859,#2897,.T.);
#2351=EDGE_CURVE('',#2898,#2899,#2900,.T.);
#2352=EDGE_CURVE('',#2901,#2898,#2902,.T.);
#2353=EDGE_CURVE('',#2901,#2903,#2904,.T.);
#2354=EDGE_CURVE('',#2903,#2899,#2905,.T.);
#2355=EDGE_CURVE('',#2906,#2907,#2908,.T.);
#2356=EDGE_CURVE('',#2907,#2858,#2909,.T.);
#2357=EDGE_CURVE('',#2910,#2895,#2911,.T.);
#2358=EDGE_CURVE('',#2910,#2888,#2912,.T.);
#2359=EDGE_CURVE('',#2886,#2913,#2914,.T.);
#2360=EDGE_CURVE('',#2913,#2915,#2916,.T.);
#2361=EDGE_CURVE('',#2915,#2868,#2917,.T.);
#2362=EDGE_CURVE('',#2866,#2918,#2919,.T.);
#2363=EDGE_CURVE('',#2918,#2920,#2921,.T.);
#2364=EDGE_CURVE('',#2920,#2922,#2923,.T.);
#2365=EDGE_CURVE('',#2924,#2922,#2925,.T.);
#2366=EDGE_CURVE('',#2926,#2924,#2927,.T.);
#2367=EDGE_CURVE('',#2928,#2926,#2929,.T.);
#2368=EDGE_CURVE('',#2930,#2928,#2931,.T.);
#2369=EDGE_CURVE('',#2932,#2930,#2933,.T.);
#2370=EDGE_CURVE('',#2934,#2932,#2935,.T.);
#2371=EDGE_CURVE('',#2936,#2934,#2937,.T.);
#2372=EDGE_CURVE('',#2938,#2936,#2939,.T.);
#2373=EDGE_CURVE('',#2940,#2938,#2941,.T.);
#2374=EDGE_CURVE('',#2906,#2940,#2942,.T.);
#2375=EDGE_CURVE('',#2903,#2943,#2944,.T.);
#2376=EDGE_CURVE('',#2945,#2943,#2946,.T.);
#2377=EDGE_CURVE('',#2945,#2947,#2948,.T.);
#2378=EDGE_CURVE('',#2899,#2947,#2949,.T.);
#2379=EDGE_CURVE('',#2950,#2947,#2951,.T.);
#2380=EDGE_CURVE('',#2898,#2950,#2952,.T.);
#2381=EDGE_CURVE('',#2938,#2953,#2954,.T.);
#2382=EDGE_CURVE('',#2955,#2953,#2956,.T.);
#2383=EDGE_CURVE('',#2940,#2955,#2957,.T.);
#2384=EDGE_CURVE('',#2922,#2958,#2959,.T.);
#2385=EDGE_CURVE('',#2960,#2958,#2961,.T.);
#2386=EDGE_CURVE('',#2924,#2960,#2962,.T.);
#2387=EDGE_CURVE('',#2963,#2950,#2964,.T.);
#2388=EDGE_CURVE('',#2965,#2963,#2966,.T.);
#2389=EDGE_CURVE('',#2901,#2965,#2967,.T.);
#2390=EDGE_CURVE('',#2920,#2968,#2969,.T.);
#2391=EDGE_CURVE('',#2846,#2918,#2970,.T.);
#2392=EDGE_CURVE('',#2853,#2844,#2971,.T.);
#2393=EDGE_CURVE('',#2972,#2766,#2973,.T.);
#2394=EDGE_CURVE('',#2808,#2972,#2974,.T.);
#2395=EDGE_CURVE('',#2806,#2907,#2975,.T.);
#2396=EDGE_CURVE('',#2906,#2976,#2977,.T.);
#2397=EDGE_CURVE('',#2943,#2976,#2978,.T.);
#2398=EDGE_CURVE('',#2968,#2965,#2979,.T.);
#2399=EDGE_CURVE('',#2980,#2981,#2982,.T.);
#2400=EDGE_CURVE('',#2981,#2983,#2984,.T.);
#2401=EDGE_CURVE('',#2983,#2878,#2985,.T.);
#2402=EDGE_CURVE('',#2876,#2986,#2987,.T.);
#2403=EDGE_CURVE('',#2986,#2988,#2989,.T.);
#2404=EDGE_CURVE('',#2988,#2990,#2991,.T.);
#2405=EDGE_CURVE('',#2990,#2992,#2993,.T.);
#2406=EDGE_CURVE('',#2992,#2968,#2994,.T.);
#2407=EDGE_CURVE('',#2963,#2945,#2995,.T.);
#2408=EDGE_CURVE('',#2976,#2996,#2997,.T.);
#2409=EDGE_CURVE('',#2996,#2980,#2998,.T.);
#2410=EDGE_CURVE('',#2999,#3000,#3001,.T.);
#2411=EDGE_CURVE('',#3002,#3000,#3003,.T.);
#2412=EDGE_CURVE('',#3004,#3002,#3005,.T.);
#2413=EDGE_CURVE('',#3004,#2999,#3006,.T.);
#2414=EDGE_CURVE('',#3007,#3008,#3009,.T.);
#2415=EDGE_CURVE('',#3010,#3008,#3011,.T.);
#2416=EDGE_CURVE('',#3012,#3010,#3013,.T.);
#2417=EDGE_CURVE('',#3012,#3007,#3014,.T.);
#2418=EDGE_CURVE('',#3015,#3016,#3017,.T.);
#2419=EDGE_CURVE('',#3018,#3016,#3019,.T.);
#2420=EDGE_CURVE('',#3020,#3018,#3021,.T.);
#2421=EDGE_CURVE('',#3020,#3015,#3022,.T.);
#2422=EDGE_CURVE('',#3023,#3024,#3025,.T.);
#2423=EDGE_CURVE('',#3026,#3024,#3027,.T.);
#2424=EDGE_CURVE('',#3028,#3026,#3029,.T.);
#2425=EDGE_CURVE('',#3028,#3023,#3030,.T.);
#2426=EDGE_CURVE('',#2980,#2953,#3031,.T.);
#2427=EDGE_CURVE('',#2996,#2955,#3032,.T.);
#2428=EDGE_CURVE('',#2960,#2990,#3033,.T.);
#2429=EDGE_CURVE('',#2992,#2958,#3034,.T.);
#2430=EDGE_CURVE('',#2953,#3035,#3036,.T.);
#2431=EDGE_CURVE('',#3035,#2981,#3037,.T.);
#2432=EDGE_CURVE('',#3035,#3038,#3039,.T.);
#2433=EDGE_CURVE('',#3038,#3040,#3041,.T.);
#2434=EDGE_CURVE('',#3040,#3042,#3043,.T.);
#2435=EDGE_CURVE('',#3042,#2983,#3044,.T.);
#2436=EDGE_CURVE('',#3045,#3042,#3046,.T.);
#2437=EDGE_CURVE('',#2880,#3045,#3047,.T.);
#2438=EDGE_CURVE('',#3048,#2882,#3049,.T.);
#2439=EDGE_CURVE('',#3048,#3045,#3050,.T.);
#2440=EDGE_CURVE('',#2872,#3051,#3052,.T.);
#2441=EDGE_CURVE('',#3051,#3053,#3054,.T.);
#2442=EDGE_CURVE('',#2874,#3053,#3055,.T.);
#2443=EDGE_CURVE('',#3048,#3040,#3056,.T.);
#2444=EDGE_CURVE('',#3038,#3057,#3058,.T.);
#2445=EDGE_CURVE('',#3057,#3059,#3060,.T.);
#2446=EDGE_CURVE('',#2882,#3059,#3061,.T.);
#2447=EDGE_CURVE('',#3062,#3063,#3064,.T.);
#2448=EDGE_CURVE('',#2872,#3063,#3065,.T.);
#2449=EDGE_CURVE('',#3066,#2870,#3067,.T.);
#2450=EDGE_CURVE('',#3068,#3066,#3069,.T.);
#2451=EDGE_CURVE('',#3068,#3062,#3070,.T.);
#2452=EDGE_CURVE('',#3071,#3072,#3073,.T.);
#2453=EDGE_CURVE('',#2884,#3071,#3074,.T.);
#2454=EDGE_CURVE('',#3059,#3075,#3076,.T.);
#2455=EDGE_CURVE('',#3072,#3075,#3077,.T.);
#2456=EDGE_CURVE('',#3078,#3079,#3080,.T.);
#2457=EDGE_CURVE('',#3062,#3079,#3081,.T.);
#2458=EDGE_CURVE('',#3068,#3078,#3082,.T.);
#2459=EDGE_CURVE('',#3066,#2915,#3083,.T.);
#2460=EDGE_CURVE('',#3071,#2913,#3084,.T.);
#2461=EDGE_CURVE('',#3072,#3085,#3086,.T.);
#2462=EDGE_CURVE('',#3087,#3085,#3088,.T.);
#2463=EDGE_CURVE('',#3089,#3087,#3090,.T.);
#2464=EDGE_CURVE('',#3078,#3089,#3091,.T.);
#2465=EDGE_CURVE('',#3089,#3092,#3093,.T.);
#2466=EDGE_CURVE('',#3079,#3092,#3094,.T.);
#2467=EDGE_CURVE('',#3092,#3095,#3096,.T.);
#2468=EDGE_CURVE('',#3095,#3097,#3098,.T.);
#2469=EDGE_CURVE('',#3075,#3097,#3099,.T.);
#2470=EDGE_CURVE('',#3057,#3100,#3101,.T.);
#2471=EDGE_CURVE('',#3100,#3063,#3102,.T.);
#2472=EDGE_CURVE('',#3100,#3103,#3104,.T.);
#2473=EDGE_CURVE('',#3103,#3105,#3106,.T.);
#2474=EDGE_CURVE('',#3051,#3105,#3107,.T.);
#2475=EDGE_CURVE('',#3105,#3108,#3109,.T.);
#2476=EDGE_CURVE('',#3053,#3108,#3110,.T.);
#2477=EDGE_CURVE('',#3108,#2986,#3111,.T.);
#2478=EDGE_CURVE('',#3103,#3112,#3113,.T.);
#2479=EDGE_CURVE('',#3112,#2988,#3114,.T.);
#2480=EDGE_CURVE('',#3112,#2960,#3115,.T.);
#2481=EDGE_CURVE('',#2926,#3112,#3116,.T.);
#2482=EDGE_CURVE('',#2928,#3103,#3117,.T.);
#2483=EDGE_CURVE('',#2930,#3100,#3118,.T.);
#2484=EDGE_CURVE('',#2932,#3057,#3119,.T.);
#2485=EDGE_CURVE('',#2934,#3038,#3120,.T.);
#2486=EDGE_CURVE('',#2936,#3035,#3121,.T.);
#2487=EDGE_CURVE('',#3085,#3097,#3122,.T.);
#2488=EDGE_CURVE('',#3087,#3095,#3123,.T.);
#2489=EDGE_CURVE('',#3124,#2776,#3125,.T.);
#2490=EDGE_CURVE('',#3126,#3124,#3127,.T.);
#2491=EDGE_CURVE('',#2772,#3126,#3128,.T.);
#2492=EDGE_CURVE('',#3129,#3004,#3130,.T.);
#2493=EDGE_CURVE('',#3131,#3129,#3132,.T.);
#2494=EDGE_CURVE('',#2999,#3131,#3133,.T.);
#2495=EDGE_CURVE('',#3126,#3134,#3135,.T.);
#2496=EDGE_CURVE('',#2771,#3134,#3136,.T.);
#2497=EDGE_CURVE('',#3137,#3002,#3138,.T.);
#2498=EDGE_CURVE('',#3129,#3137,#3139,.T.);
#2499=EDGE_CURVE('',#3134,#3140,#3141,.T.);
#2500=EDGE_CURVE('',#3140,#2774,#3142,.T.);
#2501=EDGE_CURVE('',#3000,#3143,#3144,.T.);
#2502=EDGE_CURVE('',#3143,#3137,#3145,.T.);
#2503=EDGE_CURVE('',#3124,#3140,#3146,.T.);
#2504=EDGE_CURVE('',#3131,#3143,#3147,.T.);
#2505=EDGE_CURVE('',#3148,#2784,#3149,.T.);
#2506=EDGE_CURVE('',#3150,#3148,#3151,.T.);
#2507=EDGE_CURVE('',#2779,#3150,#3152,.T.);
#2508=EDGE_CURVE('',#3153,#3012,#3154,.T.);
#2509=EDGE_CURVE('',#3155,#3153,#3156,.T.);
#2510=EDGE_CURVE('',#3007,#3155,#3157,.T.);
#2511=EDGE_CURVE('',#3150,#3158,#3159,.T.);
#2512=EDGE_CURVE('',#2780,#3158,#3160,.T.);
#2513=EDGE_CURVE('',#3161,#3010,#3162,.T.);
#2514=EDGE_CURVE('',#3153,#3161,#3163,.T.);
#2515=EDGE_CURVE('',#3158,#3164,#3165,.T.);
#2516=EDGE_CURVE('',#3164,#2782,#3166,.T.);
#2517=EDGE_CURVE('',#3008,#3167,#3168,.T.);
#2518=EDGE_CURVE('',#3167,#3161,#3169,.T.);
#2519=EDGE_CURVE('',#3148,#3164,#3170,.T.);
#2520=EDGE_CURVE('',#3155,#3167,#3171,.T.);
#2521=EDGE_CURVE('',#3172,#2792,#3173,.T.);
#2522=EDGE_CURVE('',#3174,#3172,#3175,.T.);
#2523=EDGE_CURVE('',#2787,#3174,#3176,.T.);
#2524=EDGE_CURVE('',#3177,#3020,#3178,.T.);
#2525=EDGE_CURVE('',#3179,#3177,#3180,.T.);
#2526=EDGE_CURVE('',#3015,#3179,#3181,.T.);
#2527=EDGE_CURVE('',#3174,#3182,#3183,.T.);
#2528=EDGE_CURVE('',#2788,#3182,#3184,.T.);
#2529=EDGE_CURVE('',#3185,#3018,#3186,.T.);
#2530=EDGE_CURVE('',#3177,#3185,#3187,.T.);
#2531=EDGE_CURVE('',#3182,#3188,#3189,.T.);
#2532=EDGE_CURVE('',#3188,#2790,#3190,.T.);
#2533=EDGE_CURVE('',#3016,#3191,#3192,.T.);
#2534=EDGE_CURVE('',#3191,#3185,#3193,.T.);
#2535=EDGE_CURVE('',#3179,#3191,#3194,.T.);
#2536=EDGE_CURVE('',#3172,#3188,#3195,.T.);
#2537=EDGE_CURVE('',#3196,#2800,#3197,.T.);
#2538=EDGE_CURVE('',#3198,#3196,#3199,.T.);
#2539=EDGE_CURVE('',#2795,#3198,#3200,.T.);
#2540=EDGE_CURVE('',#3201,#3028,#3202,.T.);
#2541=EDGE_CURVE('',#3203,#3201,#3204,.T.);
#2542=EDGE_CURVE('',#3023,#3203,#3205,.T.);
#2543=EDGE_CURVE('',#3198,#3206,#3207,.T.);
#2544=EDGE_CURVE('',#2796,#3206,#3208,.T.);
#2545=EDGE_CURVE('',#3209,#3026,#3210,.T.);
#2546=EDGE_CURVE('',#3201,#3209,#3211,.T.);
#2547=EDGE_CURVE('',#3206,#3212,#3213,.T.);
#2548=EDGE_CURVE('',#3212,#2798,#3214,.T.);
#2549=EDGE_CURVE('',#3024,#3215,#3216,.T.);
#2550=EDGE_CURVE('',#3215,#3209,#3217,.T.);
#2551=EDGE_CURVE('',#3196,#3212,#3218,.T.);
#2552=EDGE_CURVE('',#3203,#3215,#3219,.T.);
#2553=EDGE_CURVE('',#3220,#3221,#3222,.T.);
#2554=EDGE_CURVE('',#3220,#3223,#3224,.T.);
#2555=EDGE_CURVE('',#3225,#3223,#3226,.T.);
#2556=EDGE_CURVE('',#2814,#3225,#3227,.T.);
#2557=EDGE_CURVE('',#2803,#3228,#3229,.T.);
#2558=EDGE_CURVE('',#3230,#3228,#3231,.T.);
#2559=EDGE_CURVE('',#3230,#3221,#3232,.T.);
#2560=EDGE_CURVE('',#3220,#3233,#3234,.T.);
#2561=EDGE_CURVE('',#3233,#3235,#3236,.T.);
#2562=EDGE_CURVE('',#3223,#3235,#3237,.T.);
#2563=EDGE_CURVE('',#3238,#3239,#3240,.T.);
#2564=EDGE_CURVE('',#3221,#3239,#3241,.T.);
#2565=EDGE_CURVE('',#3230,#3238,#3242,.T.);
#2566=EDGE_CURVE('',#3243,#2818,#3244,.T.);
#2567=EDGE_CURVE('',#3223,#3243,#3245,.T.);
#2568=EDGE_CURVE('',#3235,#3246,#3247,.T.);
#2569=EDGE_CURVE('',#3246,#3248,#3249,.T.);
#2570=EDGE_CURVE('',#2820,#3248,#3250,.T.);
#2571=EDGE_CURVE('',#3251,#3252,#3253,.T.);
#2572=EDGE_CURVE('',#3251,#2758,#3254,.T.);
#2573=EDGE_CURVE('',#3248,#3255,#3256,.T.);
#2574=EDGE_CURVE('',#3257,#3255,#3258,.T.);
#2575=EDGE_CURVE('',#3257,#3252,#3259,.T.);
#2576=EDGE_CURVE('',#3260,#3261,#3262,.T.);
#2577=EDGE_CURVE('',#3261,#3263,#3264,.T.);
#2578=EDGE_CURVE('',#2823,#3263,#3265,.T.);
#2579=EDGE_CURVE('',#2755,#3266,#3267,.T.);
#2580=EDGE_CURVE('',#3268,#3266,#3269,.T.);
#2581=EDGE_CURVE('',#3270,#3268,#3271,.T.);
#2582=EDGE_CURVE('',#3270,#3260,#3272,.T.);
#2583=EDGE_CURVE('',#3273,#3257,#3274,.T.);
#2584=EDGE_CURVE('',#3273,#3275,#3276,.T.);
#2585=EDGE_CURVE('',#3275,#3252,#3277,.T.);
#2586=EDGE_CURVE('',#3278,#3275,#3279,.T.);
#2587=EDGE_CURVE('',#3278,#3251,#3280,.T.);
#2588=EDGE_CURVE('',#3281,#3268,#3282,.T.);
#2589=EDGE_CURVE('',#3283,#3281,#3284,.T.);
#2590=EDGE_CURVE('',#3283,#3270,#3285,.T.);
#2591=EDGE_CURVE('',#3278,#2760,#3286,.T.);
#2592=EDGE_CURVE('',#3287,#3273,#3288,.T.);
#2593=EDGE_CURVE('',#3246,#3287,#3289,.T.);
#2594=EDGE_CURVE('',#3233,#2750,#3290,.T.);
#2595=EDGE_CURVE('',#3291,#2747,#3292,.T.);
#2596=EDGE_CURVE('',#3239,#3291,#3293,.T.);
#2597=EDGE_CURVE('',#3238,#3294,#3295,.T.);
#2598=EDGE_CURVE('',#3296,#3294,#3297,.T.);
#2599=EDGE_CURVE('',#3296,#3298,#3299,.T.);
#2600=EDGE_CURVE('',#3283,#3298,#3300,.T.);
#2601=EDGE_CURVE('',#3281,#3301,#3302,.T.);
#2602=EDGE_CURVE('',#2756,#3301,#3303,.T.);
#2603=EDGE_CURVE('',#3301,#3266,#3304,.T.);
#2604=EDGE_CURVE('',#3298,#3260,#3305,.T.);
#2605=EDGE_CURVE('',#3296,#3261,#3306,.T.);
#2606=EDGE_CURVE('',#3307,#3308,#3309,.T.);
#2607=EDGE_CURVE('',#3310,#3307,#3311,.T.);
#2608=EDGE_CURVE('',#3312,#3310,#3313,.T.);
#2609=EDGE_CURVE('',#3312,#3308,#3314,.T.);
#2610=EDGE_CURVE('',#3294,#3263,#3315,.T.);
#2611=EDGE_CURVE('',#3230,#3316,#3317,.T.);
#2612=EDGE_CURVE('',#2825,#3316,#3318,.T.);
#2613=EDGE_CURVE('',#3319,#3320,#3321,.T.);
#2614=EDGE_CURVE('',#3320,#2748,#3322,.T.);
#2615=EDGE_CURVE('',#2752,#3323,#3324,.T.);
#2616=EDGE_CURVE('',#3323,#3319,#3325,.T.);
#2617=EDGE_CURVE('',#3316,#3326,#3327,.T.);
#2618=EDGE_CURVE('',#3326,#2804,#3328,.T.);
#2619=EDGE_CURVE('',#2816,#3329,#3330,.T.);
#2620=EDGE_CURVE('',#3329,#3243,#3331,.T.);
#2621=EDGE_CURVE('',#3221,#3319,#3332,.T.);
#2622=EDGE_CURVE('',#3220,#3323,#3333,.T.);
#2623=EDGE_CURVE('',#3291,#3320,#3334,.T.);
#2624=EDGE_CURVE('',#3228,#3326,#3335,.T.);
#2625=EDGE_CURVE('',#3225,#3329,#3336,.T.);
#2626=EDGE_CURVE('',#3337,#3312,#3338,.T.);
#2627=EDGE_CURVE('',#3339,#3337,#3340,.T.);
#2628=EDGE_CURVE('',#3339,#3308,#3341,.T.);
#2629=EDGE_CURVE('',#3342,#3343,#3344,.T.);
#2630=EDGE_CURVE('',#3345,#3342,#3346,.T.);
#2631=EDGE_CURVE('',#2832,#3345,#3347,.T.);
#2632=EDGE_CURVE('',#3348,#2736,#3349,.T.);
#2633=EDGE_CURVE('',#3348,#3350,#3351,.T.);
#2634=EDGE_CURVE('',#3343,#3350,#3352,.T.);
#2635=EDGE_CURVE('',#3339,#3353,#3354,.T.);
#2636=EDGE_CURVE('',#3353,#3355,#3356,.T.);
#2637=EDGE_CURVE('',#2732,#3355,#3357,.T.);
#2638=EDGE_CURVE('',#2828,#3358,#3359,.T.);
#2639=EDGE_CURVE('',#3307,#3358,#3360,.T.);
#2640=EDGE_CURVE('',#3350,#3361,#3362,.T.);
#2641=EDGE_CURVE('',#3363,#3361,#3364,.T.);
#2642=EDGE_CURVE('',#3363,#3343,#3365,.T.);
#2643=EDGE_CURVE('',#3287,#3255,#3366,.T.);
#2644=EDGE_CURVE('',#3363,#3367,#3368,.T.);
#2645=EDGE_CURVE('',#3367,#3342,#3369,.T.);
#2646=EDGE_CURVE('',#3370,#3367,#3371,.T.);
#2647=EDGE_CURVE('',#3370,#3345,#3372,.T.);
#2648=EDGE_CURVE('',#3373,#3370,#3374,.T.);
#2649=EDGE_CURVE('',#3373,#3375,#3376,.T.);
#2650=EDGE_CURVE('',#3375,#3377,#3378,.T.);
#2651=EDGE_CURVE('',#3377,#2834,#3379,.T.);
#2652=EDGE_CURVE('',#2742,#3380,#3381,.T.);
#2653=EDGE_CURVE('',#3382,#2739,#3383,.T.);
#2654=EDGE_CURVE('',#3384,#3382,#3385,.T.);
#2655=EDGE_CURVE('',#3380,#3384,#3386,.T.);
#2656=EDGE_CURVE('',#3387,#2850,#3388,.T.);
#2657=EDGE_CURVE('',#3389,#3387,#3390,.T.);
#2658=EDGE_CURVE('',#2829,#3389,#3391,.T.);
#2659=EDGE_CURVE('',#3392,#3377,#3393,.T.);
#2660=EDGE_CURVE('',#2836,#3392,#3394,.T.);
#2661=EDGE_CURVE('',#3395,#3380,#3396,.T.);
#2662=EDGE_CURVE('',#3397,#3384,#3398,.T.);
#2663=EDGE_CURVE('',#3395,#3397,#3399,.T.);
#2664=EDGE_CURVE('',#3397,#3400,#3401,.T.);
#2665=EDGE_CURVE('',#3400,#3402,#3403,.T.);
#2666=EDGE_CURVE('',#2848,#3402,#3404,.T.);
#2667=EDGE_CURVE('',#2838,#3405,#3406,.T.);
#2668=EDGE_CURVE('',#3405,#3375,#3407,.T.);
#2669=EDGE_CURVE('',#3375,#3395,#3408,.T.);
#2670=EDGE_CURVE('',#3409,#3373,#3410,.T.);
#2671=EDGE_CURVE('',#3409,#3395,#3411,.T.);
#2672=EDGE_CURVE('',#3412,#3397,#3413,.T.);
#2673=EDGE_CURVE('',#3414,#3412,#3415,.T.);
#2674=EDGE_CURVE('',#3414,#3400,#3416,.T.);
#2675=EDGE_CURVE('',#3409,#2744,#3417,.T.);
#2676=EDGE_CURVE('',#3418,#3361,#3419,.T.);
#2677=EDGE_CURVE('',#3418,#2734,#3420,.T.);
#2678=EDGE_CURVE('',#2731,#3421,#3422,.T.);
#2679=EDGE_CURVE('',#3423,#3421,#3424,.T.);
#2680=EDGE_CURVE('',#3337,#3423,#3425,.T.);
#2681=EDGE_CURVE('',#3310,#3426,#3427,.T.);
#2682=EDGE_CURVE('',#3414,#3426,#3428,.T.);
#2683=EDGE_CURVE('',#3412,#3429,#3430,.T.);
#2684=EDGE_CURVE('',#3429,#2740,#3431,.T.);
#2685=EDGE_CURVE('',#3429,#3382,#3432,.T.);
#2686=EDGE_CURVE('',#3400,#3389,#3433,.T.);
#2687=EDGE_CURVE('',#3426,#3358,#3434,.T.);
#2688=EDGE_CURVE('',#3402,#3387,#3435,.T.);
#2689=EDGE_CURVE('',#3348,#3418,#3436,.T.);
#2690=EDGE_CURVE('',#3353,#3423,#3437,.T.);
#2691=EDGE_CURVE('',#3421,#3355,#3438,.T.);
#2692=EDGE_CURVE('',#3405,#3392,#3439,.T.);
#2693=EDGE_CURVE('',#2972,#2862,#3440,.T.);
#2694=EDGE_CURVE('',#2893,#2910,#3441,.T.);
#2695=CARTESIAN_POINT('',(7.874,0.762,-5.715));
#2696=DIRECTION('',(0.0,0.0,-1.0));
#2697=DIRECTION('',(-1.0,0.0,0.0));
#2698=CARTESIAN_POINT('',(7.874,0.762,-5.715));
#2699=DIRECTION('',(0.0,0.0,-1.0));
#2700=DIRECTION('',(1.0,0.0,0.0));
#2701=CARTESIAN_POINT('',(-7.874,0.762,-5.715));
#2702=DIRECTION('',(0.0,0.0,-1.0));
#2703=DIRECTION('',(-1.0,0.0,0.0));
#2704=CARTESIAN_POINT('',(-7.874,0.762,-5.715));
#2705=DIRECTION('',(0.0,0.0,-1.0));
#2706=DIRECTION('',(1.0,0.0,0.0));
#2707=CARTESIAN_POINT('',(3.81,0.0,-5.715));
#2708=DIRECTION('',(0.0,0.0,-1.0));
#2709=DIRECTION('',(-1.0,0.0,0.0));
#2710=CARTESIAN_POINT('',(3.81,0.0,-5.715));
#2711=DIRECTION('',(0.0,0.0,-1.0));
#2712=DIRECTION('',(1.0,0.0,0.0));
#2713=CARTESIAN_POINT('',(1.27,0.0,-5.715));
#2714=DIRECTION('',(0.0,0.0,-1.0));
#2715=DIRECTION('',(-1.0,0.0,0.0));
#2716=CARTESIAN_POINT('',(1.27,0.0,-5.715));
#2717=DIRECTION('',(0.0,0.0,-1.0));
#2718=DIRECTION('',(1.0,0.0,0.0));
#2719=CARTESIAN_POINT('',(-1.27,0.0,-5.715));
#2720=DIRECTION('',(0.0,0.0,-1.0));
#2721=DIRECTION('',(-1.0,0.0,0.0));
#2722=CARTESIAN_POINT('',(-1.27,0.0,-5.715));
#2723=DIRECTION('',(0.0,0.0,-1.0));
#2724=DIRECTION('',(1.0,0.0,0.0));
#2725=CARTESIAN_POINT('',(-3.81,0.0,-5.715));
#2726=DIRECTION('',(0.0,0.0,-1.0));
#2727=DIRECTION('',(-1.0,0.0,0.0));
#2728=CARTESIAN_POINT('',(-3.81,0.0,-5.715));
#2729=DIRECTION('',(0.0,0.0,-1.0));
#2730=DIRECTION('',(1.0,0.0,0.0));
#2731=VERTEX_POINT('',#3442);
#2732=VERTEX_POINT('',#3443);
#2733=LINE('',#3444,#3445);
#2734=VERTEX_POINT('',#3446);
#2735=CIRCLE('',#3447,0.4445);
#2736=VERTEX_POINT('',#3448);
#2737=LINE('',#3449,#3450);
#2738=CIRCLE('',#3451,0.4445);
#2739=VERTEX_POINT('',#3452);
#2740=VERTEX_POINT('',#3453);
#2741=LINE('',#3454,#3455);
#2742=VERTEX_POINT('',#3456);
#2743=CIRCLE('',#3457,0.4445);
#2744=VERTEX_POINT('',#3458);
#2745=LINE('',#3459,#3460);
#2746=CIRCLE('',#3461,0.4445);
#2747=VERTEX_POINT('',#3462);
#2748=VERTEX_POINT('',#3463);
#2749=LINE('',#3464,#3465);
#2750=VERTEX_POINT('',#3466);
#2751=CIRCLE('',#3467,0.4445);
#2752=VERTEX_POINT('',#3468);
#2753=LINE('',#3469,#3470);
#2754=CIRCLE('',#3471,0.4445);
#2755=VERTEX_POINT('',#3472);
#2756=VERTEX_POINT('',#3473);
#2757=LINE('',#3474,#3475);
#2758=VERTEX_POINT('',#3476);
#2759=CIRCLE('',#3477,0.4445);
#2760=VERTEX_POINT('',#3478);
#2761=LINE('',#3479,#3480);
#2762=CIRCLE('',#3481,0.4445);
#2763=VERTEX_POINT('',#3482);
#2764=VERTEX_POINT('',#3483);
#2765=LINE('',#3484,#3485);
#2766=VERTEX_POINT('',#3486);
#2767=LINE('',#3487,#3488);
#2768=VERTEX_POINT('',#3489);
#2769=LINE('',#3490,#3491);
#2770=LINE('',#3492,#3493);
#2771=VERTEX_POINT('',#3494);
#2772=VERTEX_POINT('',#3495);
#2773=LINE('',#3496,#3497);
#2774=VERTEX_POINT('',#3498);
#2775=LINE('',#3499,#3500);
#2776=VERTEX_POINT('',#3501);
#2777=LINE('',#3502,#3503);
#2778=LINE('',#3504,#3505);
#2779=VERTEX_POINT('',#3506);
#2780=VERTEX_POINT('',#3507);
#2781=LINE('',#3508,#3509);
#2782=VERTEX_POINT('',#3510);
#2783=LINE('',#3511,#3512);
#2784=VERTEX_POINT('',#3513);
#2785=LINE('',#3514,#3515);
#2786=LINE('',#3516,#3517);
#2787=VERTEX_POINT('',#3518);
#2788=VERTEX_POINT('',#3519);
#2789=LINE('',#3520,#3521);
#2790=VERTEX_POINT('',#3522);
#2791=LINE('',#3523,#3524);
#2792=VERTEX_POINT('',#3525);
#2793=LINE('',#3526,#3527);
#2794=LINE('',#3528,#3529);
#2795=VERTEX_POINT('',#3530);
#2796=VERTEX_POINT('',#3531);
#2797=LINE('',#3532,#3533);
#2798=VERTEX_POINT('',#3534);
#2799=LINE('',#3535,#3536);
#2800=VERTEX_POINT('',#3537);
#2801=LINE('',#3538,#3539);
#2802=LINE('',#3540,#3541);
#2803=VERTEX_POINT('',#3542);
#2804=VERTEX_POINT('',#3543);
#2805=LINE('',#3544,#3545);
#2806=VERTEX_POINT('',#3546);
#2807=LINE('',#3547,#3548);
#2808=VERTEX_POINT('',#3549);
#2809=LINE('',#3550,#3551);
#2810=VERTEX_POINT('',#3552);
#2811=LINE('',#3553,#3554);
#2812=VERTEX_POINT('',#3555);
#2813=LINE('',#3556,#3557);
#2814=VERTEX_POINT('',#3558);
#2815=LINE('',#3559,#3560);
#2816=VERTEX_POINT('',#3561);
#2817=LINE('',#3562,#3563);
#2818=VERTEX_POINT('',#3564);
#2819=LINE('',#3565,#3566);
#2820=VERTEX_POINT('',#3567);
#2821=LINE('',#3568,#3569);
#2822=LINE('',#3570,#3571);
#2823=VERTEX_POINT('',#3572);
#2824=LINE('',#3573,#3574);
#2825=VERTEX_POINT('',#3575);
#2826=LINE('',#3576,#3577);
#2827=LINE('',#3578,#3579);
#2828=VERTEX_POINT('',#3580);
#2829=VERTEX_POINT('',#3581);
#2830=LINE('',#3582,#3583);
#2831=LINE('',#3584,#3585);
#2832=VERTEX_POINT('',#3586);
#2833=LINE('',#3587,#3588);
#2834=VERTEX_POINT('',#3589);
#2835=LINE('',#3590,#3591);
#2836=VERTEX_POINT('',#3592);
#2837=LINE('',#3593,#3594);
#2838=VERTEX_POINT('',#3595);
#2839=LINE('',#3596,#3597);
#2840=VERTEX_POINT('',#3598);
#2841=LINE('',#3599,#3600);
#2842=VERTEX_POINT('',#3601);
#2843=LINE('',#3602,#3603);
#2844=VERTEX_POINT('',#3604);
#2845=LINE('',#3605,#3606);
#2846=VERTEX_POINT('',#3607);
#2847=LINE('',#3608,#3609);
#2848=VERTEX_POINT('',#3610);
#2849=LINE('',#3611,#3612);
#2850=VERTEX_POINT('',#3613);
#2851=LINE('',#3614,#3615);
#2852=LINE('',#3616,#3617);
#2853=VERTEX_POINT('',#3618);
#2854=LINE('',#3619,#3620);
#2855=VERTEX_POINT('',#3621);
#2856=LINE('',#3622,#3623);
#2857=LINE('',#3624,#3625);
#2858=VERTEX_POINT('',#3626);
#2859=VERTEX_POINT('',#3627);
#2860=LINE('',#3628,#3629);
#2861=LINE('',#3630,#3631);
#2862=VERTEX_POINT('',#3632);
#2863=LINE('',#3633,#3634);
#2864=LINE('',#3635,#3636);
#2865=LINE('',#3637,#3638);
#2866=VERTEX_POINT('',#3639);
#2867=LINE('',#3640,#3641);
#2868=VERTEX_POINT('',#3642);
#2869=LINE('',#3643,#3644);
#2870=VERTEX_POINT('',#3645);
#2871=LINE('',#3646,#3647);
#2872=VERTEX_POINT('',#3648);
#2873=LINE('',#3649,#3650);
#2874=VERTEX_POINT('',#3651);
#2875=LINE('',#3652,#3653);
#2876=VERTEX_POINT('',#3654);
#2877=LINE('',#3655,#3656);
#2878=VERTEX_POINT('',#3657);
#2879=LINE('',#3658,#3659);
#2880=VERTEX_POINT('',#3660);
#2881=LINE('',#3661,#3662);
#2882=VERTEX_POINT('',#3663);
#2883=LINE('',#3664,#3665);
#2884=VERTEX_POINT('',#3666);
#2885=LINE('',#3667,#3668);
#2886=VERTEX_POINT('',#3669);
#2887=LINE('',#3670,#3671);
#2888=VERTEX_POINT('',#3672);
#2889=LINE('',#3673,#3674);
#2890=VERTEX_POINT('',#3675);
#2891=LINE('',#3676,#3677);
#2892=LINE('',#3678,#3679);
#2893=VERTEX_POINT('',#3680);
#2894=LINE('',#3681,#3682);
#2895=VERTEX_POINT('',#3683);
#2896=LINE('',#3684,#3685);
#2897=LINE('',#3686,#3687);
#2898=VERTEX_POINT('',#3688);
#2899=VERTEX_POINT('',#3689);
#2900=LINE('',#3690,#3691);
#2901=VERTEX_POINT('',#3692);
#2902=LINE('',#3693,#3694);
#2903=VERTEX_POINT('',#3695);
#2904=LINE('',#3696,#3697);
#2905=LINE('',#3698,#3699);
#2906=VERTEX_POINT('',#3700);
#2907=VERTEX_POINT('',#3701);
#2908=LINE('',#3702,#3703);
#2909=LINE('',#3704,#3705);
#2910=VERTEX_POINT('',#3706);
#2911=LINE('',#3707,#3708);
#2912=LINE('',#3709,#3710);
#2913=VERTEX_POINT('',#3711);
#2914=LINE('',#3712,#3713);
#2915=VERTEX_POINT('',#3714);
#2916=LINE('',#3715,#3716);
#2917=LINE('',#3717,#3718);
#2918=VERTEX_POINT('',#3719);
#2919=LINE('',#3720,#3721);
#2920=VERTEX_POINT('',#3722);
#2921=LINE('',#3723,#3724);
#2922=VERTEX_POINT('',#3725);
#2923=LINE('',#3726,#3727);
#2924=VERTEX_POINT('',#3728);
#2925=LINE('',#3729,#3730);
#2926=VERTEX_POINT('',#3731);
#2927=LINE('',#3732,#3733);
#2928=VERTEX_POINT('',#3734);
#2929=LINE('',#3735,#3736);
#2930=VERTEX_POINT('',#3737);
#2931=LINE('',#3738,#3739);
#2932=VERTEX_POINT('',#3740);
#2933=LINE('',#3741,#3742);
#2934=VERTEX_POINT('',#3743);
#2935=LINE('',#3744,#3745);
#2936=VERTEX_POINT('',#3746);
#2937=LINE('',#3747,#3748);
#2938=VERTEX_POINT('',#3749);
#2939=LINE('',#3750,#3751);
#2940=VERTEX_POINT('',#3752);
#2941=LINE('',#3753,#3754);
#2942=LINE('',#3755,#3756);
#2943=VERTEX_POINT('',#3757);
#2944=LINE('',#3758,#3759);
#2945=VERTEX_POINT('',#3760);
#2946=LINE('',#3761,#3762);
#2947=VERTEX_POINT('',#3763);
#2948=LINE('',#3764,#3765);
#2949=LINE('',#3766,#3767);
#2950=VERTEX_POINT('',#3768);
#2951=LINE('',#3769,#3770);
#2952=LINE('',#3771,#3772);
#2953=VERTEX_POINT('',#3773);
#2954=LINE('',#3774,#3775);
#2955=VERTEX_POINT('',#3776);
#2956=LINE('',#3777,#3778);
#2957=LINE('',#3779,#3780);
#2958=VERTEX_POINT('',#3781);
#2959=LINE('',#3782,#3783);
#2960=VERTEX_POINT('',#3784);
#2961=LINE('',#3785,#3786);
#2962=LINE('',#3787,#3788);
#2963=VERTEX_POINT('',#3789);
#2964=LINE('',#3790,#3791);
#2965=VERTEX_POINT('',#3792);
#2966=LINE('',#3793,#3794);
#2967=LINE('',#3795,#3796);
#2968=VERTEX_POINT('',#3797);
#2969=LINE('',#3798,#3799);
#2970=LINE('',#3800,#3801);
#2971=LINE('',#3802,#3803);
#2972=VERTEX_POINT('',#3804);
#2973=LINE('',#3805,#3806);
#2974=LINE('',#3807,#3808);
#2975=LINE('',#3809,#3810);
#2976=VERTEX_POINT('',#3811);
#2977=LINE('',#3812,#3813);
#2978=LINE('',#3814,#3815);
#2979=LINE('',#3816,#3817);
#2980=VERTEX_POINT('',#3818);
#2981=VERTEX_POINT('',#3819);
#2982=LINE('',#3820,#3821);
#2983=VERTEX_POINT('',#3822);
#2984=LINE('',#3823,#3824);
#2985=LINE('',#3825,#3826);
#2986=VERTEX_POINT('',#3827);
#2987=LINE('',#3828,#3829);
#2988=VERTEX_POINT('',#3830);
#2989=LINE('',#3831,#3832);
#2990=VERTEX_POINT('',#3833);
#2991=LINE('',#3834,#3835);
#2992=VERTEX_POINT('',#3836);
#2993=LINE('',#3837,#3838);
#2994=LINE('',#3839,#3840);
#2995=LINE('',#3841,#3842);
#2996=VERTEX_POINT('',#3843);
#2997=LINE('',#3844,#3845);
#2998=LINE('',#3846,#3847);
#2999=VERTEX_POINT('',#3848);
#3000=VERTEX_POINT('',#3849);
#3001=LINE('',#3850,#3851);
#3002=VERTEX_POINT('',#3852);
#3003=LINE('',#3853,#3854);
#3004=VERTEX_POINT('',#3855);
#3005=LINE('',#3856,#3857);
#3006=LINE('',#3858,#3859);
#3007=VERTEX_POINT('',#3860);
#3008=VERTEX_POINT('',#3861);
#3009=LINE('',#3862,#3863);
#3010=VERTEX_POINT('',#3864);
#3011=LINE('',#3865,#3866);
#3012=VERTEX_POINT('',#3867);
#3013=LINE('',#3868,#3869);
#3014=LINE('',#3870,#3871);
#3015=VERTEX_POINT('',#3872);
#3016=VERTEX_POINT('',#3873);
#3017=LINE('',#3874,#3875);
#3018=VERTEX_POINT('',#3876);
#3019=LINE('',#3877,#3878);
#3020=VERTEX_POINT('',#3879);
#3021=LINE('',#3880,#3881);
#3022=LINE('',#3882,#3883);
#3023=VERTEX_POINT('',#3884);
#3024=VERTEX_POINT('',#3885);
#3025=LINE('',#3886,#3887);
#3026=VERTEX_POINT('',#3888);
#3027=LINE('',#3889,#3890);
#3028=VERTEX_POINT('',#3891);
#3029=LINE('',#3892,#3893);
#3030=LINE('',#3894,#3895);
#3031=LINE('',#3896,#3897);
#3032=LINE('',#3898,#3899);
#3033=LINE('',#3900,#3901);
#3034=LINE('',#3902,#3903);
#3035=VERTEX_POINT('',#3904);
#3036=LINE('',#3905,#3906);
#3037=LINE('',#3907,#3908);
#3038=VERTEX_POINT('',#3909);
#3039=LINE('',#3910,#3911);
#3040=VERTEX_POINT('',#3912);
#3041=LINE('',#3913,#3914);
#3042=VERTEX_POINT('',#3915);
#3043=LINE('',#3916,#3917);
#3044=LINE('',#3918,#3919);
#3045=VERTEX_POINT('',#3920);
#3046=LINE('',#3921,#3922);
#3047=LINE('',#3923,#3924);
#3048=VERTEX_POINT('',#3925);
#3049=LINE('',#3926,#3927);
#3050=LINE('',#3928,#3929);
#3051=VERTEX_POINT('',#3930);
#3052=LINE('',#3931,#3932);
#3053=VERTEX_POINT('',#3933);
#3054=LINE('',#3934,#3935);
#3055=LINE('',#3936,#3937);
#3056=LINE('',#3938,#3939);
#3057=VERTEX_POINT('',#3940);
#3058=LINE('',#3941,#3942);
#3059=VERTEX_POINT('',#3943);
#3060=LINE('',#3944,#3945);
#3061=LINE('',#3946,#3947);
#3062=VERTEX_POINT('',#3948);
#3063=VERTEX_POINT('',#3949);
#3064=LINE('',#3950,#3951);
#3065=LINE('',#3952,#3953);
#3066=VERTEX_POINT('',#3954);
#3067=LINE('',#3955,#3956);
#3068=VERTEX_POINT('',#3957);
#3069=LINE('',#3958,#3959);
#3070=LINE('',#3960,#3961);
#3071=VERTEX_POINT('',#3962);
#3072=VERTEX_POINT('',#3963);
#3073=LINE('',#3964,#3965);
#3074=LINE('',#3966,#3967);
#3075=VERTEX_POINT('',#3968);
#3076=LINE('',#3969,#3970);
#3077=LINE('',#3971,#3972);
#3078=VERTEX_POINT('',#3973);
#3079=VERTEX_POINT('',#3974);
#3080=LINE('',#3975,#3976);
#3081=LINE('',#3977,#3978);
#3082=LINE('',#3979,#3980);
#3083=LINE('',#3981,#3982);
#3084=LINE('',#3983,#3984);
#3085=VERTEX_POINT('',#3985);
#3086=LINE('',#3986,#3987);
#3087=VERTEX_POINT('',#3988);
#3088=CIRCLE('',#3989,1.016);
#3089=VERTEX_POINT('',#3990);
#3090=LINE('',#3991,#3992);
#3091=CIRCLE('',#3993,1.016);
#3092=VERTEX_POINT('',#3994);
#3093=LINE('',#3995,#3996);
#3094=CIRCLE('',#3997,1.016);
#3095=VERTEX_POINT('',#3998);
#3096=LINE('',#3999,#4000);
#3097=VERTEX_POINT('',#4001);
#3098=CIRCLE('',#4002,1.016);
#3099=LINE('',#4003,#4004);
#3100=VERTEX_POINT('',#4005);
#3101=LINE('',#4006,#4007);
#3102=LINE('',#4008,#4009);
#3103=VERTEX_POINT('',#4010);
#3104=LINE('',#4011,#4012);
#3105=VERTEX_POINT('',#4013);
#3106=LINE('',#4014,#4015);
#3107=LINE('',#4016,#4017);
#3108=VERTEX_POINT('',#4018);
#3109=LINE('',#4019,#4020);
#3110=LINE('',#4021,#4022);
#3111=LINE('',#4023,#4024);
#3112=VERTEX_POINT('',#4025);
#3113=LINE('',#4026,#4027);
#3114=LINE('',#4028,#4029);
#3115=LINE('',#4030,#4031);
#3116=LINE('',#4032,#4033);
#3117=LINE('',#4034,#4035);
#3118=LINE('',#4036,#4037);
#3119=LINE('',#4038,#4039);
#3120=LINE('',#4040,#4041);
#3121=LINE('',#4042,#4043);
#3122=LINE('',#4044,#4045);
#3123=LINE('',#4046,#4047);
#3124=VERTEX_POINT('',#4048);
#3125=LINE('',#4049,#4050);
#3126=VERTEX_POINT('',#4051);
#3127=LINE('',#4052,#4053);
#3128=LINE('',#4054,#4055);
#3129=VERTEX_POINT('',#4056);
#3130=LINE('',#4057,#4058);
#3131=VERTEX_POINT('',#4059);
#3132=LINE('',#4060,#4061);
#3133=LINE('',#4062,#4063);
#3134=VERTEX_POINT('',#4064);
#3135=LINE('',#4065,#4066);
#3136=LINE('',#4067,#4068);
#3137=VERTEX_POINT('',#4069);
#3138=LINE('',#4070,#4071);
#3139=LINE('',#4072,#4073);
#3140=VERTEX_POINT('',#4074);
#3141=LINE('',#4075,#4076);
#3142=LINE('',#4077,#4078);
#3143=VERTEX_POINT('',#4079);
#3144=LINE('',#4080,#4081);
#3145=LINE('',#4082,#4083);
#3146=LINE('',#4084,#4085);
#3147=LINE('',#4086,#4087);
#3148=VERTEX_POINT('',#4088);
#3149=LINE('',#4089,#4090);
#3150=VERTEX_POINT('',#4091);
#3151=LINE('',#4092,#4093);
#3152=LINE('',#4094,#4095);
#3153=VERTEX_POINT('',#4096);
#3154=LINE('',#4097,#4098);
#3155=VERTEX_POINT('',#4099);
#3156=LINE('',#4100,#4101);
#3157=LINE('',#4102,#4103);
#3158=VERTEX_POINT('',#4104);
#3159=LINE('',#4105,#4106);
#3160=LINE('',#4107,#4108);
#3161=VERTEX_POINT('',#4109);
#3162=LINE('',#4110,#4111);
#3163=LINE('',#4112,#4113);
#3164=VERTEX_POINT('',#4114);
#3165=LINE('',#4115,#4116);
#3166=LINE('',#4117,#4118);
#3167=VERTEX_POINT('',#4119);
#3168=LINE('',#4120,#4121);
#3169=LINE('',#4122,#4123);
#3170=LINE('',#4124,#4125);
#3171=LINE('',#4126,#4127);
#3172=VERTEX_POINT('',#4128);
#3173=LINE('',#4129,#4130);
#3174=VERTEX_POINT('',#4131);
#3175=LINE('',#4132,#4133);
#3176=LINE('',#4134,#4135);
#3177=VERTEX_POINT('',#4136);
#3178=LINE('',#4137,#4138);
#3179=VERTEX_POINT('',#4139);
#3180=LINE('',#4140,#4141);
#3181=LINE('',#4142,#4143);
#3182=VERTEX_POINT('',#4144);
#3183=LINE('',#4145,#4146);
#3184=LINE('',#4147,#4148);
#3185=VERTEX_POINT('',#4149);
#3186=LINE('',#4150,#4151);
#3187=LINE('',#4152,#4153);
#3188=VERTEX_POINT('',#4154);
#3189=LINE('',#4155,#4156);
#3190=LINE('',#4157,#4158);
#3191=VERTEX_POINT('',#4159);
#3192=LINE('',#4160,#4161);
#3193=LINE('',#4162,#4163);
#3194=LINE('',#4164,#4165);
#3195=LINE('',#4166,#4167);
#3196=VERTEX_POINT('',#4168);
#3197=LINE('',#4169,#4170);
#3198=VERTEX_POINT('',#4171);
#3199=LINE('',#4172,#4173);
#3200=LINE('',#4174,#4175);
#3201=VERTEX_POINT('',#4176);
#3202=LINE('',#4177,#4178);
#3203=VERTEX_POINT('',#4179);
#3204=LINE('',#4180,#4181);
#3205=LINE('',#4182,#4183);
#3206=VERTEX_POINT('',#4184);
#3207=LINE('',#4185,#4186);
#3208=LINE('',#4187,#4188);
#3209=VERTEX_POINT('',#4189);
#3210=LINE('',#4190,#4191);
#3211=LINE('',#4192,#4193);
#3212=VERTEX_POINT('',#4194);
#3213=LINE('',#4195,#4196);
#3214=LINE('',#4197,#4198);
#3215=VERTEX_POINT('',#4199);
#3216=LINE('',#4200,#4201);
#3217=LINE('',#4202,#4203);
#3218=LINE('',#4204,#4205);
#3219=LINE('',#4206,#4207);
#3220=VERTEX_POINT('',#4208);
#3221=VERTEX_POINT('',#4209);
#3222=LINE('',#4210,#4211);
#3223=VERTEX_POINT('',#4212);
#3224=LINE('',#4213,#4214);
#3225=VERTEX_POINT('',#4215);
#3226=LINE('',#4216,#4217);
#3227=LINE('',#4218,#4219);
#3228=VERTEX_POINT('',#4220);
#3229=LINE('',#4221,#4222);
#3230=VERTEX_POINT('',#4223);
#3231=LINE('',#4224,#4225);
#3232=LINE('',#4226,#4227);
#3233=VERTEX_POINT('',#4228);
#3234=LINE('',#4229,#4230);
#3235=VERTEX_POINT('',#4231);
#3236=LINE('',#4232,#4233);
#3237=LINE('',#4234,#4235);
#3238=VERTEX_POINT('',#4236);
#3239=VERTEX_POINT('',#4237);
#3240=LINE('',#4238,#4239);
#3241=LINE('',#4240,#4241);
#3242=LINE('',#4242,#4243);
#3243=VERTEX_POINT('',#4244);
#3244=LINE('',#4245,#4246);
#3245=LINE('',#4247,#4248);
#3246=VERTEX_POINT('',#4249);
#3247=LINE('',#4250,#4251);
#3248=VERTEX_POINT('',#4252);
#3249=LINE('',#4253,#4254);
#3250=LINE('',#4255,#4256);
#3251=VERTEX_POINT('',#4257);
#3252=VERTEX_POINT('',#4258);
#3253=LINE('',#4259,#4260);
#3254=LINE('',#4261,#4262);
#3255=VERTEX_POINT('',#4263);
#3256=LINE('',#4264,#4265);
#3257=VERTEX_POINT('',#4266);
#3258=LINE('',#4267,#4268);
#3259=LINE('',#4269,#4270);
#3260=VERTEX_POINT('',#4271);
#3261=VERTEX_POINT('',#4272);
#3262=LINE('',#4273,#4274);
#3263=VERTEX_POINT('',#4275);
#3264=LINE('',#4276,#4277);
#3265=LINE('',#4278,#4279);
#3266=VERTEX_POINT('',#4280);
#3267=CIRCLE('',#4281,0.4445);
#3268=VERTEX_POINT('',#4282);
#3269=LINE('',#4283,#4284);
#3270=VERTEX_POINT('',#4285);
#3271=LINE('',#4286,#4287);
#3272=LINE('',#4288,#4289);
#3273=VERTEX_POINT('',#4290);
#3274=LINE('',#4291,#4292);
#3275=VERTEX_POINT('',#4293);
#3276=LINE('',#4294,#4295);
#3277=LINE('',#4296,#4297);
#3278=VERTEX_POINT('',#4298);
#3279=LINE('',#4299,#4300);
#3280=LINE('',#4301,#4302);
#3281=VERTEX_POINT('',#4303);
#3282=LINE('',#4304,#4305);
#3283=VERTEX_POINT('',#4306);
#3284=LINE('',#4307,#4308);
#3285=LINE('',#4309,#4310);
#3286=LINE('',#4311,#4312);
#3287=VERTEX_POINT('',#4313);
#3288=LINE('',#4314,#4315);
#3289=LINE('',#4316,#4317);
#3290=LINE('',#4318,#4319);
#3291=VERTEX_POINT('',#4320);
#3292=CIRCLE('',#4321,0.4445);
#3293=LINE('',#4322,#4323);
#3294=VERTEX_POINT('',#4324);
#3295=LINE('',#4325,#4326);
#3296=VERTEX_POINT('',#4327);
#3297=LINE('',#4328,#4329);
#3298=VERTEX_POINT('',#4330);
#3299=LINE('',#4331,#4332);
#3300=LINE('',#4333,#4334);
#3301=VERTEX_POINT('',#4335);
#3302=LINE('',#4336,#4337);
#3303=CIRCLE('',#4338,0.4445);
#3304=LINE('',#4339,#4340);
#3305=LINE('',#4341,#4342);
#3306=LINE('',#4343,#4344);
#3307=VERTEX_POINT('',#4345);
#3308=VERTEX_POINT('',#4346);
#3309=LINE('',#4347,#4348);
#3310=VERTEX_POINT('',#4349);
#3311=LINE('',#4350,#4351);
#3312=VERTEX_POINT('',#4352);
#3313=LINE('',#4353,#4354);
#3314=LINE('',#4355,#4356);
#3315=LINE('',#4357,#4358);
#3316=VERTEX_POINT('',#4359);
#3317=LINE('',#4360,#4361);
#3318=LINE('',#4362,#4363);
#3319=VERTEX_POINT('',#4364);
#3320=VERTEX_POINT('',#4365);
#3321=LINE('',#4366,#4367);
#3322=CIRCLE('',#4368,0.4445);
#3323=VERTEX_POINT('',#4369);
#3324=LINE('',#4370,#4371);
#3325=LINE('',#4372,#4373);
#3326=VERTEX_POINT('',#4374);
#3327=LINE('',#4375,#4376);
#3328=LINE('',#4377,#4378);
#3329=VERTEX_POINT('',#4379);
#3330=LINE('',#4380,#4381);
#3331=LINE('',#4382,#4383);
#3332=LINE('',#4384,#4385);
#3333=LINE('',#4386,#4387);
#3334=LINE('',#4388,#4389);
#3335=LINE('',#4390,#4391);
#3336=LINE('',#4392,#4393);
#3337=VERTEX_POINT('',#4394);
#3338=LINE('',#4395,#4396);
#3339=VERTEX_POINT('',#4397);
#3340=LINE('',#4398,#4399);
#3341=LINE('',#4400,#4401);
#3342=VERTEX_POINT('',#4402);
#3343=VERTEX_POINT('',#4403);
#3344=LINE('',#4404,#4405);
#3345=VERTEX_POINT('',#4406);
#3346=LINE('',#4407,#4408);
#3347=LINE('',#4409,#4410);
#3348=VERTEX_POINT('',#4411);
#3349=LINE('',#4412,#4413);
#3350=VERTEX_POINT('',#4414);
#3351=LINE('',#4415,#4416);
#3352=LINE('',#4417,#4418);
#3353=VERTEX_POINT('',#4419);
#3354=LINE('',#4420,#4421);
#3355=VERTEX_POINT('',#4422);
#3356=LINE('',#4423,#4424);
#3357=CIRCLE('',#4425,0.4445);
#3358=VERTEX_POINT('',#4426);
#3359=LINE('',#4427,#4428);
#3360=LINE('',#4429,#4430);
#3361=VERTEX_POINT('',#4431);
#3362=LINE('',#4432,#4433);
#3363=VERTEX_POINT('',#4434);
#3364=LINE('',#4435,#4436);
#3365=LINE('',#4437,#4438);
#3366=LINE('',#4439,#4440);
#3367=VERTEX_POINT('',#4441);
#3368=LINE('',#4442,#4443);
#3369=LINE('',#4444,#4445);
#3370=VERTEX_POINT('',#4446);
#3371=LINE('',#4447,#4448);
#3372=LINE('',#4449,#4450);
#3373=VERTEX_POINT('',#4451);
#3374=LINE('',#4452,#4453);
#3375=VERTEX_POINT('',#4454);
#3376=LINE('',#4455,#4456);
#3377=VERTEX_POINT('',#4457);
#3378=LINE('',#4458,#4459);
#3379=LINE('',#4460,#4461);
#3380=VERTEX_POINT('',#4462);
#3381=LINE('',#4463,#4464);
#3382=VERTEX_POINT('',#4465);
#3383=CIRCLE('',#4466,0.4445);
#3384=VERTEX_POINT('',#4467);
#3385=LINE('',#4468,#4469);
#3386=LINE('',#4470,#4471);
#3387=VERTEX_POINT('',#4472);
#3388=LINE('',#4473,#4474);
#3389=VERTEX_POINT('',#4475);
#3390=LINE('',#4476,#4477);
#3391=LINE('',#4478,#4479);
#3392=VERTEX_POINT('',#4480);
#3393=LINE('',#4481,#4482);
#3394=LINE('',#4483,#4484);
#3395=VERTEX_POINT('',#4485);
#3396=LINE('',#4486,#4487);
#3397=VERTEX_POINT('',#4488);
#3398=LINE('',#4489,#4490);
#3399=LINE('',#4491,#4492);
#3400=VERTEX_POINT('',#4493);
#3401=LINE('',#4494,#4495);
#3402=VERTEX_POINT('',#4496);
#3403=LINE('',#4497,#4498);
#3404=LINE('',#4499,#4500);
#3405=VERTEX_POINT('',#4501);
#3406=LINE('',#4502,#4503);
#3407=LINE('',#4504,#4505);
#3408=LINE('',#4506,#4507);
#3409=VERTEX_POINT('',#4508);
#3410=LINE('',#4509,#4510);
#3411=LINE('',#4511,#4512);
#3412=VERTEX_POINT('',#4513);
#3413=LINE('',#4514,#4515);
#3414=VERTEX_POINT('',#4516);
#3415=LINE('',#4517,#4518);
#3416=LINE('',#4519,#4520);
#3417=LINE('',#4521,#4522);
#3418=VERTEX_POINT('',#4523);
#3419=LINE('',#4524,#4525);
#3420=LINE('',#4526,#4527);
#3421=VERTEX_POINT('',#4528);
#3422=CIRCLE('',#4529,0.4445);
#3423=VERTEX_POINT('',#4530);
#3424=LINE('',#4531,#4532);
#3425=LINE('',#4533,#4534);
#3426=VERTEX_POINT('',#4535);
#3427=LINE('',#4536,#4537);
#3428=LINE('',#4538,#4539);
#3429=VERTEX_POINT('',#4540);
#3430=LINE('',#4541,#4542);
#3431=CIRCLE('',#4543,0.4445);
#3432=LINE('',#4544,#4545);
#3433=LINE('',#4546,#4547);
#3434=LINE('',#4548,#4549);
#3435=LINE('',#4550,#4551);
#3436=LINE('',#4552,#4553);
#3437=LINE('',#4554,#4555);
#3438=LINE('',#4556,#4557);
#3439=LINE('',#4558,#4559);
#3440=LINE('',#4560,#4561);
#3441=LINE('',#4562,#4563);
#3442=CARTESIAN_POINT('',(-8.8392,0.762,-5.715));
#3443=CARTESIAN_POINT('',(-6.9088,0.762,-5.715));
#3444=CARTESIAN_POINT('',(-8.8392,0.762,-5.715));
#3445=VECTOR('',#4564,1.0);
#3446=CARTESIAN_POINT('',(-8.8392,1.2065,-6.1595));
#3447=AXIS2_PLACEMENT_3D('',#4565,#4566,#4567);
#3448=CARTESIAN_POINT('',(-6.9088,1.2065,-6.1595));
#3449=CARTESIAN_POINT('',(-8.8392,1.2065,-6.1595));
#3450=VECTOR('',#4568,1.9304);
#3451=AXIS2_PLACEMENT_3D('',#4569,#4570,#4571);
#3452=CARTESIAN_POINT('',(-6.2992,0.762,-4.699));
#3453=CARTESIAN_POINT('',(-8.8392,0.762,-4.699));
#3454=CARTESIAN_POINT('',(-8.8392,0.762,-4.699));
#3455=VECTOR('',#4572,1.0);
#3456=CARTESIAN_POINT('',(-6.2992,1.2065,-4.2545));
#3457=AXIS2_PLACEMENT_3D('',#4573,#4574,#4575);
#3458=CARTESIAN_POINT('',(-8.8392,1.2065,-4.2545));
#3459=CARTESIAN_POINT('',(-8.8392,1.2065,-4.2545));
#3460=VECTOR('',#4576,2.54);
#3461=AXIS2_PLACEMENT_3D('',#4577,#4578,#4579);
#3462=CARTESIAN_POINT('',(8.8392,0.762,-4.699));
#3463=CARTESIAN_POINT('',(6.2992,0.762,-4.699));
#3464=CARTESIAN_POINT('',(8.8392,0.762,-4.699));
#3465=VECTOR('',#4580,1.0);
#3466=CARTESIAN_POINT('',(8.8392,1.2065,-4.2545));
#3467=AXIS2_PLACEMENT_3D('',#4581,#4582,#4583);
#3468=CARTESIAN_POINT('',(6.2992,1.2065,-4.2545));
#3469=CARTESIAN_POINT('',(8.8392,1.2065,-4.2545));
#3470=VECTOR('',#4584,2.54);
#3471=AXIS2_PLACEMENT_3D('',#4585,#4586,#4587);
#3472=CARTESIAN_POINT('',(6.9088,0.762,-5.715));
#3473=CARTESIAN_POINT('',(8.8392,0.762,-5.715));
#3474=CARTESIAN_POINT('',(8.8392,0.762,-5.715));
#3475=VECTOR('',#4588,1.0);
#3476=CARTESIAN_POINT('',(6.9088,1.2065,-6.1595));
#3477=AXIS2_PLACEMENT_3D('',#4589,#4590,#4591);
#3478=CARTESIAN_POINT('',(8.8392,1.2065,-6.1595));
#3479=CARTESIAN_POINT('',(8.8392,1.2065,-6.1595));
#3480=VECTOR('',#4592,1.9304);
#3481=AXIS2_PLACEMENT_3D('',#4593,#4594,#4595);
#3482=CARTESIAN_POINT('',(-4.62594188122194,2.54,-5.715));
#3483=CARTESIAN_POINT('',(4.62594188122194,2.54,-5.715));
#3484=CARTESIAN_POINT('',(-4.62594188122194,2.54,-5.715));
#3485=VECTOR('',#4596,9.25188376244388);
#3486=CARTESIAN_POINT('',(4.62594188122194,-2.54,-5.715));
#3487=CARTESIAN_POINT('',(4.62594188122194,-2.54,-5.715));
#3488=VECTOR('',#4597,5.08);
#3489=CARTESIAN_POINT('',(-4.62594188122194,-2.54,-5.715));
#3490=CARTESIAN_POINT('',(-4.62594188122194,-2.54,-5.715));
#3491=VECTOR('',#4598,9.25188376244388);
#3492=CARTESIAN_POINT('',(-4.62594188122194,-2.54,-5.715));
#3493=VECTOR('',#4599,5.08);
#3494=CARTESIAN_POINT('',(4.1275,0.3175,-5.715));
#3495=CARTESIAN_POINT('',(4.1275,-0.3175,-5.715));
#3496=CARTESIAN_POINT('',(4.1275,0.3175,-5.715));
#3497=VECTOR('',#4600,0.635);
#3498=CARTESIAN_POINT('',(3.4925,0.3175,-5.715));
#3499=CARTESIAN_POINT('',(4.1275,0.3175,-5.715));
#3500=VECTOR('',#4601,0.635);
#3501=CARTESIAN_POINT('',(3.4925,-0.3175,-5.715));
#3502=CARTESIAN_POINT('',(3.4925,0.3175,-5.715));
#3503=VECTOR('',#4602,0.635);
#3504=CARTESIAN_POINT('',(4.1275,-0.3175,-5.715));
#3505=VECTOR('',#4603,0.635);
#3506=CARTESIAN_POINT('',(1.5875,-0.3175,-5.715));
#3507=CARTESIAN_POINT('',(1.5875,0.3175,-5.715));
#3508=CARTESIAN_POINT('',(1.5875,-0.3175,-5.715));
#3509=VECTOR('',#4604,0.635);
#3510=CARTESIAN_POINT('',(0.9525,0.3175,-5.715));
#3511=CARTESIAN_POINT('',(1.5875,0.3175,-5.715));
#3512=VECTOR('',#4605,0.635);
#3513=CARTESIAN_POINT('',(0.9525,-0.3175,-5.715));
#3514=CARTESIAN_POINT('',(0.9525,-0.3175,-5.715));
#3515=VECTOR('',#4606,0.635);
#3516=CARTESIAN_POINT('',(1.5875,-0.3175,-5.715));
#3517=VECTOR('',#4607,0.635);
#3518=CARTESIAN_POINT('',(-0.9525,-0.3175,-5.715));
#3519=CARTESIAN_POINT('',(-0.9525,0.3175,-5.715));
#3520=CARTESIAN_POINT('',(-0.9525,-0.3175,-5.715));
#3521=VECTOR('',#4608,0.635);
#3522=CARTESIAN_POINT('',(-1.5875,0.3175,-5.715));
#3523=CARTESIAN_POINT('',(-0.9525,0.3175,-5.715));
#3524=VECTOR('',#4609,0.635);
#3525=CARTESIAN_POINT('',(-1.5875,-0.3175,-5.715));
#3526=CARTESIAN_POINT('',(-1.5875,-0.3175,-5.715));
#3527=VECTOR('',#4610,0.635);
#3528=CARTESIAN_POINT('',(-0.9525,-0.3175,-5.715));
#3529=VECTOR('',#4611,0.635);
#3530=CARTESIAN_POINT('',(-3.4925,-0.3175,-5.715));
#3531=CARTESIAN_POINT('',(-3.4925,0.3175,-5.715));
#3532=CARTESIAN_POINT('',(-3.4925,-0.3175,-5.715));
#3533=VECTOR('',#4612,0.635);
#3534=CARTESIAN_POINT('',(-4.1275,0.3175,-5.715));
#3535=CARTESIAN_POINT('',(-3.4925,0.3175,-5.715));
#3536=VECTOR('',#4613,0.635);
#3537=CARTESIAN_POINT('',(-4.1275,-0.3175,-5.715));
#3538=CARTESIAN_POINT('',(-4.1275,-0.3175,-5.715));
#3539=VECTOR('',#4614,0.635);
#3540=CARTESIAN_POINT('',(-3.4925,-0.3175,-5.715));
#3541=VECTOR('',#4615,0.635);
#3542=CARTESIAN_POINT('',(6.35,-0.889,-5.715));
#3543=CARTESIAN_POINT('',(6.2992,-0.889,-5.715));
#3544=CARTESIAN_POINT('',(6.35,-0.889,-5.715));
#3545=VECTOR('',#4616,0.0508);
#3546=CARTESIAN_POINT('',(6.35,-2.54,-5.715));
#3547=CARTESIAN_POINT('',(6.35,-2.54,-5.715));
#3548=VECTOR('',#4617,1.651);
#3549=CARTESIAN_POINT('',(5.53405811877806,-2.54,-5.715));
#3550=CARTESIAN_POINT('',(5.53405811877806,-2.54,-5.715));
#3551=VECTOR('',#4618,0.815941881221686);
#3552=CARTESIAN_POINT('',(5.53405811877806,2.54,-5.715));
#3553=CARTESIAN_POINT('',(5.53405811877806,-2.54,-5.715));
#3554=VECTOR('',#4619,5.08);
#3555=CARTESIAN_POINT('',(6.35,2.54,-5.715));
#3556=CARTESIAN_POINT('',(5.53405811877806,2.54,-5.715));
#3557=VECTOR('',#4620,0.815941881221686);
#3558=CARTESIAN_POINT('',(6.35,2.413,-5.715));
#3559=CARTESIAN_POINT('',(6.35,2.413,-5.715));
#3560=VECTOR('',#4621,0.127);
#3561=CARTESIAN_POINT('',(6.2992,2.413,-5.715));
#3562=CARTESIAN_POINT('',(6.35,2.413,-5.715));
#3563=VECTOR('',#4622,0.0508);
#3564=CARTESIAN_POINT('',(6.2992,1.905,-5.715));
#3565=CARTESIAN_POINT('',(6.2992,1.905,-5.715));
#3566=VECTOR('',#4623,0.508);
#3567=CARTESIAN_POINT('',(6.9088,1.905,-5.715));
#3568=CARTESIAN_POINT('',(6.9088,1.905,-5.715));
#3569=VECTOR('',#4624,0.6096);
#3570=CARTESIAN_POINT('',(6.9088,0.762,-5.715));
#3571=VECTOR('',#4625,1.143);
#3572=CARTESIAN_POINT('',(6.9088,-0.381,-5.715));
#3573=CARTESIAN_POINT('',(6.9088,-0.381,-5.715));
#3574=VECTOR('',#4626,1.143);
#3575=CARTESIAN_POINT('',(6.2992,-0.381,-5.715));
#3576=CARTESIAN_POINT('',(6.9088,-0.381,-5.715));
#3577=VECTOR('',#4627,0.6096);
#3578=CARTESIAN_POINT('',(6.2992,-0.889,-5.715));
#3579=VECTOR('',#4628,0.508);
#3580=CARTESIAN_POINT('',(-6.9088,-0.381,-5.715));
#3581=CARTESIAN_POINT('',(-6.2992,-0.381,-5.715));
#3582=CARTESIAN_POINT('',(-6.9088,-0.381,-5.715));
#3583=VECTOR('',#4629,0.6096);
#3584=CARTESIAN_POINT('',(-6.9088,-0.381,-5.715));
#3585=VECTOR('',#4630,1.143);
#3586=CARTESIAN_POINT('',(-6.9088,1.905,-5.715));
#3587=CARTESIAN_POINT('',(-6.9088,0.762,-5.715));
#3588=VECTOR('',#4631,1.143);
#3589=CARTESIAN_POINT('',(-6.2992,1.905,-5.715));
#3590=CARTESIAN_POINT('',(-6.9088,1.905,-5.715));
#3591=VECTOR('',#4632,0.6096);
#3592=CARTESIAN_POINT('',(-6.2992,2.413,-5.715));
#3593=CARTESIAN_POINT('',(-6.2992,1.905,-5.715));
#3594=VECTOR('',#4633,0.508);
#3595=CARTESIAN_POINT('',(-6.35,2.413,-5.715));
#3596=CARTESIAN_POINT('',(-6.35,2.413,-5.715));
#3597=VECTOR('',#4634,0.0508);
#3598=CARTESIAN_POINT('',(-6.35,2.54,-5.715));
#3599=CARTESIAN_POINT('',(-6.35,2.54,-5.715));
#3600=VECTOR('',#4635,0.127);
#3601=CARTESIAN_POINT('',(-5.53405811877806,2.54,-5.715));
#3602=CARTESIAN_POINT('',(-6.35,2.54,-5.715));
#3603=VECTOR('',#4636,0.815941881221686);
#3604=CARTESIAN_POINT('',(-5.53405811877806,-2.54,-5.715));
#3605=CARTESIAN_POINT('',(-5.53405811877806,-2.54,-5.715));
#3606=VECTOR('',#4637,5.08);
#3607=CARTESIAN_POINT('',(-6.35,-2.54,-5.715));
#3608=CARTESIAN_POINT('',(-6.35,-2.54,-5.715));
#3609=VECTOR('',#4638,0.815941881221686);
#3610=CARTESIAN_POINT('',(-6.35,-0.889,-5.715));
#3611=CARTESIAN_POINT('',(-6.35,-0.889,-5.715));
#3612=VECTOR('',#4639,1.651);
#3613=CARTESIAN_POINT('',(-6.2992,-0.889,-5.715));
#3614=CARTESIAN_POINT('',(-6.35,-0.889,-5.715));
#3615=VECTOR('',#4640,0.0508);
#3616=CARTESIAN_POINT('',(-6.2992,-0.889,-5.715));
#3617=VECTOR('',#4641,0.508);
#3618=CARTESIAN_POINT('',(-5.08,-2.54,-6.096));
#3619=CARTESIAN_POINT('',(-4.62594188122194,-2.54,-5.715));
#3620=VECTOR('',#4642,0.592730778033914);
#3621=CARTESIAN_POINT('',(-5.08,2.54,-6.096));
#3622=CARTESIAN_POINT('',(-5.08,-2.54,-6.096));
#3623=VECTOR('',#4643,5.08);
#3624=CARTESIAN_POINT('',(-4.62594188122194,2.54,-5.715));
#3625=VECTOR('',#4644,0.592730778033914);
#3626=CARTESIAN_POINT('',(6.35,2.54,5.715));
#3627=CARTESIAN_POINT('',(5.6198936666418,2.54,5.715));
#3628=CARTESIAN_POINT('',(6.35,2.54,5.715));
#3629=VECTOR('',#4645,0.730106333358708);
#3630=CARTESIAN_POINT('',(6.35,2.54,-5.715));
#3631=VECTOR('',#4646,11.43);
#3632=CARTESIAN_POINT('',(5.08,2.54,-6.096));
#3633=CARTESIAN_POINT('',(5.53405811877806,2.54,-5.715));
#3634=VECTOR('',#4647,0.592730778033914);
#3635=CARTESIAN_POINT('',(5.08,2.54,-6.096));
#3636=VECTOR('',#4648,0.592730778033914);
#3637=CARTESIAN_POINT('',(-5.08,2.54,-6.096));
#3638=VECTOR('',#4649,0.592730778033914);
#3639=CARTESIAN_POINT('',(-6.35,2.54,5.715));
#3640=CARTESIAN_POINT('',(-6.35,2.54,-5.715));
#3641=VECTOR('',#4650,11.43);
#3642=CARTESIAN_POINT('',(-3.81,2.54,5.715));
#3643=CARTESIAN_POINT('',(-3.81,2.54,5.715));
#3644=VECTOR('',#4651,2.54);
#3645=CARTESIAN_POINT('',(-3.81,2.54,1.905));
#3646=CARTESIAN_POINT('',(-3.81,2.54,1.905));
#3647=VECTOR('',#4652,3.81);
#3648=CARTESIAN_POINT('',(-3.048,2.54,1.905));
#3649=CARTESIAN_POINT('',(-3.048,2.54,1.905));
#3650=VECTOR('',#4653,0.762);
#3651=CARTESIAN_POINT('',(-1.524,2.54,1.905));
#3652=CARTESIAN_POINT('',(-3.048,2.54,1.905));
#3653=VECTOR('',#4654,1.524);
#3654=CARTESIAN_POINT('',(-1.524,2.54,-3.175));
#3655=CARTESIAN_POINT('',(-1.524,2.54,1.905));
#3656=VECTOR('',#4655,5.08);
#3657=CARTESIAN_POINT('',(1.524,2.54,-3.175));
#3658=CARTESIAN_POINT('',(-1.524,2.54,-3.175));
#3659=VECTOR('',#4656,3.048);
#3660=CARTESIAN_POINT('',(1.524,2.54,1.905));
#3661=CARTESIAN_POINT('',(1.524,2.54,1.905));
#3662=VECTOR('',#4657,5.08);
#3663=CARTESIAN_POINT('',(3.048,2.54,1.905));
#3664=CARTESIAN_POINT('',(1.524,2.54,1.905));
#3665=VECTOR('',#4658,1.524);
#3666=CARTESIAN_POINT('',(3.81,2.54,1.905));
#3667=CARTESIAN_POINT('',(3.81,2.54,1.905));
#3668=VECTOR('',#4659,0.762);
#3669=CARTESIAN_POINT('',(3.81,2.54,5.715));
#3670=CARTESIAN_POINT('',(3.81,2.54,1.905));
#3671=VECTOR('',#4660,3.81);
#3672=CARTESIAN_POINT('',(4.5401063333582,2.54,5.715));
#3673=CARTESIAN_POINT('',(4.5401063333582,2.54,5.715));
#3674=VECTOR('',#4661,0.730106333358708);
#3675=CARTESIAN_POINT('',(5.08,2.54,3.175));
#3676=CARTESIAN_POINT('',(5.08,2.54,3.175));
#3677=VECTOR('',#4662,2.5967451109571);
#3678=CARTESIAN_POINT('',(5.6198936666418,2.54,5.715));
#3679=VECTOR('',#4663,2.5967451109571);
#3680=CARTESIAN_POINT('',(5.08,2.413,3.175));
#3681=CARTESIAN_POINT('',(5.08,2.54,3.175));
#3682=VECTOR('',#4664,0.127);
#3683=CARTESIAN_POINT('',(5.6198936666418,2.413,5.715));
#3684=CARTESIAN_POINT('',(5.6198936666418,2.413,5.715));
#3685=VECTOR('',#4665,2.5967451109571);
#3686=CARTESIAN_POINT('',(5.6198936666418,2.413,5.715));
#3687=VECTOR('',#4666,0.127);
#3688=CARTESIAN_POINT('',(-1.905,-2.032,5.715));
#3689=CARTESIAN_POINT('',(1.905,-2.032,5.715));
#3690=CARTESIAN_POINT('',(-1.905,-2.032,5.715));
#3691=VECTOR('',#4667,3.81);
#3692=CARTESIAN_POINT('',(-1.905,-2.54,5.715));
#3693=CARTESIAN_POINT('',(-1.905,-2.54,5.715));
#3694=VECTOR('',#4668,0.508);
#3695=CARTESIAN_POINT('',(1.905,-2.54,5.715));
#3696=CARTESIAN_POINT('',(-1.905,-2.54,5.715));
#3697=VECTOR('',#4669,3.81);
#3698=CARTESIAN_POINT('',(1.905,-2.54,5.715));
#3699=VECTOR('',#4670,0.508);
#3700=CARTESIAN_POINT('',(3.175,-2.54,5.715));
#3701=CARTESIAN_POINT('',(6.35,-2.54,5.715));
#3702=CARTESIAN_POINT('',(3.175,-2.54,5.715));
#3703=VECTOR('',#4671,3.175);
#3704=CARTESIAN_POINT('',(6.35,-2.54,5.715));
#3705=VECTOR('',#4672,5.08);
#3706=CARTESIAN_POINT('',(4.5401063333582,2.413,5.715));
#3707=CARTESIAN_POINT('',(4.5401063333582,2.413,5.715));
#3708=VECTOR('',#4673,1.07978733328284);
#3709=CARTESIAN_POINT('',(4.5401063333582,2.413,5.715));
#3710=VECTOR('',#4674,0.127);
#3711=CARTESIAN_POINT('',(3.81,4.064,5.715));
#3712=CARTESIAN_POINT('',(3.81,2.54,5.715));
#3713=VECTOR('',#4675,1.524);
#3714=CARTESIAN_POINT('',(-3.81,4.064,5.715));
#3715=CARTESIAN_POINT('',(3.81,4.064,5.715));
#3716=VECTOR('',#4676,7.62);
#3717=CARTESIAN_POINT('',(-3.81,4.064,5.715));
#3718=VECTOR('',#4677,1.524);
#3719=CARTESIAN_POINT('',(-6.35,-2.54,5.715));
#3720=CARTESIAN_POINT('',(-6.35,2.54,5.715));
#3721=VECTOR('',#4678,5.08);
#3722=CARTESIAN_POINT('',(-3.175,-2.54,5.715));
#3723=CARTESIAN_POINT('',(-6.35,-2.54,5.715));
#3724=VECTOR('',#4679,3.175);
#3725=CARTESIAN_POINT('',(-3.175,-2.032,5.715));
#3726=CARTESIAN_POINT('',(-3.175,-2.54,5.715));
#3727=VECTOR('',#4680,0.508);
#3728=CARTESIAN_POINT('',(-5.842,-2.032,5.715));
#3729=CARTESIAN_POINT('',(-5.842,-2.032,5.715));
#3730=VECTOR('',#4681,2.667);
#3731=CARTESIAN_POINT('',(-5.842,2.032,5.715));
#3732=CARTESIAN_POINT('',(-5.842,2.032,5.715));
#3733=VECTOR('',#4682,4.064);
#3734=CARTESIAN_POINT('',(-3.556,2.032,5.715));
#3735=CARTESIAN_POINT('',(-3.556,2.032,5.715));
#3736=VECTOR('',#4683,2.286);
#3737=CARTESIAN_POINT('',(-3.556,3.556,5.715));
#3738=CARTESIAN_POINT('',(-3.556,3.556,5.715));
#3739=VECTOR('',#4684,1.524);
#3740=CARTESIAN_POINT('',(3.556,3.556,5.715));
#3741=CARTESIAN_POINT('',(3.556,3.556,5.715));
#3742=VECTOR('',#4685,7.112);
#3743=CARTESIAN_POINT('',(3.556,2.032,5.715));
#3744=CARTESIAN_POINT('',(3.556,2.032,5.715));
#3745=VECTOR('',#4686,1.524);
#3746=CARTESIAN_POINT('',(5.842,2.032,5.715));
#3747=CARTESIAN_POINT('',(5.842,2.032,5.715));
#3748=VECTOR('',#4687,2.286);
#3749=CARTESIAN_POINT('',(5.842,-2.032,5.715));
#3750=CARTESIAN_POINT('',(5.842,-2.032,5.715));
#3751=VECTOR('',#4688,4.064);
#3752=CARTESIAN_POINT('',(3.175,-2.032,5.715));
#3753=CARTESIAN_POINT('',(3.175,-2.032,5.715));
#3754=VECTOR('',#4689,2.667);
#3755=CARTESIAN_POINT('',(3.175,-2.54,5.715));
#3756=VECTOR('',#4690,0.508);
#3757=CARTESIAN_POINT('',(1.905,-2.54,-3.175));
#3758=CARTESIAN_POINT('',(1.905,-2.54,5.715));
#3759=VECTOR('',#4691,8.89);
#3760=CARTESIAN_POINT('',(1.905,-1.524,-3.175));
#3761=CARTESIAN_POINT('',(1.905,-1.524,-3.175));
#3762=VECTOR('',#4692,1.016);
#3763=CARTESIAN_POINT('',(1.905,-1.524,5.207));
#3764=CARTESIAN_POINT('',(1.905,-1.524,-3.175));
#3765=VECTOR('',#4693,8.382);
#3766=CARTESIAN_POINT('',(1.905,-2.032,5.715));
#3767=VECTOR('',#4694,0.718420489685484);
#3768=CARTESIAN_POINT('',(-1.905,-1.524,5.207));
#3769=CARTESIAN_POINT('',(-1.905,-1.524,5.207));
#3770=VECTOR('',#4695,3.81);
#3771=CARTESIAN_POINT('',(-1.905,-2.032,5.715));
#3772=VECTOR('',#4696,0.718420489685484);
#3773=CARTESIAN_POINT('',(5.334,-1.524,5.207));
#3774=CARTESIAN_POINT('',(5.842,-2.032,5.715));
#3775=VECTOR('',#4697,0.879881810245052);
#3776=CARTESIAN_POINT('',(3.175,-1.524,5.207));
#3777=CARTESIAN_POINT('',(3.175,-1.524,5.207));
#3778=VECTOR('',#4698,2.159);
#3779=CARTESIAN_POINT('',(3.175,-2.032,5.715));
#3780=VECTOR('',#4699,0.718420489685484);
#3781=CARTESIAN_POINT('',(-3.175,-1.524,5.207));
#3782=CARTESIAN_POINT('',(-3.175,-2.032,5.715));
#3783=VECTOR('',#4700,0.718420489685484);
#3784=CARTESIAN_POINT('',(-5.334,-1.524,5.207));
#3785=CARTESIAN_POINT('',(-5.334,-1.524,5.207));
#3786=VECTOR('',#4701,2.159);
#3787=CARTESIAN_POINT('',(-5.842,-2.032,5.715));
#3788=VECTOR('',#4702,0.879881810245052);
#3789=CARTESIAN_POINT('',(-1.905,-1.524,-3.175));
#3790=CARTESIAN_POINT('',(-1.905,-1.524,-3.175));
#3791=VECTOR('',#4703,8.382);
#3792=CARTESIAN_POINT('',(-1.905,-2.54,-3.175));
#3793=CARTESIAN_POINT('',(-1.905,-2.54,-3.175));
#3794=VECTOR('',#4704,1.016);
#3795=CARTESIAN_POINT('',(-1.905,-2.54,5.715));
#3796=VECTOR('',#4705,8.89);
#3797=CARTESIAN_POINT('',(-3.175,-2.54,-3.175));
#3798=CARTESIAN_POINT('',(-3.175,-2.54,5.715));
#3799=VECTOR('',#4706,8.89);
#3800=CARTESIAN_POINT('',(-6.35,-2.54,-5.715));
#3801=VECTOR('',#4707,11.43);
#3802=CARTESIAN_POINT('',(-5.08,-2.54,-6.096));
#3803=VECTOR('',#4708,0.592730778033914);
#3804=CARTESIAN_POINT('',(5.08,-2.54,-6.096));
#3805=CARTESIAN_POINT('',(5.08,-2.54,-6.096));
#3806=VECTOR('',#4709,0.592730778033914);
#3807=CARTESIAN_POINT('',(5.53405811877806,-2.54,-5.715));
#3808=VECTOR('',#4710,0.592730778033914);
#3809=CARTESIAN_POINT('',(6.35,-2.54,-5.715));
#3810=VECTOR('',#4711,11.43);
#3811=CARTESIAN_POINT('',(3.175,-2.54,-3.175));
#3812=CARTESIAN_POINT('',(3.175,-2.54,5.715));
#3813=VECTOR('',#4712,8.89);
#3814=CARTESIAN_POINT('',(1.905,-2.54,-3.175));
#3815=VECTOR('',#4713,1.27);
#3816=CARTESIAN_POINT('',(-3.175,-2.54,-3.175));
#3817=VECTOR('',#4714,1.27);
#3818=CARTESIAN_POINT('',(5.334,-1.524,-3.175));
#3819=CARTESIAN_POINT('',(5.334,1.524,-3.175));
#3820=CARTESIAN_POINT('',(5.334,-1.524,-3.175));
#3821=VECTOR('',#4715,3.048);
#3822=CARTESIAN_POINT('',(1.524,1.524,-3.175));
#3823=CARTESIAN_POINT('',(5.334,1.524,-3.175));
#3824=VECTOR('',#4716,3.81);
#3825=CARTESIAN_POINT('',(1.524,1.524,-3.175));
#3826=VECTOR('',#4717,1.016);
#3827=CARTESIAN_POINT('',(-1.524,1.524,-3.175));
#3828=CARTESIAN_POINT('',(-1.524,2.54,-3.175));
#3829=VECTOR('',#4718,1.016);
#3830=CARTESIAN_POINT('',(-5.334,1.524,-3.175));
#3831=CARTESIAN_POINT('',(-1.524,1.524,-3.175));
#3832=VECTOR('',#4719,3.81);
#3833=CARTESIAN_POINT('',(-5.334,-1.524,-3.175));
#3834=CARTESIAN_POINT('',(-5.334,1.524,-3.175));
#3835=VECTOR('',#4720,3.048);
#3836=CARTESIAN_POINT('',(-3.175,-1.524,-3.175));
#3837=CARTESIAN_POINT('',(-5.334,-1.524,-3.175));
#3838=VECTOR('',#4721,2.159);
#3839=CARTESIAN_POINT('',(-3.175,-1.524,-3.175));
#3840=VECTOR('',#4722,1.016);
#3841=CARTESIAN_POINT('',(-1.905,-1.524,-3.175));
#3842=VECTOR('',#4723,3.81);
#3843=CARTESIAN_POINT('',(3.175,-1.524,-3.175));
#3844=CARTESIAN_POINT('',(3.175,-2.54,-3.175));
#3845=VECTOR('',#4724,1.016);
#3846=CARTESIAN_POINT('',(3.175,-1.524,-3.175));
#3847=VECTOR('',#4725,2.159);
#3848=CARTESIAN_POINT('',(3.4925,-0.3175,-3.175));
#3849=CARTESIAN_POINT('',(3.4925,0.3175,-3.175));
#3850=CARTESIAN_POINT('',(3.4925,-0.3175,-3.175));
#3851=VECTOR('',#4726,0.635);
#3852=CARTESIAN_POINT('',(4.1275,0.3175,-3.175));
#3853=CARTESIAN_POINT('',(4.1275,0.3175,-3.175));
#3854=VECTOR('',#4727,0.635);
#3855=CARTESIAN_POINT('',(4.1275,-0.3175,-3.175));
#3856=CARTESIAN_POINT('',(4.1275,-0.3175,-3.175));
#3857=VECTOR('',#4728,0.635);
#3858=CARTESIAN_POINT('',(4.1275,-0.3175,-3.175));
#3859=VECTOR('',#4729,0.635);
#3860=CARTESIAN_POINT('',(0.9525,-0.3175,-3.175));
#3861=CARTESIAN_POINT('',(0.9525,0.3175,-3.175));
#3862=CARTESIAN_POINT('',(0.9525,-0.3175,-3.175));
#3863=VECTOR('',#4730,0.635);
#3864=CARTESIAN_POINT('',(1.5875,0.3175,-3.175));
#3865=CARTESIAN_POINT('',(1.5875,0.3175,-3.175));
#3866=VECTOR('',#4731,0.635);
#3867=CARTESIAN_POINT('',(1.5875,-0.3175,-3.175));
#3868=CARTESIAN_POINT('',(1.5875,-0.3175,-3.175));
#3869=VECTOR('',#4732,0.635);
#3870=CARTESIAN_POINT('',(1.5875,-0.3175,-3.175));
#3871=VECTOR('',#4733,0.635);
#3872=CARTESIAN_POINT('',(-1.5875,-0.3175,-3.175));
#3873=CARTESIAN_POINT('',(-1.5875,0.3175,-3.175));
#3874=CARTESIAN_POINT('',(-1.5875,-0.3175,-3.175));
#3875=VECTOR('',#4734,0.635);
#3876=CARTESIAN_POINT('',(-0.9525,0.3175,-3.175));
#3877=CARTESIAN_POINT('',(-0.9525,0.3175,-3.175));
#3878=VECTOR('',#4735,0.635);
#3879=CARTESIAN_POINT('',(-0.9525,-0.3175,-3.175));
#3880=CARTESIAN_POINT('',(-0.9525,-0.3175,-3.175));
#3881=VECTOR('',#4736,0.635);
#3882=CARTESIAN_POINT('',(-0.9525,-0.3175,-3.175));
#3883=VECTOR('',#4737,0.635);
#3884=CARTESIAN_POINT('',(-4.1275,-0.3175,-3.175));
#3885=CARTESIAN_POINT('',(-4.1275,0.3175,-3.175));
#3886=CARTESIAN_POINT('',(-4.1275,-0.3175,-3.175));
#3887=VECTOR('',#4738,0.635);
#3888=CARTESIAN_POINT('',(-3.4925,0.3175,-3.175));
#3889=CARTESIAN_POINT('',(-3.4925,0.3175,-3.175));
#3890=VECTOR('',#4739,0.635);
#3891=CARTESIAN_POINT('',(-3.4925,-0.3175,-3.175));
#3892=CARTESIAN_POINT('',(-3.4925,-0.3175,-3.175));
#3893=VECTOR('',#4740,0.635);
#3894=CARTESIAN_POINT('',(-3.4925,-0.3175,-3.175));
#3895=VECTOR('',#4741,0.635);
#3896=CARTESIAN_POINT('',(5.334,-1.524,-3.175));
#3897=VECTOR('',#4742,8.382);
#3898=CARTESIAN_POINT('',(3.175,-1.524,-3.175));
#3899=VECTOR('',#4743,8.382);
#3900=CARTESIAN_POINT('',(-5.334,-1.524,5.207));
#3901=VECTOR('',#4744,8.382);
#3902=CARTESIAN_POINT('',(-3.175,-1.524,-3.175));
#3903=VECTOR('',#4745,8.382);
#3904=CARTESIAN_POINT('',(5.334,1.524,5.207));
#3905=CARTESIAN_POINT('',(5.334,-1.524,5.207));
#3906=VECTOR('',#4746,3.048);
#3907=CARTESIAN_POINT('',(5.334,1.524,5.207));
#3908=VECTOR('',#4747,8.382);
#3909=CARTESIAN_POINT('',(3.048,1.524,5.207));
#3910=CARTESIAN_POINT('',(5.334,1.524,5.207));
#3911=VECTOR('',#4748,2.286);
#3912=CARTESIAN_POINT('',(3.048,1.524,1.397));
#3913=CARTESIAN_POINT('',(3.048,1.524,5.207));
#3914=VECTOR('',#4749,3.81);
#3915=CARTESIAN_POINT('',(1.524,1.524,1.397));
#3916=CARTESIAN_POINT('',(3.048,1.524,1.397));
#3917=VECTOR('',#4750,1.524);
#3918=CARTESIAN_POINT('',(1.524,1.524,1.397));
#3919=VECTOR('',#4751,4.572);
#3920=CARTESIAN_POINT('',(1.524,2.032,1.905));
#3921=CARTESIAN_POINT('',(1.524,2.032,1.905));
#3922=VECTOR('',#4752,0.718420489685484);
#3923=CARTESIAN_POINT('',(1.524,2.54,1.905));
#3924=VECTOR('',#4753,0.508);
#3925=CARTESIAN_POINT('',(3.048,2.032,1.905));
#3926=CARTESIAN_POINT('',(3.048,2.032,1.905));
#3927=VECTOR('',#4754,0.508);
#3928=CARTESIAN_POINT('',(3.048,2.032,1.905));
#3929=VECTOR('',#4755,1.524);
#3930=CARTESIAN_POINT('',(-3.048,2.032,1.905));
#3931=CARTESIAN_POINT('',(-3.048,2.54,1.905));
#3932=VECTOR('',#4756,0.508);
#3933=CARTESIAN_POINT('',(-1.524,2.032,1.905));
#3934=CARTESIAN_POINT('',(-3.048,2.032,1.905));
#3935=VECTOR('',#4757,1.524);
#3936=CARTESIAN_POINT('',(-1.524,2.54,1.905));
#3937=VECTOR('',#4758,0.508);
#3938=CARTESIAN_POINT('',(3.048,2.032,1.905));
#3939=VECTOR('',#4759,0.718420489685484);
#3940=CARTESIAN_POINT('',(3.048,3.048,5.207));
#3941=CARTESIAN_POINT('',(3.048,1.524,5.207));
#3942=VECTOR('',#4760,1.524);
#3943=CARTESIAN_POINT('',(3.048,3.048,1.905));
#3944=CARTESIAN_POINT('',(3.048,3.048,5.207));
#3945=VECTOR('',#4761,3.302);
#3946=CARTESIAN_POINT('',(3.048,2.54,1.905));
#3947=VECTOR('',#4762,0.508);
#3948=CARTESIAN_POINT('',(-2.3495,3.048,1.905));
#3949=CARTESIAN_POINT('',(-3.048,3.048,1.905));
#3950=CARTESIAN_POINT('',(-2.3495,3.048,1.905));
#3951=VECTOR('',#4763,0.6985);
#3952=CARTESIAN_POINT('',(-3.048,2.54,1.905));
#3953=VECTOR('',#4764,0.508);
#3954=CARTESIAN_POINT('',(-3.81,4.064,1.905));
#3955=CARTESIAN_POINT('',(-3.81,4.064,1.905));
#3956=VECTOR('',#4765,1.524);
#3957=CARTESIAN_POINT('',(-2.3495,4.064,1.905));
#3958=CARTESIAN_POINT('',(-2.3495,4.064,1.905));
#3959=VECTOR('',#4766,1.4605);
#3960=CARTESIAN_POINT('',(-2.3495,4.064,1.905));
#3961=VECTOR('',#4767,1.016);
#3962=CARTESIAN_POINT('',(3.81,4.064,1.905));
#3963=CARTESIAN_POINT('',(2.3495,4.064,1.905));
#3964=CARTESIAN_POINT('',(3.81,4.064,1.905));
#3965=VECTOR('',#4768,1.4605);
#3966=CARTESIAN_POINT('',(3.81,2.54,1.905));
#3967=VECTOR('',#4769,1.524);
#3968=CARTESIAN_POINT('',(2.3495,3.048,1.905));
#3969=CARTESIAN_POINT('',(3.048,3.048,1.905));
#3970=VECTOR('',#4770,0.6985);
#3971=CARTESIAN_POINT('',(2.3495,4.064,1.905));
#3972=VECTOR('',#4771,1.016);
#3973=CARTESIAN_POINT('',(-2.3495,4.064,2.794));
#3974=CARTESIAN_POINT('',(-2.3495,3.048,2.794));
#3975=CARTESIAN_POINT('',(-2.3495,4.064,2.794));
#3976=VECTOR('',#4772,1.016);
#3977=CARTESIAN_POINT('',(-2.3495,3.048,1.905));
#3978=VECTOR('',#4773,0.889);
#3979=CARTESIAN_POINT('',(-2.3495,4.064,1.905));
#3980=VECTOR('',#4774,0.889);
#3981=CARTESIAN_POINT('',(-3.81,4.064,1.905));
#3982=VECTOR('',#4775,3.81);
#3983=CARTESIAN_POINT('',(3.81,4.064,1.905));
#3984=VECTOR('',#4776,3.81);
#3985=CARTESIAN_POINT('',(2.3495,4.064,2.794));
#3986=CARTESIAN_POINT('',(2.3495,4.064,1.905));
#3987=VECTOR('',#4777,0.889);
#3988=CARTESIAN_POINT('',(1.3335,4.064,3.81));
#3989=AXIS2_PLACEMENT_3D('',#4778,#4779,#4780);
#3990=CARTESIAN_POINT('',(-1.3335,4.064,3.81));
#3991=CARTESIAN_POINT('',(-1.3335,4.064,3.81));
#3992=VECTOR('',#4781,2.667);
#3993=AXIS2_PLACEMENT_3D('',#4782,#4783,#4784);
#3994=CARTESIAN_POINT('',(-1.3335,3.048,3.81));
#3995=CARTESIAN_POINT('',(-1.3335,4.064,3.81));
#3996=VECTOR('',#4785,1.016);
#3997=AXIS2_PLACEMENT_3D('',#4786,#4787,#4788);
#3998=CARTESIAN_POINT('',(1.3335,3.048,3.81));
#3999=CARTESIAN_POINT('',(-1.3335,3.048,3.81));
#4000=VECTOR('',#4789,2.667);
#4001=CARTESIAN_POINT('',(2.3495,3.048,2.794));
#4002=AXIS2_PLACEMENT_3D('',#4790,#4791,#4792);
#4003=CARTESIAN_POINT('',(2.3495,3.048,1.905));
#4004=VECTOR('',#4793,0.889);
#4005=CARTESIAN_POINT('',(-3.048,3.048,5.207));
#4006=CARTESIAN_POINT('',(3.048,3.048,5.207));
#4007=VECTOR('',#4794,6.096);
#4008=CARTESIAN_POINT('',(-3.048,3.048,5.207));
#4009=VECTOR('',#4795,3.302);
#4010=CARTESIAN_POINT('',(-3.048,1.524,5.207));
#4011=CARTESIAN_POINT('',(-3.048,3.048,5.207));
#4012=VECTOR('',#4796,1.524);
#4013=CARTESIAN_POINT('',(-3.048,1.524,1.397));
#4014=CARTESIAN_POINT('',(-3.048,1.524,5.207));
#4015=VECTOR('',#4797,3.81);
#4016=CARTESIAN_POINT('',(-3.048,2.032,1.905));
#4017=VECTOR('',#4798,0.718420489685484);
#4018=CARTESIAN_POINT('',(-1.524,1.524,1.397));
#4019=CARTESIAN_POINT('',(-3.048,1.524,1.397));
#4020=VECTOR('',#4799,1.524);
#4021=CARTESIAN_POINT('',(-1.524,2.032,1.905));
#4022=VECTOR('',#4800,0.718420489685484);
#4023=CARTESIAN_POINT('',(-1.524,1.524,1.397));
#4024=VECTOR('',#4801,4.572);
#4025=CARTESIAN_POINT('',(-5.334,1.524,5.207));
#4026=CARTESIAN_POINT('',(-3.048,1.524,5.207));
#4027=VECTOR('',#4802,2.286);
#4028=CARTESIAN_POINT('',(-5.334,1.524,5.207));
#4029=VECTOR('',#4803,8.382);
#4030=CARTESIAN_POINT('',(-5.334,1.524,5.207));
#4031=VECTOR('',#4804,3.048);
#4032=CARTESIAN_POINT('',(-5.842,2.032,5.715));
#4033=VECTOR('',#4805,0.879881810245052);
#4034=CARTESIAN_POINT('',(-3.556,2.032,5.715));
#4035=VECTOR('',#4806,0.879881810245052);
#4036=CARTESIAN_POINT('',(-3.556,3.556,5.715));
#4037=VECTOR('',#4807,0.879881810245052);
#4038=CARTESIAN_POINT('',(3.556,3.556,5.715));
#4039=VECTOR('',#4808,0.879881810245052);
#4040=CARTESIAN_POINT('',(3.556,2.032,5.715));
#4041=VECTOR('',#4809,0.879881810245052);
#4042=CARTESIAN_POINT('',(5.842,2.032,5.715));
#4043=VECTOR('',#4810,0.879881810245052);
#4044=CARTESIAN_POINT('',(2.3495,4.064,2.794));
#4045=VECTOR('',#4811,1.016);
#4046=CARTESIAN_POINT('',(1.3335,4.064,3.81));
#4047=VECTOR('',#4812,1.016);
#4048=CARTESIAN_POINT('',(3.4925,-0.3175,-9.398));
#4049=CARTESIAN_POINT('',(3.4925,-0.3175,-9.398));
#4050=VECTOR('',#4813,3.683);
#4051=CARTESIAN_POINT('',(4.1275,-0.3175,-9.398));
#4052=CARTESIAN_POINT('',(4.1275,-0.3175,-9.398));
#4053=VECTOR('',#4814,0.635);
#4054=CARTESIAN_POINT('',(4.1275,-0.3175,-5.715));
#4055=VECTOR('',#4815,3.683);
#4056=CARTESIAN_POINT('',(4.1275,-0.3175,2.921));
#4057=CARTESIAN_POINT('',(4.1275,-0.3175,2.921));
#4058=VECTOR('',#4816,6.096);
#4059=CARTESIAN_POINT('',(3.4925,-0.3175,2.921));
#4060=CARTESIAN_POINT('',(3.4925,-0.3175,2.921));
#4061=VECTOR('',#4817,0.635);
#4062=CARTESIAN_POINT('',(3.4925,-0.3175,-3.175));
#4063=VECTOR('',#4818,6.096);
#4064=CARTESIAN_POINT('',(4.1275,0.3175,-9.398));
#4065=CARTESIAN_POINT('',(4.1275,-0.3175,-9.398));
#4066=VECTOR('',#4819,0.635);
#4067=CARTESIAN_POINT('',(4.1275,0.3175,-5.715));
#4068=VECTOR('',#4820,3.683);
#4069=CARTESIAN_POINT('',(4.1275,0.3175,2.921));
#4070=CARTESIAN_POINT('',(4.1275,0.3175,2.921));
#4071=VECTOR('',#4821,6.096);
#4072=CARTESIAN_POINT('',(4.1275,-0.3175,2.921));
#4073=VECTOR('',#4822,0.635);
#4074=CARTESIAN_POINT('',(3.4925,0.3175,-9.398));
#4075=CARTESIAN_POINT('',(4.1275,0.3175,-9.398));
#4076=VECTOR('',#4823,0.635);
#4077=CARTESIAN_POINT('',(3.4925,0.3175,-9.398));
#4078=VECTOR('',#4824,3.683);
#4079=CARTESIAN_POINT('',(3.4925,0.3175,2.921));
#4080=CARTESIAN_POINT('',(3.4925,0.3175,-3.175));
#4081=VECTOR('',#4825,6.096);
#4082=CARTESIAN_POINT('',(3.4925,0.3175,2.921));
#4083=VECTOR('',#4826,0.635);
#4084=CARTESIAN_POINT('',(3.4925,-0.3175,-9.398));
#4085=VECTOR('',#4827,0.635);
#4086=CARTESIAN_POINT('',(3.4925,-0.3175,2.921));
#4087=VECTOR('',#4828,0.635);
#4088=CARTESIAN_POINT('',(0.9525,-0.3175,-9.398));
#4089=CARTESIAN_POINT('',(0.9525,-0.3175,-9.398));
#4090=VECTOR('',#4829,3.683);
#4091=CARTESIAN_POINT('',(1.5875,-0.3175,-9.398));
#4092=CARTESIAN_POINT('',(1.5875,-0.3175,-9.398));
#4093=VECTOR('',#4830,0.635);
#4094=CARTESIAN_POINT('',(1.5875,-0.3175,-5.715));
#4095=VECTOR('',#4831,3.683);
#4096=CARTESIAN_POINT('',(1.5875,-0.3175,2.921));
#4097=CARTESIAN_POINT('',(1.5875,-0.3175,2.921));
#4098=VECTOR('',#4832,6.096);
#4099=CARTESIAN_POINT('',(0.9525,-0.3175,2.921));
#4100=CARTESIAN_POINT('',(0.9525,-0.3175,2.921));
#4101=VECTOR('',#4833,0.635);
#4102=CARTESIAN_POINT('',(0.9525,-0.3175,-3.175));
#4103=VECTOR('',#4834,6.096);
#4104=CARTESIAN_POINT('',(1.5875,0.3175,-9.398));
#4105=CARTESIAN_POINT('',(1.5875,-0.3175,-9.398));
#4106=VECTOR('',#4835,0.635);
#4107=CARTESIAN_POINT('',(1.5875,0.3175,-5.715));
#4108=VECTOR('',#4836,3.683);
#4109=CARTESIAN_POINT('',(1.5875,0.3175,2.921));
#4110=CARTESIAN_POINT('',(1.5875,0.3175,2.921));
#4111=VECTOR('',#4837,6.096);
#4112=CARTESIAN_POINT('',(1.5875,-0.3175,2.921));
#4113=VECTOR('',#4838,0.635);
#4114=CARTESIAN_POINT('',(0.9525,0.3175,-9.398));
#4115=CARTESIAN_POINT('',(1.5875,0.3175,-9.398));
#4116=VECTOR('',#4839,0.635);
#4117=CARTESIAN_POINT('',(0.9525,0.3175,-9.398));
#4118=VECTOR('',#4840,3.683);
#4119=CARTESIAN_POINT('',(0.9525,0.3175,2.921));
#4120=CARTESIAN_POINT('',(0.9525,0.3175,-3.175));
#4121=VECTOR('',#4841,6.096);
#4122=CARTESIAN_POINT('',(0.9525,0.3175,2.921));
#4123=VECTOR('',#4842,0.635);
#4124=CARTESIAN_POINT('',(0.9525,-0.3175,-9.398));
#4125=VECTOR('',#4843,0.635);
#4126=CARTESIAN_POINT('',(0.9525,-0.3175,2.921));
#4127=VECTOR('',#4844,0.635);
#4128=CARTESIAN_POINT('',(-1.5875,-0.3175,-9.398));
#4129=CARTESIAN_POINT('',(-1.5875,-0.3175,-9.398));
#4130=VECTOR('',#4845,3.683);
#4131=CARTESIAN_POINT('',(-0.9525,-0.3175,-9.398));
#4132=CARTESIAN_POINT('',(-0.9525,-0.3175,-9.398));
#4133=VECTOR('',#4846,0.635);
#4134=CARTESIAN_POINT('',(-0.9525,-0.3175,-5.715));
#4135=VECTOR('',#4847,3.683);
#4136=CARTESIAN_POINT('',(-0.9525,-0.3175,2.921));
#4137=CARTESIAN_POINT('',(-0.9525,-0.3175,2.921));
#4138=VECTOR('',#4848,6.096);
#4139=CARTESIAN_POINT('',(-1.5875,-0.3175,2.921));
#4140=CARTESIAN_POINT('',(-1.5875,-0.3175,2.921));
#4141=VECTOR('',#4849,0.635);
#4142=CARTESIAN_POINT('',(-1.5875,-0.3175,-3.175));
#4143=VECTOR('',#4850,6.096);
#4144=CARTESIAN_POINT('',(-0.9525,0.3175,-9.398));
#4145=CARTESIAN_POINT('',(-0.9525,-0.3175,-9.398));
#4146=VECTOR('',#4851,0.635);
#4147=CARTESIAN_POINT('',(-0.9525,0.3175,-5.715));
#4148=VECTOR('',#4852,3.683);
#4149=CARTESIAN_POINT('',(-0.9525,0.3175,2.921));
#4150=CARTESIAN_POINT('',(-0.9525,0.3175,2.921));
#4151=VECTOR('',#4853,6.096);
#4152=CARTESIAN_POINT('',(-0.9525,-0.3175,2.921));
#4153=VECTOR('',#4854,0.635);
#4154=CARTESIAN_POINT('',(-1.5875,0.3175,-9.398));
#4155=CARTESIAN_POINT('',(-0.9525,0.3175,-9.398));
#4156=VECTOR('',#4855,0.635);
#4157=CARTESIAN_POINT('',(-1.5875,0.3175,-9.398));
#4158=VECTOR('',#4856,3.683);
#4159=CARTESIAN_POINT('',(-1.5875,0.3175,2.921));
#4160=CARTESIAN_POINT('',(-1.5875,0.3175,-3.175));
#4161=VECTOR('',#4857,6.096);
#4162=CARTESIAN_POINT('',(-1.5875,0.3175,2.921));
#4163=VECTOR('',#4858,0.635);
#4164=CARTESIAN_POINT('',(-1.5875,-0.3175,2.921));
#4165=VECTOR('',#4859,0.635);
#4166=CARTESIAN_POINT('',(-1.5875,-0.3175,-9.398));
#4167=VECTOR('',#4860,0.635);
#4168=CARTESIAN_POINT('',(-4.1275,-0.3175,-9.398));
#4169=CARTESIAN_POINT('',(-4.1275,-0.3175,-9.398));
#4170=VECTOR('',#4861,3.683);
#4171=CARTESIAN_POINT('',(-3.4925,-0.3175,-9.398));
#4172=CARTESIAN_POINT('',(-3.4925,-0.3175,-9.398));
#4173=VECTOR('',#4862,0.635);
#4174=CARTESIAN_POINT('',(-3.4925,-0.3175,-5.715));
#4175=VECTOR('',#4863,3.683);
#4176=CARTESIAN_POINT('',(-3.4925,-0.3175,2.921));
#4177=CARTESIAN_POINT('',(-3.4925,-0.3175,2.921));
#4178=VECTOR('',#4864,6.096);
#4179=CARTESIAN_POINT('',(-4.1275,-0.3175,2.921));
#4180=CARTESIAN_POINT('',(-4.1275,-0.3175,2.921));
#4181=VECTOR('',#4865,0.635);
#4182=CARTESIAN_POINT('',(-4.1275,-0.3175,-3.175));
#4183=VECTOR('',#4866,6.096);
#4184=CARTESIAN_POINT('',(-3.4925,0.3175,-9.398));
#4185=CARTESIAN_POINT('',(-3.4925,-0.3175,-9.398));
#4186=VECTOR('',#4867,0.635);
#4187=CARTESIAN_POINT('',(-3.4925,0.3175,-5.715));
#4188=VECTOR('',#4868,3.683);
#4189=CARTESIAN_POINT('',(-3.4925,0.3175,2.921));
#4190=CARTESIAN_POINT('',(-3.4925,0.3175,2.921));
#4191=VECTOR('',#4869,6.096);
#4192=CARTESIAN_POINT('',(-3.4925,-0.3175,2.921));
#4193=VECTOR('',#4870,0.635);
#4194=CARTESIAN_POINT('',(-4.1275,0.3175,-9.398));
#4195=CARTESIAN_POINT('',(-3.4925,0.3175,-9.398));
#4196=VECTOR('',#4871,0.635);
#4197=CARTESIAN_POINT('',(-4.1275,0.3175,-9.398));
#4198=VECTOR('',#4872,3.683);
#4199=CARTESIAN_POINT('',(-4.1275,0.3175,2.921));
#4200=CARTESIAN_POINT('',(-4.1275,0.3175,-3.175));
#4201=VECTOR('',#4873,6.096);
#4202=CARTESIAN_POINT('',(-4.1275,0.3175,2.921));
#4203=VECTOR('',#4874,0.635);
#4204=CARTESIAN_POINT('',(-4.1275,-0.3175,-9.398));
#4205=VECTOR('',#4875,0.635);
#4206=CARTESIAN_POINT('',(-4.1275,-0.3175,2.921));
#4207=VECTOR('',#4876,0.635);
#4208=CARTESIAN_POINT('',(6.35,1.2065,0.5715));
#4209=CARTESIAN_POINT('',(6.35,0.3175,0.5715));
#4210=CARTESIAN_POINT('',(6.35,1.2065,0.5715));
#4211=VECTOR('',#4877,0.889);
#4212=CARTESIAN_POINT('',(6.35,1.905,0.5715));
#4213=CARTESIAN_POINT('',(6.35,1.2065,0.5715));
#4214=VECTOR('',#4878,0.6985);
#4215=CARTESIAN_POINT('',(6.35,2.413,0.5715));
#4216=CARTESIAN_POINT('',(6.35,2.413,0.5715));
#4217=VECTOR('',#4879,0.508);
#4218=CARTESIAN_POINT('',(6.35,2.413,-5.715));
#4219=VECTOR('',#4880,6.2865);
#4220=CARTESIAN_POINT('',(6.35,-0.889,0.5715));
#4221=CARTESIAN_POINT('',(6.35,-0.889,-5.715));
#4222=VECTOR('',#4881,6.2865);
#4223=CARTESIAN_POINT('',(6.35,-0.381,0.5715));
#4224=CARTESIAN_POINT('',(6.35,-0.381,0.5715));
#4225=VECTOR('',#4882,0.508);
#4226=CARTESIAN_POINT('',(6.35,-0.381,0.5715));
#4227=VECTOR('',#4883,0.6985);
#4228=CARTESIAN_POINT('',(8.8392,1.2065,-1.9177));
#4229=CARTESIAN_POINT('',(6.35,1.2065,0.5715));
#4230=VECTOR('',#4884,3.52026039946004);
#4231=CARTESIAN_POINT('',(8.8392,1.905,-1.9177));
#4232=CARTESIAN_POINT('',(8.8392,1.2065,-1.9177));
#4233=VECTOR('',#4885,0.6985);
#4234=CARTESIAN_POINT('',(6.35,1.905,0.5715));
#4235=VECTOR('',#4886,3.52026039946004);
#4236=CARTESIAN_POINT('',(8.8392,-0.381,-1.9177));
#4237=CARTESIAN_POINT('',(8.8392,0.3175,-1.9177));
#4238=CARTESIAN_POINT('',(8.8392,-0.381,-1.9177));
#4239=VECTOR('',#4887,0.6985);
#4240=CARTESIAN_POINT('',(6.35,0.3175,0.5715));
#4241=VECTOR('',#4888,3.52026039946004);
#4242=CARTESIAN_POINT('',(6.35,-0.381,0.5715));
#4243=VECTOR('',#4889,3.52026039946004);
#4244=CARTESIAN_POINT('',(6.2992,1.905,0.5715));
#4245=CARTESIAN_POINT('',(6.2992,1.905,0.5715));
#4246=VECTOR('',#4890,6.2865);
#4247=CARTESIAN_POINT('',(6.35,1.905,0.5715));
#4248=VECTOR('',#4891,0.0508);
#4249=CARTESIAN_POINT('',(8.8392,1.905,-7.239));
#4250=CARTESIAN_POINT('',(8.8392,1.905,-1.9177));
#4251=VECTOR('',#4892,5.3213);
#4252=CARTESIAN_POINT('',(6.9088,1.905,-7.239));
#4253=CARTESIAN_POINT('',(8.8392,1.905,-7.239));
#4254=VECTOR('',#4893,1.9304);
#4255=CARTESIAN_POINT('',(6.9088,1.905,-5.715));
#4256=VECTOR('',#4894,1.524);
#4257=CARTESIAN_POINT('',(6.9088,1.2065,-9.906));
#4258=CARTESIAN_POINT('',(6.9088,1.524,-9.906));
#4259=CARTESIAN_POINT('',(6.9088,1.2065,-9.906));
#4260=VECTOR('',#4895,0.3175);
#4261=CARTESIAN_POINT('',(6.9088,1.2065,-9.906));
#4262=VECTOR('',#4896,3.7465);
#4263=CARTESIAN_POINT('',(6.9088,2.413,-7.747));
#4264=CARTESIAN_POINT('',(6.9088,1.905,-7.239));
#4265=VECTOR('',#4897,0.718420489685484);
#4266=CARTESIAN_POINT('',(6.9088,2.413,-8.128));
#4267=CARTESIAN_POINT('',(6.9088,2.413,-8.128));
#4268=VECTOR('',#4898,0.381);
#4269=CARTESIAN_POINT('',(6.9088,2.413,-8.128));
#4270=VECTOR('',#4899,1.98786443199725);
#4271=CARTESIAN_POINT('',(6.9088,-0.889,-8.128));
#4272=CARTESIAN_POINT('',(6.9088,-0.889,-7.747));
#4273=CARTESIAN_POINT('',(6.9088,-0.889,-8.128));
#4274=VECTOR('',#4900,0.381);
#4275=CARTESIAN_POINT('',(6.9088,-0.381,-7.239));
#4276=CARTESIAN_POINT('',(6.9088,-0.889,-7.747));
#4277=VECTOR('',#4901,0.718420489685484);
#4278=CARTESIAN_POINT('',(6.9088,-0.381,-5.715));
#4279=VECTOR('',#4902,1.524);
#4280=CARTESIAN_POINT('',(6.9088,0.3175,-6.1595));
#4281=AXIS2_PLACEMENT_3D('',#4903,#4904,#4905);
#4282=CARTESIAN_POINT('',(6.9088,0.3175,-9.906));
#4283=CARTESIAN_POINT('',(6.9088,0.3175,-9.906));
#4284=VECTOR('',#4906,3.7465);
#4285=CARTESIAN_POINT('',(6.9088,0.0,-9.906));
#4286=CARTESIAN_POINT('',(6.9088,0.0,-9.906));
#4287=VECTOR('',#4907,0.3175);
#4288=CARTESIAN_POINT('',(6.9088,0.0,-9.906));
#4289=VECTOR('',#4908,1.98786443199725);
#4290=CARTESIAN_POINT('',(8.8392,2.413,-8.128));
#4291=CARTESIAN_POINT('',(8.8392,2.413,-8.128));
#4292=VECTOR('',#4909,1.9304);
#4293=CARTESIAN_POINT('',(8.8392,1.524,-9.906));
#4294=CARTESIAN_POINT('',(8.8392,2.413,-8.128));
#4295=VECTOR('',#4910,1.98786443199725);
#4296=CARTESIAN_POINT('',(8.8392,1.524,-9.906));
#4297=VECTOR('',#4911,1.9304);
#4298=CARTESIAN_POINT('',(8.8392,1.2065,-9.906));
#4299=CARTESIAN_POINT('',(8.8392,1.2065,-9.906));
#4300=VECTOR('',#4912,0.3175);
#4301=CARTESIAN_POINT('',(8.8392,1.2065,-9.906));
#4302=VECTOR('',#4913,1.9304);
#4303=CARTESIAN_POINT('',(8.8392,0.3175,-9.906));
#4304=CARTESIAN_POINT('',(8.8392,0.3175,-9.906));
#4305=VECTOR('',#4914,1.9304);
#4306=CARTESIAN_POINT('',(8.8392,0.0,-9.906));
#4307=CARTESIAN_POINT('',(8.8392,0.0,-9.906));
#4308=VECTOR('',#4915,0.3175);
#4309=CARTESIAN_POINT('',(8.8392,0.0,-9.906));
#4310=VECTOR('',#4916,1.9304);
#4311=CARTESIAN_POINT('',(8.8392,1.2065,-9.906));
#4312=VECTOR('',#4917,3.7465);
#4313=CARTESIAN_POINT('',(8.8392,2.413,-7.747));
#4314=CARTESIAN_POINT('',(8.8392,2.413,-7.747));
#4315=VECTOR('',#4918,0.381);
#4316=CARTESIAN_POINT('',(8.8392,1.905,-7.239));
#4317=VECTOR('',#4919,0.718420489685484);
#4318=CARTESIAN_POINT('',(8.8392,1.2065,-1.9177));
#4319=VECTOR('',#4920,2.3368);
#4320=CARTESIAN_POINT('',(8.8392,0.3175,-4.2545));
#4321=AXIS2_PLACEMENT_3D('',#4921,#4922,#4923);
#4322=CARTESIAN_POINT('',(8.8392,0.3175,-1.9177));
#4323=VECTOR('',#4924,2.3368);
#4324=CARTESIAN_POINT('',(8.8392,-0.381,-7.239));
#4325=CARTESIAN_POINT('',(8.8392,-0.381,-1.9177));
#4326=VECTOR('',#4925,5.3213);
#4327=CARTESIAN_POINT('',(8.8392,-0.889,-7.747));
#4328=CARTESIAN_POINT('',(8.8392,-0.889,-7.747));
#4329=VECTOR('',#4926,0.718420489685484);
#4330=CARTESIAN_POINT('',(8.8392,-0.889,-8.128));
#4331=CARTESIAN_POINT('',(8.8392,-0.889,-7.747));
#4332=VECTOR('',#4927,0.381);
#4333=CARTESIAN_POINT('',(8.8392,0.0,-9.906));
#4334=VECTOR('',#4928,1.98786443199725);
#4335=CARTESIAN_POINT('',(8.8392,0.3175,-6.1595));
#4336=CARTESIAN_POINT('',(8.8392,0.3175,-9.906));
#4337=VECTOR('',#4929,3.7465);
#4338=AXIS2_PLACEMENT_3D('',#4930,#4931,#4932);
#4339=CARTESIAN_POINT('',(8.8392,0.3175,-6.1595));
#4340=VECTOR('',#4933,1.9304);
#4341=CARTESIAN_POINT('',(8.8392,-0.889,-8.128));
#4342=VECTOR('',#4934,1.9304);
#4343=CARTESIAN_POINT('',(8.8392,-0.889,-7.747));
#4344=VECTOR('',#4935,1.9304);
#4345=CARTESIAN_POINT('',(-6.9088,-0.889,-7.747));
#4346=CARTESIAN_POINT('',(-6.9088,-0.889,-8.128));
#4347=CARTESIAN_POINT('',(-6.9088,-0.889,-7.747));
#4348=VECTOR('',#4936,0.381);
#4349=CARTESIAN_POINT('',(-8.8392,-0.889,-7.747));
#4350=CARTESIAN_POINT('',(-8.8392,-0.889,-7.747));
#4351=VECTOR('',#4937,1.9304);
#4352=CARTESIAN_POINT('',(-8.8392,-0.889,-8.128));
#4353=CARTESIAN_POINT('',(-8.8392,-0.889,-8.128));
#4354=VECTOR('',#4938,0.381);
#4355=CARTESIAN_POINT('',(-8.8392,-0.889,-8.128));
#4356=VECTOR('',#4939,1.9304);
#4357=CARTESIAN_POINT('',(8.8392,-0.381,-7.239));
#4358=VECTOR('',#4940,1.9304);
#4359=CARTESIAN_POINT('',(6.2992,-0.381,0.5715));
#4360=CARTESIAN_POINT('',(6.35,-0.381,0.5715));
#4361=VECTOR('',#4941,0.0508);
#4362=CARTESIAN_POINT('',(6.2992,-0.381,-5.715));
#4363=VECTOR('',#4942,6.2865);
#4364=CARTESIAN_POINT('',(6.2992,0.3175,0.5715));
#4365=CARTESIAN_POINT('',(6.2992,0.3175,-4.2545));
#4366=CARTESIAN_POINT('',(6.2992,0.3175,0.5715));
#4367=VECTOR('',#4943,4.826);
#4368=AXIS2_PLACEMENT_3D('',#4944,#4945,#4946);
#4369=CARTESIAN_POINT('',(6.2992,1.2065,0.5715));
#4370=CARTESIAN_POINT('',(6.2992,1.2065,-4.2545));
#4371=VECTOR('',#4947,4.826);
#4372=CARTESIAN_POINT('',(6.2992,1.2065,0.5715));
#4373=VECTOR('',#4948,0.889);
#4374=CARTESIAN_POINT('',(6.2992,-0.889,0.5715));
#4375=CARTESIAN_POINT('',(6.2992,-0.381,0.5715));
#4376=VECTOR('',#4949,0.508);
#4377=CARTESIAN_POINT('',(6.2992,-0.889,0.5715));
#4378=VECTOR('',#4950,6.2865);
#4379=CARTESIAN_POINT('',(6.2992,2.413,0.5715));
#4380=CARTESIAN_POINT('',(6.2992,2.413,-5.715));
#4381=VECTOR('',#4951,6.2865);
#4382=CARTESIAN_POINT('',(6.2992,2.413,0.5715));
#4383=VECTOR('',#4952,0.508);
#4384=CARTESIAN_POINT('',(6.35,0.3175,0.5715));
#4385=VECTOR('',#4953,0.0508);
#4386=CARTESIAN_POINT('',(6.35,1.2065,0.5715));
#4387=VECTOR('',#4954,0.0508);
#4388=CARTESIAN_POINT('',(8.8392,0.3175,-4.2545));
#4389=VECTOR('',#4955,2.54);
#4390=CARTESIAN_POINT('',(6.35,-0.889,0.5715));
#4391=VECTOR('',#4956,0.0508);
#4392=CARTESIAN_POINT('',(6.35,2.413,0.5715));
#4393=VECTOR('',#4957,0.0508);
#4394=CARTESIAN_POINT('',(-8.8392,0.0,-9.906));
#4395=CARTESIAN_POINT('',(-8.8392,0.0,-9.906));
#4396=VECTOR('',#4958,1.98786443199725);
#4397=CARTESIAN_POINT('',(-6.9088,0.0,-9.906));
#4398=CARTESIAN_POINT('',(-6.9088,0.0,-9.906));
#4399=VECTOR('',#4959,1.9304);
#4400=CARTESIAN_POINT('',(-6.9088,0.0,-9.906));
#4401=VECTOR('',#4960,1.98786443199725);
#4402=CARTESIAN_POINT('',(-6.9088,2.413,-7.747));
#4403=CARTESIAN_POINT('',(-6.9088,2.413,-8.128));
#4404=CARTESIAN_POINT('',(-6.9088,2.413,-7.747));
#4405=VECTOR('',#4961,0.381);
#4406=CARTESIAN_POINT('',(-6.9088,1.905,-7.239));
#4407=CARTESIAN_POINT('',(-6.9088,1.905,-7.239));
#4408=VECTOR('',#4962,0.718420489685484);
#4409=CARTESIAN_POINT('',(-6.9088,1.905,-5.715));
#4410=VECTOR('',#4963,1.524);
#4411=CARTESIAN_POINT('',(-6.9088,1.2065,-9.906));
#4412=CARTESIAN_POINT('',(-6.9088,1.2065,-9.906));
#4413=VECTOR('',#4964,3.7465);
#4414=CARTESIAN_POINT('',(-6.9088,1.524,-9.906));
#4415=CARTESIAN_POINT('',(-6.9088,1.2065,-9.906));
#4416=VECTOR('',#4965,0.3175);
#4417=CARTESIAN_POINT('',(-6.9088,2.413,-8.128));
#4418=VECTOR('',#4966,1.98786443199725);
#4419=CARTESIAN_POINT('',(-6.9088,0.3175,-9.906));
#4420=CARTESIAN_POINT('',(-6.9088,0.0,-9.906));
#4421=VECTOR('',#4967,0.3175);
#4422=CARTESIAN_POINT('',(-6.9088,0.3175,-6.1595));
#4423=CARTESIAN_POINT('',(-6.9088,0.3175,-9.906));
#4424=VECTOR('',#4968,3.7465);
#4425=AXIS2_PLACEMENT_3D('',#4969,#4970,#4971);
#4426=CARTESIAN_POINT('',(-6.9088,-0.381,-7.239));
#4427=CARTESIAN_POINT('',(-6.9088,-0.381,-5.715));
#4428=VECTOR('',#4972,1.524);
#4429=CARTESIAN_POINT('',(-6.9088,-0.889,-7.747));
#4430=VECTOR('',#4973,0.718420489685484);
#4431=CARTESIAN_POINT('',(-8.8392,1.524,-9.906));
#4432=CARTESIAN_POINT('',(-6.9088,1.524,-9.906));
#4433=VECTOR('',#4974,1.9304);
#4434=CARTESIAN_POINT('',(-8.8392,2.413,-8.128));
#4435=CARTESIAN_POINT('',(-8.8392,2.413,-8.128));
#4436=VECTOR('',#4975,1.98786443199725);
#4437=CARTESIAN_POINT('',(-8.8392,2.413,-8.128));
#4438=VECTOR('',#4976,1.9304);
#4439=CARTESIAN_POINT('',(8.8392,2.413,-7.747));
#4440=VECTOR('',#4977,1.9304);
#4441=CARTESIAN_POINT('',(-8.8392,2.413,-7.747));
#4442=CARTESIAN_POINT('',(-8.8392,2.413,-8.128));
#4443=VECTOR('',#4978,0.381);
#4444=CARTESIAN_POINT('',(-8.8392,2.413,-7.747));
#4445=VECTOR('',#4979,1.9304);
#4446=CARTESIAN_POINT('',(-8.8392,1.905,-7.239));
#4447=CARTESIAN_POINT('',(-8.8392,1.905,-7.239));
#4448=VECTOR('',#4980,0.718420489685484);
#4449=CARTESIAN_POINT('',(-8.8392,1.905,-7.239));
#4450=VECTOR('',#4981,1.9304);
#4451=CARTESIAN_POINT('',(-8.8392,1.905,-1.9177));
#4452=CARTESIAN_POINT('',(-8.8392,1.905,-1.9177));
#4453=VECTOR('',#4982,5.3213);
#4454=CARTESIAN_POINT('',(-6.35,1.905,0.5715));
#4455=CARTESIAN_POINT('',(-8.8392,1.905,-1.9177));
#4456=VECTOR('',#4983,3.52026039946004);
#4457=CARTESIAN_POINT('',(-6.2992,1.905,0.5715));
#4458=CARTESIAN_POINT('',(-6.35,1.905,0.5715));
#4459=VECTOR('',#4984,0.0508);
#4460=CARTESIAN_POINT('',(-6.2992,1.905,0.5715));
#4461=VECTOR('',#4985,6.2865);
#4462=CARTESIAN_POINT('',(-6.2992,1.2065,0.5715));
#4463=CARTESIAN_POINT('',(-6.2992,1.2065,-4.2545));
#4464=VECTOR('',#4986,4.826);
#4465=CARTESIAN_POINT('',(-6.2992,0.3175,-4.2545));
#4466=AXIS2_PLACEMENT_3D('',#4987,#4988,#4989);
#4467=CARTESIAN_POINT('',(-6.2992,0.3175,0.5715));
#4468=CARTESIAN_POINT('',(-6.2992,0.3175,0.5715));
#4469=VECTOR('',#4990,4.826);
#4470=CARTESIAN_POINT('',(-6.2992,1.2065,0.5715));
#4471=VECTOR('',#4991,0.889);
#4472=CARTESIAN_POINT('',(-6.2992,-0.889,0.5715));
#4473=CARTESIAN_POINT('',(-6.2992,-0.889,0.5715));
#4474=VECTOR('',#4992,6.2865);
#4475=CARTESIAN_POINT('',(-6.2992,-0.381,0.5715));
#4476=CARTESIAN_POINT('',(-6.2992,-0.381,0.5715));
#4477=VECTOR('',#4993,0.508);
#4478=CARTESIAN_POINT('',(-6.2992,-0.381,-5.715));
#4479=VECTOR('',#4994,6.2865);
#4480=CARTESIAN_POINT('',(-6.2992,2.413,0.5715));
#4481=CARTESIAN_POINT('',(-6.2992,2.413,0.5715));
#4482=VECTOR('',#4995,0.508);
#4483=CARTESIAN_POINT('',(-6.2992,2.413,-5.715));
#4484=VECTOR('',#4996,6.2865);
#4485=CARTESIAN_POINT('',(-6.35,1.2065,0.5715));
#4486=CARTESIAN_POINT('',(-6.35,1.2065,0.5715));
#4487=VECTOR('',#4997,0.0508);
#4488=CARTESIAN_POINT('',(-6.35,0.3175,0.5715));
#4489=CARTESIAN_POINT('',(-6.35,0.3175,0.5715));
#4490=VECTOR('',#4998,0.0508);
#4491=CARTESIAN_POINT('',(-6.35,1.2065,0.5715));
#4492=VECTOR('',#4999,0.889);
#4493=CARTESIAN_POINT('',(-6.35,-0.381,0.5715));
#4494=CARTESIAN_POINT('',(-6.35,0.3175,0.5715));
#4495=VECTOR('',#5000,0.6985);
#4496=CARTESIAN_POINT('',(-6.35,-0.889,0.5715));
#4497=CARTESIAN_POINT('',(-6.35,-0.381,0.5715));
#4498=VECTOR('',#5001,0.508);
#4499=CARTESIAN_POINT('',(-6.35,-0.889,-5.715));
#4500=VECTOR('',#5002,6.2865);
#4501=CARTESIAN_POINT('',(-6.35,2.413,0.5715));
#4502=CARTESIAN_POINT('',(-6.35,2.413,-5.715));
#4503=VECTOR('',#5003,6.2865);
#4504=CARTESIAN_POINT('',(-6.35,2.413,0.5715));
#4505=VECTOR('',#5004,0.508);
#4506=CARTESIAN_POINT('',(-6.35,1.905,0.5715));
#4507=VECTOR('',#5005,0.6985);
#4508=CARTESIAN_POINT('',(-8.8392,1.2065,-1.9177));
#4509=CARTESIAN_POINT('',(-8.8392,1.2065,-1.9177));
#4510=VECTOR('',#5006,0.6985);
#4511=CARTESIAN_POINT('',(-8.8392,1.2065,-1.9177));
#4512=VECTOR('',#5007,3.52026039946004);
#4513=CARTESIAN_POINT('',(-8.8392,0.3175,-1.9177));
#4514=CARTESIAN_POINT('',(-8.8392,0.3175,-1.9177));
#4515=VECTOR('',#5008,3.52026039946004);
#4516=CARTESIAN_POINT('',(-8.8392,-0.381,-1.9177));
#4517=CARTESIAN_POINT('',(-8.8392,-0.381,-1.9177));
#4518=VECTOR('',#5009,0.6985);
#4519=CARTESIAN_POINT('',(-8.8392,-0.381,-1.9177));
#4520=VECTOR('',#5010,3.52026039946004);
#4521=CARTESIAN_POINT('',(-8.8392,1.2065,-1.9177));
#4522=VECTOR('',#5011,2.3368);
#4523=CARTESIAN_POINT('',(-8.8392,1.2065,-9.906));
#4524=CARTESIAN_POINT('',(-8.8392,1.2065,-9.906));
#4525=VECTOR('',#5012,0.3175);
#4526=CARTESIAN_POINT('',(-8.8392,1.2065,-9.906));
#4527=VECTOR('',#5013,3.7465);
#4528=CARTESIAN_POINT('',(-8.8392,0.3175,-6.1595));
#4529=AXIS2_PLACEMENT_3D('',#5014,#5015,#5016);
#4530=CARTESIAN_POINT('',(-8.8392,0.3175,-9.906));
#4531=CARTESIAN_POINT('',(-8.8392,0.3175,-9.906));
#4532=VECTOR('',#5017,3.7465);
#4533=CARTESIAN_POINT('',(-8.8392,0.0,-9.906));
#4534=VECTOR('',#5018,0.3175);
#4535=CARTESIAN_POINT('',(-8.8392,-0.381,-7.239));
#4536=CARTESIAN_POINT('',(-8.8392,-0.889,-7.747));
#4537=VECTOR('',#5019,0.718420489685484);
#4538=CARTESIAN_POINT('',(-8.8392,-0.381,-1.9177));
#4539=VECTOR('',#5020,5.3213);
#4540=CARTESIAN_POINT('',(-8.8392,0.3175,-4.2545));
#4541=CARTESIAN_POINT('',(-8.8392,0.3175,-1.9177));
#4542=VECTOR('',#5021,2.3368);
#4543=AXIS2_PLACEMENT_3D('',#5022,#5023,#5024);
#4544=CARTESIAN_POINT('',(-8.8392,0.3175,-4.2545));
#4545=VECTOR('',#5025,2.54);
#4546=CARTESIAN_POINT('',(-6.35,-0.381,0.5715));
#4547=VECTOR('',#5026,0.0508);
#4548=CARTESIAN_POINT('',(-8.8392,-0.381,-7.239));
#4549=VECTOR('',#5027,1.9304);
#4550=CARTESIAN_POINT('',(-6.35,-0.889,0.5715));
#4551=VECTOR('',#5028,0.0508);
#4552=CARTESIAN_POINT('',(-6.9088,1.2065,-9.906));
#4553=VECTOR('',#5029,1.9304);
#4554=CARTESIAN_POINT('',(-6.9088,0.3175,-9.906));
#4555=VECTOR('',#5030,1.9304);
#4556=CARTESIAN_POINT('',(-8.8392,0.3175,-6.1595));
#4557=VECTOR('',#5031,1.9304);
#4558=CARTESIAN_POINT('',(-6.35,2.413,0.5715));
#4559=VECTOR('',#5032,0.0508);
#4560=CARTESIAN_POINT('',(5.08,-2.54,-6.096));
#4561=VECTOR('',#5033,5.08);
#4562=CARTESIAN_POINT('',(5.08,2.413,3.175));
#4563=VECTOR('',#5034,2.5967451109571);
#4564=DIRECTION('',(1.0,0.0,0.0));
#4565=CARTESIAN_POINT('',(-8.8392,0.762,-6.1595));
#4566=DIRECTION('',(1.0,0.0,0.0));
#4567=DIRECTION('',(0.0,1.0,0.0));
#4568=DIRECTION('',(1.0,0.0,0.0));
#4569=CARTESIAN_POINT('',(-6.9088,0.762,-6.1595));
#4570=DIRECTION('',(1.0,0.0,0.0));
#4571=DIRECTION('',(0.0,1.0,0.0));
#4572=DIRECTION('',(-1.0,-0.0,-0.0));
#4573=CARTESIAN_POINT('',(-6.2992,0.762,-4.2545));
#4574=DIRECTION('',(1.0,0.0,0.0));
#4575=DIRECTION('',(0.0,-1.0,0.0));
#4576=DIRECTION('',(1.0,0.0,0.0));
#4577=CARTESIAN_POINT('',(-8.8392,0.762,-4.2545));
#4578=DIRECTION('',(1.0,0.0,0.0));
#4579=DIRECTION('',(0.0,-1.0,0.0));
#4580=DIRECTION('',(-1.0,-0.0,-0.0));
#4581=CARTESIAN_POINT('',(8.8392,0.762,-4.2545));
#4582=DIRECTION('',(1.0,0.0,0.0));
#4583=DIRECTION('',(0.0,-1.0,0.0));
#4584=DIRECTION('',(-1.0,0.0,0.0));
#4585=CARTESIAN_POINT('',(6.2992,0.762,-4.2545));
#4586=DIRECTION('',(1.0,0.0,0.0));
#4587=DIRECTION('',(0.0,-1.0,0.0));
#4588=DIRECTION('',(1.0,0.0,0.0));
#4589=CARTESIAN_POINT('',(6.9088,0.762,-6.1595));
#4590=DIRECTION('',(1.0,0.0,0.0));
#4591=DIRECTION('',(0.0,1.0,0.0));
#4592=DIRECTION('',(-1.0,0.0,0.0));
#4593=CARTESIAN_POINT('',(8.8392,0.762,-6.1595));
#4594=DIRECTION('',(1.0,0.0,0.0));
#4595=DIRECTION('',(0.0,1.0,0.0));
#4596=DIRECTION('',(1.0,0.0,0.0));
#4597=DIRECTION('',(0.0,1.0,0.0));
#4598=DIRECTION('',(1.0,0.0,0.0));
#4599=DIRECTION('',(0.0,1.0,0.0));
#4600=DIRECTION('',(0.0,-1.0,0.0));
#4601=DIRECTION('',(-1.0,0.0,0.0));
#4602=DIRECTION('',(0.0,-1.0,0.0));
#4603=DIRECTION('',(-1.0,0.0,0.0));
#4604=DIRECTION('',(0.0,1.0,0.0));
#4605=DIRECTION('',(-1.0,0.0,0.0));
#4606=DIRECTION('',(0.0,1.0,0.0));
#4607=DIRECTION('',(-1.0,0.0,0.0));
#4608=DIRECTION('',(0.0,1.0,0.0));
#4609=DIRECTION('',(-1.0,0.0,0.0));
#4610=DIRECTION('',(0.0,1.0,0.0));
#4611=DIRECTION('',(-1.0,0.0,0.0));
#4612=DIRECTION('',(0.0,1.0,0.0));
#4613=DIRECTION('',(-1.0,0.0,0.0));
#4614=DIRECTION('',(0.0,1.0,0.0));
#4615=DIRECTION('',(-1.0,0.0,0.0));
#4616=DIRECTION('',(-1.0,0.0,0.0));
#4617=DIRECTION('',(0.0,1.0,0.0));
#4618=DIRECTION('',(1.0,0.0,0.0));
#4619=DIRECTION('',(0.0,1.0,0.0));
#4620=DIRECTION('',(1.0,0.0,0.0));
#4621=DIRECTION('',(0.0,1.0,0.0));
#4622=DIRECTION('',(-1.0,0.0,0.0));
#4623=DIRECTION('',(0.0,1.0,0.0));
#4624=DIRECTION('',(-1.0,0.0,0.0));
#4625=DIRECTION('',(0.0,1.0,0.0));
#4626=DIRECTION('',(0.0,1.0,0.0));
#4627=DIRECTION('',(-1.0,0.0,0.0));
#4628=DIRECTION('',(0.0,1.0,0.0));
#4629=DIRECTION('',(1.0,0.0,0.0));
#4630=DIRECTION('',(0.0,1.0,0.0));
#4631=DIRECTION('',(0.0,1.0,0.0));
#4632=DIRECTION('',(1.0,0.0,0.0));
#4633=DIRECTION('',(0.0,1.0,0.0));
#4634=DIRECTION('',(1.0,0.0,0.0));
#4635=DIRECTION('',(0.0,-1.0,0.0));
#4636=DIRECTION('',(1.0,0.0,0.0));
#4637=DIRECTION('',(0.0,1.0,0.0));
#4638=DIRECTION('',(1.0,0.0,0.0));
#4639=DIRECTION('',(0.0,-1.0,0.0));
#4640=DIRECTION('',(1.0,0.0,0.0));
#4641=DIRECTION('',(0.0,1.0,0.0));
#4642=DIRECTION('',(-0.766044443119007,0.0,-0.642787609686505));
#4643=DIRECTION('',(0.0,1.0,0.0));
#4644=DIRECTION('',(-0.766044443119007,0.0,-0.642787609686505));
#4645=DIRECTION('',(-1.0,0.0,0.0));
#4646=DIRECTION('',(0.0,0.0,1.0));
#4647=DIRECTION('',(-0.766044443119007,0.0,-0.642787609686505));
#4648=DIRECTION('',(-0.766044443119007,0.0,0.642787609686505));
#4649=DIRECTION('',(-0.766044443119007,0.0,0.642787609686505));
#4650=DIRECTION('',(0.0,0.0,1.0));
#4651=DIRECTION('',(-1.0,0.0,0.0));
#4652=DIRECTION('',(0.0,0.0,1.0));
#4653=DIRECTION('',(-1.0,0.0,0.0));
#4654=DIRECTION('',(1.0,0.0,0.0));
#4655=DIRECTION('',(0.0,0.0,-1.0));
#4656=DIRECTION('',(1.0,0.0,0.0));
#4657=DIRECTION('',(0.0,0.0,-1.0));
#4658=DIRECTION('',(1.0,0.0,0.0));
#4659=DIRECTION('',(-1.0,0.0,0.0));
#4660=DIRECTION('',(0.0,0.0,1.0));
#4661=DIRECTION('',(-1.0,0.0,0.0));
#4662=DIRECTION('',(-0.207911690817608,0.0,0.978147600733838));
#4663=DIRECTION('',(-0.207911690817608,0.0,-0.978147600733838));
#4664=DIRECTION('',(0.0,-1.0,0.0));
#4665=DIRECTION('',(-0.207911690817608,0.0,-0.978147600733838));
#4666=DIRECTION('',(0.0,1.0,0.0));
#4667=DIRECTION('',(1.0,0.0,0.0));
#4668=DIRECTION('',(0.0,1.0,0.0));
#4669=DIRECTION('',(1.0,0.0,0.0));
#4670=DIRECTION('',(0.0,1.0,0.0));
#4671=DIRECTION('',(1.0,0.0,0.0));
#4672=DIRECTION('',(0.0,1.0,0.0));
#4673=DIRECTION('',(1.0,0.0,0.0));
#4674=DIRECTION('',(0.0,1.0,0.0));
#4675=DIRECTION('',(0.0,1.0,0.0));
#4676=DIRECTION('',(-1.0,0.0,0.0));
#4677=DIRECTION('',(0.0,-1.0,0.0));
#4678=DIRECTION('',(0.0,-1.0,0.0));
#4679=DIRECTION('',(1.0,0.0,0.0));
#4680=DIRECTION('',(0.0,1.0,0.0));
#4681=DIRECTION('',(1.0,0.0,0.0));
#4682=DIRECTION('',(0.0,-1.0,0.0));
#4683=DIRECTION('',(-1.0,0.0,0.0));
#4684=DIRECTION('',(0.0,-1.0,0.0));
#4685=DIRECTION('',(-1.0,0.0,0.0));
#4686=DIRECTION('',(0.0,1.0,0.0));
#4687=DIRECTION('',(-1.0,0.0,0.0));
#4688=DIRECTION('',(0.0,1.0,0.0));
#4689=DIRECTION('',(1.0,0.0,0.0));
#4690=DIRECTION('',(0.0,1.0,0.0));
#4691=DIRECTION('',(0.0,0.0,-1.0));
#4692=DIRECTION('',(0.0,-1.0,0.0));
#4693=DIRECTION('',(0.0,0.0,1.0));
#4694=DIRECTION('',(0.0,0.707106781186547,-0.707106781186547));
#4695=DIRECTION('',(1.0,0.0,0.0));
#4696=DIRECTION('',(0.0,0.707106781186547,-0.707106781186547));
#4697=DIRECTION('',(-0.577350269189626,0.577350269189626,-0.577350269189626));
#4698=DIRECTION('',(1.0,0.0,0.0));
#4699=DIRECTION('',(0.0,0.707106781186547,-0.707106781186547));
#4700=DIRECTION('',(0.0,0.707106781186547,-0.707106781186547));
#4701=DIRECTION('',(1.0,0.0,0.0));
#4702=DIRECTION('',(0.577350269189626,0.577350269189626,-0.577350269189626));
#4703=DIRECTION('',(0.0,0.0,1.0));
#4704=DIRECTION('',(0.0,1.0,0.0));
#4705=DIRECTION('',(0.0,0.0,-1.0));
#4706=DIRECTION('',(0.0,0.0,-1.0));
#4707=DIRECTION('',(0.0,0.0,1.0));
#4708=DIRECTION('',(-0.766044443119007,0.0,0.642787609686505));
#4709=DIRECTION('',(-0.766044443119007,0.0,0.642787609686505));
#4710=DIRECTION('',(-0.766044443119007,0.0,-0.642787609686505));
#4711=DIRECTION('',(0.0,0.0,1.0));
#4712=DIRECTION('',(0.0,0.0,-1.0));
#4713=DIRECTION('',(1.0,0.0,0.0));
#4714=DIRECTION('',(1.0,0.0,0.0));
#4715=DIRECTION('',(0.0,1.0,0.0));
#4716=DIRECTION('',(-1.0,0.0,0.0));
#4717=DIRECTION('',(0.0,1.0,0.0));
#4718=DIRECTION('',(0.0,-1.0,0.0));
#4719=DIRECTION('',(-1.0,0.0,0.0));
#4720=DIRECTION('',(0.0,-1.0,0.0));
#4721=DIRECTION('',(1.0,0.0,0.0));
#4722=DIRECTION('',(0.0,-1.0,0.0));
#4723=DIRECTION('',(1.0,0.0,0.0));
#4724=DIRECTION('',(0.0,1.0,0.0));
#4725=DIRECTION('',(1.0,0.0,0.0));
#4726=DIRECTION('',(0.0,1.0,0.0));
#4727=DIRECTION('',(-1.0,0.0,0.0));
#4728=DIRECTION('',(0.0,1.0,0.0));
#4729=DIRECTION('',(-1.0,0.0,0.0));
#4730=DIRECTION('',(0.0,1.0,0.0));
#4731=DIRECTION('',(-1.0,0.0,0.0));
#4732=DIRECTION('',(0.0,1.0,0.0));
#4733=DIRECTION('',(-1.0,0.0,0.0));
#4734=DIRECTION('',(0.0,1.0,0.0));
#4735=DIRECTION('',(-1.0,0.0,0.0));
#4736=DIRECTION('',(0.0,1.0,0.0));
#4737=DIRECTION('',(-1.0,0.0,0.0));
#4738=DIRECTION('',(0.0,1.0,0.0));
#4739=DIRECTION('',(-1.0,0.0,0.0));
#4740=DIRECTION('',(0.0,1.0,0.0));
#4741=DIRECTION('',(-1.0,0.0,0.0));
#4742=DIRECTION('',(0.0,0.0,1.0));
#4743=DIRECTION('',(0.0,0.0,1.0));
#4744=DIRECTION('',(0.0,0.0,-1.0));
#4745=DIRECTION('',(0.0,0.0,1.0));
#4746=DIRECTION('',(0.0,1.0,0.0));
#4747=DIRECTION('',(0.0,0.0,-1.0));
#4748=DIRECTION('',(-1.0,0.0,0.0));
#4749=DIRECTION('',(0.0,0.0,-1.0));
#4750=DIRECTION('',(-1.0,0.0,0.0));
#4751=DIRECTION('',(0.0,0.0,-1.0));
#4752=DIRECTION('',(0.0,-0.707106781186547,-0.707106781186547));
#4753=DIRECTION('',(0.0,-1.0,0.0));
#4754=DIRECTION('',(0.0,1.0,0.0));
#4755=DIRECTION('',(-1.0,0.0,0.0));
#4756=DIRECTION('',(0.0,-1.0,0.0));
#4757=DIRECTION('',(1.0,0.0,0.0));
#4758=DIRECTION('',(0.0,-1.0,0.0));
#4759=DIRECTION('',(0.0,-0.707106781186547,-0.707106781186547));
#4760=DIRECTION('',(0.0,1.0,0.0));
#4761=DIRECTION('',(0.0,0.0,-1.0));
#4762=DIRECTION('',(0.0,1.0,0.0));
#4763=DIRECTION('',(-1.0,0.0,0.0));
#4764=DIRECTION('',(0.0,1.0,0.0));
#4765=DIRECTION('',(0.0,-1.0,0.0));
#4766=DIRECTION('',(-1.0,0.0,0.0));
#4767=DIRECTION('',(0.0,-1.0,0.0));
#4768=DIRECTION('',(-1.0,0.0,0.0));
#4769=DIRECTION('',(0.0,1.0,0.0));
#4770=DIRECTION('',(-1.0,0.0,0.0));
#4771=DIRECTION('',(0.0,-1.0,0.0));
#4772=DIRECTION('',(0.0,-1.0,0.0));
#4773=DIRECTION('',(0.0,0.0,1.0));
#4774=DIRECTION('',(0.0,0.0,1.0));
#4775=DIRECTION('',(0.0,0.0,1.0));
#4776=DIRECTION('',(0.0,0.0,1.0));
#4777=DIRECTION('',(0.0,0.0,1.0));
#4778=CARTESIAN_POINT('',(1.3335,4.064,2.794));
#4779=DIRECTION('',(-0.0,1.0,0.0));
#4780=DIRECTION('',(1.144917494145E-14,0.0,1.0));
#4781=DIRECTION('',(1.0,0.0,0.0));
#4782=CARTESIAN_POINT('',(-1.3335,4.064,2.794));
#4783=DIRECTION('',(0.0,1.0,0.0));
#4784=DIRECTION('',(-1.0,0.0,0.0));
#4785=DIRECTION('',(0.0,-1.0,0.0));
#4786=CARTESIAN_POINT('',(-1.3335,3.048,2.794));
#4787=DIRECTION('',(0.0,1.0,0.0));
#4788=DIRECTION('',(-1.0,0.0,0.0));
#4789=DIRECTION('',(1.0,0.0,0.0));
#4790=CARTESIAN_POINT('',(1.3335,3.048,2.794));
#4791=DIRECTION('',(0.0,1.0,0.0));
#4792=DIRECTION('',(0.0,0.0,1.0));
#4793=DIRECTION('',(0.0,0.0,1.0));
#4794=DIRECTION('',(-1.0,0.0,0.0));
#4795=DIRECTION('',(0.0,0.0,-1.0));
#4796=DIRECTION('',(0.0,-1.0,0.0));
#4797=DIRECTION('',(0.0,0.0,-1.0));
#4798=DIRECTION('',(0.0,-0.707106781186547,-0.707106781186547));
#4799=DIRECTION('',(1.0,0.0,0.0));
#4800=DIRECTION('',(0.0,-0.707106781186547,-0.707106781186547));
#4801=DIRECTION('',(0.0,0.0,-1.0));
#4802=DIRECTION('',(-1.0,0.0,0.0));
#4803=DIRECTION('',(0.0,0.0,-1.0));
#4804=DIRECTION('',(0.0,-1.0,0.0));
#4805=DIRECTION('',(0.577350269189626,-0.577350269189626,-0.577350269189626));
#4806=DIRECTION('',(0.577350269189626,-0.577350269189626,-0.577350269189626));
#4807=DIRECTION('',(0.577350269189626,-0.577350269189626,-0.577350269189626));
#4808=DIRECTION('',(-0.577350269189626,-0.577350269189626,-0.577350269189626));
#4809=DIRECTION('',(-0.577350269189626,-0.577350269189626,-0.577350269189626));
#4810=DIRECTION('',(-0.577350269189626,-0.577350269189626,-0.577350269189626));
#4811=DIRECTION('',(0.0,-1.0,0.0));
#4812=DIRECTION('',(0.0,-1.0,0.0));
#4813=DIRECTION('',(0.0,0.0,1.0));
#4814=DIRECTION('',(-1.0,0.0,0.0));
#4815=DIRECTION('',(0.0,0.0,-1.0));
#4816=DIRECTION('',(0.0,0.0,-1.0));
#4817=DIRECTION('',(1.0,0.0,0.0));
#4818=DIRECTION('',(0.0,0.0,1.0));
#4819=DIRECTION('',(0.0,1.0,0.0));
#4820=DIRECTION('',(0.0,0.0,-1.0));
#4821=DIRECTION('',(0.0,0.0,-1.0));
#4822=DIRECTION('',(0.0,1.0,0.0));
#4823=DIRECTION('',(-1.0,0.0,0.0));
#4824=DIRECTION('',(0.0,0.0,1.0));
#4825=DIRECTION('',(0.0,0.0,1.0));
#4826=DIRECTION('',(1.0,0.0,0.0));
#4827=DIRECTION('',(0.0,1.0,0.0));
#4828=DIRECTION('',(0.0,1.0,0.0));
#4829=DIRECTION('',(0.0,0.0,1.0));
#4830=DIRECTION('',(-1.0,0.0,0.0));
#4831=DIRECTION('',(0.0,0.0,-1.0));
#4832=DIRECTION('',(0.0,0.0,-1.0));
#4833=DIRECTION('',(1.0,0.0,0.0));
#4834=DIRECTION('',(0.0,0.0,1.0));
#4835=DIRECTION('',(0.0,1.0,0.0));
#4836=DIRECTION('',(0.0,0.0,-1.0));
#4837=DIRECTION('',(0.0,0.0,-1.0));
#4838=DIRECTION('',(0.0,1.0,0.0));
#4839=DIRECTION('',(-1.0,0.0,0.0));
#4840=DIRECTION('',(0.0,0.0,1.0));
#4841=DIRECTION('',(0.0,0.0,1.0));
#4842=DIRECTION('',(1.0,0.0,0.0));
#4843=DIRECTION('',(0.0,1.0,0.0));
#4844=DIRECTION('',(0.0,1.0,0.0));
#4845=DIRECTION('',(0.0,0.0,1.0));
#4846=DIRECTION('',(-1.0,0.0,0.0));
#4847=DIRECTION('',(0.0,0.0,-1.0));
#4848=DIRECTION('',(0.0,0.0,-1.0));
#4849=DIRECTION('',(1.0,0.0,0.0));
#4850=DIRECTION('',(0.0,0.0,1.0));
#4851=DIRECTION('',(0.0,1.0,0.0));
#4852=DIRECTION('',(0.0,0.0,-1.0));
#4853=DIRECTION('',(0.0,0.0,-1.0));
#4854=DIRECTION('',(0.0,1.0,0.0));
#4855=DIRECTION('',(-1.0,0.0,0.0));
#4856=DIRECTION('',(0.0,0.0,1.0));
#4857=DIRECTION('',(0.0,0.0,1.0));
#4858=DIRECTION('',(1.0,0.0,0.0));
#4859=DIRECTION('',(0.0,1.0,0.0));
#4860=DIRECTION('',(0.0,1.0,0.0));
#4861=DIRECTION('',(0.0,0.0,1.0));
#4862=DIRECTION('',(-1.0,0.0,0.0));
#4863=DIRECTION('',(0.0,0.0,-1.0));
#4864=DIRECTION('',(0.0,0.0,-1.0));
#4865=DIRECTION('',(1.0,0.0,0.0));
#4866=DIRECTION('',(0.0,0.0,1.0));
#4867=DIRECTION('',(0.0,1.0,0.0));
#4868=DIRECTION('',(0.0,0.0,-1.0));
#4869=DIRECTION('',(0.0,0.0,-1.0));
#4870=DIRECTION('',(0.0,1.0,0.0));
#4871=DIRECTION('',(-1.0,0.0,0.0));
#4872=DIRECTION('',(0.0,0.0,1.0));
#4873=DIRECTION('',(0.0,0.0,1.0));
#4874=DIRECTION('',(1.0,0.0,0.0));
#4875=DIRECTION('',(0.0,1.0,0.0));
#4876=DIRECTION('',(0.0,1.0,0.0));
#4877=DIRECTION('',(0.0,-1.0,0.0));
#4878=DIRECTION('',(0.0,1.0,0.0));
#4879=DIRECTION('',(0.0,-1.0,0.0));
#4880=DIRECTION('',(0.0,0.0,1.0));
#4881=DIRECTION('',(0.0,0.0,1.0));
#4882=DIRECTION('',(0.0,-1.0,0.0));
#4883=DIRECTION('',(0.0,1.0,0.0));
#4884=DIRECTION('',(0.707106781186547,0.0,-0.707106781186547));
#4885=DIRECTION('',(0.0,1.0,0.0));
#4886=DIRECTION('',(0.707106781186547,0.0,-0.707106781186547));
#4887=DIRECTION('',(0.0,1.0,0.0));
#4888=DIRECTION('',(0.707106781186547,0.0,-0.707106781186547));
#4889=DIRECTION('',(0.707106781186547,0.0,-0.707106781186547));
#4890=DIRECTION('',(0.0,0.0,-1.0));
#4891=DIRECTION('',(-1.0,0.0,0.0));
#4892=DIRECTION('',(0.0,0.0,-1.0));
#4893=DIRECTION('',(-1.0,0.0,0.0));
#4894=DIRECTION('',(0.0,0.0,-1.0));
#4895=DIRECTION('',(0.0,1.0,0.0));
#4896=DIRECTION('',(0.0,0.0,1.0));
#4897=DIRECTION('',(0.0,0.707106781186547,-0.707106781186547));
#4898=DIRECTION('',(0.0,0.0,1.0));
#4899=DIRECTION('',(0.0,-0.447213595499998,-0.894427190999896));
#4900=DIRECTION('',(0.0,0.0,1.0));
#4901=DIRECTION('',(0.0,0.707106781186547,0.707106781186547));
#4902=DIRECTION('',(0.0,0.0,-1.0));
#4903=CARTESIAN_POINT('',(6.9088,0.762,-6.1595));
#4904=DIRECTION('',(1.0,0.0,-0.0));
#4905=DIRECTION('',(0.0,0.0,1.0));
#4906=DIRECTION('',(0.0,0.0,1.0));
#4907=DIRECTION('',(0.0,1.0,0.0));
#4908=DIRECTION('',(0.0,-0.447213595499998,0.894427190999896));
#4909=DIRECTION('',(-1.0,0.0,0.0));
#4910=DIRECTION('',(0.0,-0.447213595499998,-0.894427190999896));
#4911=DIRECTION('',(-1.0,0.0,0.0));
#4912=DIRECTION('',(0.0,1.0,0.0));
#4913=DIRECTION('',(-1.0,0.0,0.0));
#4914=DIRECTION('',(-1.0,0.0,0.0));
#4915=DIRECTION('',(0.0,1.0,0.0));
#4916=DIRECTION('',(-1.0,0.0,0.0));
#4917=DIRECTION('',(0.0,0.0,1.0));
#4918=DIRECTION('',(0.0,0.0,-1.0));
#4919=DIRECTION('',(0.0,0.707106781186547,-0.707106781186547));
#4920=DIRECTION('',(0.0,0.0,-1.0));
#4921=CARTESIAN_POINT('',(8.8392,0.762,-4.2545));
#4922=DIRECTION('',(1.0,0.0,0.0));
#4923=DIRECTION('',(0.0,-1.0,0.0));
#4924=DIRECTION('',(0.0,0.0,-1.0));
#4925=DIRECTION('',(0.0,0.0,-1.0));
#4926=DIRECTION('',(0.0,0.707106781186547,0.707106781186547));
#4927=DIRECTION('',(0.0,0.0,-1.0));
#4928=DIRECTION('',(0.0,-0.447213595499998,0.894427190999896));
#4929=DIRECTION('',(0.0,0.0,1.0));
#4930=CARTESIAN_POINT('',(8.8392,0.762,-6.1595));
#4931=DIRECTION('',(1.0,0.0,0.0));
#4932=DIRECTION('',(0.0,1.0,0.0));
#4933=DIRECTION('',(-1.0,0.0,0.0));
#4934=DIRECTION('',(-1.0,0.0,0.0));
#4935=DIRECTION('',(-1.0,0.0,0.0));
#4936=DIRECTION('',(0.0,0.0,-1.0));
#4937=DIRECTION('',(1.0,0.0,0.0));
#4938=DIRECTION('',(0.0,0.0,1.0));
#4939=DIRECTION('',(1.0,0.0,0.0));
#4940=DIRECTION('',(-1.0,0.0,0.0));
#4941=DIRECTION('',(-1.0,0.0,0.0));
#4942=DIRECTION('',(0.0,0.0,1.0));
#4943=DIRECTION('',(0.0,0.0,-1.0));
#4944=CARTESIAN_POINT('',(6.2992,0.762,-4.2545));
#4945=DIRECTION('',(1.0,0.0,0.0));
#4946=DIRECTION('',(0.0,-1.0,0.0));
#4947=DIRECTION('',(0.0,0.0,1.0));
#4948=DIRECTION('',(0.0,-1.0,0.0));
#4949=DIRECTION('',(0.0,-1.0,0.0));
#4950=DIRECTION('',(0.0,0.0,-1.0));
#4951=DIRECTION('',(0.0,0.0,1.0));
#4952=DIRECTION('',(0.0,-1.0,0.0));
#4953=DIRECTION('',(-1.0,0.0,0.0));
#4954=DIRECTION('',(-1.0,0.0,0.0));
#4955=DIRECTION('',(-1.0,0.0,0.0));
#4956=DIRECTION('',(-1.0,0.0,0.0));
#4957=DIRECTION('',(-1.0,0.0,0.0));
#4958=DIRECTION('',(0.0,-0.447213595499998,0.894427190999896));
#4959=DIRECTION('',(-1.0,0.0,0.0));
#4960=DIRECTION('',(0.0,-0.447213595499998,0.894427190999896));
#4961=DIRECTION('',(0.0,0.0,-1.0));
#4962=DIRECTION('',(0.0,0.707106781186547,-0.707106781186547));
#4963=DIRECTION('',(0.0,0.0,-1.0));
#4964=DIRECTION('',(0.0,0.0,1.0));
#4965=DIRECTION('',(0.0,1.0,0.0));
#4966=DIRECTION('',(0.0,-0.447213595499998,-0.894427190999896));
#4967=DIRECTION('',(0.0,1.0,0.0));
#4968=DIRECTION('',(0.0,0.0,1.0));
#4969=CARTESIAN_POINT('',(-6.9088,0.762,-6.1595));
#4970=DIRECTION('',(1.0,0.0,-0.0));
#4971=DIRECTION('',(0.0,0.0,1.0));
#4972=DIRECTION('',(0.0,0.0,-1.0));
#4973=DIRECTION('',(0.0,0.707106781186547,0.707106781186547));
#4974=DIRECTION('',(-1.0,0.0,0.0));
#4975=DIRECTION('',(0.0,-0.447213595499998,-0.894427190999896));
#4976=DIRECTION('',(1.0,0.0,0.0));
#4977=DIRECTION('',(-1.0,0.0,0.0));
#4978=DIRECTION('',(0.0,0.0,1.0));
#4979=DIRECTION('',(1.0,0.0,0.0));
#4980=DIRECTION('',(0.0,0.707106781186547,-0.707106781186547));
#4981=DIRECTION('',(1.0,0.0,0.0));
#4982=DIRECTION('',(0.0,0.0,-1.0));
#4983=DIRECTION('',(0.707106781186547,0.0,0.707106781186547));
#4984=DIRECTION('',(1.0,0.0,0.0));
#4985=DIRECTION('',(0.0,0.0,-1.0));
#4986=DIRECTION('',(0.0,0.0,1.0));
#4987=CARTESIAN_POINT('',(-6.2992,0.762,-4.2545));
#4988=DIRECTION('',(1.0,0.0,0.0));
#4989=DIRECTION('',(0.0,-1.0,0.0));
#4990=DIRECTION('',(0.0,0.0,-1.0));
#4991=DIRECTION('',(0.0,-1.0,0.0));
#4992=DIRECTION('',(0.0,0.0,-1.0));
#4993=DIRECTION('',(0.0,-1.0,0.0));
#4994=DIRECTION('',(0.0,0.0,1.0));
#4995=DIRECTION('',(0.0,-1.0,0.0));
#4996=DIRECTION('',(0.0,0.0,1.0));
#4997=DIRECTION('',(1.0,0.0,0.0));
#4998=DIRECTION('',(1.0,0.0,0.0));
#4999=DIRECTION('',(0.0,-1.0,0.0));
#5000=DIRECTION('',(0.0,-1.0,0.0));
#5001=DIRECTION('',(0.0,-1.0,0.0));
#5002=DIRECTION('',(0.0,0.0,1.0));
#5003=DIRECTION('',(0.0,0.0,1.0));
#5004=DIRECTION('',(0.0,-1.0,0.0));
#5005=DIRECTION('',(0.0,-1.0,0.0));
#5006=DIRECTION('',(0.0,1.0,0.0));
#5007=DIRECTION('',(0.707106781186547,0.0,0.707106781186547));
#5008=DIRECTION('',(0.707106781186547,0.0,0.707106781186547));
#5009=DIRECTION('',(0.0,1.0,0.0));
#5010=DIRECTION('',(0.707106781186547,0.0,0.707106781186547));
#5011=DIRECTION('',(0.0,0.0,-1.0));
#5012=DIRECTION('',(0.0,1.0,0.0));
#5013=DIRECTION('',(0.0,0.0,1.0));
#5014=CARTESIAN_POINT('',(-8.8392,0.762,-6.1595));
#5015=DIRECTION('',(1.0,0.0,0.0));
#5016=DIRECTION('',(0.0,1.0,0.0));
#5017=DIRECTION('',(0.0,0.0,1.0));
#5018=DIRECTION('',(0.0,1.0,0.0));
#5019=DIRECTION('',(0.0,0.707106781186547,0.707106781186547));
#5020=DIRECTION('',(0.0,0.0,-1.0));
#5021=DIRECTION('',(0.0,0.0,-1.0));
#5022=CARTESIAN_POINT('',(-8.8392,0.762,-4.2545));
#5023=DIRECTION('',(1.0,0.0,0.0));
#5024=DIRECTION('',(0.0,-1.0,0.0));
#5025=DIRECTION('',(1.0,0.0,0.0));
#5026=DIRECTION('',(1.0,0.0,0.0));
#5027=DIRECTION('',(1.0,0.0,0.0));
#5028=DIRECTION('',(1.0,0.0,0.0));
#5029=DIRECTION('',(-1.0,0.0,0.0));
#5030=DIRECTION('',(-1.0,0.0,0.0));
#5031=DIRECTION('',(1.0,0.0,0.0));
#5032=DIRECTION('',(1.0,0.0,0.0));
#5033=DIRECTION('',(0.0,1.0,0.0));
#5034=DIRECTION('',(-0.207911690817608,0.0,0.978147600733838));
ENDSEC;
END-ISO-10303-21;
