ISO-10303-21;
HEADER;
FILE_DESCRIPTION (( 'STEP AP214' ),
    '1' );
FILE_NAME ('CUI_DEVICES_CMI-9653S-SMT-TR.step',
    '2019-10-20T21:26:01',
    ( '' ),
    ( '' ),
    'SwSTEP 2.0',
    'SolidWorks 2019',
    '' );
FILE_SCHEMA (( 'AUTOMOTIVE_DESIGN' ));
ENDSEC;

DATA;
#1 = VERTEX_POINT ( 'NONE', #1952 ) ;
#2 = FACE_OUTER_BOUND ( 'NONE', #2002, .T. ) ;
#3 = FILL_AREA_STYLE ('',( #1783 ) ) ;
#4 = EDGE_CURVE ( 'NONE', #1604, #1034, #1502, .T. ) ;
#5 = DIRECTION ( 'NONE',  ( 0.0000000000000000000, 0.0000000000000000000, -1.000000000000000000 ) ) ;
#6 = SURFACE_STYLE_USAGE ( .BOTH. , #2763 ) ;
#7 =( CONVERSION_BASED_UNIT ( 'INCH', #2595 ) LENGTH_UNIT ( ) NAMED_UNIT ( #2534 ) );
#8 = DIRECTION ( 'NONE',  ( 0.0000000000000000000, 0.0000000000000000000, 1.000000000000000000 ) ) ;
#9 =( LENGTH_UNIT ( ) NAMED_UNIT ( * ) SI_UNIT ( $, .METRE. ) );
#10 = ORIENTED_EDGE ( 'NONE', *, *, #2282, .F. ) ;
#11 = FACE_OUTER_BOUND ( 'NONE', #1653, .T. ) ;
#12 = CARTESIAN_POINT ( 'NONE',  ( 0.1161417322834645688, -0.1794716001481374557, -0.02952755905511811330 ) ) ;
#13 = PLANE ( 'NONE',  #2165 ) ;
#14 = DIRECTION ( 'NONE',  ( 0.0000000000000000000, 0.0000000000000000000, 1.000000000000000000 ) ) ;
#15 = EDGE_CURVE ( 'NONE', #2853, #1827, #664, .T. ) ;
#16 = PLANE ( 'NONE',  #2257 ) ;
#17 = ADVANCED_FACE ( 'NONE', ( #1457 ), #243, .F. ) ;
#18 = ORIENTED_EDGE ( 'NONE', *, *, #3119, .F. ) ;
#19 = VERTEX_POINT ( 'NONE', #758 ) ;
#20 = LINE ( 'NONE', #827, #1942 ) ;
#21 = DIMENSIONAL_EXPONENTS ( 1.000000000000000000, 0.0000000000000000000, 0.0000000000000000000, 0.0000000000000000000, 0.0000000000000000000, 0.0000000000000000000, 0.0000000000000000000 ) ;
#22 = CYLINDRICAL_SURFACE ( 'NONE', #38, 0.003937007874015749712 ) ;
#23 = PRESENTATION_LAYER_ASSIGNMENT (  '', '', ( #990 ) ) ;
#24 = LINE ( 'NONE', #1303, #2657 ) ;
#25 = MECHANICAL_DESIGN_GEOMETRIC_PRESENTATION_REPRESENTATION (  '', ( #624 ), #3084 ) ;
#26 = CARTESIAN_POINT ( 'NONE',  ( 0.1154487240580314988, -0.1771653543307087075, -0.02952755905511811677 ) ) ;
#27 = AXIS2_PLACEMENT_3D ( 'NONE', #1779, #2777, #1537 ) ;
#28 = VECTOR ( 'NONE', #703, 39.37007874015748143 ) ;
#29 = EDGE_LOOP ( 'NONE', ( #881, #1498, #556, #1934, #2857, #3192, #1317 ) ) ;
#30 = VECTOR ( 'NONE', #1602, 39.37007874015748143 ) ;
#31 = PLANE ( 'NONE',  #1660 ) ;
#32 = DIRECTION ( 'NONE',  ( 0.0000000000000000000, 0.0000000000000000000, 1.000000000000000000 ) ) ;
#33 = CARTESIAN_POINT ( 'NONE',  ( -0.1666963724121243995, -0.1751968503937007815, 0.02952755905511811330 ) ) ;
#34 =( CONVERSION_BASED_UNIT ( 'INCH', #3018 ) LENGTH_UNIT ( ) NAMED_UNIT ( #223 ) );
#35 =( GEOMETRIC_REPRESENTATION_CONTEXT ( 3 ) GLOBAL_UNCERTAINTY_ASSIGNED_CONTEXT ( ( #337 ) ) GLOBAL_UNIT_ASSIGNED_CONTEXT ( ( #2256, #1757, #2769 ) ) REPRESENTATION_CONTEXT ( 'NONE', 'WORKASPACE' ) );
#36 = EDGE_LOOP ( 'NONE', ( #986, #147, #979, #693 ) ) ;
#37 = EDGE_LOOP ( 'NONE', ( #616, #90, #2443, #1702 ) ) ;
#38 = AXIS2_PLACEMENT_3D ( 'NONE', #1434, #3166, #2431 ) ;
#39 = CARTESIAN_POINT ( 'NONE',  ( -0.1599774133302835633, -0.1784270142616034560, -0.05691186845177879927 ) ) ;
#40 = EDGE_CURVE ( 'NONE', #2146, #1645, #1229, .T. ) ;
#41 =( LENGTH_UNIT ( ) NAMED_UNIT ( * ) SI_UNIT ( $, .METRE. ) );
#42 = COLOUR_RGB ( '',0.7529411764705882248, 0.7529411764705882248, 0.0000000000000000000 ) ;
#43 = VERTEX_POINT ( 'NONE', #2772 ) ;
#44 = FILL_AREA_STYLE ('',( #1055 ) ) ;
#45 = MECHANICAL_DESIGN_GEOMETRIC_PRESENTATION_REPRESENTATION (  '', ( #2005 ), #3211 ) ;
#46 = FILL_AREA_STYLE_COLOUR ( '', #2147 ) ;
#47 = DIMENSIONAL_EXPONENTS ( 1.000000000000000000, 0.0000000000000000000, 0.0000000000000000000, 0.0000000000000000000, 0.0000000000000000000, 0.0000000000000000000, 0.0000000000000000000 ) ;
#48 = LINE ( 'NONE', #1545, #1720 ) ;
#49 = FILL_AREA_STYLE ('',( #1823 ) ) ;
#50 =( NAMED_UNIT ( * ) SI_UNIT ( $, .STERADIAN. ) SOLID_ANGLE_UNIT ( ) );
#51 = ORIENTED_EDGE ( 'NONE', *, *, #761, .T. ) ;
#52 = DIRECTION ( 'NONE',  ( -1.000000000000000000, 0.0000000000000000000, 0.0000000000000000000 ) ) ;
#53 = FACE_OUTER_BOUND ( 'NONE', #57, .T. ) ;
#54 = CARTESIAN_POINT ( 'NONE',  ( -0.1279527559055118613, -0.1751968503937007815, -0.04133858267716536417 ) ) ;
#55 = CARTESIAN_POINT ( 'NONE',  ( 0.0000000000000000000, -0.08031496062992127261, 0.0000000000000000000 ) ) ;
#56 = UNCERTAINTY_MEASURE_WITH_UNIT (LENGTH_MEASURE( 1.000000000000000082E-05 ), #1722, 'distance_accuracy_value', 'NONE');
#57 = EDGE_LOOP ( 'NONE', ( #1042, #2232, #2552, #1539 ) ) ;
#58 = DIRECTION ( 'NONE',  ( 1.000000000000000000, 0.0000000000000000000, 0.0000000000000000000 ) ) ;
#59 = UNCERTAINTY_MEASURE_WITH_UNIT (LENGTH_MEASURE( 1.000000000000000082E-05 ), #1349, 'distance_accuracy_value', 'NONE');
#60 = ADVANCED_FACE ( 'NONE', ( #2956 ), #1996, .F. ) ;
#61 = VERTEX_POINT ( 'NONE', #771 ) ;
#62 = LENGTH_MEASURE_WITH_UNIT ( LENGTH_MEASURE( 0.02539999999999999897 ), #1862 );
#63 =( NAMED_UNIT ( * ) PLANE_ANGLE_UNIT ( ) SI_UNIT ( $, .RADIAN. ) );
#64 = EDGE_CURVE ( 'NONE', #2428, #228, #744, .T. ) ;
#65 = LINE ( 'NONE', #2766, #722 ) ;
#66 = SURFACE_SIDE_STYLE ('',( #2076 ) ) ;
#67 = FILL_AREA_STYLE_COLOUR ( '', #3256 ) ;
#68 = CARTESIAN_POINT ( 'NONE',  ( 0.1614173228346456601, -0.1975434019262204965, -0.1771653543307086520 ) ) ;
#69 = ORIENTED_EDGE ( 'NONE', *, *, #862, .T. ) ;
#70 = DIRECTION ( 'NONE',  ( 0.0000000000000000000, -1.000000000000000000, 0.0000000000000000000 ) ) ;
#71 = DIRECTION ( 'NONE',  ( 0.0000000000000000000, 0.0000000000000000000, 1.000000000000000000 ) ) ;
#72 = LINE ( 'NONE', #2305, #98 ) ;
#73 = CARTESIAN_POINT ( 'NONE',  ( 0.1318897637795275746, -0.1811023622047244208, 0.0000000000000000000 ) ) ;
#74 = EDGE_CURVE ( 'NONE', #1155, #2700, #2079, .T. ) ;
#75 = ORIENTED_EDGE ( 'NONE', *, *, #1193, .F. ) ;
#76 = ORIENTED_EDGE ( 'NONE', *, *, #2607, .F. ) ;
#77 = CARTESIAN_POINT ( 'NONE',  ( -0.1318897637795275746, -0.1811023622047244208, -0.02559055118110236879 ) ) ;
#78 = STYLED_ITEM ( 'NONE', ( #2735 ), #17 ) ;
#79 = VERTEX_POINT ( 'NONE', #2093 ) ;
#80 = SURFACE_STYLE_USAGE ( .BOTH. , #2297 ) ;
#81 = SURFACE_STYLE_FILL_AREA ( #3116 ) ;
#82 = PLANE ( 'NONE',  #307 ) ;
#83 = DIRECTION ( 'NONE',  ( 0.0000000000000000000, -1.000000000000000000, 0.0000000000000000000 ) ) ;
#84 = EDGE_CURVE ( 'NONE', #2917, #2135, #315, .T. ) ;
#85 = CARTESIAN_POINT ( 'NONE',  ( 0.1574803149606299191, -0.1811023622047244208, -0.03740157480314960925 ) ) ;
#86 = EDGE_CURVE ( 'NONE', #1081, #2310, #3106, .T. ) ;
#87 = AXIS2_PLACEMENT_3D ( 'NONE', #1771, #570, #1341 ) ;
#88 = DIRECTION ( 'NONE',  ( 0.0000000000000000000, -0.1046847845180421122, -0.9945054529214061301 ) ) ;
#89 = AXIS2_PLACEMENT_3D ( 'NONE', #2284, #2533, #3009 ) ;
#90 = ORIENTED_EDGE ( 'NONE', *, *, #1091, .T. ) ;
#91 = STYLED_ITEM ( 'NONE', ( #1718 ), #2111 ) ;
#92 = DIRECTION ( 'NONE',  ( 0.0000000000000000000, 0.0000000000000000000, -1.000000000000000000 ) ) ;
#93 = AXIS2_PLACEMENT_3D ( 'NONE', #1575, #2844, #2328 ) ;
#94 = DIRECTION ( 'NONE',  ( 0.0000000000000000000, 1.000000000000000000, 0.0000000000000000000 ) ) ;
#95 = SURFACE_SIDE_STYLE ('',( #1405 ) ) ;
#96 = DIRECTION ( 'NONE',  ( 1.000000000000000000, 0.0000000000000000000, 0.0000000000000000000 ) ) ;
#97 = PRESENTATION_LAYER_ASSIGNMENT (  '', '', ( #1628 ) ) ;
#98 = VECTOR ( 'NONE', #1554, 39.37007874015748143 ) ;
#99 = UNCERTAINTY_MEASURE_WITH_UNIT (LENGTH_MEASURE( 1.000000000000000082E-05 ), #2863, 'distance_accuracy_value', 'NONE');
#100 = VERTEX_POINT ( 'NONE', #1551 ) ;
#101 = ORIENTED_EDGE ( 'NONE', *, *, #318, .T. ) ;
#102 = LENGTH_MEASURE_WITH_UNIT ( LENGTH_MEASURE( 0.02539999999999999897 ), #1541 );
#103 = AXIS2_PLACEMENT_3D ( 'NONE', #486, #239, #3012 ) ;
#104 = AXIS2_PLACEMENT_3D ( 'NONE', #349, #92, #191 ) ;
#105 = ORIENTED_EDGE ( 'NONE', *, *, #2978, .T. ) ;
#106 = FACE_OUTER_BOUND ( 'NONE', #2771, .T. ) ;
#107 =( NAMED_UNIT ( * ) SI_UNIT ( $, .STERADIAN. ) SOLID_ANGLE_UNIT ( ) );
#108 =( GEOMETRIC_REPRESENTATION_CONTEXT ( 3 ) GLOBAL_UNCERTAINTY_ASSIGNED_CONTEXT ( ( #2726 ) ) GLOBAL_UNIT_ASSIGNED_CONTEXT ( ( #2046, #3017, #459 ) ) REPRESENTATION_CONTEXT ( 'NONE', 'WORKASPACE' ) );
#109 = PRODUCT_DEFINITION_FORMATION_WITH_SPECIFIED_SOURCE ( 'ANY', '', #1832, .NOT_KNOWN. ) ;
#110 = CARTESIAN_POINT ( 'NONE',  ( 0.1546372297519104655, -0.1771653543307090961, 0.06889763779527928456 ) ) ;
#111 = CARTESIAN_POINT ( 'NONE',  ( 0.1161417322834645688, -0.1771653543307087075, 0.02669291338582678239 ) ) ;
#112 = EDGE_CURVE ( 'NONE', #959, #1334, #2837, .T. ) ;
#113 = ORIENTED_EDGE ( 'NONE', *, *, #3141, .F. ) ;
#114 = CARTESIAN_POINT ( 'NONE',  ( 0.1718068038523621888, -0.1791338582677165503, -0.05019685039370078150 ) ) ;
#115 = SURFACE_STYLE_FILL_AREA ( #1379 ) ;
#116 = ORIENTED_EDGE ( 'NONE', *, *, #598, .T. ) ;
#117 = ORIENTED_EDGE ( 'NONE', *, *, #619, .T. ) ;
#118 = CARTESIAN_POINT ( 'NONE',  ( -0.1663356706635929494, -0.1811023622047236159, -0.03149606299212594912 ) ) ;
#119 = LINE ( 'NONE', #635, #944 ) ;
#120 = ORIENTED_EDGE ( 'NONE', *, *, #84, .F. ) ;
#121 = SURFACE_SIDE_STYLE ('',( #392 ) ) ;
#122 =( LENGTH_UNIT ( ) NAMED_UNIT ( * ) SI_UNIT ( $, .METRE. ) );
#123 =( CONVERSION_BASED_UNIT ( 'INCH', #656 ) LENGTH_UNIT ( ) NAMED_UNIT ( #2000 ) );
#124 = ADVANCED_FACE ( 'NONE', ( #11 ), #3036, .T. ) ;
#125 = CARTESIAN_POINT ( 'NONE',  ( -0.1318897637795275746, -0.1771653543307087075, 0.02489754295566535755 ) ) ;
#126 = LINE ( 'NONE', #3137, #510 ) ;
#127 = ORIENTED_EDGE ( 'NONE', *, *, #2523, .F. ) ;
#128 = CARTESIAN_POINT ( 'NONE',  ( 0.1889763779527559029, -0.1811023622047244208, -0.03149606299212598381 ) ) ;
#129 = LENGTH_MEASURE_WITH_UNIT ( LENGTH_MEASURE( 0.02539999999999999897 ), #334 );
#130 = DIRECTION ( 'NONE',  ( -0.0000000000000000000, -1.000000000000000000, -0.0000000000000000000 ) ) ;
#131 = CARTESIAN_POINT ( 'NONE',  ( -0.1476377952755905387, -0.1771653543307087075, 0.04133858267716536417 ) ) ;
#132 = ORIENTED_EDGE ( 'NONE', *, *, #2441, .F. ) ;
#133 = ORIENTED_EDGE ( 'NONE', *, *, #778, .T. ) ;
#134 = ADVANCED_FACE ( 'NONE', ( #591 ), #1116, .F. ) ;
#135 = ORIENTED_EDGE ( 'NONE', *, *, #1008, .T. ) ;
#136 = CARTESIAN_POINT ( 'NONE',  ( 0.1718068038523621888, -0.1811023622047240600, -0.03149606299212201477 ) ) ;
#137 = CARTESIAN_POINT ( 'NONE',  ( -0.1161417322834645688, -0.1751968503937007815, 0.02952755905511811677 ) ) ;
#138 = DIRECTION ( 'NONE',  ( 1.000000000000000000, 0.0000000000000000000, 0.0000000000000000000 ) ) ;
#139 = LINE ( 'NONE', #2609, #250 ) ;
#140 = AXIS2_PLACEMENT_3D ( 'NONE', #2237, #439, #454 ) ;
#141 = ORIENTED_EDGE ( 'NONE', *, *, #967, .F. ) ;
#142 = SURFACE_STYLE_FILL_AREA ( #2911 ) ;
#143 =( LENGTH_UNIT ( ) NAMED_UNIT ( * ) SI_UNIT ( $, .METRE. ) );
#144 = VECTOR ( 'NONE', #1052, 39.37007874015748143 ) ;
#145 = DIRECTION ( 'NONE',  ( 0.0000000000000000000, 0.0000000000000000000, 1.000000000000000000 ) ) ;
#146 = VECTOR ( 'NONE', #2351, 39.37007874015748143 ) ;
#147 = ORIENTED_EDGE ( 'NONE', *, *, #2361, .T. ) ;
#148 = AXIS2_PLACEMENT_3D ( 'NONE', #3077, #176, #1417 ) ;
#149 = ORIENTED_EDGE ( 'NONE', *, *, #2661, .T. ) ;
#150 = CARTESIAN_POINT ( 'NONE',  ( 0.0000000000000000000, -0.1771653543307087075, 0.0000000000000000000 ) ) ;
#151 = LINE ( 'NONE', #2906, #1780 ) ;
#152 = CIRCLE ( 'NONE', #845, 0.1692913385826771699 ) ;
#153 = ADVANCED_FACE ( 'NONE', ( #2336 ), #31, .F. ) ;
#154 = ORIENTED_EDGE ( 'NONE', *, *, #1607, .T. ) ;
#155 = STYLED_ITEM ( 'NONE', ( #837 ), #2683 ) ;
#156 =( GEOMETRIC_REPRESENTATION_CONTEXT ( 3 ) GLOBAL_UNCERTAINTY_ASSIGNED_CONTEXT ( ( #1781 ) ) GLOBAL_UNIT_ASSIGNED_CONTEXT ( ( #277, #1306, #2077 ) ) REPRESENTATION_CONTEXT ( 'NONE', 'WORKASPACE' ) );
#157 = DIRECTION ( 'NONE',  ( 0.0000000000000000000, 0.0000000000000000000, 1.000000000000000000 ) ) ;
#158 = CARTESIAN_POINT ( 'NONE',  ( -0.1663356706635929494, -0.1811023622047236159, -0.03149606299212594912 ) ) ;
#159 = FACE_OUTER_BOUND ( 'NONE', #1943, .T. ) ;
#160 =( GEOMETRIC_REPRESENTATION_CONTEXT ( 3 ) GLOBAL_UNCERTAINTY_ASSIGNED_CONTEXT ( ( #2958 ) ) GLOBAL_UNIT_ASSIGNED_CONTEXT ( ( #1133, #1869, #2869 ) ) REPRESENTATION_CONTEXT ( 'NONE', 'WORKASPACE' ) );
#161 = LINE ( 'NONE', #970, #1473 ) ;
#162 = AXIS2_PLACEMENT_3D ( 'NONE', #2587, #2367, #618 ) ;
#163 = CYLINDRICAL_SURFACE ( 'NONE', #2561, 0.01574803149606299885 ) ;
#164 = AXIS2_PLACEMENT_3D ( 'NONE', #3235, #977, #2987 ) ;
#165 = ORIENTED_EDGE ( 'NONE', *, *, #1277, .F. ) ;
#166 = DIRECTION ( 'NONE',  ( 0.0000000000000000000, -1.000000000000000000, 0.0000000000000000000 ) ) ;
#167 =( NAMED_UNIT ( * ) SI_UNIT ( $, .STERADIAN. ) SOLID_ANGLE_UNIT ( ) );
#168 = DIRECTION ( 'NONE',  ( 0.0000000000000000000, -1.000000000000000000, 0.0000000000000000000 ) ) ;
#169 = ORIENTED_EDGE ( 'NONE', *, *, #862, .F. ) ;
#170 = EDGE_LOOP ( 'NONE', ( #1842, #743, #1120, #1084 ) ) ;
#171 = LENGTH_MEASURE_WITH_UNIT ( LENGTH_MEASURE( 0.02539999999999999897 ), #711 );
#172 =( LENGTH_UNIT ( ) NAMED_UNIT ( * ) SI_UNIT ( $, .METRE. ) );
#173 = ORIENTED_EDGE ( 'NONE', *, *, #2591, .T. ) ;
#174 = LINE ( 'NONE', #2878, #736 ) ;
#175 = EDGE_CURVE ( 'NONE', #1198, #2748, #2888, .T. ) ;
#176 = DIRECTION ( 'NONE',  ( 0.0000000000000000000, 0.0000000000000000000, 1.000000000000000000 ) ) ;
#177 =( CONVERSION_BASED_UNIT ( 'INCH', #2977 ) LENGTH_UNIT ( ) NAMED_UNIT ( #2036 ) );
#178 = EDGE_CURVE ( 'NONE', #1885, #2876, #1423, .T. ) ;
#179 = VERTEX_POINT ( 'NONE', #2639 ) ;
#180 = LINE ( 'NONE', #2490, #992 ) ;
#181 = ORIENTED_EDGE ( 'NONE', *, *, #2032, .T. ) ;
#182 = ORIENTED_EDGE ( 'NONE', *, *, #578, .T. ) ;
#183 = ADVANCED_FACE ( 'NONE', ( #1654 ), #2163, .F. ) ;
#184 = ORIENTED_EDGE ( 'NONE', *, *, #880, .T. ) ;
#185 = SURFACE_SIDE_STYLE ('',( #1685 ) ) ;
#186 = CARTESIAN_POINT ( 'NONE',  ( 0.1279527559055118613, -0.1751968503937007815, -0.04133858267716536417 ) ) ;
#187 = SURFACE_SIDE_STYLE ('',( #450 ) ) ;
#188 = ORIENTED_EDGE ( 'NONE', *, *, #709, .T. ) ;
#189 = EDGE_CURVE ( 'NONE', #19, #936, #1201, .T. ) ;
#190 = PRESENTATION_STYLE_ASSIGNMENT (( #485 ) ) ;
#191 = DIRECTION ( 'NONE',  ( -1.000000000000000000, 0.0000000000000000000, 0.0000000000000000000 ) ) ;
#192 = DIRECTION ( 'NONE',  ( 0.0000000000000000000, 0.0000000000000000000, -1.000000000000000000 ) ) ;
#193 = CARTESIAN_POINT ( 'NONE',  ( -0.1476377952755905387, -0.1751968503937007815, 0.03543307086614173873 ) ) ;
#194 = PRESENTATION_LAYER_ASSIGNMENT (  '', '', ( #2144 ) ) ;
#195 = ORIENTED_EDGE ( 'NONE', *, *, #1787, .T. ) ;
#196 = DIRECTION ( 'NONE',  ( 0.0000000000000000000, 1.000000000000000000, 0.0000000000000000000 ) ) ;
#197 = CARTESIAN_POINT ( 'NONE',  ( -0.1279527559055118335, -0.1761811023622047168, 0.04133858267716536417 ) ) ;
#198 =( BOUNDED_CURVE ( )  B_SPLINE_CURVE ( 3, ( #1144, #2559, #2332, #1092 ),
 .UNSPECIFIED., .F., .T. ) 
 B_SPLINE_CURVE_WITH_KNOTS ( ( 4, 4 ),
 ( 0.0000000000000000000, 1.570796326794896558 ),
 .UNSPECIFIED. ) 
 CURVE ( )  GEOMETRIC_REPRESENTATION_ITEM ( )  RATIONAL_B_SPLINE_CURVE ( ( 1.000000000000000000, 0.8047378541243649375, 0.8047378541243649375, 1.000000000000000000 ) ) 
 REPRESENTATION_ITEM ( '' )  );
#199 = VECTOR ( 'NONE', #1145, 39.37007874015748143 ) ;
#200 = STYLED_ITEM ( 'NONE', ( #1893 ), #561 ) ;
#201 = EDGE_LOOP ( 'NONE', ( #113, #313, #1987, #3052, #1233, #562, #302, #1456 ) ) ;
#202 =( GEOMETRIC_REPRESENTATION_CONTEXT ( 3 ) GLOBAL_UNCERTAINTY_ASSIGNED_CONTEXT ( ( #299 ) ) GLOBAL_UNIT_ASSIGNED_CONTEXT ( ( #705, #437, #2687 ) ) REPRESENTATION_CONTEXT ( 'NONE', 'WORKASPACE' ) );
#203 = CIRCLE ( 'NONE', #93, 0.01574803149606301619 ) ;
#204 = AXIS2_PLACEMENT_3D ( 'NONE', #1917, #168, #2164 ) ;
#205 = PRESENTATION_STYLE_ASSIGNMENT (( #2487 ) ) ;
#206 = AXIS2_PLACEMENT_3D ( 'NONE', #519, #1041, #2562 ) ;
#207 = LENGTH_MEASURE_WITH_UNIT ( LENGTH_MEASURE( 0.02539999999999999897 ), #2398 );
#208 = CIRCLE ( 'NONE', #690, 0.003937007874015745375 ) ;
#209 = ORIENTED_EDGE ( 'NONE', *, *, #427, .F. ) ;
#210 = DIRECTION ( 'NONE',  ( 0.0000000000000000000, 1.000000000000000000, 0.0000000000000000000 ) ) ;
#211 =( NAMED_UNIT ( * ) SI_UNIT ( $, .STERADIAN. ) SOLID_ANGLE_UNIT ( ) );
#212 = AXIS2_PLACEMENT_3D ( 'NONE', #1157, #1089, #1863 ) ;
#213 =( NAMED_UNIT ( * ) SI_UNIT ( $, .STERADIAN. ) SOLID_ANGLE_UNIT ( ) );
#214 = EDGE_CURVE ( 'NONE', #936, #19, #1714, .T. ) ;
#215 = ORIENTED_EDGE ( 'NONE', *, *, #739, .T. ) ;
#216 = LENGTH_MEASURE_WITH_UNIT ( LENGTH_MEASURE( 0.02539999999999999897 ), #2703 );
#217 = SURFACE_STYLE_USAGE ( .BOTH. , #502 ) ;
#218 = DIRECTION ( 'NONE',  ( 0.0000000000000000000, 0.1046847845180010755, 0.9945054529214104599 ) ) ;
#219 = ORIENTED_EDGE ( 'NONE', *, *, #1794, .F. ) ;
#220 = FILL_AREA_STYLE ('',( #425 ) ) ;
#221 = ADVANCED_FACE ( 'NONE', ( #2181 ), #1944, .F. ) ;
#222 = CARTESIAN_POINT ( 'NONE',  ( 0.1318897637795275746, -0.1811023622047244208, -0.02559055118110236879 ) ) ;
#223 = DIMENSIONAL_EXPONENTS ( 1.000000000000000000, 0.0000000000000000000, 0.0000000000000000000, 0.0000000000000000000, 0.0000000000000000000, 0.0000000000000000000, 0.0000000000000000000 ) ;
#224 = EDGE_LOOP ( 'NONE', ( #2162, #909 ) ) ;
#225 = FILL_AREA_STYLE_COLOUR ( '', #775 ) ;
#226 = FILL_AREA_STYLE_COLOUR ( '', #1786 ) ;
#227 = DIRECTION ( 'NONE',  ( 0.0000000000000000000, 1.000000000000000000, 0.0000000000000000000 ) ) ;
#228 = VERTEX_POINT ( 'NONE', #873 ) ;
#229 = SURFACE_SIDE_STYLE ('',( #1748 ) ) ;
#230 =( NAMED_UNIT ( * ) PLANE_ANGLE_UNIT ( ) SI_UNIT ( $, .RADIAN. ) );
#231 = FACE_BOUND ( 'NONE', #224, .T. ) ;
#232 = SURFACE_STYLE_USAGE ( .BOTH. , #1230 ) ;
#233 = EDGE_LOOP ( 'NONE', ( #1867, #2858, #633, #169 ) ) ;
#234 = EDGE_CURVE ( 'NONE', #1345, #1557, #2612, .T. ) ;
#235 = CARTESIAN_POINT ( 'NONE',  ( -0.1279527559055118335, -0.1771653543307087075, 0.02952755905511811330 ) ) ;
#236 = CYLINDRICAL_SURFACE ( 'NONE', #1577, 0.003937007874015741038 ) ;
#237 = ORIENTED_EDGE ( 'NONE', *, *, #842, .T. ) ;
#238 = FILL_AREA_STYLE ('',( #225 ) ) ;
#239 = DIRECTION ( 'NONE',  ( -0.0000000000000000000, -1.000000000000000000, -0.0000000000000000000 ) ) ;
#240 = DIRECTION ( 'NONE',  ( 0.0000000000000000000, 0.0000000000000000000, -1.000000000000000000 ) ) ;
#241 = FACE_OUTER_BOUND ( 'NONE', #3015, .T. ) ;
#242 = EDGE_LOOP ( 'NONE', ( #1968, #2778, #2171, #1412, #1617, #701, #3204, #2280, #132, #1393, #1907, #2069 ) ) ;
#243 = PLANE ( 'NONE',  #1046 ) ;
#244 = DIRECTION ( 'NONE',  ( 0.0000000000000000000, 0.0000000000000000000, 1.000000000000000000 ) ) ;
#245 = DIMENSIONAL_EXPONENTS ( 1.000000000000000000, 0.0000000000000000000, 0.0000000000000000000, 0.0000000000000000000, 0.0000000000000000000, 0.0000000000000000000, 0.0000000000000000000 ) ;
#246 = DIRECTION ( 'NONE',  ( 0.0000000000000000000, 1.000000000000000000, 0.0000000000000000000 ) ) ;
#247 = VECTOR ( 'NONE', #1078, 39.37007874015748143 ) ;
#248 = ORIENTED_EDGE ( 'NONE', *, *, #1588, .F. ) ;
#249 = LINE ( 'NONE', #1507, #1416 ) ;
#250 = VECTOR ( 'NONE', #1866, 39.37007874015748143 ) ;
#251 = AXIS2_PLACEMENT_3D ( 'NONE', #1074, #2795, #543 ) ;
#252 = EDGE_CURVE ( 'NONE', #1342, #1081, #626, .T. ) ;
#253 = AXIS2_PLACEMENT_3D ( 'NONE', #1130, #819, #2852 ) ;
#254 = VECTOR ( 'NONE', #930, 39.37007874015748143 ) ;
#255 = FACE_OUTER_BOUND ( 'NONE', #2611, .T. ) ;
#256 = PRESENTATION_LAYER_ASSIGNMENT (  '', '', ( #1057 ) ) ;
#257 = FILL_AREA_STYLE ('',( #2286 ) ) ;
#258 = VECTOR ( 'NONE', #130, 39.37007874015748143 ) ;
#259 = CARTESIAN_POINT ( 'NONE',  ( 0.1181102362204724532, -0.08858267716535435377, 0.1889763779527559029 ) ) ;
#260 =( LENGTH_UNIT ( ) NAMED_UNIT ( * ) SI_UNIT ( $, .METRE. ) );
#261 = PRESENTATION_LAYER_ASSIGNMENT (  '', '', ( #1276 ) ) ;
#262 = ORIENTED_EDGE ( 'NONE', *, *, #1717, .F. ) ;
#263 = FILL_AREA_STYLE ('',( #2214 ) ) ;
#264 = FACE_OUTER_BOUND ( 'NONE', #2064, .T. ) ;
#265 = CARTESIAN_POINT ( 'NONE',  ( 0.1614173228346456601, -0.1771653543307087075, -0.1771653543307086520 ) ) ;
#266 = AXIS2_PLACEMENT_3D ( 'NONE', #1225, #3221, #2966 ) ;
#267 = LENGTH_MEASURE_WITH_UNIT ( LENGTH_MEASURE( 0.02539999999999999897 ), #1555 );
#268 = ADVANCED_FACE ( 'NONE', ( #888 ), #362, .F. ) ;
#269 = UNCERTAINTY_MEASURE_WITH_UNIT (LENGTH_MEASURE( 1.000000000000000082E-05 ), #1515, 'distance_accuracy_value', 'NONE');
#270 = DIMENSIONAL_EXPONENTS ( 1.000000000000000000, 0.0000000000000000000, 0.0000000000000000000, 0.0000000000000000000, 0.0000000000000000000, 0.0000000000000000000, 0.0000000000000000000 ) ;
#271 = DIRECTION ( 'NONE',  ( -1.000000000000000000, 0.0000000000000000000, 0.0000000000000000000 ) ) ;
#272 = ADVANCED_FACE ( 'NONE', ( #2951 ), #2466, .T. ) ;
#273 = LINE ( 'NONE', #289, #1419 ) ;
#274 = LINE ( 'NONE', #1790, #3243 ) ;
#275 =( CONVERSION_BASED_UNIT ( 'INCH', #1007 ) LENGTH_UNIT ( ) NAMED_UNIT ( #2244 ) );
#276 = ADVANCED_FACE ( 'NONE', ( #497 ), #3268, .T. ) ;
#277 =( CONVERSION_BASED_UNIT ( 'INCH', #2813 ) LENGTH_UNIT ( ) NAMED_UNIT ( #47 ) );
#278 = EDGE_CURVE ( 'NONE', #1693, #2619, #935, .T. ) ;
#279 = CARTESIAN_POINT ( 'NONE',  ( -0.1889763779527559029, -0.1811023622047244208, -0.03149606299212598381 ) ) ;
#280 = VERTEX_POINT ( 'NONE', #694 ) ;
#281 =( CONVERSION_BASED_UNIT ( 'INCH', #1043 ) LENGTH_UNIT ( ) NAMED_UNIT ( #2068 ) );
#282 = CARTESIAN_POINT ( 'NONE',  ( -0.1476377952755905387, -0.1811023622047244208, -0.02952755905511811330 ) ) ;
#283 =( CONVERSION_BASED_UNIT ( 'INCH', #538 ) LENGTH_UNIT ( ) NAMED_UNIT ( #245 ) );
#284 = CYLINDRICAL_SURFACE ( 'NONE', #3251, 0.03937007874015747977 ) ;
#285 = ORIENTED_EDGE ( 'NONE', *, *, #1441, .T. ) ;
#286 = ORIENTED_EDGE ( 'NONE', *, *, #1976, .T. ) ;
#287 = SURFACE_STYLE_USAGE ( .BOTH. , #854 ) ;
#288 = DIRECTION ( 'NONE',  ( 0.0000000000000000000, -1.000000000000000000, 0.0000000000000000000 ) ) ;
#289 = CARTESIAN_POINT ( 'NONE',  ( -0.09448818897637795144, -0.1771653543307087075, -0.1889763779527559029 ) ) ;
#290 = DIMENSIONAL_EXPONENTS ( 1.000000000000000000, 0.0000000000000000000, 0.0000000000000000000, 0.0000000000000000000, 0.0000000000000000000, 0.0000000000000000000, 0.0000000000000000000 ) ;
#291 = SURFACE_STYLE_USAGE ( .BOTH. , #2061 ) ;
#292 = LINE ( 'NONE', #1742, #2882 ) ;
#293 = DIRECTION ( 'NONE',  ( 0.0000000000000000000, 0.0000000000000000000, 1.000000000000000000 ) ) ;
#294 = LINE ( 'NONE', #2801, #951 ) ;
#295 = EDGE_CURVE ( 'NONE', #1189, #2630, #1690, .T. ) ;
#296 = ORIENTED_EDGE ( 'NONE', *, *, #1301, .T. ) ;
#297 = CARTESIAN_POINT ( 'NONE',  ( -0.1200787401574803098, -0.1811023622047244208, 0.02559055118110236879 ) ) ;
#298 =( CONVERSION_BASED_UNIT ( 'INCH', #267 ) LENGTH_UNIT ( ) NAMED_UNIT ( #1223 ) );
#299 = UNCERTAINTY_MEASURE_WITH_UNIT (LENGTH_MEASURE( 1.000000000000000082E-05 ), #705, 'distance_accuracy_value', 'NONE');
#300 = AXIS2_PLACEMENT_3D ( 'NONE', #1567, #2565, #1330 ) ;
#301 = PRESENTATION_LAYER_ASSIGNMENT (  '', '', ( #1570 ) ) ;
#302 = ORIENTED_EDGE ( 'NONE', *, *, #2715, .T. ) ;
#303 = CARTESIAN_POINT ( 'NONE',  ( 0.1200787401574803098, -0.1771653543307087075, 0.02952755905511811677 ) ) ;
#304 = VECTOR ( 'NONE', #908, 39.37007874015748143 ) ;
#305 = VECTOR ( 'NONE', #2810, 39.37007874015748143 ) ;
#306 = CIRCLE ( 'NONE', #3146, 0.1692913385826771699 ) ;
#307 = AXIS2_PLACEMENT_3D ( 'NONE', #1127, #138, #586 ) ;
#308 = DIRECTION ( 'NONE',  ( 0.0000000000000000000, 0.0000000000000000000, -1.000000000000000000 ) ) ;
#309 = PRESENTATION_STYLE_ASSIGNMENT (( #1292 ) ) ;
#310 = VECTOR ( 'NONE', #600, 39.37007874015748143 ) ;
#311 = CARTESIAN_POINT ( 'NONE',  ( -0.1161417322834645688, -0.1771653543307087075, -0.03070866141732284463 ) ) ;
#312 = STYLED_ITEM ( 'NONE', ( #343 ), #2692 ) ;
#313 = ORIENTED_EDGE ( 'NONE', *, *, #2375, .T. ) ;
#314 = COLOUR_RGB ( '',0.7529411764705882248, 0.7529411764705882248, 0.0000000000000000000 ) ;
#315 = LINE ( 'NONE', #2789, #1887 ) ;
#316 = DIRECTION ( 'NONE',  ( 1.000000000000000000, 0.0000000000000000000, 0.0000000000000000000 ) ) ;
#317 = DIMENSIONAL_EXPONENTS ( 1.000000000000000000, 0.0000000000000000000, 0.0000000000000000000, 0.0000000000000000000, 0.0000000000000000000, 0.0000000000000000000, 0.0000000000000000000 ) ;
#318 = EDGE_CURVE ( 'NONE', #3215, #2546, #1773, .T. ) ;
#319 = PRESENTATION_LAYER_ASSIGNMENT (  '', '', ( #375 ) ) ;
#320 = VERTEX_POINT ( 'NONE', #1596 ) ;
#321 = VERTEX_POINT ( 'NONE', #3081 ) ;
#322 = MECHANICAL_DESIGN_GEOMETRIC_PRESENTATION_REPRESENTATION (  '', ( #1529 ), #108 ) ;
#323 = PRESENTATION_STYLE_ASSIGNMENT (( #3075 ) ) ;
#324 = DIRECTION ( 'NONE',  ( -1.000000000000000000, 0.0000000000000000000, 0.0000000000000000000 ) ) ;
#325 = EDGE_LOOP ( 'NONE', ( #2873, #2078, #2139, #2907 ) ) ;
#326 = PRESENTATION_STYLE_ASSIGNMENT (( #563 ) ) ;
#327 = DIRECTION ( 'NONE',  ( 0.0000000000000000000, -1.000000000000000000, 0.0000000000000000000 ) ) ;
#328 = CARTESIAN_POINT ( 'NONE',  ( 0.1161417322834645827, -0.1761811023622047168, -0.02952755905511811330 ) ) ;
#329 = DIRECTION ( 'NONE',  ( 1.000000000000000000, 0.0000000000000000000, 0.0000000000000000000 ) ) ;
#330 = EDGE_CURVE ( 'NONE', #2380, #1394, #2812, .T. ) ;
#331 = DIRECTION ( 'NONE',  ( 0.0000000000000000000, 0.0000000000000000000, -1.000000000000000000 ) ) ;
#332 = ORIENTED_EDGE ( 'NONE', *, *, #3031, .T. ) ;
#333 =( CONVERSION_BASED_UNIT ( 'INCH', #577 ) LENGTH_UNIT ( ) NAMED_UNIT ( #1762 ) );
#334 =( LENGTH_UNIT ( ) NAMED_UNIT ( * ) SI_UNIT ( $, .METRE. ) );
#335 = CARTESIAN_POINT ( 'NONE',  ( -0.1272597476800787497, -0.1771653543307087075, 0.03740157480314960925 ) ) ;
#336 = SURFACE_STYLE_USAGE ( .BOTH. , #1834 ) ;
#337 = UNCERTAINTY_MEASURE_WITH_UNIT (LENGTH_MEASURE( 1.000000000000000082E-05 ), #2256, 'distance_accuracy_value', 'NONE');
#338 = ORIENTED_EDGE ( 'NONE', *, *, #1772, .T. ) ;
#339 = ORIENTED_EDGE ( 'NONE', *, *, #3250, .T. ) ;
#340 = LINE ( 'NONE', #1336, #414 ) ;
#341 = EDGE_CURVE ( 'NONE', #403, #2293, #274, .T. ) ;
#342 = ORIENTED_EDGE ( 'NONE', *, *, #1805, .T. ) ;
#343 = PRESENTATION_STYLE_ASSIGNMENT (( #80 ) ) ;
#344 = FILL_AREA_STYLE ('',( #856 ) ) ;
#345 = DIRECTION ( 'NONE',  ( 0.0000000000000000000, 0.0000000000000000000, 1.000000000000000000 ) ) ;
#346 = CARTESIAN_POINT ( 'NONE',  ( -0.1614173228346456601, -0.1764723461052756237, -0.1614173228346456601 ) ) ;
#347 = EDGE_LOOP ( 'NONE', ( #376, #607, #3042, #1550, #2579 ) ) ;
#348 =( NAMED_UNIT ( * ) SI_UNIT ( $, .STERADIAN. ) SOLID_ANGLE_UNIT ( ) );
#349 = CARTESIAN_POINT ( 'NONE',  ( 0.1200787401574803098, -0.1771653543307087075, 0.02559055118110236879 ) ) ;
#350 =( LENGTH_UNIT ( ) NAMED_UNIT ( * ) SI_UNIT ( $, .METRE. ) );
#351 = CARTESIAN_POINT ( 'NONE',  ( 0.0000000000000000000, -0.1751968503937007815, -0.02952755905511811330 ) ) ;
#352 = ORIENTED_EDGE ( 'NONE', *, *, #3183, .T. ) ;
#353 = FILL_AREA_STYLE ('',( #2827 ) ) ;
#354 = ORIENTED_EDGE ( 'NONE', *, *, #1018, .T. ) ;
#355 = CARTESIAN_POINT ( 'NONE',  ( 0.1574803149606299191, -0.1811023622047244208, 0.0000000000000000000 ) ) ;
#356 = ADVANCED_FACE ( 'NONE', ( #569 ), #766, .T. ) ;
#357 =( LENGTH_UNIT ( ) NAMED_UNIT ( * ) SI_UNIT ( $, .METRE. ) );
#358 = DIRECTION ( 'NONE',  ( 0.0000000000000000000, 0.0000000000000000000, -1.000000000000000000 ) ) ;
#359 = PRESENTATION_LAYER_ASSIGNMENT (  '', '', ( #2828 ) ) ;
#360 = VECTOR ( 'NONE', #494, 39.37007874015748143 ) ;
#361 = ORIENTED_EDGE ( 'NONE', *, *, #3019, .T. ) ;
#362 = PLANE ( 'NONE',  #140 ) ;
#363 = AXIS2_PLACEMENT_3D ( 'NONE', #3068, #2333, #331 ) ;
#364 = SURFACE_STYLE_FILL_AREA ( #3124 ) ;
#365 = PRESENTATION_LAYER_ASSIGNMENT (  '', '', ( #3198 ) ) ;
#366 = FACE_OUTER_BOUND ( 'NONE', #3149, .T. ) ;
#367 = FILL_AREA_STYLE_COLOUR ( '', #1165 ) ;
#368 = VECTOR ( 'NONE', #2279, 39.37007874015748143 ) ;
#369 = AXIS2_PLACEMENT_3D ( 'NONE', #397, #1149, #2425 ) ;
#370 = ORIENTED_EDGE ( 'NONE', *, *, #2186, .T. ) ;
#371 = VERTEX_POINT ( 'NONE', #2038 ) ;
#372 = DIRECTION ( 'NONE',  ( 0.0000000000000000000, 1.000000000000000000, 0.0000000000000000000 ) ) ;
#373 = PRESENTATION_LAYER_ASSIGNMENT (  '', '', ( #2776 ) ) ;
#374 = EDGE_CURVE ( 'NONE', #1171, #2680, #2582, .T. ) ;
#375 = STYLED_ITEM ( 'NONE', ( #2389 ), #2950 ) ;
#376 = ORIENTED_EDGE ( 'NONE', *, *, #1164, .T. ) ;
#377 = CARTESIAN_POINT ( 'NONE',  ( 0.1483308035010236225, -0.1771653543307087075, 0.03740157480314960925 ) ) ;
#378 = VECTOR ( 'NONE', #898, 39.37007874015748143 ) ;
#379 = PLANE ( 'NONE',  #2716 ) ;
#380 = CARTESIAN_POINT ( 'NONE',  ( 0.0000000000000000000, -0.1751968503937007815, 0.04133858267716536417 ) ) ;
#381 = DIRECTION ( 'NONE',  ( 0.0000000000000000000, 0.0000000000000000000, 1.000000000000000000 ) ) ;
#382 = EDGE_CURVE ( 'NONE', #1131, #936, #48, .T. ) ;
#383 = ORIENTED_EDGE ( 'NONE', *, *, #2025, .T. ) ;
#384 = DIRECTION ( 'NONE',  ( 0.0000000000000000000, 0.0000000000000000000, 1.000000000000000000 ) ) ;
#385 = PLANE ( 'NONE',  #2105 ) ;
#386 = SURFACE_STYLE_USAGE ( .BOTH. , #1136 ) ;
#387 = EDGE_LOOP ( 'NONE', ( #2381, #438, #3086, #1751 ) ) ;
#388 = ORIENTED_EDGE ( 'NONE', *, *, #1179, .T. ) ;
#389 = DIRECTION ( 'NONE',  ( 0.0000000000000000000, 0.0000000000000000000, -1.000000000000000000 ) ) ;
#390 = FILL_AREA_STYLE ('',( #2444 ) ) ;
#391 = ORIENTED_EDGE ( 'NONE', *, *, #3237, .T. ) ;
#392 = SURFACE_STYLE_FILL_AREA ( #3132 ) ;
#393 = DIRECTION ( 'NONE',  ( 0.0000000000000000000, 0.0000000000000000000, 1.000000000000000000 ) ) ;
#394 = DIRECTION ( 'NONE',  ( 0.0000000000000000000, 0.0000000000000000000, 1.000000000000000000 ) ) ;
#395 = LENGTH_MEASURE_WITH_UNIT ( LENGTH_MEASURE( 0.02539999999999999897 ), #1668 );
#396 = ORIENTED_EDGE ( 'NONE', *, *, #175, .F. ) ;
#397 = CARTESIAN_POINT ( 'NONE',  ( -0.1574803149606299191, -0.1811023622047244208, 0.0000000000000000000 ) ) ;
#398 =( NAMED_UNIT ( * ) PLANE_ANGLE_UNIT ( ) SI_UNIT ( $, .RADIAN. ) );
#399 = EDGE_CURVE ( 'NONE', #1389, #1492, #804, .T. ) ;
#400 = ORIENTED_EDGE ( 'NONE', *, *, #2054, .F. ) ;
#401 = ORIENTED_EDGE ( 'NONE', *, *, #643, .F. ) ;
#402 = CARTESIAN_POINT ( 'NONE',  ( -0.1614173228346456601, -0.1771653543307087075, -0.1771653543307086520 ) ) ;
#403 = VERTEX_POINT ( 'NONE', #2331 ) ;
#404 = CARTESIAN_POINT ( 'NONE',  ( -0.1712598425196850405, -0.08661417322834646937, -0.02952755905511811330 ) ) ;
#405 = LINE ( 'NONE', #671, #1468 ) ;
#406 = PRESENTATION_LAYER_ASSIGNMENT (  '', '', ( #458 ) ) ;
#407 = VERTEX_POINT ( 'NONE', #2524 ) ;
#408 = DIRECTION ( 'NONE',  ( 0.0000000000000000000, 1.000000000000000000, 0.0000000000000000000 ) ) ;
#409 = VECTOR ( 'NONE', #329, 39.37007874015748143 ) ;
#410 =( GEOMETRIC_REPRESENTATION_CONTEXT ( 3 ) GLOBAL_UNCERTAINTY_ASSIGNED_CONTEXT ( ( #2218 ) ) GLOBAL_UNIT_ASSIGNED_CONTEXT ( ( #2594, #905, #107 ) ) REPRESENTATION_CONTEXT ( 'NONE', 'WORKASPACE' ) );
#411 = CARTESIAN_POINT ( 'NONE',  ( -0.1889763779527559029, -0.1771653543307087075, -0.02952755905511811330 ) ) ;
#412 =( GEOMETRIC_REPRESENTATION_CONTEXT ( 3 ) GLOBAL_UNCERTAINTY_ASSIGNED_CONTEXT ( ( #1556 ) ) GLOBAL_UNIT_ASSIGNED_CONTEXT ( ( #3121, #2090, #50 ) ) REPRESENTATION_CONTEXT ( 'NONE', 'WORKASPACE' ) );
#413 = ORIENTED_EDGE ( 'NONE', *, *, #1598, .T. ) ;
#414 = VECTOR ( 'NONE', #1860, 39.37007874015748143 ) ;
#415 = ORIENTED_EDGE ( 'NONE', *, *, #715, .T. ) ;
#416 = EDGE_CURVE ( 'NONE', #1709, #3140, #65, .T. ) ;
#417 = STYLED_ITEM ( 'NONE', ( #762 ), #2273 ) ;
#418 = VERTEX_POINT ( 'NONE', #1530 ) ;
#419 =( GEOMETRIC_REPRESENTATION_CONTEXT ( 3 ) GLOBAL_UNCERTAINTY_ASSIGNED_CONTEXT ( ( #99 ) ) GLOBAL_UNIT_ASSIGNED_CONTEXT ( ( #2863, #1400, #1876 ) ) REPRESENTATION_CONTEXT ( 'NONE', 'WORKASPACE' ) );
#420 = EDGE_CURVE ( 'NONE', #418, #1345, #3067, .T. ) ;
#421 =( NAMED_UNIT ( * ) SI_UNIT ( $, .STERADIAN. ) SOLID_ANGLE_UNIT ( ) );
#422 = DIRECTION ( 'NONE',  ( -1.000000000000000000, 0.0000000000000000000, 0.0000000000000000000 ) ) ;
#423 = CARTESIAN_POINT ( 'NONE',  ( 0.0000000000000000000, -0.1751968503937007815, 0.02952755905511811330 ) ) ;
#424 = PRESENTATION_LAYER_ASSIGNMENT (  '', '', ( #1848 ) ) ;
#425 = FILL_AREA_STYLE_COLOUR ( '', #1776 ) ;
#426 = ORIENTED_EDGE ( 'NONE', *, *, #1928, .F. ) ;
#427 = EDGE_CURVE ( 'NONE', #1442, #2380, #2269, .T. ) ;
#428 = PLANE ( 'NONE',  #1122 ) ;
#429 = DIRECTION ( 'NONE',  ( 0.0000000000000000000, -1.000000000000000000, 0.0000000000000000000 ) ) ;
#430 = ORIENTED_EDGE ( 'NONE', *, *, #2306, .T. ) ;
#431 = VERTEX_POINT ( 'NONE', #3265 ) ;
#432 = ORIENTED_EDGE ( 'NONE', *, *, #983, .F. ) ;
#433 = DIRECTION ( 'NONE',  ( 0.0000000000000000000, 0.0000000000000000000, -1.000000000000000000 ) ) ;
#434 = EDGE_CURVE ( 'NONE', #228, #1483, #817, .T. ) ;
#435 = EDGE_CURVE ( 'NONE', #3140, #2876, #1561, .T. ) ;
#436 = CARTESIAN_POINT ( 'NONE',  ( 0.1663356706636220372, -0.1791338582677165503, -0.03149606299212598381 ) ) ;
#437 =( NAMED_UNIT ( * ) PLANE_ANGLE_UNIT ( ) SI_UNIT ( $, .RADIAN. ) );
#438 = ORIENTED_EDGE ( 'NONE', *, *, #907, .T. ) ;
#439 = DIRECTION ( 'NONE',  ( -1.000000000000000000, 0.0000000000000000000, 0.0000000000000000000 ) ) ;
#440 = DIRECTION ( 'NONE',  ( 0.0000000000000000000, 1.000000000000000000, 0.0000000000000000000 ) ) ;
#441 = CARTESIAN_POINT ( 'NONE',  ( -0.1279527559055118335, -0.1771653543307087075, -0.04133858267716536417 ) ) ;
#442 = DIRECTION ( 'NONE',  ( 0.0000000000000000000, 1.000000000000000000, 0.0000000000000000000 ) ) ;
#443 = ADVANCED_FACE ( 'NONE', ( #1020 ), #3065, .F. ) ;
#444 = ORIENTED_EDGE ( 'NONE', *, *, #2647, .F. ) ;
#445 = ORIENTED_EDGE ( 'NONE', *, *, #2134, .T. ) ;
#446 = FACE_OUTER_BOUND ( 'NONE', #2213, .T. ) ;
#447 = ORIENTED_EDGE ( 'NONE', *, *, #756, .T. ) ;
#448 = DIRECTION ( 'NONE',  ( -1.000000000000000000, 0.0000000000000000000, 0.0000000000000000000 ) ) ;
#449 = LINE ( 'NONE', #933, #3150 ) ;
#450 = SURFACE_STYLE_FILL_AREA ( #1450 ) ;
#451 = EDGE_CURVE ( 'NONE', #1452, #3112, #24, .T. ) ;
#452 = SURFACE_SIDE_STYLE ('',( #3218 ) ) ;
#453 = ORIENTED_EDGE ( 'NONE', *, *, #2647, .T. ) ;
#454 = DIRECTION ( 'NONE',  ( 0.0000000000000000000, 0.0000000000000000000, 1.000000000000000000 ) ) ;
#455 =( NAMED_UNIT ( * ) PLANE_ANGLE_UNIT ( ) SI_UNIT ( $, .RADIAN. ) );
#456 = CARTESIAN_POINT ( 'NONE',  ( 0.1776560243081889701, -0.1771653543307087075, -0.03051181102362205549 ) ) ;
#457 = ORIENTED_EDGE ( 'NONE', *, *, #941, .F. ) ;
#458 = STYLED_ITEM ( 'NONE', ( #2075 ), #356 ) ;
#459 =( NAMED_UNIT ( * ) SI_UNIT ( $, .STERADIAN. ) SOLID_ANGLE_UNIT ( ) );
#460 =( NAMED_UNIT ( * ) SI_UNIT ( $, .STERADIAN. ) SOLID_ANGLE_UNIT ( ) );
#461 = MECHANICAL_DESIGN_GEOMETRIC_PRESENTATION_REPRESENTATION (  '', ( #91 ), #202 ) ;
#462 = AXIS2_PLACEMENT_3D ( 'NONE', #1508, #514, #749 ) ;
#463 = EDGE_LOOP ( 'NONE', ( #1657, #2705, #1875, #663 ) ) ;
#464 = ADVANCED_FACE ( 'NONE', ( #255 ), #2997, .T. ) ;
#465 = UNCERTAINTY_MEASURE_WITH_UNIT (LENGTH_MEASURE( 1.000000000000000082E-05 ), #1294, 'distance_accuracy_value', 'NONE');
#466 = VECTOR ( 'NONE', #1562, 39.37007874015748143 ) ;
#467 = COLOUR_RGB ( '',0.7529411764705882248, 0.7529411764705882248, 0.0000000000000000000 ) ;
#468 = VECTOR ( 'NONE', #695, 39.37007874015748143 ) ;
#469 = CARTESIAN_POINT ( 'NONE',  ( 0.1476377952755905387, -0.1771653543307087075, -0.03740157480314960925 ) ) ;
#470 = AXIS2_PLACEMENT_3D ( 'NONE', #890, #71, #847 ) ;
#471 = VERTEX_POINT ( 'NONE', #1001 ) ;
#472 = SURFACE_STYLE_FILL_AREA ( #238 ) ;
#473 = CARTESIAN_POINT ( 'NONE',  ( 0.0000000000000000000, 0.009842519685039369942, 0.0000000000000000000 ) ) ;
#474 = DIRECTION ( 'NONE',  ( 0.0000000000000000000, 1.000000000000000000, 0.0000000000000000000 ) ) ;
#475 = VECTOR ( 'NONE', #1395, 39.37007874015748143 ) ;
#476 = DIRECTION ( 'NONE',  ( -1.000000000000000000, 0.0000000000000000000, 0.0000000000000000000 ) ) ;
#477 = ADVANCED_FACE ( 'NONE', ( #2006 ), #2762, .T. ) ;
#478 = ORIENTED_EDGE ( 'NONE', *, *, #1865, .T. ) ;
#479 = SURFACE_STYLE_USAGE ( .BOTH. , #121 ) ;
#480 = FACE_OUTER_BOUND ( 'NONE', #496, .T. ) ;
#481 = EDGE_LOOP ( 'NONE', ( #2655, #457, #1891, #165 ) ) ;
#482 = LINE ( 'NONE', #704, #1104 ) ;
#483 = LENGTH_MEASURE_WITH_UNIT ( LENGTH_MEASURE( 0.02539999999999999897 ), #1038 );
#484 = EDGE_LOOP ( 'NONE', ( #2092, #209, #173, #776 ) ) ;
#485 = SURFACE_STYLE_USAGE ( .BOTH. , #719 ) ;
#486 = CARTESIAN_POINT ( 'NONE',  ( 0.1614173228346456601, -0.1771653543307087075, -0.1614173228346456601 ) ) ;
#487 = LINE ( 'NONE', #720, #2673 ) ;
#488 = VERTEX_POINT ( 'NONE', #1527 ) ;
#489 = CARTESIAN_POINT ( 'NONE',  ( 0.0000000000000000000, -0.07874015748031495954, 0.03937007874015747977 ) ) ;
#490 = CARTESIAN_POINT ( 'NONE',  ( 0.1161417322834645827, -0.1761811023622047168, -0.001968503937007873988 ) ) ;
#491 = EDGE_CURVE ( 'NONE', #2103, #1818, #1753, .T. ) ;
#492 = CYLINDRICAL_SURFACE ( 'NONE', #89, 0.01574803149606299885 ) ;
#493 = DIMENSIONAL_EXPONENTS ( 1.000000000000000000, 0.0000000000000000000, 0.0000000000000000000, 0.0000000000000000000, 0.0000000000000000000, 0.0000000000000000000, 0.0000000000000000000 ) ;
#494 = DIRECTION ( 'NONE',  ( -0.0000000000000000000, -1.000000000000000000, -0.0000000000000000000 ) ) ;
#495 = PLANE ( 'NONE',  #2975 ) ;
#496 = EDGE_LOOP ( 'NONE', ( #181, #3127, #2511, #551 ) ) ;
#497 = FACE_OUTER_BOUND ( 'NONE', #2393, .T. ) ;
#498 = FILL_AREA_STYLE ('',( #226 ) ) ;
#499 = DIRECTION ( 'NONE',  ( 0.0000000000000000000, 0.0000000000000000000, -1.000000000000000000 ) ) ;
#500 = ORIENTED_EDGE ( 'NONE', *, *, #2322, .T. ) ;
#501 = CARTESIAN_POINT ( 'NONE',  ( 0.1177724943400515478, -0.1811023622047244486, -0.02789679699853112385 ) ) ;
#502 = SURFACE_SIDE_STYLE ('',( #2774 ) ) ;
#503 = CARTESIAN_POINT ( 'NONE',  ( 0.1889763779527559029, 0.009842519685039369942, -0.1889763779527559029 ) ) ;
#504 = DIRECTION ( 'NONE',  ( 0.0000000000000000000, 0.0000000000000000000, -1.000000000000000000 ) ) ;
#505 = AXIS2_PLACEMENT_3D ( 'NONE', #3028, #2349, #308 ) ;
#506 = EDGE_CURVE ( 'NONE', #1557, #320, #1037, .T. ) ;
#507 = ORIENTED_EDGE ( 'NONE', *, *, #2178, .F. ) ;
#508 = CARTESIAN_POINT ( 'NONE',  ( 0.1663356706636129889, -0.1811023622047238379, -0.03149606299212399929 ) ) ;
#509 = DIRECTION ( 'NONE',  ( 1.000000000000000000, 0.0000000000000000000, 0.0000000000000000000 ) ) ;
#510 = VECTOR ( 'NONE', #3181, 39.37007874015748143 ) ;
#511 = STYLED_ITEM ( 'NONE', ( #3245 ), #811 ) ;
#512 = ADVANCED_FACE ( 'NONE', ( #2783 ), #1543, .F. ) ;
#513 = EDGE_CURVE ( 'NONE', #2846, #2293, #3134, .T. ) ;
#514 = DIRECTION ( 'NONE',  ( 0.0000000000000000000, 1.000000000000000000, 0.0000000000000000000 ) ) ;
#515 = VECTOR ( 'NONE', #661, 39.37007874015748143 ) ;
#516 = DIMENSIONAL_EXPONENTS ( 1.000000000000000000, 0.0000000000000000000, 0.0000000000000000000, 0.0000000000000000000, 0.0000000000000000000, 0.0000000000000000000, 0.0000000000000000000 ) ;
#517 = DIRECTION ( 'NONE',  ( 0.0000000000000000000, 0.0000000000000000000, 1.000000000000000000 ) ) ;
#518 = SURFACE_SIDE_STYLE ('',( #2505 ) ) ;
#519 = CARTESIAN_POINT ( 'NONE',  ( -0.1279527559055118335, -0.1761811023622047168, 0.03543307086613779744 ) ) ;
#520 = AXIS2_PLACEMENT_3D ( 'NONE', #552, #522, #1533 ) ;
#521 = ORIENTED_EDGE ( 'NONE', *, *, #1772, .F. ) ;
#522 = DIRECTION ( 'NONE',  ( 1.000000000000000000, 0.0000000000000000000, 0.0000000000000000000 ) ) ;
#523 = PLANE ( 'NONE',  #1629 ) ;
#524 = AXIS2_PLACEMENT_3D ( 'NONE', #490, #2514, #2028 ) ;
#525 = CARTESIAN_POINT ( 'NONE',  ( 0.1889763779527559029, -0.1771653543307087075, -0.03543307086614173873 ) ) ;
#526 = ORIENTED_EDGE ( 'NONE', *, *, #2071, .F. ) ;
#527 = CARTESIAN_POINT ( 'NONE',  ( 0.1889763779527559029, -0.08661417322834646937, -0.02952755905511811330 ) ) ;
#528 = DIRECTION ( 'NONE',  ( 0.0000000000000000000, 0.0000000000000000000, 1.000000000000000000 ) ) ;
#529 = LENGTH_MEASURE_WITH_UNIT ( LENGTH_MEASURE( 0.02539999999999999897 ), #1056 );
#530 = EDGE_CURVE ( 'NONE', #1147, #1224, #3148, .T. ) ;
#531 = CARTESIAN_POINT ( 'NONE',  ( 0.1240157480314960647, -0.1761811023622047168, 0.02952755905511811330 ) ) ;
#532 =( NAMED_UNIT ( * ) SI_UNIT ( $, .STERADIAN. ) SOLID_ANGLE_UNIT ( ) );
#533 = FACE_OUTER_BOUND ( 'NONE', #3074, .T. ) ;
#534 = DIRECTION ( 'NONE',  ( 0.0000000000000000000, 0.1046847845180421122, -0.9945054529214061301 ) ) ;
#535 = ORIENTED_EDGE ( 'NONE', *, *, #2471, .T. ) ;
#536 = CARTESIAN_POINT ( 'NONE',  ( 4.821444091131311524E-18, -0.08031496062992127261, -0.03937007874015747977 ) ) ;
#537 = CARTESIAN_POINT ( 'NONE',  ( -0.1161417322834645827, -0.1771653543307087075, 0.02952755905511811677 ) ) ;
#538 = LENGTH_MEASURE_WITH_UNIT ( LENGTH_MEASURE( 0.02539999999999999897 ), #1082 );
#539 = DIMENSIONAL_EXPONENTS ( 1.000000000000000000, 0.0000000000000000000, 0.0000000000000000000, 0.0000000000000000000, 0.0000000000000000000, 0.0000000000000000000, 0.0000000000000000000 ) ;
#540 = DIRECTION ( 'NONE',  ( 0.0000000000000000000, 1.000000000000000000, 0.0000000000000000000 ) ) ;
#541 = EDGE_LOOP ( 'NONE', ( #453, #2456, #1381, #413 ) ) ;
#542 = CARTESIAN_POINT ( 'NONE',  ( -0.1161417322834645827, -0.1761811023622047168, 0.0000000000000000000 ) ) ;
#543 = DIRECTION ( 'NONE',  ( 0.0000000000000000000, 0.0000000000000000000, -1.000000000000000000 ) ) ;
#544 = DIRECTION ( 'NONE',  ( 0.0000000000000000000, 1.000000000000000000, 0.0000000000000000000 ) ) ;
#545 = LENGTH_MEASURE_WITH_UNIT ( LENGTH_MEASURE( 0.02539999999999999897 ), #3010 );
#546 = ADVANCED_FACE ( 'NONE', ( #2154 ), #82, .T. ) ;
#547 =( BOUNDED_CURVE ( )  B_SPLINE_CURVE ( 3, ( #1439, #2011, #3001, #1756 ),
 .UNSPECIFIED., .F., .T. ) 
 B_SPLINE_CURVE_WITH_KNOTS ( ( 4, 4 ),
 ( 0.0000000000000000000, 1.570796326794896558 ),
 .UNSPECIFIED. ) 
 CURVE ( )  GEOMETRIC_REPRESENTATION_ITEM ( )  RATIONAL_B_SPLINE_CURVE ( ( 1.000000000000000000, 0.8047378541243649375, 0.8047378541243649375, 1.000000000000000000 ) ) 
 REPRESENTATION_ITEM ( '' )  );
#548 = DIRECTION ( 'NONE',  ( 0.0000000000000000000, 0.0000000000000000000, 1.000000000000000000 ) ) ;
#549 = CYLINDRICAL_SURFACE ( 'NONE', #87, 0.003937007874015749712 ) ;
#550 = CARTESIAN_POINT ( 'NONE',  ( -0.1546372297519104932, -0.1771653543307087075, 0.06889763779527924292 ) ) ;
#551 = ORIENTED_EDGE ( 'NONE', *, *, #2233, .T. ) ;
#552 = CARTESIAN_POINT ( 'NONE',  ( 0.1476377952755905387, -0.1771653543307087075, 0.03740157480314960925 ) ) ;
#553 = FILL_AREA_STYLE ('',( #2854 ) ) ;
#554 = LINE ( 'NONE', #3274, #30 ) ;
#555 = UNCERTAINTY_MEASURE_WITH_UNIT (LENGTH_MEASURE( 1.000000000000000082E-05 ), #2555, 'distance_accuracy_value', 'NONE');
#556 = ORIENTED_EDGE ( 'NONE', *, *, #2289, .T. ) ;
#557 = PRESENTATION_LAYER_ASSIGNMENT (  '', '', ( #1980 ) ) ;
#558 = CARTESIAN_POINT ( 'NONE',  ( -0.1638944438849180563, -0.1797452566028488463, -0.04438856620994240110 ) ) ;
#559 = CARTESIAN_POINT ( 'NONE',  ( 0.1968503937007874127, -0.1811023622047244208, 0.02952755905511811330 ) ) ;
#560 = PRESENTATION_LAYER_ASSIGNMENT (  '', '', ( #1154 ) ) ;
#561 = ADVANCED_FACE ( 'NONE', ( #1106 ), #1158, .T. ) ;
#562 = ORIENTED_EDGE ( 'NONE', *, *, #1826, .F. ) ;
#563 = SURFACE_STYLE_USAGE ( .BOTH. , #1819 ) ;
#564 = CIRCLE ( 'NONE', #780, 0.01574803149606299885 ) ;
#565 = PRESENTATION_LAYER_ASSIGNMENT (  '', '', ( #886 ) ) ;
#566 = SURFACE_STYLE_FILL_AREA ( #2285 ) ;
#567 = VECTOR ( 'NONE', #2488, 39.37007874015748143 ) ;
#568 = AXIS2_PLACEMENT_3D ( 'NONE', #2435, #1200, #1035 ) ;
#569 = FACE_OUTER_BOUND ( 'NONE', #2014, .T. ) ;
#570 = DIRECTION ( 'NONE',  ( -1.000000000000000000, 0.0000000000000000000, 0.0000000000000000000 ) ) ;
#571 = AXIS2_PLACEMENT_3D ( 'NONE', #2691, #442, #961 ) ;
#572 = AXIS2_PLACEMENT_3D ( 'NONE', #2194, #1500, #1691 ) ;
#573 = DIRECTION ( 'NONE',  ( 1.000000000000000000, 0.0000000000000000000, 0.0000000000000000000 ) ) ;
#574 = MECHANICAL_DESIGN_GEOMETRIC_PRESENTATION_REPRESENTATION (  '', ( #312 ), #1426 ) ;
#575 = ORIENTED_EDGE ( 'NONE', *, *, #2246, .T. ) ;
#576 = VECTOR ( 'NONE', #1387, 39.37007874015748143 ) ;
#577 = LENGTH_MEASURE_WITH_UNIT ( LENGTH_MEASURE( 0.02539999999999999897 ), #1309 );
#578 = EDGE_CURVE ( 'NONE', #61, #1885, #731, .T. ) ;
#579 = CARTESIAN_POINT ( 'NONE',  ( 0.1546372297519104932, -0.1771653543307087075, -0.06889763779527924292 ) ) ;
#580 = ORIENTED_EDGE ( 'NONE', *, *, #2581, .T. ) ;
#581 = COLOUR_RGB ( '',0.7529411764705882248, 0.7529411764705882248, 0.0000000000000000000 ) ;
#582 = PRESENTATION_STYLE_ASSIGNMENT (( #287 ) ) ;
#583 = EDGE_LOOP ( 'NONE', ( #1914, #1282, #687, #1977 ) ) ;
#584 = FILL_AREA_STYLE_COLOUR ( '', #1732 ) ;
#585 = CARTESIAN_POINT ( 'NONE',  ( -0.1377952755905511861, -0.1761811023622047168, 0.04133858267716536417 ) ) ;
#586 = DIRECTION ( 'NONE',  ( 0.0000000000000000000, 0.0000000000000000000, -1.000000000000000000 ) ) ;
#587 = DIRECTION ( 'NONE',  ( 0.0000000000000000000, 0.0000000000000000000, -1.000000000000000000 ) ) ;
#588 = CARTESIAN_POINT ( 'NONE',  ( 0.1638944438849187224, -0.1797452566028490406, 0.04438856620993997942 ) ) ;
#589 = LENGTH_MEASURE_WITH_UNIT ( LENGTH_MEASURE( 0.02539999999999999897 ), #2584 );
#590 = EDGE_LOOP ( 'NONE', ( #681, #219, #2688, #2918, #2131, #535, #2842, #76, #1727, #738, #962, #1532, #973, #1070, #602, #1338, #2082, #1837, #980, #2564, #1747, #141, #3111, #2327, #1437, #3160 ) ) ;
#591 = FACE_OUTER_BOUND ( 'NONE', #2051, .T. ) ;
#592 = DIRECTION ( 'NONE',  ( 0.0000000000000000000, 0.0000000000000000000, 1.000000000000000000 ) ) ;
#593 = CARTESIAN_POINT ( 'NONE',  ( 0.1663356706636129889, -0.1811023622047238379, -0.03149606299212399929 ) ) ;
#594 = CARTESIAN_POINT ( 'NONE',  ( 0.1889763779527559029, -0.1811023622047242820, -0.03149606299212352051 ) ) ;
#595 = DIRECTION ( 'NONE',  ( 0.0000000000000000000, -1.000000000000000000, 0.0000000000000000000 ) ) ;
#596 = UNCERTAINTY_MEASURE_WITH_UNIT (LENGTH_MEASURE( 1.000000000000000082E-05 ), #2674, 'distance_accuracy_value', 'NONE');
#597 = VERTEX_POINT ( 'NONE', #2174 ) ;
#598 = EDGE_CURVE ( 'NONE', #3171, #1557, #952, .T. ) ;
#599 = CARTESIAN_POINT ( 'NONE',  ( 0.1614173228346456601, -0.1870078740157480324, -0.1771653543307086520 ) ) ;
#600 = DIRECTION ( 'NONE',  ( 1.000000000000000000, 0.0000000000000000000, 0.0000000000000000000 ) ) ;
#601 = EDGE_CURVE ( 'NONE', #2428, #2430, #1235, .T. ) ;
#602 = ORIENTED_EDGE ( 'NONE', *, *, #2375, .F. ) ;
#603 = SURFACE_STYLE_USAGE ( .BOTH. , #3055 ) ;
#604 = FACE_OUTER_BOUND ( 'NONE', #242, .T. ) ;
#605 = CARTESIAN_POINT ( 'NONE',  ( -0.1889763779527559029, -0.1811023622047240322, -0.03149606299212594912 ) ) ;
#606 = PLANE ( 'NONE',  #781 ) ;
#607 = ORIENTED_EDGE ( 'NONE', *, *, #2845, .T. ) ;
#608 = EDGE_CURVE ( 'NONE', #1452, #2638, #2283, .T. ) ;
#609 = DIRECTION ( 'NONE',  ( -0.0000000000000000000, -1.000000000000000000, -0.0000000000000000000 ) ) ;
#610 = CARTESIAN_POINT ( 'NONE',  ( 0.1279527559055118613, -0.1751968503937007815, 0.02952755905511811677 ) ) ;
#611 = CARTESIAN_POINT ( 'NONE',  ( -0.1574803149606299191, -0.1811023622047244208, 0.02559055118110236879 ) ) ;
#612 = DIRECTION ( 'NONE',  ( 1.000000000000000000, 0.0000000000000000000, 0.0000000000000000000 ) ) ;
#613 = ORIENTED_EDGE ( 'NONE', *, *, #1347, .T. ) ;
#614 = EDGE_LOOP ( 'NONE', ( #445, #195, #1242, #3094 ) ) ;
#615 = PLANE ( 'NONE',  #2363 ) ;
#616 = ORIENTED_EDGE ( 'NONE', *, *, #374, .T. ) ;
#617 = CARTESIAN_POINT ( 'NONE',  ( 0.1181102362204724532, 0.009842519685039369942, 0.1889763779527559306 ) ) ;
#618 = DIRECTION ( 'NONE',  ( 0.0000000000000000000, 0.0000000000000000000, -1.000000000000000000 ) ) ;
#619 = EDGE_CURVE ( 'NONE', #597, #2146, #2220, .T. ) ;
#620 = EDGE_CURVE ( 'NONE', #1345, #723, #2458, .T. ) ;
#621 = AXIS2_PLACEMENT_3D ( 'NONE', #974, #327, #587 ) ;
#622 = CARTESIAN_POINT ( 'NONE',  ( 0.1666963724121243995, -0.1751968503937007815, -0.02952755905511811330 ) ) ;
#623 = PRESENTATION_LAYER_ASSIGNMENT (  '', '', ( #2464 ) ) ;
#624 = STYLED_ITEM ( 'NONE', ( #1939 ), #658 ) ;
#625 = ORIENTED_EDGE ( 'NONE', *, *, #2715, .F. ) ;
#626 = LINE ( 'NONE', #128, #2200 ) ;
#627 = VECTOR ( 'NONE', #1146, 39.37007874015748143 ) ;
#628 = CARTESIAN_POINT ( 'NONE',  ( -0.1200787401574803098, -0.1771653543307087075, -0.03070866141732284463 ) ) ;
#629 = VECTOR ( 'NONE', #2590, 39.37007874015748143 ) ;
#630 = FILL_AREA_STYLE ('',( #2401 ) ) ;
#631 = VECTOR ( 'NONE', #1358, 39.37007874015748143 ) ;
#632 = AXIS2_PLACEMENT_3D ( 'NONE', #1695, #964, #1966 ) ;
#633 = ORIENTED_EDGE ( 'NONE', *, *, #1008, .F. ) ;
#634 = ORIENTED_EDGE ( 'NONE', *, *, #2604, .F. ) ;
#635 = CARTESIAN_POINT ( 'NONE',  ( 0.1476377952755905387, -0.1781496062992126150, 0.04133858267716536417 ) ) ;
#636 = VECTOR ( 'NONE', #1386, 39.37007874015748143 ) ;
#637 = ORIENTED_EDGE ( 'NONE', *, *, #278, .F. ) ;
#638 = CARTESIAN_POINT ( 'NONE',  ( 0.1663356706636126559, -0.1771653543307087075, -0.03149606299212598381 ) ) ;
#639 = LENGTH_MEASURE_WITH_UNIT ( LENGTH_MEASURE( 0.02539999999999999897 ), #1651 );
#640 = SURFACE_SIDE_STYLE ('',( #2606 ) ) ;
#641 =( GEOMETRIC_REPRESENTATION_CONTEXT ( 3 ) GLOBAL_UNCERTAINTY_ASSIGNED_CONTEXT ( ( #1494 ) ) GLOBAL_UNIT_ASSIGNED_CONTEXT ( ( #1830, #848, #1852 ) ) REPRESENTATION_CONTEXT ( 'NONE', 'WORKASPACE' ) );
#642 = DIRECTION ( 'NONE',  ( -1.000000000000000000, 0.0000000000000000000, 0.0000000000000000000 ) ) ;
#643 = EDGE_CURVE ( 'NONE', #371, #2008, #702, .T. ) ;
#644 = CARTESIAN_POINT ( 'NONE',  ( 0.1666963724121225954, -0.1771653543307087075, 0.02952755905511975781 ) ) ;
#645 = EDGE_LOOP ( 'NONE', ( #2904, #1613, #149, #215 ) ) ;
#646 = DIRECTION ( 'NONE',  ( 0.0000000000000000000, 0.0000000000000000000, -1.000000000000000000 ) ) ;
#647 =( CONVERSION_BASED_UNIT ( 'INCH', #129 ) LENGTH_UNIT ( ) NAMED_UNIT ( #773 ) );
#648 = CARTESIAN_POINT ( 'NONE',  ( 0.1476377952755905387, -0.1811023622047244208, 0.02952755905511811330 ) ) ;
#649 = FILL_AREA_STYLE ('',( #1168 ) ) ;
#650 = EDGE_LOOP ( 'NONE', ( #2681, #2605, #613, #2988, #127, #1234, #1321, #625, #813, #1704, #2664, #1886, #2206, #1361 ) ) ;
#651 = VERTEX_POINT ( 'NONE', #712 ) ;
#652 = CARTESIAN_POINT ( 'NONE',  ( 0.1476377952755905387, -0.1751968503937007815, 0.04133858267716536417 ) ) ;
#653 = CARTESIAN_POINT ( 'NONE',  ( 0.1666963724121243995, -0.1771653543307087075, -0.02952755905511811330 ) ) ;
#654 = ORIENTED_EDGE ( 'NONE', *, *, #84, .T. ) ;
#655 =( NAMED_UNIT ( * ) SI_UNIT ( $, .STERADIAN. ) SOLID_ANGLE_UNIT ( ) );
#656 = LENGTH_MEASURE_WITH_UNIT ( LENGTH_MEASURE( 0.02539999999999999897 ), #2898 );
#657 = CARTESIAN_POINT ( 'NONE',  ( 0.1574803149606299191, -0.1811023622047244208, -0.02559055118110236879 ) ) ;
#658 = ADVANCED_FACE ( 'NONE', ( #159 ), #2199, .T. ) ;
#659 = ORIENTED_EDGE ( 'NONE', *, *, #451, .T. ) ;
#660 = DIRECTION ( 'NONE',  ( 0.0000000000000000000, 1.000000000000000000, 0.0000000000000000000 ) ) ;
#661 = DIRECTION ( 'NONE',  ( -1.000000000000000000, 0.0000000000000000000, 0.0000000000000000000 ) ) ;
#662 = ADVANCED_FACE ( 'NONE', ( #2697 ), #1712, .T. ) ;
#663 = ORIENTED_EDGE ( 'NONE', *, *, #1955, .T. ) ;
#664 = LINE ( 'NONE', #1919, #3236 ) ;
#665 =( NAMED_UNIT ( * ) PLANE_ANGLE_UNIT ( ) SI_UNIT ( $, .RADIAN. ) );
#666 = DIRECTION ( 'NONE',  ( 0.0000000000000000000, 0.0000000000000000000, 1.000000000000000000 ) ) ;
#667 = ORIENTED_EDGE ( 'NONE', *, *, #2523, .T. ) ;
#668 = CARTESIAN_POINT ( 'NONE',  ( 4.821444091131311524E-18, 0.009842519685039369942, -0.03937007874015747977 ) ) ;
#669 =( NAMED_UNIT ( * ) PLANE_ANGLE_UNIT ( ) SI_UNIT ( $, .RADIAN. ) );
#670 = VECTOR ( 'NONE', #1183, 39.37007874015748143 ) ;
#671 = CARTESIAN_POINT ( 'NONE',  ( 0.05905511811023622659, -0.1771653543307087075, 0.1889763779527559029 ) ) ;
#672 = ORIENTED_EDGE ( 'NONE', *, *, #2944, .T. ) ;
#673 = SURFACE_SIDE_STYLE ('',( #142 ) ) ;
#674 = DIRECTION ( 'NONE',  ( 0.0000000000000000000, 0.0000000000000000000, 1.000000000000000000 ) ) ;
#675 = DIRECTION ( 'NONE',  ( 1.000000000000000000, 0.0000000000000000000, 0.0000000000000000000 ) ) ;
#676 = STYLED_ITEM ( 'NONE', ( #205 ), #1894 ) ;
#677 = VECTOR ( 'NONE', #509, 39.37007874015748143 ) ;
#678 = CARTESIAN_POINT ( 'NONE',  ( 0.1712598425196850405, -0.1811023622047244208, 0.02952755905511811330 ) ) ;
#679 = COLOUR_RGB ( '',0.7529411764705882248, 0.7529411764705882248, 0.0000000000000000000 ) ;
#680 = EDGE_LOOP ( 'NONE', ( #1734, #580, #391, #1205, #747, #3122, #51 ) ) ;
#681 = ORIENTED_EDGE ( 'NONE', *, *, #1856, .F. ) ;
#682 = FACE_OUTER_BOUND ( 'NONE', #1566, .T. ) ;
#683 = EDGE_CURVE ( 'NONE', #61, #3140, #2780, .T. ) ;
#684 = ADVANCED_FACE ( 'NONE', ( #1803 ), #2034, .T. ) ;
#685 = AXIS2_PLACEMENT_3D ( 'NONE', #2496, #2018, #2048 ) ;
#686 = VECTOR ( 'NONE', #675, 39.37007874015748143 ) ;
#687 = ORIENTED_EDGE ( 'NONE', *, *, #1698, .T. ) ;
#688 = VECTOR ( 'NONE', #1305, 39.37007874015748143 ) ;
#689 = CARTESIAN_POINT ( 'NONE',  ( -0.1154487240580314988, -0.1771653543307087075, 0.02952755905511811677 ) ) ;
#690 = AXIS2_PLACEMENT_3D ( 'NONE', #2384, #1141, #3054 ) ;
#691 = LINE ( 'NONE', #3180, #2926 ) ;
#692 = MECHANICAL_DESIGN_GEOMETRIC_PRESENTATION_REPRESENTATION (  '', ( #1848 ), #2886 ) ;
#693 = ORIENTED_EDGE ( 'NONE', *, *, #1746, .T. ) ;
#694 = CARTESIAN_POINT ( 'NONE',  ( -0.1476377952755905387, -0.1751968503937007815, 0.02952755905511811677 ) ) ;
#695 = DIRECTION ( 'NONE',  ( 1.000000000000000000, 0.0000000000000000000, 0.0000000000000000000 ) ) ;
#696 = CARTESIAN_POINT ( 'NONE',  ( 0.1161417322834645688, -0.1771653543307087075, -0.02952755905511811330 ) ) ;
#697 = ORIENTED_EDGE ( 'NONE', *, *, #2434, .F. ) ;
#698 = EDGE_LOOP ( 'NONE', ( #717, #2118, #2476, #2117 ) ) ;
#699 = CARTESIAN_POINT ( 'NONE',  ( -0.1546372297519104932, -0.1771653543307087075, 0.06889763779527924292 ) ) ;
#700 = EDGE_CURVE ( 'NONE', #928, #471, #3196, .T. ) ;
#701 = ORIENTED_EDGE ( 'NONE', *, *, #842, .F. ) ;
#702 = LINE ( 'NONE', #2446, #1368 ) ;
#703 = DIRECTION ( 'NONE',  ( 0.0000000000000000000, 1.000000000000000000, 0.0000000000000000000 ) ) ;
#704 = CARTESIAN_POINT ( 'NONE',  ( -0.1476377952755905387, -0.1338582677165354173, 0.02952755905511811330 ) ) ;
#705 =( CONVERSION_BASED_UNIT ( 'INCH', #395 ) LENGTH_UNIT ( ) NAMED_UNIT ( #751 ) );
#706 = ORIENTED_EDGE ( 'NONE', *, *, #608, .F. ) ;
#707 = PRESENTATION_STYLE_ASSIGNMENT (( #1466 ) ) ;
#708 = CARTESIAN_POINT ( 'NONE',  ( 0.1318897637795275746, -0.1811023622047244208, 0.03740157480314960925 ) ) ;
#709 = EDGE_CURVE ( 'NONE', #2809, #2846, #2021, .T. ) ;
#710 = ORIENTED_EDGE ( 'NONE', *, *, #330, .T. ) ;
#711 =( LENGTH_UNIT ( ) NAMED_UNIT ( * ) SI_UNIT ( $, .METRE. ) );
#712 = CARTESIAN_POINT ( 'NONE',  ( 0.1476377952755905387, -0.1811023622047244208, -0.03740157480314960925 ) ) ;
#713 = SURFACE_SIDE_STYLE ('',( #3021 ) ) ;
#714 = SURFACE_SIDE_STYLE ('',( #1738 ) ) ;
#715 = EDGE_CURVE ( 'NONE', #1464, #1076, #1300, .T. ) ;
#716 = DIRECTION ( 'NONE',  ( 1.000000000000000000, 0.0000000000000000000, 0.0000000000000000000 ) ) ;
#717 = ORIENTED_EDGE ( 'NONE', *, *, #2211, .T. ) ;
#718 = AXIS2_PLACEMENT_3D ( 'NONE', #1901, #166, #646 ) ;
#719 = SURFACE_SIDE_STYLE ('',( #3232 ) ) ;
#720 = CARTESIAN_POINT ( 'NONE',  ( -0.1889763779527559029, -0.1771653543307087075, 0.0000000000000000000 ) ) ;
#721 = CARTESIAN_POINT ( 'NONE',  ( 0.0000000000000000000, -0.08031496062992127261, 0.0000000000000000000 ) ) ;
#722 = VECTOR ( 'NONE', #517, 39.37007874015748143 ) ;
#723 = VERTEX_POINT ( 'NONE', #2056 ) ;
#724 = FILL_AREA_STYLE ('',( #2277 ) ) ;
#725 = DIRECTION ( 'NONE',  ( 0.0000000000000000000, -1.000000000000000000, 0.0000000000000000000 ) ) ;
#726 = AXIS2_PLACEMENT_3D ( 'NONE', #2415, #2945, #1697 ) ;
#727 = DIRECTION ( 'NONE',  ( 0.0000000000000000000, 1.000000000000000000, 0.0000000000000000000 ) ) ;
#728 =( GEOMETRIC_REPRESENTATION_CONTEXT ( 3 ) GLOBAL_UNCERTAINTY_ASSIGNED_CONTEXT ( ( #1814 ) ) GLOBAL_UNIT_ASSIGNED_CONTEXT ( ( #737, #3049, #2059 ) ) REPRESENTATION_CONTEXT ( 'NONE', 'WORKASPACE' ) );
#729 = VERTEX_POINT ( 'NONE', #2741 ) ;
#730 = MECHANICAL_DESIGN_GEOMETRIC_PRESENTATION_REPRESENTATION (  '', ( #2156 ), #835 ) ;
#731 = LINE ( 'NONE', #689, #2816 ) ;
#732 = DIMENSIONAL_EXPONENTS ( 1.000000000000000000, 0.0000000000000000000, 0.0000000000000000000, 0.0000000000000000000, 0.0000000000000000000, 0.0000000000000000000, 0.0000000000000000000 ) ;
#733 = VECTOR ( 'NONE', #3051, 39.37007874015748143 ) ;
#734 = PRESENTATION_LAYER_ASSIGNMENT (  '', '', ( #2366 ) ) ;
#735 = DIRECTION ( 'NONE',  ( 0.7071067811865474617, 0.0000000000000000000, -0.7071067811865474617 ) ) ;
#736 = VECTOR ( 'NONE', #2241, 39.37007874015748143 ) ;
#737 =( CONVERSION_BASED_UNIT ( 'INCH', #483 ) LENGTH_UNIT ( ) NAMED_UNIT ( #317 ) );
#738 = ORIENTED_EDGE ( 'NONE', *, *, #416, .F. ) ;
#739 = EDGE_CURVE ( 'NONE', #2994, #1591, #249, .T. ) ;
#740 = SURFACE_STYLE_USAGE ( .BOTH. , #2982 ) ;
#741 = CARTESIAN_POINT ( 'NONE',  ( -0.1666963724121243995, -0.1751968503937007815, -0.02952755905511811330 ) ) ;
#742 = CARTESIAN_POINT ( 'NONE',  ( -0.1279527559055118335, -0.1771653543307087075, 0.02952755905511811330 ) ) ;
#743 = ORIENTED_EDGE ( 'NONE', *, *, #907, .F. ) ;
#744 = LINE ( 'NONE', #2454, #1564 ) ;
#745 = CARTESIAN_POINT ( 'NONE',  ( -0.1177724943400515478, -0.1811023622047244486, 0.02789679699853113426 ) ) ;
#746 = FACE_OUTER_BOUND ( 'NONE', #2151, .T. ) ;
#747 = ORIENTED_EDGE ( 'NONE', *, *, #921, .F. ) ;
#748 = LINE ( 'NONE', #3022, #2099 ) ;
#749 = DIRECTION ( 'NONE',  ( 0.0000000000000000000, 0.0000000000000000000, 1.000000000000000000 ) ) ;
#750 = FACE_OUTER_BOUND ( 'NONE', #583, .T. ) ;
#751 = DIMENSIONAL_EXPONENTS ( 1.000000000000000000, 0.0000000000000000000, 0.0000000000000000000, 0.0000000000000000000, 0.0000000000000000000, 0.0000000000000000000, 0.0000000000000000000 ) ;
#752 = EDGE_LOOP ( 'NONE', ( #2301, #1514 ) ) ;
#753 = CARTESIAN_POINT ( 'NONE',  ( -0.1476377952755905387, -0.1771653543307087075, -0.04133858267716536417 ) ) ;
#754 = CYLINDRICAL_SURFACE ( 'NONE', #572, 0.1692913385826771699 ) ;
#755 = LINE ( 'NONE', #2491, #733 ) ;
#756 = EDGE_CURVE ( 'NONE', #2740, #2184, #2003, .T. ) ;
#757 = ORIENTED_EDGE ( 'NONE', *, *, #1933, .T. ) ;
#758 = CARTESIAN_POINT ( 'NONE',  ( -0.1614173228346456601, -0.1870078740157480324, -0.1456692913385826404 ) ) ;
#759 = DIRECTION ( 'NONE',  ( 1.000000000000000000, 0.0000000000000000000, 0.0000000000000000000 ) ) ;
#760 = LINE ( 'NONE', #2941, #2468 ) ;
#761 = EDGE_CURVE ( 'NONE', #1102, #1795, #1019, .T. ) ;
#762 = PRESENTATION_STYLE_ASSIGNMENT (( #3008 ) ) ;
#763 = UNCERTAINTY_MEASURE_WITH_UNIT (LENGTH_MEASURE( 1.000000000000000082E-05 ), #2894, 'distance_accuracy_value', 'NONE');
#764 = UNCERTAINTY_MEASURE_WITH_UNIT (LENGTH_MEASURE( 1.000000000000000082E-05 ), #2617, 'distance_accuracy_value', 'NONE');
#765 = EDGE_CURVE ( 'NONE', #2342, #1081, #748, .T. ) ;
#766 = PLANE ( 'NONE',  #2247 ) ;
#767 =( NAMED_UNIT ( * ) SI_UNIT ( $, .STERADIAN. ) SOLID_ANGLE_UNIT ( ) );
#768 = PRESENTATION_STYLE_ASSIGNMENT (( #1792 ) ) ;
#769 = SHAPE_DEFINITION_REPRESENTATION ( #2096, #2729 ) ;
#770 = ORIENTED_EDGE ( 'NONE', *, *, #2509, .T. ) ;
#771 = CARTESIAN_POINT ( 'NONE',  ( -0.1161417322834645827, -0.1771653543307087075, 0.02952755905511811677 ) ) ;
#772 = DIRECTION ( 'NONE',  ( 0.0000000000000000000, 0.0000000000000000000, -1.000000000000000000 ) ) ;
#773 = DIMENSIONAL_EXPONENTS ( 1.000000000000000000, 0.0000000000000000000, 0.0000000000000000000, 0.0000000000000000000, 0.0000000000000000000, 0.0000000000000000000, 0.0000000000000000000 ) ;
#774 = DIRECTION ( 'NONE',  ( 0.0000000000000000000, 0.0000000000000000000, 1.000000000000000000 ) ) ;
#775 = COLOUR_RGB ( '',0.7529411764705882248, 0.7529411764705882248, 0.0000000000000000000 ) ;
#776 = ORIENTED_EDGE ( 'NONE', *, *, #2433, .F. ) ;
#777 =( CONVERSION_BASED_UNIT ( 'INCH', #2519 ) LENGTH_UNIT ( ) NAMED_UNIT ( #2022 ) );
#778 = EDGE_CURVE ( 'NONE', #1464, #1171, #1817, .T. ) ;
#779 = CARTESIAN_POINT ( 'NONE',  ( -0.1161417322834645827, -0.1761811023622047168, 0.02952755905511811330 ) ) ;
#780 = AXIS2_PLACEMENT_3D ( 'NONE', #2953, #1207, #3207 ) ;
#781 = AXIS2_PLACEMENT_3D ( 'NONE', #2948, #1462, #972 ) ;
#782 = CARTESIAN_POINT ( 'NONE',  ( 0.1279527559055118335, -0.1794716001481374557, -0.02952755905511811330 ) ) ;
#783 = VECTOR ( 'NONE', #892, 39.37007874015748854 ) ;
#784 = DIRECTION ( 'NONE',  ( -0.0000000000000000000, -1.000000000000000000, -0.0000000000000000000 ) ) ;
#785 = DIRECTION ( 'NONE',  ( 0.0000000000000000000, -1.000000000000000000, 0.0000000000000000000 ) ) ;
#786 = CARTESIAN_POINT ( 'NONE',  ( 0.1318897637795275746, -0.1811023622047244208, -0.02559055118110236879 ) ) ;
#787 = FACE_OUTER_BOUND ( 'NONE', #2242, .T. ) ;
#788 = PRESENTATION_LAYER_ASSIGNMENT (  '', '', ( #2933 ) ) ;
#789 = ORIENTED_EDGE ( 'NONE', *, *, #2900, .T. ) ;
#790 = DIRECTION ( 'NONE',  ( 1.000000000000000000, 0.0000000000000000000, 0.0000000000000000000 ) ) ;
#791 = CARTESIAN_POINT ( 'NONE',  ( -0.1325827720049606584, -0.1771653543307087075, -0.02952755905511811677 ) ) ;
#792 = DIRECTION ( 'NONE',  ( 1.000000000000000000, 0.0000000000000000000, 0.0000000000000000000 ) ) ;
#793 = DIRECTION ( 'NONE',  ( 0.0000000000000000000, 1.000000000000000000, 0.0000000000000000000 ) ) ;
#794 =( GEOMETRIC_REPRESENTATION_CONTEXT ( 3 ) GLOBAL_UNCERTAINTY_ASSIGNED_CONTEXT ( ( #59 ) ) GLOBAL_UNIT_ASSIGNED_CONTEXT ( ( #1349, #2593, #655 ) ) REPRESENTATION_CONTEXT ( 'NONE', 'WORKASPACE' ) );
#795 = CARTESIAN_POINT ( 'NONE',  ( -0.1476377952755905387, -0.1811023622047244208, -0.03543307086613779744 ) ) ;
#796 = ORIENTED_EDGE ( 'NONE', *, *, #2322, .F. ) ;
#797 = DIRECTION ( 'NONE',  ( -1.000000000000000000, 0.0000000000000000000, 0.0000000000000000000 ) ) ;
#798 = DIRECTION ( 'NONE',  ( 1.000000000000000000, 0.0000000000000000000, 0.0000000000000000000 ) ) ;
#799 = DIMENSIONAL_EXPONENTS ( 1.000000000000000000, 0.0000000000000000000, 0.0000000000000000000, 0.0000000000000000000, 0.0000000000000000000, 0.0000000000000000000, 0.0000000000000000000 ) ;
#800 = ADVANCED_FACE ( 'NONE', ( #1752 ), #492, .T. ) ;
#801 =( CONVERSION_BASED_UNIT ( 'INCH', #62 ) LENGTH_UNIT ( ) NAMED_UNIT ( #1247 ) );
#802 = DIRECTION ( 'NONE',  ( 0.0000000000000000000, 0.0000000000000000000, -1.000000000000000000 ) ) ;
#803 = CARTESIAN_POINT ( 'NONE',  ( 0.1279527559055118335, -0.1771653543307087075, 0.04133858267716536417 ) ) ;
#804 = LINE ( 'NONE', #1769, #2557 ) ;
#805 = DIRECTION ( 'NONE',  ( 0.0000000000000000000, 0.0000000000000000000, 1.000000000000000000 ) ) ;
#806 = ORIENTED_EDGE ( 'NONE', *, *, #1821, .F. ) ;
#807 = SURFACE_SIDE_STYLE ('',( #3053 ) ) ;
#808 = CARTESIAN_POINT ( 'NONE',  ( -0.1889763779527559029, -0.09055118110236221041, 0.0000000000000000000 ) ) ;
#809 = SURFACE_SIDE_STYLE ('',( #2325 ) ) ;
#810 = FILL_AREA_STYLE ('',( #1265 ) ) ;
#811 = ADVANCED_FACE ( 'NONE', ( #2268 ), #2243, .T. ) ;
#812 = EDGE_LOOP ( 'NONE', ( #3271, #120, #2910, #2168 ) ) ;
#813 = ORIENTED_EDGE ( 'NONE', *, *, #2818, .F. ) ;
#814 = LINE ( 'NONE', #1888, #3263 ) ;
#815 = DIRECTION ( 'NONE',  ( 0.0000000000000000000, 1.000000000000000000, 0.0000000000000000000 ) ) ;
#816 = ORIENTED_EDGE ( 'NONE', *, *, #416, .T. ) ;
#817 = LINE ( 'NONE', #1788, #305 ) ;
#818 = EDGE_CURVE ( 'NONE', #3162, #1342, #161, .T. ) ;
#819 = DIRECTION ( 'NONE',  ( 1.000000000000000000, 0.0000000000000000000, 0.0000000000000000000 ) ) ;
#820 = ORIENTED_EDGE ( 'NONE', *, *, #434, .T. ) ;
#821 = CARTESIAN_POINT ( 'NONE',  ( 0.1889763779527559029, -0.1771653543307087075, -0.03543307086614173873 ) ) ;
#822 = LINE ( 'NONE', #1404, #1065 ) ;
#823 = CARTESIAN_POINT ( 'NONE',  ( 0.1889763779527559029, -0.1811023622047236159, 0.03149606299212590749 ) ) ;
#824 = LINE ( 'NONE', #2855, #631 ) ;
#825 = UNCERTAINTY_MEASURE_WITH_UNIT (LENGTH_MEASURE( 1.000000000000000082E-05 ), #34, 'distance_accuracy_value', 'NONE');
#826 =( GEOMETRIC_REPRESENTATION_CONTEXT ( 3 ) GLOBAL_UNCERTAINTY_ASSIGNED_CONTEXT ( ( #1232 ) ) GLOBAL_UNIT_ASSIGNED_CONTEXT ( ( #281, #2042, #910 ) ) REPRESENTATION_CONTEXT ( 'NONE', 'WORKASPACE' ) );
#827 = CARTESIAN_POINT ( 'NONE',  ( -0.1574803149606299191, -0.1811023622047244208, -0.02559055118110236879 ) ) ;
#828 = LENGTH_MEASURE_WITH_UNIT ( LENGTH_MEASURE( 0.02539999999999999897 ), #41 );
#829 = AXIS2_PLACEMENT_3D ( 'NONE', #2798, #288, #802 ) ;
#830 = VERTEX_POINT ( 'NONE', #186 ) ;
#831 = DIRECTION ( 'NONE',  ( 0.0000000000000000000, 0.0000000000000000000, 1.000000000000000000 ) ) ;
#832 = CARTESIAN_POINT ( 'NONE',  ( 0.1889763779527559029, -0.1771653543307087075, -0.03149606299212598381 ) ) ;
#833 = AXIS2_PLACEMENT_3D ( 'NONE', #2634, #2347, #393 ) ;
#834 = VECTOR ( 'NONE', #381, 39.37007874015748143 ) ;
#835 =( GEOMETRIC_REPRESENTATION_CONTEXT ( 3 ) GLOBAL_UNCERTAINTY_ASSIGNED_CONTEXT ( ( #2019 ) ) GLOBAL_UNIT_ASSIGNED_CONTEXT ( ( #3113, #3045, #1101 ) ) REPRESENTATION_CONTEXT ( 'NONE', 'WORKASPACE' ) );
#836 = DIRECTION ( 'NONE',  ( -1.000000000000000000, 0.0000000000000000000, 0.0000000000000000000 ) ) ;
#837 = PRESENTATION_STYLE_ASSIGNMENT (( #2087 ) ) ;
#838 =( CONVERSION_BASED_UNIT ( 'INCH', #2089 ) LENGTH_UNIT ( ) NAMED_UNIT ( #1784 ) );
#839 = COLOUR_RGB ( '',0.7529411764705882248, 0.7529411764705882248, 0.0000000000000000000 ) ;
#840 = VECTOR ( 'NONE', #2017, 39.37007874015748143 ) ;
#841 = DIRECTION ( 'NONE',  ( 0.0000000000000000000, -1.000000000000000000, 0.0000000000000000000 ) ) ;
#842 = EDGE_CURVE ( 'NONE', #1198, #651, #449, .T. ) ;
#843 = PRESENTATION_LAYER_ASSIGNMENT (  '', '', ( #1844 ) ) ;
#844 = ORIENTED_EDGE ( 'NONE', *, *, #1388, .F. ) ;
#845 = AXIS2_PLACEMENT_3D ( 'NONE', #1485, #2253, #240 ) ;
#846 = FILL_AREA_STYLE ('',( #1095 ) ) ;
#847 = DIRECTION ( 'NONE',  ( 1.000000000000000000, 0.0000000000000000000, 0.0000000000000000000 ) ) ;
#848 =( NAMED_UNIT ( * ) PLANE_ANGLE_UNIT ( ) SI_UNIT ( $, .RADIAN. ) );
#849 = LINE ( 'NONE', #2291, #1271 ) ;
#850 = AXIS2_PLACEMENT_3D ( 'NONE', #628, #1096, #2094 ) ;
#851 = ORIENTED_EDGE ( 'NONE', *, *, #513, .T. ) ;
#852 = VECTOR ( 'NONE', #917, 39.37007874015748143 ) ;
#853 = CARTESIAN_POINT ( 'NONE',  ( -0.1318897637795275746, -0.1811023622047244208, 0.0000000000000000000 ) ) ;
#854 = SURFACE_SIDE_STYLE ('',( #2120 ) ) ;
#855 = ORIENTED_EDGE ( 'NONE', *, *, #427, .T. ) ;
#856 = FILL_AREA_STYLE_COLOUR ( '', #2663 ) ;
#857 = EDGE_CURVE ( 'NONE', #1758, #79, #2447, .T. ) ;
#858 = CARTESIAN_POINT ( 'NONE',  ( 0.1663356706636035520, -0.1811023622047238102, 0.03149606299212422827 ) ) ;
#859 = FACE_OUTER_BOUND ( 'NONE', #922, .T. ) ;
#860 = VERTEX_POINT ( 'NONE', #1192 ) ;
#861 =( NAMED_UNIT ( * ) PLANE_ANGLE_UNIT ( ) SI_UNIT ( $, .RADIAN. ) );
#862 = EDGE_CURVE ( 'NONE', #2542, #179, #2875, .T. ) ;
#863 = LINE ( 'NONE', #73, #948 ) ;
#864 = UNCERTAINTY_MEASURE_WITH_UNIT (LENGTH_MEASURE( 1.000000000000000082E-05 ), #3153, 'distance_accuracy_value', 'NONE');
#865 = ORIENTED_EDGE ( 'NONE', *, *, #2551, .T. ) ;
#866 = DIRECTION ( 'NONE',  ( 1.000000000000000000, 0.0000000000000000000, 0.0000000000000000000 ) ) ;
#867 = EDGE_CURVE ( 'NONE', #2250, #1795, #691, .T. ) ;
#868 = ORIENTED_EDGE ( 'NONE', *, *, #2756, .T. ) ;
#869 = LINE ( 'NONE', #2136, #2374 ) ;
#870 = CARTESIAN_POINT ( 'NONE',  ( 0.1968503937007874127, -0.1811023622047244208, -0.02952755905511811330 ) ) ;
#871 = CARTESIAN_POINT ( 'NONE',  ( 0.1279527559055118335, -0.1751968503937007815, -8.829491818350393946E-11 ) ) ;
#872 = VERTEX_POINT ( 'NONE', #1449 ) ;
#873 = CARTESIAN_POINT ( 'NONE',  ( -0.1968503937007874127, -0.08661417322834646937, 0.02952755905511811330 ) ) ;
#874 =( BOUNDED_CURVE ( )  B_SPLINE_CURVE ( 3, ( #110, #1181, #588, #858 ),
 .UNSPECIFIED., .F., .T. ) 
 B_SPLINE_CURVE_WITH_KNOTS ( ( 4, 4 ),
 ( 4.293247121138077382, 4.525252117832869736 ),
 .UNSPECIFIED. ) 
 CURVE ( )  GEOMETRIC_REPRESENTATION_ITEM ( )  RATIONAL_B_SPLINE_CURVE ( ( 1.000000000000000000, 0.9955195011904695024, 0.9955195011904695024, 1.000000000000000000 ) ) 
 REPRESENTATION_ITEM ( '' )  );
#875 =( LENGTH_UNIT ( ) NAMED_UNIT ( * ) SI_UNIT ( $, .METRE. ) );
#876 = ORIENTED_EDGE ( 'NONE', *, *, #1565, .T. ) ;
#877 = EDGE_LOOP ( 'NONE', ( #2891, #286, #3238, #1951 ) ) ;
#878 = CARTESIAN_POINT ( 'NONE',  ( -0.1279527559055118335, -0.1771653543307087075, -0.02952755905511811330 ) ) ;
#879 = SURFACE_STYLE_USAGE ( .BOTH. , #1430 ) ;
#880 = EDGE_CURVE ( 'NONE', #2744, #860, #1970, .T. ) ;
#881 = ORIENTED_EDGE ( 'NONE', *, *, #1956, .F. ) ;
#882 = MECHANICAL_DESIGN_GEOMETRIC_PRESENTATION_REPRESENTATION (  '', ( #458 ), #2097 ) ;
#883 = LINE ( 'NONE', #3158, #2764 ) ;
#884 = MECHANICAL_DESIGN_GEOMETRIC_PRESENTATION_REPRESENTATION (  '', ( #942 ), #412 ) ;
#885 = DIRECTION ( 'NONE',  ( 0.0000000000000000000, 0.0000000000000000000, 1.000000000000000000 ) ) ;
#886 = STYLED_ITEM ( 'NONE', ( #1350 ), #546 ) ;
#887 = ORIENTED_EDGE ( 'NONE', *, *, #761, .F. ) ;
#888 = FACE_OUTER_BOUND ( 'NONE', #37, .T. ) ;
#889 = AXIS2_PLACEMENT_3D ( 'NONE', #1531, #2287, #1064 ) ;
#890 = CARTESIAN_POINT ( 'NONE',  ( -0.1712598425196850405, -0.1338582677165354173, -0.02952755905511811330 ) ) ;
#891 = STYLED_ITEM ( 'NONE', ( #2462 ), #914 ) ;
#892 = DIRECTION ( 'NONE',  ( 0.7071067811865474617, 0.0000000000000000000, -0.7071067811865474617 ) ) ;
#893 =( CONVERSION_BASED_UNIT ( 'INCH', #1632 ) LENGTH_UNIT ( ) NAMED_UNIT ( #3252 ) );
#894 = VECTOR ( 'NONE', #534, 39.37007874015748143 ) ;
#895 = AXIS2_PLACEMENT_3D ( 'NONE', #456, #474, #2238 ) ;
#896 = ORIENTED_EDGE ( 'NONE', *, *, #2995, .T. ) ;
#897 = ORIENTED_EDGE ( 'NONE', *, *, #1881, .F. ) ;
#898 = DIRECTION ( 'NONE',  ( -1.000000000000000000, 0.0000000000000000000, 0.0000000000000000000 ) ) ;
#899 = CARTESIAN_POINT ( 'NONE',  ( -0.1279527559055118335, -0.1751968503937007815, -8.829491818350393946E-11 ) ) ;
#900 = COLOUR_RGB ( '',0.7529411764705882248, 0.7529411764705882248, 0.0000000000000000000 ) ;
#901 = COLOUR_RGB ( '',0.5019607843137254832, 0.5019607843137254832, 0.5019607843137254832 ) ;
#902 = ORIENTED_EDGE ( 'NONE', *, *, #234, .F. ) ;
#903 = LENGTH_MEASURE_WITH_UNIT ( LENGTH_MEASURE( 0.02539999999999999897 ), #2482 );
#904 = SURFACE_STYLE_USAGE ( .BOTH. , #1126 ) ;
#905 =( NAMED_UNIT ( * ) PLANE_ANGLE_UNIT ( ) SI_UNIT ( $, .RADIAN. ) );
#906 = AXIS2_PLACEMENT_3D ( 'NONE', #150, #2893, #2215 ) ;
#907 = EDGE_CURVE ( 'NONE', #1604, #2630, #1287, .T. ) ;
#908 = DIRECTION ( 'NONE',  ( 0.0000000000000000000, 1.000000000000000000, 0.0000000000000000000 ) ) ;
#909 = ORIENTED_EDGE ( 'NONE', *, *, #700, .F. ) ;
#910 =( NAMED_UNIT ( * ) SI_UNIT ( $, .STERADIAN. ) SOLID_ANGLE_UNIT ( ) );
#911 = CARTESIAN_POINT ( 'NONE',  ( 0.1574803149606299191, -0.1811023622047244208, 0.02559055118110236879 ) ) ;
#912 = VERTEX_POINT ( 'NONE', #508 ) ;
#913 = FILL_AREA_STYLE ('',( #2170 ) ) ;
#914 = ADVANCED_FACE ( 'NONE', ( #2 ), #1925, .T. ) ;
#915 = EDGE_LOOP ( 'NONE', ( #1050, #1995 ) ) ;
#916 = FACE_OUTER_BOUND ( 'NONE', #1689, .T. ) ;
#917 = DIRECTION ( 'NONE',  ( 1.000000000000000000, 0.0000000000000000000, 0.0000000000000000000 ) ) ;
#918 = DIRECTION ( 'NONE',  ( 0.0000000000000000000, 1.000000000000000000, 0.0000000000000000000 ) ) ;
#919 = DIRECTION ( 'NONE',  ( 0.0000000000000000000, -1.000000000000000000, 0.0000000000000000000 ) ) ;
#920 = LINE ( 'NONE', #2222, #1892 ) ;
#921 = EDGE_CURVE ( 'NONE', #2702, #912, #1686, .T. ) ;
#922 = EDGE_LOOP ( 'NONE', ( #950, #2112, #2642, #637, #10 ) ) ;
#923 =( CONVERSION_BASED_UNIT ( 'INCH', #3142 ) LENGTH_UNIT ( ) NAMED_UNIT ( #21 ) );
#924 = CARTESIAN_POINT ( 'NONE',  ( -0.1666963724121259816, -0.1338582677165354173, 0.02952755905511811330 ) ) ;
#925 = CARTESIAN_POINT ( 'NONE',  ( -0.1968503937007874127, -0.08661417322834646937, -0.02952755905511811330 ) ) ;
#926 = CARTESIAN_POINT ( 'NONE',  ( -0.1712598425196850405, -0.1811023622047244208, -0.02952755905511811330 ) ) ;
#927 = ORIENTED_EDGE ( 'NONE', *, *, #1841, .T. ) ;
#928 = VERTEX_POINT ( 'NONE', #2929 ) ;
#929 = CARTESIAN_POINT ( 'NONE',  ( -0.1663356706635826521, -0.1791338582677165503, -0.03149606299212598381 ) ) ;
#930 = DIRECTION ( 'NONE',  ( 0.0000000000000000000, -1.000000000000000000, 0.0000000000000000000 ) ) ;
#931 = ORIENTED_EDGE ( 'NONE', *, *, #2433, .T. ) ;
#932 = LINE ( 'NONE', #1413, #1681 ) ;
#933 = CARTESIAN_POINT ( 'NONE',  ( 0.1476377952755905387, -0.1811023622047244208, 0.0000000000000000000 ) ) ;
#934 =( NAMED_UNIT ( * ) PLANE_ANGLE_UNIT ( ) SI_UNIT ( $, .RADIAN. ) );
#935 = CIRCLE ( 'NONE', #2502, 0.003937007874015745375 ) ;
#936 = VERTEX_POINT ( 'NONE', #2758 ) ;
#937 = LINE ( 'NONE', #1948, #1845 ) ;
#938 = VECTOR ( 'NONE', #1974, 39.37007874015748143 ) ;
#939 = MECHANICAL_DESIGN_GEOMETRIC_PRESENTATION_REPRESENTATION (  '', ( #511 ), #1992 ) ;
#940 =( CONVERSION_BASED_UNIT ( 'INCH', #2227 ) LENGTH_UNIT ( ) NAMED_UNIT ( #493 ) );
#941 = EDGE_CURVE ( 'NONE', #1918, #321, #2671, .T. ) ;
#942 = STYLED_ITEM ( 'NONE', ( #1700 ), #1967 ) ;
#943 = ORIENTED_EDGE ( 'NONE', *, *, #967, .T. ) ;
#944 = VECTOR ( 'NONE', #1659, 39.37007874015748143 ) ;
#945 = ORIENTED_EDGE ( 'NONE', *, *, #2942, .T. ) ;
#946 =( CONVERSION_BASED_UNIT ( 'INCH', #171 ) LENGTH_UNIT ( ) NAMED_UNIT ( #3039 ) );
#947 = LINE ( 'NONE', #1953, #3035 ) ;
#948 = VECTOR ( 'NONE', #1855, 39.37007874015748143 ) ;
#949 = MECHANICAL_DESIGN_GEOMETRIC_PRESENTATION_REPRESENTATION (  '', ( #2366 ), #2577 ) ;
#950 = ORIENTED_EDGE ( 'NONE', *, *, #15, .T. ) ;
#951 = VECTOR ( 'NONE', #2040, 39.37007874015748143 ) ;
#952 = LINE ( 'NONE', #2234, #1320 ) ;
#953 = AXIS2_PLACEMENT_3D ( 'NONE', #1013, #244, #759 ) ;
#954 = DIRECTION ( 'NONE',  ( 0.0000000000000000000, 0.0000000000000000000, 1.000000000000000000 ) ) ;
#955 = VECTOR ( 'NONE', #1998, 39.37007874015748143 ) ;
#956 =( NAMED_UNIT ( * ) SI_UNIT ( $, .STERADIAN. ) SOLID_ANGLE_UNIT ( ) );
#957 = ADVANCED_FACE ( 'NONE', ( #1699 ), #2221, .T. ) ;
#958 =( NAMED_UNIT ( * ) PLANE_ANGLE_UNIT ( ) SI_UNIT ( $, .RADIAN. ) );
#959 = VERTEX_POINT ( 'NONE', #2549 ) ;
#960 =( NAMED_UNIT ( * ) SI_UNIT ( $, .STERADIAN. ) SOLID_ANGLE_UNIT ( ) );
#961 = DIRECTION ( 'NONE',  ( 0.0000000000000000000, 0.0000000000000000000, 1.000000000000000000 ) ) ;
#962 = ORIENTED_EDGE ( 'NONE', *, *, #1108, .F. ) ;
#963 =( NAMED_UNIT ( * ) PLANE_ANGLE_UNIT ( ) SI_UNIT ( $, .RADIAN. ) );
#964 = DIRECTION ( 'NONE',  ( 0.0000000000000000000, 0.0000000000000000000, 1.000000000000000000 ) ) ;
#965 = UNCERTAINTY_MEASURE_WITH_UNIT (LENGTH_MEASURE( 1.000000000000000082E-05 ), #2172, 'distance_accuracy_value', 'NONE');
#966 = ORIENTED_EDGE ( 'NONE', *, *, #1108, .T. ) ;
#967 = EDGE_CURVE ( 'NONE', #2819, #2696, #2295, .T. ) ;
#968 = EDGE_CURVE ( 'NONE', #3162, #2702, #1123, .T. ) ;
#969 = DIMENSIONAL_EXPONENTS ( 1.000000000000000000, 0.0000000000000000000, 0.0000000000000000000, 0.0000000000000000000, 0.0000000000000000000, 0.0000000000000000000, 0.0000000000000000000 ) ;
#970 = CARTESIAN_POINT ( 'NONE',  ( 0.1889763779527559029, -0.09055118110236221041, -0.03149606299212598381 ) ) ;
#971 = CARTESIAN_POINT ( 'NONE',  ( -0.1279527559055118335, -0.1761811023622047168, -0.03543307086614173873 ) ) ;
#972 = DIRECTION ( 'NONE',  ( 0.0000000000000000000, 0.0000000000000000000, -1.000000000000000000 ) ) ;
#973 = ORIENTED_EDGE ( 'NONE', *, *, #112, .F. ) ;
#974 = CARTESIAN_POINT ( 'NONE',  ( 0.0000000000000000000, -0.1771653543307087075, 0.0000000000000000000 ) ) ;
#975 = PLANE ( 'NONE',  #895 ) ;
#976 = DIRECTION ( 'NONE',  ( 0.0000000000000000000, 0.0000000000000000000, -1.000000000000000000 ) ) ;
#977 = DIRECTION ( 'NONE',  ( 0.0000000000000000000, 0.0000000000000000000, 1.000000000000000000 ) ) ;
#978 = ORIENTED_EDGE ( 'NONE', *, *, #2408, .T. ) ;
#979 = ORIENTED_EDGE ( 'NONE', *, *, #2134, .F. ) ;
#980 = ORIENTED_EDGE ( 'NONE', *, *, #2457, .F. ) ;
#981 = DIRECTION ( 'NONE',  ( -1.000000000000000000, -0.0000000000000000000, -0.0000000000000000000 ) ) ;
#982 =( BOUNDED_CURVE ( )  B_SPLINE_CURVE ( 3, ( #118, #558, #39, #1072 ),
 .UNSPECIFIED., .F., .T. ) 
 B_SPLINE_CURVE_WITH_KNOTS ( ( 4, 4 ),
 ( 1.757933189346738923, 1.989938186041509294 ),
 .UNSPECIFIED. ) 
 CURVE ( )  GEOMETRIC_REPRESENTATION_ITEM ( )  RATIONAL_B_SPLINE_CURVE ( ( 1.000000000000000000, 0.9955195011904702795, 0.9955195011904702795, 1.000000000000000000 ) ) 
 REPRESENTATION_ITEM ( '' )  );
#983 = EDGE_CURVE ( 'NONE', #1492, #488, #20, .T. ) ;
#984 = CARTESIAN_POINT ( 'NONE',  ( 0.1535433070866141780, -0.08858267716535435377, 0.1535433070866141780 ) ) ;
#985 = DIRECTION ( 'NONE',  ( 0.0000000000000000000, 0.1046847845180010755, 0.9945054529214104599 ) ) ;
#986 = ORIENTED_EDGE ( 'NONE', *, *, #1588, .T. ) ;
#987 =( GEOMETRIC_REPRESENTATION_CONTEXT ( 3 ) GLOBAL_UNCERTAINTY_ASSIGNED_CONTEXT ( ( #1268 ) ) GLOBAL_UNIT_ASSIGNED_CONTEXT ( ( #333, #2586, #348 ) ) REPRESENTATION_CONTEXT ( 'NONE', 'WORKASPACE' ) );
#988 = FACE_OUTER_BOUND ( 'NONE', #325, .T. ) ;
#989 = FILL_AREA_STYLE_COLOUR ( '', #998 ) ;
#990 = STYLED_ITEM ( 'NONE', ( #1255 ), #272 ) ;
#991 = EDGE_LOOP ( 'NONE', ( #2240, #997, #927, #897 ) ) ;
#992 = VECTOR ( 'NONE', #2731, 39.37007874015748143 ) ;
#993 = LENGTH_MEASURE_WITH_UNIT ( LENGTH_MEASURE( 0.02539999999999999897 ), #1730 );
#994 = DIRECTION ( 'NONE',  ( -0.7071067811865519026, 1.734723475976815614E-14, -0.7071067811865432429 ) ) ;
#995 = COLOUR_RGB ( '',0.7529411764705882248, 0.7529411764705882248, 0.0000000000000000000 ) ;
#996 = PRESENTATION_LAYER_ASSIGNMENT (  '', '', ( #2156 ) ) ;
#997 = ORIENTED_EDGE ( 'NONE', *, *, #74, .T. ) ;
#998 = COLOUR_RGB ( '',0.7529411764705882248, 0.7529411764705882248, 0.0000000000000000000 ) ;
#999 = MECHANICAL_DESIGN_GEOMETRIC_PRESENTATION_REPRESENTATION (  '', ( #2159 ), #1424 ) ;
#1000 = DIRECTION ( 'NONE',  ( 0.0000000000000000000, 1.000000000000000000, 0.0000000000000000000 ) ) ;
#1001 = CARTESIAN_POINT ( 'NONE',  ( -0.1614173228346456601, -0.1771653543307087075, 0.1771653543307086520 ) ) ;
#1002 = EDGE_CURVE ( 'NONE', #1076, #431, #1086, .T. ) ;
#1003 = MECHANICAL_DESIGN_GEOMETRIC_PRESENTATION_REPRESENTATION (  '', ( #3156 ), #1846 ) ;
#1004 = PLANE ( 'NONE',  #1111 ) ;
#1005 = ORIENTED_EDGE ( 'NONE', *, *, #2071, .T. ) ;
#1006 = LENGTH_MEASURE_WITH_UNIT ( LENGTH_MEASURE( 0.02539999999999999897 ), #2965 );
#1007 = LENGTH_MEASURE_WITH_UNIT ( LENGTH_MEASURE( 0.02539999999999999897 ), #1989 );
#1008 = EDGE_CURVE ( 'NONE', #179, #2103, #340, .T. ) ;
#1009 = LINE ( 'NONE', #2718, #2313 ) ;
#1010 = CARTESIAN_POINT ( 'NONE',  ( 0.0000000000000000000, -0.1745038421682677532, -0.1692913385826771699 ) ) ;
#1011 =( LENGTH_UNIT ( ) NAMED_UNIT ( * ) SI_UNIT ( $, .METRE. ) );
#1012 = ORIENTED_EDGE ( 'NONE', *, *, #530, .T. ) ;
#1013 = CARTESIAN_POINT ( 'NONE',  ( -0.09448818897637795144, -0.08858267716535435377, -0.1889763779527559029 ) ) ;
#1014 = PLANE ( 'NONE',  #524 ) ;
#1015 = PLANE ( 'NONE',  #1524 ) ;
#1016 = DIMENSIONAL_EXPONENTS ( 1.000000000000000000, 0.0000000000000000000, 0.0000000000000000000, 0.0000000000000000000, 0.0000000000000000000, 0.0000000000000000000, 0.0000000000000000000 ) ;
#1017 = ORIENTED_EDGE ( 'NONE', *, *, #1432, .T. ) ;
#1018 = EDGE_CURVE ( 'NONE', #1677, #2629, #203, .T. ) ;
#1019 = LINE ( 'NONE', #2996, #2765 ) ;
#1020 = FACE_OUTER_BOUND ( 'NONE', #2734, .T. ) ;
#1021 = PRESENTATION_STYLE_ASSIGNMENT (( #2235 ) ) ;
#1022 = DIRECTION ( 'NONE',  ( 1.000000000000000000, 0.0000000000000000000, 0.0000000000000000000 ) ) ;
#1023 = PRESENTATION_STYLE_ASSIGNMENT (( #2560 ) ) ;
#1024 = CYLINDRICAL_SURFACE ( 'NONE', #1325, 0.1692913385826771699 ) ;
#1025 =( NAMED_UNIT ( * ) PLANE_ANGLE_UNIT ( ) SI_UNIT ( $, .RADIAN. ) );
#1026 = ADVANCED_FACE ( 'NONE', ( #2360 ), #1051, .T. ) ;
#1027 = ORIENTED_EDGE ( 'NONE', *, *, #214, .F. ) ;
#1028 = DIRECTION ( 'NONE',  ( 0.0000000000000000000, 0.0000000000000000000, -1.000000000000000000 ) ) ;
#1029 = FILL_AREA_STYLE ('',( #3273 ) ) ;
#1030 = FILL_AREA_STYLE ('',( #1490 ) ) ;
#1031 = CARTESIAN_POINT ( 'NONE',  ( 0.1968503937007874127, -0.08661417322834646937, -0.02952755905511811330 ) ) ;
#1032 = FACE_BOUND ( 'NONE', #3184, .T. ) ;
#1033 = UNCERTAINTY_MEASURE_WITH_UNIT (LENGTH_MEASURE( 1.000000000000000082E-05 ), #2481, 'distance_accuracy_value', 'NONE');
#1034 = VERTEX_POINT ( 'NONE', #1558 ) ;
#1035 = DIRECTION ( 'NONE',  ( 0.0000000000000000000, 0.0000000000000000000, -1.000000000000000000 ) ) ;
#1036 = PRODUCT_DEFINITION_CONTEXT ( 'detailed design', #1921, 'design' ) ;
#1037 = LINE ( 'NONE', #2035, #2045 ) ;
#1038 =( LENGTH_UNIT ( ) NAMED_UNIT ( * ) SI_UNIT ( $, .METRE. ) );
#1039 =( NAMED_UNIT ( * ) PLANE_ANGLE_UNIT ( ) SI_UNIT ( $, .RADIAN. ) );
#1040 = CARTESIAN_POINT ( 'NONE',  ( -0.1712598425196850405, -0.1338582677165354173, 0.02952755905511811330 ) ) ;
#1041 = DIRECTION ( 'NONE',  ( 1.000000000000000000, 0.0000000000000000000, 0.0000000000000000000 ) ) ;
#1042 = ORIENTED_EDGE ( 'NONE', *, *, #2175, .F. ) ;
#1043 = LENGTH_MEASURE_WITH_UNIT ( LENGTH_MEASURE( 0.02539999999999999897 ), #1868 );
#1044 = CARTESIAN_POINT ( 'NONE',  ( -0.1776560243081889701, -0.1771653543307087075, 0.03051181102362205549 ) ) ;
#1045 = FACE_OUTER_BOUND ( 'NONE', #1600, .T. ) ;
#1046 = AXIS2_PLACEMENT_3D ( 'NONE', #1259, #3260, #3005 ) ;
#1047 = EDGE_CURVE ( 'NONE', #1696, #1483, #1318, .T. ) ;
#1048 =( NAMED_UNIT ( * ) SI_UNIT ( $, .STERADIAN. ) SOLID_ANGLE_UNIT ( ) );
#1049 = MECHANICAL_DESIGN_GEOMETRIC_PRESENTATION_REPRESENTATION (  '', ( #990 ), #2972 ) ;
#1050 = ORIENTED_EDGE ( 'NONE', *, *, #2054, .T. ) ;
#1051 = PLANE ( 'NONE',  #2667 ) ;
#1052 = DIRECTION ( 'NONE',  ( -1.000000000000000000, 0.0000000000000000000, 0.0000000000000000000 ) ) ;
#1053 = PRESENTATION_LAYER_ASSIGNMENT (  '', '', ( #200 ) ) ;
#1054 = AXIS2_PLACEMENT_3D ( 'NONE', #1592, #3095, #1838 ) ;
#1055 = FILL_AREA_STYLE_COLOUR ( '', #3255 ) ;
#1056 =( LENGTH_UNIT ( ) NAMED_UNIT ( * ) SI_UNIT ( $, .METRE. ) );
#1057 = STYLED_ITEM ( 'NONE', ( #1392 ), #2391 ) ;
#1058 = CARTESIAN_POINT ( 'NONE',  ( 0.1279527559055118335, -0.1771653543307087075, -0.02952755905511811330 ) ) ;
#1059 = COLOUR_RGB ( '',0.7529411764705882248, 0.7529411764705882248, 0.0000000000000000000 ) ;
#1060 = SURFACE_STYLE_FILL_AREA ( #1822 ) ;
#1061 = PRESENTATION_LAYER_ASSIGNMENT (  '', '', ( #155 ) ) ;
#1062 =( LENGTH_UNIT ( ) NAMED_UNIT ( * ) SI_UNIT ( $, .METRE. ) );
#1063 = EDGE_CURVE ( 'NONE', #3112, #100, #1299, .T. ) ;
#1064 = DIRECTION ( 'NONE',  ( 0.0000000000000000000, 0.0000000000000000000, -1.000000000000000000 ) ) ;
#1065 = VECTOR ( 'NONE', #3143, 39.37007874015748143 ) ;
#1066 = ORIENTED_EDGE ( 'NONE', *, *, #1956, .T. ) ;
#1067 = FILL_AREA_STYLE ('',( #2113 ) ) ;
#1068 = LINE ( 'NONE', #791, #1904 ) ;
#1069 = FILL_AREA_STYLE ('',( #2337 ) ) ;
#1070 = ORIENTED_EDGE ( 'NONE', *, *, #2023, .T. ) ;
#1071 = ORIENTED_EDGE ( 'NONE', *, *, #2101, .T. ) ;
#1072 = CARTESIAN_POINT ( 'NONE',  ( -0.1546372297519104932, -0.1771653543307087075, -0.06889763779527924292 ) ) ;
#1073 = CARTESIAN_POINT ( 'NONE',  ( 0.1776560243081889701, -0.1771653543307087075, -0.03149606299212598381 ) ) ;
#1074 = CARTESIAN_POINT ( 'NONE',  ( 0.1614173228346456601, -0.1870078740157480324, -0.1614173228346456601 ) ) ;
#1075 = EDGE_CURVE ( 'NONE', #1594, #1147, #2070, .T. ) ;
#1076 = VERTEX_POINT ( 'NONE', #527 ) ;
#1077 = SURFACE_STYLE_FILL_AREA ( #44 ) ;
#1078 = DIRECTION ( 'NONE',  ( 1.000000000000000000, 0.0000000000000000000, 0.0000000000000000000 ) ) ;
#1079 = DIRECTION ( 'NONE',  ( 0.0000000000000000000, 0.0000000000000000000, -1.000000000000000000 ) ) ;
#1080 = CARTESIAN_POINT ( 'NONE',  ( 0.1614173228346456601, -0.1870078740157480324, -0.1614173228346456601 ) ) ;
#1081 = VERTEX_POINT ( 'NONE', #1816 ) ;
#1082 =( LENGTH_UNIT ( ) NAMED_UNIT ( * ) SI_UNIT ( $, .METRE. ) );
#1083 = LINE ( 'NONE', #525, #368 ) ;
#1084 = ORIENTED_EDGE ( 'NONE', *, *, #1113, .T. ) ;
#1085 = DIRECTION ( 'NONE',  ( 1.000000000000000000, 0.0000000000000000000, 0.0000000000000000000 ) ) ;
#1086 = LINE ( 'NONE', #1606, #629 ) ;
#1087 =( CONVERSION_BASED_UNIT ( 'INCH', #828 ) LENGTH_UNIT ( ) NAMED_UNIT ( #3011 ) );
#1088 = ORIENTED_EDGE ( 'NONE', *, *, #1372, .F. ) ;
#1089 = DIRECTION ( 'NONE',  ( 0.0000000000000000000, -1.000000000000000000, 0.0000000000000000000 ) ) ;
#1090 = CARTESIAN_POINT ( 'NONE',  ( -0.1483308035010236225, -0.1771653543307087075, -0.03740157480314960925 ) ) ;
#1091 = EDGE_CURVE ( 'NONE', #2680, #2748, #2808, .T. ) ;
#1092 = CARTESIAN_POINT ( 'NONE',  ( -0.1318897637795275746, -0.1811023622047244208, 0.03740157480314960925 ) ) ;
#1093 = DIRECTION ( 'NONE',  ( 0.0000000000000000000, 1.000000000000000000, 0.0000000000000000000 ) ) ;
#1094 = ORIENTED_EDGE ( 'NONE', *, *, #2186, .F. ) ;
#1095 = FILL_AREA_STYLE_COLOUR ( '', #2654 ) ;
#1096 = DIRECTION ( 'NONE',  ( 0.0000000000000000000, 0.0000000000000000000, 1.000000000000000000 ) ) ;
#1097 = DIRECTION ( 'NONE',  ( 0.0000000000000000000, 0.0000000000000000000, -1.000000000000000000 ) ) ;
#1098 = UNCERTAINTY_MEASURE_WITH_UNIT (LENGTH_MEASURE( 1.000000000000000082E-05 ), #1087, 'distance_accuracy_value', 'NONE');
#1099 =( GEOMETRIC_REPRESENTATION_CONTEXT ( 3 ) GLOBAL_UNCERTAINTY_ASSIGNED_CONTEXT ( ( #1033 ) ) GLOBAL_UNIT_ASSIGNED_CONTEXT ( ( #2481, #963, #3239 ) ) REPRESENTATION_CONTEXT ( 'NONE', 'WORKASPACE' ) );
#1100 =( LENGTH_UNIT ( ) NAMED_UNIT ( * ) SI_UNIT ( $, .METRE. ) );
#1101 =( NAMED_UNIT ( * ) SI_UNIT ( $, .STERADIAN. ) SOLID_ANGLE_UNIT ( ) );
#1102 = VERTEX_POINT ( 'NONE', #653 ) ;
#1103 =( NAMED_UNIT ( * ) PLANE_ANGLE_UNIT ( ) SI_UNIT ( $, .RADIAN. ) );
#1104 = VECTOR ( 'NONE', #2463, 39.37007874015748143 ) ;
#1105 = VECTOR ( 'NONE', #2296, 39.37007874015748143 ) ;
#1106 = FACE_OUTER_BOUND ( 'NONE', #2959, .T. ) ;
#1107 = CIRCLE ( 'NONE', #1725, 0.01574803149606299885 ) ;
#1108 = EDGE_CURVE ( 'NONE', #1189, #1709, #151, .T. ) ;
#1109 = LINE ( 'NONE', #2849, #636 ) ;
#1110 = LINE ( 'NONE', #2125, #576 ) ;
#1111 = AXIS2_PLACEMENT_3D ( 'NONE', #2792, #774, #2307 ) ;
#1112 =( GEOMETRIC_REPRESENTATION_CONTEXT ( 3 ) GLOBAL_UNCERTAINTY_ASSIGNED_CONTEXT ( ( #965 ) ) GLOBAL_UNIT_ASSIGNED_CONTEXT ( ( #2172, #1156, #421 ) ) REPRESENTATION_CONTEXT ( 'NONE', 'WORKASPACE' ) );
#1113 = EDGE_CURVE ( 'NONE', #1334, #1189, #2645, .T. ) ;
#1114 = ORIENTED_EDGE ( 'NONE', *, *, #189, .F. ) ;
#1115 = ADVANCED_FACE ( 'NONE', ( #3164 ), #1908, .T. ) ;
#1116 = PLANE ( 'NONE',  #300 ) ;
#1117 = FACE_OUTER_BOUND ( 'NONE', #201, .T. ) ;
#1118 = PRESENTATION_STYLE_ASSIGNMENT (( #1655 ) ) ;
#1119 = VECTOR ( 'NONE', #772, 39.37007874015748143 ) ;
#1120 = ORIENTED_EDGE ( 'NONE', *, *, #2739, .T. ) ;
#1121 = ORIENTED_EDGE ( 'NONE', *, *, #2782, .T. ) ;
#1122 = AXIS2_PLACEMENT_3D ( 'NONE', #1946, #2452, #1978 ) ;
#1123 = LINE ( 'NONE', #1073, #1840 ) ;
#1124 =( GEOMETRIC_REPRESENTATION_CONTEXT ( 3 ) GLOBAL_UNCERTAINTY_ASSIGNED_CONTEXT ( ( #2245 ) ) GLOBAL_UNIT_ASSIGNED_CONTEXT ( ( #946, #665, #2658 ) ) REPRESENTATION_CONTEXT ( 'NONE', 'WORKASPACE' ) );
#1125 = ORIENTED_EDGE ( 'NONE', *, *, #2537, .F. ) ;
#1126 = SURFACE_SIDE_STYLE ('',( #81 ) ) ;
#1127 = CARTESIAN_POINT ( 'NONE',  ( 0.1476377952755905387, -0.1781496062992126150, -0.03543307086613779744 ) ) ;
#1128 = LENGTH_MEASURE_WITH_UNIT ( LENGTH_MEASURE( 0.02539999999999999897 ), #357 );
#1129 = DIRECTION ( 'NONE',  ( -1.000000000000000000, 0.0000000000000000000, 0.0000000000000000000 ) ) ;
#1130 = CARTESIAN_POINT ( 'NONE',  ( 0.1889763779527559029, -0.09055118110236221041, -0.03543307086614173873 ) ) ;
#1131 = VERTEX_POINT ( 'NONE', #402 ) ;
#1132 = CARTESIAN_POINT ( 'NONE',  ( -0.1377952755905511861, -0.1761811023622047168, -0.04133858267716536417 ) ) ;
#1133 =( CONVERSION_BASED_UNIT ( 'INCH', #2141 ) LENGTH_UNIT ( ) NAMED_UNIT ( #1493 ) );
#1134 =( CONVERSION_BASED_UNIT ( 'INCH', #3107 ) LENGTH_UNIT ( ) NAMED_UNIT ( #799 ) );
#1135 = PRODUCT_RELATED_PRODUCT_CATEGORY ( 'part', '', ( #1832 ) ) ;
#1136 = SURFACE_SIDE_STYLE ('',( #115 ) ) ;
#1137 = EDGE_CURVE ( 'NONE', #2250, #1198, #2659, .T. ) ;
#1138 = ORIENTED_EDGE ( 'NONE', *, *, #765, .T. ) ;
#1139 = CARTESIAN_POINT ( 'NONE',  ( -0.1279527559055118335, -0.1794716001481374557, -0.04133858267716535723 ) ) ;
#1140 = ORIENTED_EDGE ( 'NONE', *, *, #434, .F. ) ;
#1141 = DIRECTION ( 'NONE',  ( 1.000000000000000000, 0.0000000000000000000, 0.0000000000000000000 ) ) ;
#1142 = DIRECTION ( 'NONE',  ( 1.000000000000000000, 0.0000000000000000000, 0.0000000000000000000 ) ) ;
#1143 = SURFACE_STYLE_USAGE ( .BOTH. , #1595 ) ;
#1144 = CARTESIAN_POINT ( 'NONE',  ( -0.1279527559055118335, -0.1771653543307087075, 0.04133858267716536417 ) ) ;
#1145 = DIRECTION ( 'NONE',  ( 0.0000000000000000000, 0.0000000000000000000, -1.000000000000000000 ) ) ;
#1146 = DIRECTION ( 'NONE',  ( 0.0000000000000000000, 1.000000000000000000, 0.0000000000000000000 ) ) ;
#1147 = VERTEX_POINT ( 'NONE', #3129 ) ;
#1148 = DIRECTION ( 'NONE',  ( 1.000000000000000000, 0.0000000000000000000, 0.0000000000000000000 ) ) ;
#1149 = DIRECTION ( 'NONE',  ( 0.0000000000000000000, 1.000000000000000000, 0.0000000000000000000 ) ) ;
#1150 = CARTESIAN_POINT ( 'NONE',  ( 0.1325827720049606584, -0.1771653543307087075, 0.02952755905511811677 ) ) ;
#1151 = ORIENTED_EDGE ( 'NONE', *, *, #74, .F. ) ;
#1152 = ORIENTED_EDGE ( 'NONE', *, *, #1735, .T. ) ;
#1153 = ADVANCED_FACE ( 'NONE', ( #1649 ), #615, .F. ) ;
#1154 = STYLED_ITEM ( 'NONE', ( #1375 ), #221 ) ;
#1155 = VERTEX_POINT ( 'NONE', #2407 ) ;
#1156 =( NAMED_UNIT ( * ) PLANE_ANGLE_UNIT ( ) SI_UNIT ( $, .RADIAN. ) );
#1157 = CARTESIAN_POINT ( 'NONE',  ( 0.0000000000000000000, -0.1751968503937007815, 0.0000000000000000000 ) ) ;
#1158 = CYLINDRICAL_SURFACE ( 'NONE', #3027, 0.003937007874015745375 ) ;
#1159 = VECTOR ( 'NONE', #1563, 39.37007874015748143 ) ;
#1160 = AXIS2_PLACEMENT_3D ( 'NONE', #1249, #1272, #528 ) ;
#1161 = LINE ( 'NONE', #2648, #199 ) ;
#1162 = STYLED_ITEM ( 'NONE', ( #1936 ), #1153 ) ;
#1163 = ORIENTED_EDGE ( 'NONE', *, *, #1248, .F. ) ;
#1164 = EDGE_CURVE ( 'NONE', #3264, #2917, #119, .T. ) ;
#1165 = COLOUR_RGB ( '',0.7529411764705882248, 0.7529411764705882248, 0.0000000000000000000 ) ;
#1166 = AXIS2_PLACEMENT_3D ( 'NONE', #1172, #372, #666 ) ;
#1167 = CARTESIAN_POINT ( 'NONE',  ( -0.1666963724121243995, -0.1771653543307087075, 0.02952755905511811330 ) ) ;
#1168 = FILL_AREA_STYLE_COLOUR ( '', #839 ) ;
#1169 = VECTOR ( 'NONE', #8, 39.37007874015748143 ) ;
#1170 = ORIENTED_EDGE ( 'NONE', *, *, #3170, .F. ) ;
#1171 = VERTEX_POINT ( 'NONE', #1679 ) ;
#1172 = CARTESIAN_POINT ( 'NONE',  ( 0.1614173228346456601, -0.1975434019262204965, -0.1614173228346456601 ) ) ;
#1173 = VECTOR ( 'NONE', #2924, 39.37007874015748143 ) ;
#1174 = MECHANICAL_DESIGN_GEOMETRIC_PRESENTATION_REPRESENTATION (  '', ( #2679 ), #794 ) ;
#1175 = ORIENTED_EDGE ( 'NONE', *, *, #1607, .F. ) ;
#1176 = PRESENTATION_STYLE_ASSIGNMENT (( #479 ) ) ;
#1177 = CARTESIAN_POINT ( 'NONE',  ( -0.1889763779527559029, 0.009842519685039369942, -0.1889763779527559029 ) ) ;
#1178 = ADVANCED_FACE ( 'NONE', ( #682 ), #1264, .T. ) ;
#1179 = EDGE_CURVE ( 'NONE', #2546, #2008, #1890, .T. ) ;
#1180 = SURFACE_STYLE_USAGE ( .BOTH. , #713 ) ;
#1181 = CARTESIAN_POINT ( 'NONE',  ( 0.1599774133302840629, -0.1784270142616034838, 0.05691186845177762660 ) ) ;
#1182 = VERTEX_POINT ( 'NONE', #2230 ) ;
#1183 = DIRECTION ( 'NONE',  ( 1.000000000000000000, 0.0000000000000000000, 0.0000000000000000000 ) ) ;
#1184 = LINE ( 'NONE', #2902, #1897 ) ;
#1185 =( LENGTH_UNIT ( ) NAMED_UNIT ( * ) SI_UNIT ( $, .METRE. ) );
#1186 = ORIENTED_EDGE ( 'NONE', *, *, #1881, .T. ) ;
#1187 = ORIENTED_EDGE ( 'NONE', *, *, #683, .T. ) ;
#1188 = SURFACE_STYLE_FILL_AREA ( #390 ) ;
#1189 = VERTEX_POINT ( 'NONE', #1750 ) ;
#1190 = LINE ( 'NONE', #136, #1378 ) ;
#1191 =( LENGTH_UNIT ( ) NAMED_UNIT ( * ) SI_UNIT ( $, .METRE. ) );
#1192 = CARTESIAN_POINT ( 'NONE',  ( 0.1889763779527559029, 0.009842519685039369942, 0.1181102362204724532 ) ) ;
#1193 = EDGE_CURVE ( 'NONE', #1972, #1758, #2991, .T. ) ;
#1194 = ORIENTED_EDGE ( 'NONE', *, *, #1821, .T. ) ;
#1195 = CARTESIAN_POINT ( 'NONE',  ( -0.1889763779527559029, -0.08858267716535435377, 0.1889763779527559029 ) ) ;
#1196 = EDGE_LOOP ( 'NONE', ( #966, #2548, #2450, #1647 ) ) ;
#1197 = EDGE_LOOP ( 'NONE', ( #868, #3059, #1308, #1088 ) ) ;
#1198 = VERTEX_POINT ( 'NONE', #2455 ) ;
#1199 = EDGE_CURVE ( 'NONE', #860, #597, #1979, .T. ) ;
#1200 = DIRECTION ( 'NONE',  ( 0.0000000000000000000, -1.000000000000000000, 0.0000000000000000000 ) ) ;
#1201 = CIRCLE ( 'NONE', #1461, 0.01574803149606299885 ) ;
#1202 = SURFACE_STYLE_USAGE ( .BOTH. , #187 ) ;
#1203 = DIRECTION ( 'NONE',  ( 0.0000000000000000000, 0.0000000000000000000, 1.000000000000000000 ) ) ;
#1204 = AXIS2_PLACEMENT_3D ( 'NONE', #1453, #210, #2745 ) ;
#1205 = ORIENTED_EDGE ( 'NONE', *, *, #3108, .T. ) ;
#1206 =( NAMED_UNIT ( * ) PLANE_ANGLE_UNIT ( ) SI_UNIT ( $, .RADIAN. ) );
#1207 = DIRECTION ( 'NONE',  ( 0.0000000000000000000, -1.000000000000000000, 0.0000000000000000000 ) ) ;
#1208 = STYLED_ITEM ( 'NONE', ( #309 ), #1656 ) ;
#1209 = VECTOR ( 'NONE', #1662, 39.37007874015748143 ) ;
#1210 = DIRECTION ( 'NONE',  ( 0.0000000000000000000, 0.0000000000000000000, 1.000000000000000000 ) ) ;
#1211 = ADVANCED_FACE ( 'NONE', ( #1518 ), #1999, .T. ) ;
#1212 = ORIENTED_EDGE ( 'NONE', *, *, #2840, .F. ) ;
#1213 = VECTOR ( 'NONE', #919, 39.37007874015748143 ) ;
#1214 =( NAMED_UNIT ( * ) PLANE_ANGLE_UNIT ( ) SI_UNIT ( $, .RADIAN. ) );
#1215 = CARTESIAN_POINT ( 'NONE',  ( -0.1663356706636126559, -0.1811023622047240322, 0.03149606299212598381 ) ) ;
#1216 = VECTOR ( 'NONE', #2588, 39.37007874015748143 ) ;
#1217 = CIRCLE ( 'NONE', #204, 0.003937007874015749712 ) ;
#1218 = ORIENTED_EDGE ( 'NONE', *, *, #178, .T. ) ;
#1219 = MECHANICAL_DESIGN_GEOMETRIC_PRESENTATION_REPRESENTATION (  '', ( #2933 ), #160 ) ;
#1220 = CARTESIAN_POINT ( 'NONE',  ( 0.1476377952755905387, -0.1781496062992126150, -0.04133858267716536417 ) ) ;
#1221 = DIRECTION ( 'NONE',  ( 0.0000000000000000000, 1.000000000000000000, 0.0000000000000000000 ) ) ;
#1222 = COLOUR_RGB ( '',0.5019607843137254832, 0.5019607843137254832, 0.5019607843137254832 ) ;
#1223 = DIMENSIONAL_EXPONENTS ( 1.000000000000000000, 0.0000000000000000000, 0.0000000000000000000, 0.0000000000000000000, 0.0000000000000000000, 0.0000000000000000000, 0.0000000000000000000 ) ;
#1224 = VERTEX_POINT ( 'NONE', #265 ) ;
#1225 = CARTESIAN_POINT ( 'NONE',  ( 0.1154487240580314988, -0.1771653543307087075, -0.02559055118110236879 ) ) ;
#1226 = CARTESIAN_POINT ( 'NONE',  ( 0.1574803149606299191, -0.1811023622047244208, 0.03740157480314960925 ) ) ;
#1227 = SURFACE_STYLE_USAGE ( .BOTH. , #2525 ) ;
#1228 = ORIENTED_EDGE ( 'NONE', *, *, #1447, .T. ) ;
#1229 = LINE ( 'NONE', #1243, #2091 ) ;
#1230 = SURFACE_SIDE_STYLE ('',( #1491 ) ) ;
#1231 = EDGE_CURVE ( 'NONE', #723, #3171, #760, .T. ) ;
#1232 = UNCERTAINTY_MEASURE_WITH_UNIT (LENGTH_MEASURE( 1.000000000000000082E-05 ), #281, 'distance_accuracy_value', 'NONE');
#1233 = ORIENTED_EDGE ( 'NONE', *, *, #2895, .F. ) ;
#1234 = ORIENTED_EDGE ( 'NONE', *, *, #491, .F. ) ;
#1235 = LINE ( 'NONE', #3167, #1209 ) ;
#1236 =( BOUNDED_CURVE ( )  B_SPLINE_CURVE ( 3, ( #878, #3061, #1605, #77 ),
 .UNSPECIFIED., .F., .T. ) 
 B_SPLINE_CURVE_WITH_KNOTS ( ( 4, 4 ),
 ( 0.0000000000000000000, 1.570796326794896558 ),
 .UNSPECIFIED. ) 
 CURVE ( )  GEOMETRIC_REPRESENTATION_ITEM ( )  RATIONAL_B_SPLINE_CURVE ( ( 1.000000000000000000, 0.8047378541243649375, 0.8047378541243649375, 1.000000000000000000 ) ) 
 REPRESENTATION_ITEM ( '' )  );
#1237 = ORIENTED_EDGE ( 'NONE', *, *, #2733, .F. ) ;
#1238 =( CONVERSION_BASED_UNIT ( 'INCH', #2010 ) LENGTH_UNIT ( ) NAMED_UNIT ( #2971 ) );
#1239 = CARTESIAN_POINT ( 'NONE',  ( -0.1279527559055118335, -0.1751968503937007815, -8.829491818350393946E-11 ) ) ;
#1240 = DIRECTION ( 'NONE',  ( 0.0000000000000000000, 0.0000000000000000000, 1.000000000000000000 ) ) ;
#1241 = LINE ( 'NONE', #678, #1523 ) ;
#1242 = ORIENTED_EDGE ( 'NONE', *, *, #2900, .F. ) ;
#1243 = CARTESIAN_POINT ( 'NONE',  ( -0.1889763779527559029, 0.009842519685039369942, 0.1889763779527559029 ) ) ;
#1244 = CARTESIAN_POINT ( 'NONE',  ( 0.1968503937007874127, -0.1811023622047244208, -0.02952755905511811330 ) ) ;
#1245 = LINE ( 'NONE', #2016, #955 ) ;
#1246 = PRESENTATION_STYLE_ASSIGNMENT (( #232 ) ) ;
#1247 = DIMENSIONAL_EXPONENTS ( 1.000000000000000000, 0.0000000000000000000, 0.0000000000000000000, 0.0000000000000000000, 0.0000000000000000000, 0.0000000000000000000, 0.0000000000000000000 ) ;
#1248 = EDGE_CURVE ( 'NONE', #403, #2809, #1707, .T. ) ;
#1249 = CARTESIAN_POINT ( 'NONE',  ( -0.1614173228346456601, -0.1771653543307087075, 0.1614173228346456601 ) ) ;
#1250 = ADVANCED_FACE ( 'NONE', ( #480 ), #1015, .F. ) ;
#1251 =( LENGTH_UNIT ( ) NAMED_UNIT ( * ) SI_UNIT ( $, .METRE. ) );
#1252 = LINE ( 'NONE', #2536, #567 ) ;
#1253 = ORIENTED_EDGE ( 'NONE', *, *, #2457, .T. ) ;
#1254 = COLOUR_RGB ( '',0.7529411764705882248, 0.7529411764705882248, 0.0000000000000000000 ) ;
#1255 = PRESENTATION_STYLE_ASSIGNMENT (( #740 ) ) ;
#1256 = CARTESIAN_POINT ( 'NONE',  ( -0.1279527559055118335, -0.1771653543307087075, -0.02952755905511811330 ) ) ;
#1257 = ADVANCED_FACE ( 'NONE', ( #746 ), #3007, .F. ) ;
#1258 = ORIENTED_EDGE ( 'NONE', *, *, #1496, .F. ) ;
#1259 = CARTESIAN_POINT ( 'NONE',  ( 0.1279527559055118335, -0.1761811023622047168, 0.03543307086613779744 ) ) ;
#1260 = VECTOR ( 'NONE', #1129, 39.37007874015748143 ) ;
#1261 = PLANE ( 'NONE',  #953 ) ;
#1262 = VECTOR ( 'NONE', #981, 39.37007874015748143 ) ;
#1263 = FACE_OUTER_BOUND ( 'NONE', #541, .T. ) ;
#1264 = SPHERICAL_SURFACE ( 'NONE', #2055, 0.003937007874015728895 ) ;
#1265 = FILL_AREA_STYLE_COLOUR ( '', #2710 ) ;
#1266 = COLOUR_RGB ( '',0.7529411764705882248, 0.7529411764705882248, 0.0000000000000000000 ) ;
#1267 = VECTOR ( 'NONE', #2311, 39.37007874015748143 ) ;
#1268 = UNCERTAINTY_MEASURE_WITH_UNIT (LENGTH_MEASURE( 1.000000000000000082E-05 ), #333, 'distance_accuracy_value', 'NONE');
#1269 = ORIENTED_EDGE ( 'NONE', *, *, #1538, .T. ) ;
#1270 = AXIS2_PLACEMENT_3D ( 'NONE', #2841, #595, #1097 ) ;
#1271 = VECTOR ( 'NONE', #1853, 39.37007874015748143 ) ;
#1272 = DIRECTION ( 'NONE',  ( -0.0000000000000000000, -1.000000000000000000, -0.0000000000000000000 ) ) ;
#1273 = MECHANICAL_DESIGN_GEOMETRIC_PRESENTATION_REPRESENTATION (  '', ( #1844 ), #1112 ) ;
#1274 = MECHANICAL_DESIGN_GEOMETRIC_PRESENTATION_REPRESENTATION (  '', ( #1208 ), #3097 ) ;
#1275 = DIRECTION ( 'NONE',  ( 0.0000000000000000000, -0.1046847845180421399, -0.9945054529214061301 ) ) ;
#1276 = STYLED_ITEM ( 'NONE', ( #1176 ), #2759 ) ;
#1277 = EDGE_CURVE ( 'NONE', #830, #1849, #2515, .T. ) ;
#1278 = EDGE_CURVE ( 'NONE', #2403, #2103, #947, .T. ) ;
#1279 = FACE_OUTER_BOUND ( 'NONE', #1196, .T. ) ;
#1280 = PRESENTATION_LAYER_ASSIGNMENT (  '', '', ( #2679 ) ) ;
#1281 = SURFACE_STYLE_FILL_AREA ( #1584 ) ;
#1282 = ORIENTED_EDGE ( 'NONE', *, *, #2382, .F. ) ;
#1283 = CARTESIAN_POINT ( 'NONE',  ( -0.1968503937007874127, 0.0000000000000000000, 0.0000000000000000000 ) ) ;
#1284 = CYLINDRICAL_SURFACE ( 'NONE', #850, 0.003937007874015741038 ) ;
#1285 = DIRECTION ( 'NONE',  ( -8.592165290545394179E-15, -1.000000000000000000, -1.594052937638875138E-14 ) ) ;
#1286 = LINE ( 'NONE', #3276, #1322 ) ;
#1287 = LINE ( 'NONE', #2202, #2309 ) ;
#1288 = CARTESIAN_POINT ( 'NONE',  ( 0.0000000000000000000, -0.1771653543307087075, -0.06889763779527559306 ) ) ;
#1289 = SURFACE_STYLE_USAGE ( .BOTH. , #2521 ) ;
#1290 = DIRECTION ( 'NONE',  ( 1.000000000000000000, 0.0000000000000000000, 0.0000000000000000000 ) ) ;
#1291 = ADVANCED_FACE ( 'NONE', ( #446 ), #2957, .T. ) ;
#1292 = SURFACE_STYLE_USAGE ( .BOTH. , #518 ) ;
#1293 = FACE_BOUND ( 'NONE', #752, .T. ) ;
#1294 =( CONVERSION_BASED_UNIT ( 'INCH', #2012 ) LENGTH_UNIT ( ) NAMED_UNIT ( #2477 ) );
#1295 = EDGE_LOOP ( 'NONE', ( #1151, #2395, #1186, #332 ) ) ;
#1296 = CARTESIAN_POINT ( 'NONE',  ( 0.0000000000000000000, -0.1771653543307087075, -0.1692913385826771699 ) ) ;
#1297 = UNCERTAINTY_MEASURE_WITH_UNIT (LENGTH_MEASURE( 1.000000000000000082E-05 ), #923, 'distance_accuracy_value', 'NONE');
#1298 = ORIENTED_EDGE ( 'NONE', *, *, #3179, .F. ) ;
#1299 = LINE ( 'NONE', #2100, #1267 ) ;
#1300 = LINE ( 'NONE', #1319, #1105 ) ;
#1301 = EDGE_CURVE ( 'NONE', #2629, #471, #849, .T. ) ;
#1302 = DIRECTION ( 'NONE',  ( 1.000000000000000000, 0.0000000000000000000, 0.0000000000000000000 ) ) ;
#1303 = CARTESIAN_POINT ( 'NONE',  ( 0.1279527559055118335, -0.1761811023622047168, 0.02952755905511811330 ) ) ;
#1304 = FACE_OUTER_BOUND ( 'NONE', #2905, .T. ) ;
#1305 = DIRECTION ( 'NONE',  ( -0.0000000000000000000, -1.000000000000000000, -0.0000000000000000000 ) ) ;
#1306 =( NAMED_UNIT ( * ) PLANE_ANGLE_UNIT ( ) SI_UNIT ( $, .RADIAN. ) );
#1307 = DIRECTION ( 'NONE',  ( 0.0000000000000000000, -1.000000000000000000, 0.0000000000000000000 ) ) ;
#1308 = ORIENTED_EDGE ( 'NONE', *, *, #1746, .F. ) ;
#1309 =( LENGTH_UNIT ( ) NAMED_UNIT ( * ) SI_UNIT ( $, .METRE. ) );
#1310 = CARTESIAN_POINT ( 'NONE',  ( -0.1279527559055118613, -0.1751968503937007815, 0.04133858267716536417 ) ) ;
#1311 = DIRECTION ( 'NONE',  ( 0.0000000000000000000, 0.0000000000000000000, 1.000000000000000000 ) ) ;
#1312 = DIMENSIONAL_EXPONENTS ( 1.000000000000000000, 0.0000000000000000000, 0.0000000000000000000, 0.0000000000000000000, 0.0000000000000000000, 0.0000000000000000000, 0.0000000000000000000 ) ;
#1313 = EDGE_CURVE ( 'NONE', #79, #1459, #72, .T. ) ;
#1314 = FACE_OUTER_BOUND ( 'NONE', #29, .T. ) ;
#1315 = ORIENTED_EDGE ( 'NONE', *, *, #3214, .F. ) ;
#1316 = VECTOR ( 'NONE', #784, 39.37007874015748143 ) ;
#1317 = ORIENTED_EDGE ( 'NONE', *, *, #3237, .F. ) ;
#1318 = LINE ( 'NONE', #2343, #1896 ) ;
#1319 = CARTESIAN_POINT ( 'NONE',  ( 0.1889763779527559029, -0.08661417322834646937, -0.03543307086614173873 ) ) ;
#1320 = VECTOR ( 'NONE', #1736, 39.37007874015748143 ) ;
#1321 = ORIENTED_EDGE ( 'NONE', *, *, #1278, .F. ) ;
#1322 = VECTOR ( 'NONE', #2031, 39.37007874015748143 ) ;
#1323 = COLOUR_RGB ( '',0.7529411764705882248, 0.7529411764705882248, 0.0000000000000000000 ) ;
#1324 = CARTESIAN_POINT ( 'NONE',  ( 0.1279527559055118613, -0.1751968503937007815, -0.02952755905511811677 ) ) ;
#1325 = AXIS2_PLACEMENT_3D ( 'NONE', #3014, #1307, #499 ) ;
#1326 = MECHANICAL_DESIGN_GEOMETRIC_PRESENTATION_REPRESENTATION (  '', ( #2717 ), #3092 ) ;
#1327 = VECTOR ( 'NONE', #2750, 39.37007874015748143 ) ;
#1328 = AXIS2_PLACEMENT_3D ( 'NONE', #2474, #3225, #3241 ) ;
#1329 = ORIENTED_EDGE ( 'NONE', *, *, #2306, .F. ) ;
#1330 = DIRECTION ( 'NONE',  ( 1.000000000000000000, 0.0000000000000000000, 0.0000000000000000000 ) ) ;
#1331 = PLANE ( 'NONE',  #2883 ) ;
#1332 =( NAMED_UNIT ( * ) SI_UNIT ( $, .STERADIAN. ) SOLID_ANGLE_UNIT ( ) );
#1333 = UNCERTAINTY_MEASURE_WITH_UNIT (LENGTH_MEASURE( 1.000000000000000082E-05 ), #298, 'distance_accuracy_value', 'NONE');
#1334 = VERTEX_POINT ( 'NONE', #54 ) ;
#1335 = CARTESIAN_POINT ( 'NONE',  ( 0.1279527559055118335, -0.1761811023622047168, -0.03543307086614173873 ) ) ;
#1336 = CARTESIAN_POINT ( 'NONE',  ( -0.1776560243081889701, -0.1771653543307087075, -0.03149606299212598381 ) ) ;
#1337 = ADVANCED_FACE ( 'NONE', ( #3072 ), #2839, .F. ) ;
#1338 = ORIENTED_EDGE ( 'NONE', *, *, #1593, .T. ) ;
#1339 = CARTESIAN_POINT ( 'NONE',  ( 0.1968503937007874127, -0.1811023622047244208, 0.02952755905511811330 ) ) ;
#1340 = CARTESIAN_POINT ( 'NONE',  ( 0.1968503937007874127, -0.1811023622047244208, 0.02952755905511811330 ) ) ;
#1341 = DIRECTION ( 'NONE',  ( 0.0000000000000000000, 0.0000000000000000000, 1.000000000000000000 ) ) ;
#1342 = VERTEX_POINT ( 'NONE', #594 ) ;
#1343 = CARTESIAN_POINT ( 'NONE',  ( 0.0000000000000000000, -0.1751968503937007815, -8.829491818350393946E-11 ) ) ;
#1344 = LINE ( 'NONE', #2390, #2467 ) ;
#1345 = VERTEX_POINT ( 'NONE', #823 ) ;
#1346 = PLANE ( 'NONE',  #2110 ) ;
#1347 = EDGE_CURVE ( 'NONE', #2146, #1365, #554, .T. ) ;
#1348 = ORIENTED_EDGE ( 'NONE', *, *, #2604, .T. ) ;
#1349 =( CONVERSION_BASED_UNIT ( 'INCH', #2879 ) LENGTH_UNIT ( ) NAMED_UNIT ( #1536 ) );
#1350 = PRESENTATION_STYLE_ASSIGNMENT (( #1143 ) ) ;
#1351 = ADVANCED_FACE ( 'NONE', ( #1045 ), #523, .T. ) ;
#1352 = DIRECTION ( 'NONE',  ( 1.000000000000000000, 0.0000000000000000000, 0.0000000000000000000 ) ) ;
#1353 = DIRECTION ( 'NONE',  ( 1.000000000000000000, 0.0000000000000000000, 0.0000000000000000000 ) ) ;
#1354 = CARTESIAN_POINT ( 'NONE',  ( -0.1614173228346456601, -0.1975434019262204965, 0.1614173228346456601 ) ) ;
#1355 = VERTEX_POINT ( 'NONE', #1031 ) ;
#1356 = CARTESIAN_POINT ( 'NONE',  ( 0.1279527559055118613, -0.1751968503937007815, 0.04133858267716536417 ) ) ;
#1357 = CARTESIAN_POINT ( 'NONE',  ( -0.1574803149606299191, -0.1811023622047244208, -0.03740157480314960925 ) ) ;
#1358 = DIRECTION ( 'NONE',  ( 0.0000000000000000000, 1.000000000000000000, 0.0000000000000000000 ) ) ;
#1359 = ADVANCED_FACE ( 'NONE', ( #2529 ), #1778, .F. ) ;
#1360 = UNCERTAINTY_MEASURE_WITH_UNIT (LENGTH_MEASURE( 1.000000000000000082E-05 ), #275, 'distance_accuracy_value', 'NONE');
#1361 = ORIENTED_EDGE ( 'NONE', *, *, #1565, .F. ) ;
#1362 = ORIENTED_EDGE ( 'NONE', *, *, #1625, .T. ) ;
#1363 = AXIS2_PLACEMENT_3D ( 'NONE', #1283, #2989, #1028 ) ;
#1364 = LINE ( 'NONE', #2406, #475 ) ;
#1365 = VERTEX_POINT ( 'NONE', #2870 ) ;
#1366 = SURFACE_STYLE_FILL_AREA ( #2830 ) ;
#1367 = AXIS2_PLACEMENT_3D ( 'NONE', #346, #2899, #2108 ) ;
#1368 = VECTOR ( 'NONE', #2725, 39.37007874015748143 ) ;
#1369 = AXIS2_PLACEMENT_3D ( 'NONE', #3201, #1481, #2947 ) ;
#1370 = VECTOR ( 'NONE', #815, 39.37007874015748143 ) ;
#1371 = FACE_OUTER_BOUND ( 'NONE', #2276, .T. ) ;
#1372 = EDGE_CURVE ( 'NONE', #2696, #1422, #2378, .T. ) ;
#1373 = CIRCLE ( 'NONE', #2621, 0.03937007874015747977 ) ;
#1374 = ORIENTED_EDGE ( 'NONE', *, *, #601, .T. ) ;
#1375 = PRESENTATION_STYLE_ASSIGNMENT (( #3172 ) ) ;
#1376 =( LENGTH_UNIT ( ) NAMED_UNIT ( * ) SI_UNIT ( $, .METRE. ) );
#1377 = CARTESIAN_POINT ( 'NONE',  ( 0.1279527559055118335, -0.1771653543307087075, 0.02952755905511811677 ) ) ;
#1378 = VECTOR ( 'NONE', #3178, 39.37007874015748143 ) ;
#1379 = FILL_AREA_STYLE ('',( #367 ) ) ;
#1380 = ORIENTED_EDGE ( 'NONE', *, *, #1441, .F. ) ;
#1381 = ORIENTED_EDGE ( 'NONE', *, *, #1399, .F. ) ;
#1382 = PRESENTATION_LAYER_ASSIGNMENT (  '', '', ( #1635 ) ) ;
#1383 = LINE ( 'NONE', #853, #1957 ) ;
#1384 = VERTEX_POINT ( 'NONE', #925 ) ;
#1385 = DIRECTION ( 'NONE',  ( -1.000000000000000000, 0.0000000000000000000, 0.0000000000000000000 ) ) ;
#1386 = DIRECTION ( 'NONE',  ( 0.0000000000000000000, 1.000000000000000000, 0.0000000000000000000 ) ) ;
#1387 = DIRECTION ( 'NONE',  ( 1.000000000000000000, 0.0000000000000000000, 0.0000000000000000000 ) ) ;
#1388 = EDGE_CURVE ( 'NONE', #2072, #1492, #2013, .T. ) ;
#1389 = VERTEX_POINT ( 'NONE', #2889 ) ;
#1390 =( NAMED_UNIT ( * ) PLANE_ANGLE_UNIT ( ) SI_UNIT ( $, .RADIAN. ) );
#1391 = LINE ( 'NONE', #1357, #515 ) ;
#1392 = PRESENTATION_STYLE_ASSIGNMENT (( #386 ) ) ;
#1393 = ORIENTED_EDGE ( 'NONE', *, *, #2916, .F. ) ;
#1394 = VERTEX_POINT ( 'NONE', #1167 ) ;
#1395 = DIRECTION ( 'NONE',  ( 1.000000000000000000, 0.0000000000000000000, 0.0000000000000000000 ) ) ;
#1396 = SURFACE_SIDE_STYLE ('',( #1188 ) ) ;
#1397 = ORIENTED_EDGE ( 'NONE', *, *, #3099, .F. ) ;
#1398 = LENGTH_MEASURE_WITH_UNIT ( LENGTH_MEASURE( 0.02539999999999999897 ), #2368 );
#1399 = EDGE_CURVE ( 'NONE', #1182, #2453, #1184, .T. ) ;
#1400 =( NAMED_UNIT ( * ) PLANE_ANGLE_UNIT ( ) SI_UNIT ( $, .RADIAN. ) );
#1401 = FACE_OUTER_BOUND ( 'NONE', #2616, .T. ) ;
#1402 = ORIENTED_EDGE ( 'NONE', *, *, #2282, .T. ) ;
#1403 = CARTESIAN_POINT ( 'NONE',  ( 0.1889763779527559029, -0.09055118110236221041, 0.03149606299212598381 ) ) ;
#1404 = CARTESIAN_POINT ( 'NONE',  ( -0.1718068038523621888, -0.1811023622047236159, -0.03149606299212590749 ) ) ;
#1405 = SURFACE_STYLE_FILL_AREA ( #630 ) ;
#1406 = ORIENTED_EDGE ( 'NONE', *, *, #3019, .F. ) ;
#1407 = ORIENTED_EDGE ( 'NONE', *, *, #2471, .F. ) ;
#1408 = CARTESIAN_POINT ( 'NONE',  ( 0.1476377952755905387, -0.1338582677165354173, -0.02952755905511811330 ) ) ;
#1409 = EDGE_CURVE ( 'NONE', #100, #1182, #1217, .T. ) ;
#1410 = ADVANCED_FACE ( 'NONE', ( #366 ), #385, .F. ) ;
#1411 = MECHANICAL_DESIGN_GEOMETRIC_PRESENTATION_REPRESENTATION (  '', ( #2811 ), #826 ) ;
#1412 = ORIENTED_EDGE ( 'NONE', *, *, #2361, .F. ) ;
#1413 = CARTESIAN_POINT ( 'NONE',  ( -0.1279527559055118335, -0.1761811023622047168, -0.04133858267716536417 ) ) ;
#1414 = FILL_AREA_STYLE ('',( #1446 ) ) ;
#1415 = MECHANICAL_DESIGN_GEOMETRIC_PRESENTATION_REPRESENTATION (  '', ( #1570 ), #2405 ) ;
#1416 = VECTOR ( 'NONE', #3046, 39.37007874015748143 ) ;
#1417 = DIRECTION ( 'NONE',  ( 1.000000000000000000, 0.0000000000000000000, 0.0000000000000000000 ) ) ;
#1418 = CARTESIAN_POINT ( 'NONE',  ( -0.1476377952755905387, -0.1751968503937007815, -0.02952755905511811677 ) ) ;
#1419 = VECTOR ( 'NONE', #1544, 39.37007874015748143 ) ;
#1420 = PRESENTATION_STYLE_ASSIGNMENT (( #1941 ) ) ;
#1421 = VECTOR ( 'NONE', #2418, 39.37007874015748854 ) ;
#1422 = VERTEX_POINT ( 'NONE', #2913 ) ;
#1423 = LINE ( 'NONE', #2400, #2915 ) ;
#1424 =( GEOMETRIC_REPRESENTATION_CONTEXT ( 3 ) GLOBAL_UNCERTAINTY_ASSIGNED_CONTEXT ( ( #1520 ) ) GLOBAL_UNIT_ASSIGNED_CONTEXT ( ( #283, #2338, #2095 ) ) REPRESENTATION_CONTEXT ( 'NONE', 'WORKASPACE' ) );
#1425 = DIRECTION ( 'NONE',  ( -0.0000000000000000000, -1.000000000000000000, -0.0000000000000000000 ) ) ;
#1426 =( GEOMETRIC_REPRESENTATION_CONTEXT ( 3 ) GLOBAL_UNCERTAINTY_ASSIGNED_CONTEXT ( ( #2116 ) ) GLOBAL_UNIT_ASSIGNED_CONTEXT ( ( #801, #1103, #1581 ) ) REPRESENTATION_CONTEXT ( 'NONE', 'WORKASPACE' ) );
#1427 = VECTOR ( 'NONE', #1612, 39.37007874015748143 ) ;
#1428 = ORIENTED_EDGE ( 'NONE', *, *, #1451, .F. ) ;
#1429 = ORIENTED_EDGE ( 'NONE', *, *, #2895, .T. ) ;
#1430 = SURFACE_SIDE_STYLE ('',( #1920 ) ) ;
#1431 = AXIS2_PLACEMENT_3D ( 'NONE', #585, #2385, #1142 ) ;
#1432 = EDGE_CURVE ( 'NONE', #1591, #1389, #3125, .T. ) ;
#1433 = ORIENTED_EDGE ( 'NONE', *, *, #2944, .F. ) ;
#1434 = CARTESIAN_POINT ( 'NONE',  ( 0.1200787401574803098, -0.1745038421682677532, 0.02559055118110236879 ) ) ;
#1435 = CARTESIAN_POINT ( 'NONE',  ( 0.1279527559055118335, -0.1794716001481374557, 0.02952755905511811330 ) ) ;
#1436 = CARTESIAN_POINT ( 'NONE',  ( 0.1712598425196850405, -0.1771653543307087075, 0.02952755905511811330 ) ) ;
#1437 = ORIENTED_EDGE ( 'NONE', *, *, #1063, .F. ) ;
#1438 = DIRECTION ( 'NONE',  ( 0.0000000000000000000, 0.9945054529214104599, 0.1046847845180010755 ) ) ;
#1439 = CARTESIAN_POINT ( 'NONE',  ( 0.1279527559055118335, -0.1771653543307087075, -0.04133858267716536417 ) ) ;
#1440 = LINE ( 'NONE', #2954, #1945 ) ;
#1441 = EDGE_CURVE ( 'NONE', #3244, #2836, #1674, .T. ) ;
#1442 = VERTEX_POINT ( 'NONE', #1903 ) ;
#1443 = FILL_AREA_STYLE_COLOUR ( '', #1222 ) ;
#1444 =( NAMED_UNIT ( * ) SI_UNIT ( $, .STERADIAN. ) SOLID_ANGLE_UNIT ( ) );
#1445 = ORIENTED_EDGE ( 'NONE', *, *, #2522, .T. ) ;
#1446 = FILL_AREA_STYLE_COLOUR ( '', #2922 ) ;
#1447 = EDGE_CURVE ( 'NONE', #371, #1442, #1615, .T. ) ;
#1448 =( BOUNDED_CURVE ( )  B_SPLINE_CURVE ( 3, ( #537, #2990, #745, #297 ),
 .UNSPECIFIED., .F., .T. ) 
 B_SPLINE_CURVE_WITH_KNOTS ( ( 4, 4 ),
 ( 0.0000000000000000000, 1.570796326794896558 ),
 .UNSPECIFIED. ) 
 CURVE ( )  GEOMETRIC_REPRESENTATION_ITEM ( )  RATIONAL_B_SPLINE_CURVE ( ( 1.000000000000000000, 0.8047378541243649375, 0.8047378541243649375, 1.000000000000000000 ) ) 
 REPRESENTATION_ITEM ( '' )  );
#1449 = CARTESIAN_POINT ( 'NONE',  ( -0.1968503937007874127, -0.1811023622047244208, -0.02952755905511811330 ) ) ;
#1450 = FILL_AREA_STYLE ('',( #1971 ) ) ;
#1451 = EDGE_CURVE ( 'NONE', #1034, #1693, #1391, .T. ) ;
#1452 = VERTEX_POINT ( 'NONE', #1377 ) ;
#1453 = CARTESIAN_POINT ( 'NONE',  ( 0.1919291338582677087, -0.08661417322834646937, 0.0000000000000000000 ) ) ;
#1454 = CARTESIAN_POINT ( 'NONE',  ( 0.0000000000000000000, -0.07874015748031495954, 0.0000000000000000000 ) ) ;
#1455 = LINE ( 'NONE', #193, #2416 ) ;
#1456 = ORIENTED_EDGE ( 'NONE', *, *, #3227, .T. ) ;
#1457 = FACE_OUTER_BOUND ( 'NONE', #1510, .T. ) ;
#1458 = CARTESIAN_POINT ( 'NONE',  ( 0.1666963724121222901, -0.1745038421682677532, 0.02952755905512140580 ) ) ;
#1459 = VERTEX_POINT ( 'NONE', #648 ) ;
#1460 = FILL_AREA_STYLE_COLOUR ( '', #1323 ) ;
#1461 = AXIS2_PLACEMENT_3D ( 'NONE', #3123, #2626, #2677 ) ;
#1462 = DIRECTION ( 'NONE',  ( 1.000000000000000000, 0.0000000000000000000, 0.0000000000000000000 ) ) ;
#1463 = AXIS2_PLACEMENT_3D ( 'NONE', #1132, #384, #2868 ) ;
#1464 = VERTEX_POINT ( 'NONE', #1646 ) ;
#1465 = ADVANCED_FACE ( 'NONE', ( #2640 ), #2354, .T. ) ;
#1466 = SURFACE_STYLE_USAGE ( .BOTH. , #2952 ) ;
#1467 = CARTESIAN_POINT ( 'NONE',  ( 0.1279527559055118335, -0.1794716001481374557, 0.04133858267716535723 ) ) ;
#1468 = VECTOR ( 'NONE', #716, 39.37007874015748143 ) ;
#1469 = PRESENTATION_LAYER_ASSIGNMENT (  '', '', ( #624 ) ) ;
#1470 =( NAMED_UNIT ( * ) PLANE_ANGLE_UNIT ( ) SI_UNIT ( $, .RADIAN. ) );
#1471 = AXIS2_PLACEMENT_3D ( 'NONE', #3223, #976, #476 ) ;
#1472 = EDGE_LOOP ( 'NONE', ( #1639, #1212, #978, #1402, #1428, #1922, #432, #1631, #2592, #2723, #1170, #634 ) ) ;
#1473 = VECTOR ( 'NONE', #2698, 39.37007874015748143 ) ;
#1474 = PLANE ( 'NONE',  #1328 ) ;
#1475 = CARTESIAN_POINT ( 'NONE',  ( -0.1718068038523621888, -0.1791338582677165503, 0.05019685039370078150 ) ) ;
#1476 = DIMENSIONAL_EXPONENTS ( 1.000000000000000000, 0.0000000000000000000, 0.0000000000000000000, 0.0000000000000000000, 0.0000000000000000000, 0.0000000000000000000, 0.0000000000000000000 ) ;
#1477 = VERTEX_POINT ( 'NONE', #696 ) ;
#1478 = MECHANICAL_DESIGN_GEOMETRIC_PRESENTATION_REPRESENTATION (  '', ( #155 ), #419 ) ;
#1479 = CARTESIAN_POINT ( 'NONE',  ( 0.1614173228346456601, -0.1975434019262204965, -0.1614173228346456601 ) ) ;
#1480 = AXIS2_PLACEMENT_3D ( 'NONE', #473, #440, #674 ) ;
#1481 = DIRECTION ( 'NONE',  ( 0.0000000000000000000, -1.000000000000000000, 0.0000000000000000000 ) ) ;
#1482 = FILL_AREA_STYLE ('',( #2007 ) ) ;
#1483 = VERTEX_POINT ( 'NONE', #3222 ) ;
#1484 = DIRECTION ( 'NONE',  ( 0.0000000000000000000, 1.000000000000000000, 0.0000000000000000000 ) ) ;
#1485 = CARTESIAN_POINT ( 'NONE',  ( 0.0000000000000000000, -0.1751968503937007815, 0.0000000000000000000 ) ) ;
#1486 = CARTESIAN_POINT ( 'NONE',  ( 0.1318897637795275746, -0.1811023622047244208, -0.03740157480314960925 ) ) ;
#1487 = EDGE_CURVE ( 'NONE', #1155, #2896, #1373, .T. ) ;
#1488 = ORIENTED_EDGE ( 'NONE', *, *, #1698, .F. ) ;
#1489 = SURFACE_STYLE_USAGE ( .BOTH. , #1775 ) ;
#1490 = FILL_AREA_STYLE_COLOUR ( '', #1737 ) ;
#1491 = SURFACE_STYLE_FILL_AREA ( #2704 ) ;
#1492 = VERTEX_POINT ( 'NONE', #2690 ) ;
#1493 = DIMENSIONAL_EXPONENTS ( 1.000000000000000000, 0.0000000000000000000, 0.0000000000000000000, 0.0000000000000000000, 0.0000000000000000000, 0.0000000000000000000, 0.0000000000000000000 ) ;
#1494 = UNCERTAINTY_MEASURE_WITH_UNIT (LENGTH_MEASURE( 1.000000000000000082E-05 ), #1830, 'distance_accuracy_value', 'NONE');
#1495 = LINE ( 'NONE', #1436, #1516 ) ;
#1496 = EDGE_CURVE ( 'NONE', #2008, #2380, #1009, .T. ) ;
#1497 = DIRECTION ( 'NONE',  ( 0.0000000000000000000, 0.9945054529214104599, -0.1046847845180010755 ) ) ;
#1498 = ORIENTED_EDGE ( 'NONE', *, *, #756, .F. ) ;
#1499 = CARTESIAN_POINT ( 'NONE',  ( 0.0000000000000000000, -0.1771653543307087075, 0.0000000000000000000 ) ) ;
#1500 = DIRECTION ( 'NONE',  ( 0.0000000000000000000, -1.000000000000000000, 0.0000000000000000000 ) ) ;
#1501 = FILL_AREA_STYLE ('',( #989 ) ) ;
#1502 =( BOUNDED_CURVE ( )  B_SPLINE_CURVE ( 3, ( #2940, #1139, #1694, #3128 ),
 .UNSPECIFIED., .F., .T. ) 
 B_SPLINE_CURVE_WITH_KNOTS ( ( 4, 4 ),
 ( 0.0000000000000000000, 1.570796326794896558 ),
 .UNSPECIFIED. ) 
 CURVE ( )  GEOMETRIC_REPRESENTATION_ITEM ( )  RATIONAL_B_SPLINE_CURVE ( ( 1.000000000000000000, 0.8047378541243649375, 0.8047378541243649375, 1.000000000000000000 ) ) 
 REPRESENTATION_ITEM ( '' )  );
#1503 = ORIENTED_EDGE ( 'NONE', *, *, #1063, .T. ) ;
#1504 = CARTESIAN_POINT ( 'NONE',  ( 0.1161417322834645688, -0.1771653543307087075, -0.02952755905511811330 ) ) ;
#1505 = ADVANCED_FACE ( 'NONE', ( #988 ), #975, .F. ) ;
#1506 = ADVANCED_FACE ( 'NONE', ( #3233 ), #754, .F. ) ;
#1507 = CARTESIAN_POINT ( 'NONE',  ( -0.1318897637795275746, -0.1811023622047244208, 0.0000000000000000000 ) ) ;
#1508 = CARTESIAN_POINT ( 'NONE',  ( 0.0000000000000000000, -0.07874015748031495954, 0.0000000000000000000 ) ) ;
#1509 = DIRECTION ( 'NONE',  ( 0.0000000000000000000, 0.0000000000000000000, -1.000000000000000000 ) ) ;
#1510 = EDGE_LOOP ( 'NONE', ( #1710, #2191, #521, #2180 ) ) ;
#1511 =( LENGTH_UNIT ( ) NAMED_UNIT ( * ) SI_UNIT ( $, .METRE. ) );
#1512 =( NAMED_UNIT ( * ) PLANE_ANGLE_UNIT ( ) SI_UNIT ( $, .RADIAN. ) );
#1513 =( GEOMETRIC_REPRESENTATION_CONTEXT ( 3 ) GLOBAL_UNCERTAINTY_ASSIGNED_CONTEXT ( ( #1297 ) ) GLOBAL_UNIT_ASSIGNED_CONTEXT ( ( #923, #1390, #1614 ) ) REPRESENTATION_CONTEXT ( 'NONE', 'WORKASPACE' ) );
#1514 = ORIENTED_EDGE ( 'NONE', *, *, #1841, .F. ) ;
#1515 =( CONVERSION_BASED_UNIT ( 'INCH', #216 ) LENGTH_UNIT ( ) NAMED_UNIT ( #2738 ) );
#1516 = VECTOR ( 'NONE', #1687, 39.37007874015748143 ) ;
#1517 = CARTESIAN_POINT ( 'NONE',  ( 0.1200787401574803098, -0.1811023622047244208, -0.02559055118110236879 ) ) ;
#1518 = FACE_OUTER_BOUND ( 'NONE', #1622, .T. ) ;
#1519 = VECTOR ( 'NONE', #1221, 39.37007874015748143 ) ;
#1520 = UNCERTAINTY_MEASURE_WITH_UNIT (LENGTH_MEASURE( 1.000000000000000082E-05 ), #283, 'distance_accuracy_value', 'NONE');
#1521 = ORIENTED_EDGE ( 'NONE', *, *, #1976, .F. ) ;
#1522 = DIRECTION ( 'NONE',  ( -1.000000000000000000, 0.0000000000000000000, 0.0000000000000000000 ) ) ;
#1523 = VECTOR ( 'NONE', #1675, 39.37007874015748143 ) ;
#1524 = AXIS2_PLACEMENT_3D ( 'NONE', #1475, #1731, #218 ) ;
#1525 = EDGE_CURVE ( 'NONE', #1758, #3114, #152, .T. ) ;
#1526 = CIRCLE ( 'NONE', #3202, 0.1692913385826771699 ) ;
#1527 = CARTESIAN_POINT ( 'NONE',  ( -0.1318897637795275746, -0.1811023622047244208, -0.02559055118110236879 ) ) ;
#1528 = VECTOR ( 'NONE', #592, 39.37007874015748143 ) ;
#1529 = STYLED_ITEM ( 'NONE', ( #1534 ), #3066 ) ;
#1530 = CARTESIAN_POINT ( 'NONE',  ( 0.1889763779527559029, -0.1771653543307089296, 0.06889763779527607879 ) ) ;
#1531 = CARTESIAN_POINT ( 'NONE',  ( 0.0000000000000000000, 0.009842519685039369942, 0.0000000000000000000 ) ) ;
#1532 = ORIENTED_EDGE ( 'NONE', *, *, #1113, .F. ) ;
#1533 = DIRECTION ( 'NONE',  ( 0.0000000000000000000, 0.0000000000000000000, 1.000000000000000000 ) ) ;
#1534 = PRESENTATION_STYLE_ASSIGNMENT (( #217 ) ) ;
#1535 = CARTESIAN_POINT ( 'NONE',  ( 0.05905511811023622659, -0.08858267716535435377, 0.1889763779527559029 ) ) ;
#1536 = DIMENSIONAL_EXPONENTS ( 1.000000000000000000, 0.0000000000000000000, 0.0000000000000000000, 0.0000000000000000000, 0.0000000000000000000, 0.0000000000000000000, 0.0000000000000000000 ) ;
#1537 = DIRECTION ( 'NONE',  ( 0.0000000000000000000, 0.0000000000000000000, -1.000000000000000000 ) ) ;
#1538 = EDGE_CURVE ( 'NONE', #1645, #2656, #1990, .T. ) ;
#1539 = ORIENTED_EDGE ( 'NONE', *, *, #2334, .F. ) ;
#1540 = VERTEX_POINT ( 'NONE', #741 ) ;
#1541 =( LENGTH_UNIT ( ) NAMED_UNIT ( * ) SI_UNIT ( $, .METRE. ) );
#1542 = CARTESIAN_POINT ( 'NONE',  ( 0.1919291338582677087, -0.08661417322834646937, 0.02952755905511811330 ) ) ;
#1543 = PLANE ( 'NONE',  #833 ) ;
#1544 = DIRECTION ( 'NONE',  ( 1.000000000000000000, 0.0000000000000000000, 0.0000000000000000000 ) ) ;
#1545 = CARTESIAN_POINT ( 'NONE',  ( -0.1614173228346456601, -0.1764723461052756237, -0.1771653543307086520 ) ) ;
#1546 = EDGE_CURVE ( 'NONE', #1102, #431, #180, .T. ) ;
#1547 = CARTESIAN_POINT ( 'NONE',  ( 0.1200787401574803098, -0.1771653543307087075, 0.02559055118110236879 ) ) ;
#1548 = APPLICATION_PROTOCOL_DEFINITION ( 'draft international standard', 'automotive_design', 1998, #3082 ) ;
#1549 =( BOUNDED_CURVE ( )  B_SPLINE_CURVE ( 3, ( #1761, #3261, #2751, #593 ),
 .UNSPECIFIED., .F., .T. ) 
 B_SPLINE_CURVE_WITH_KNOTS ( ( 4, 4 ),
 ( 4.293247121138077382, 4.525252117832881282 ),
 .UNSPECIFIED. ) 
 CURVE ( )  GEOMETRIC_REPRESENTATION_ITEM ( )  RATIONAL_B_SPLINE_CURVE ( ( 1.000000000000000000, 0.9955195011904690583, 0.9955195011904690583, 1.000000000000000000 ) ) 
 REPRESENTATION_ITEM ( '' )  );
#1550 = ORIENTED_EDGE ( 'NONE', *, *, #1313, .F. ) ;
#1551 = CARTESIAN_POINT ( 'NONE',  ( 0.1200787401574803098, -0.1751968503937007815, 0.02952755905511811330 ) ) ;
#1552 = LINE ( 'NONE', #1797, #1327 ) ;
#1553 = CARTESIAN_POINT ( 'NONE',  ( -0.1919291338582677087, -0.08661417322834646937, 0.0000000000000000000 ) ) ;
#1554 = DIRECTION ( 'NONE',  ( 0.0000000000000000000, -1.000000000000000000, 0.0000000000000000000 ) ) ;
#1555 =( LENGTH_UNIT ( ) NAMED_UNIT ( * ) SI_UNIT ( $, .METRE. ) );
#1556 = UNCERTAINTY_MEASURE_WITH_UNIT (LENGTH_MEASURE( 1.000000000000000082E-05 ), #3121, 'distance_accuracy_value', 'NONE');
#1557 = VERTEX_POINT ( 'NONE', #2967 ) ;
#1558 = CARTESIAN_POINT ( 'NONE',  ( -0.1318897637795275746, -0.1811023622047244208, -0.03740157480314960925 ) ) ;
#1559 = SURFACE_STYLE_FILL_AREA ( #3 ) ;
#1560 = DIMENSIONAL_EXPONENTS ( 1.000000000000000000, 0.0000000000000000000, 0.0000000000000000000, 0.0000000000000000000, 0.0000000000000000000, 0.0000000000000000000, 0.0000000000000000000 ) ;
#1561 = LINE ( 'NONE', #2535, #1715 ) ;
#1562 = DIRECTION ( 'NONE',  ( 0.0000000000000000000, -1.000000000000000000, 0.0000000000000000000 ) ) ;
#1563 = DIRECTION ( 'NONE',  ( 1.000000000000000000, 0.0000000000000000000, 0.0000000000000000000 ) ) ;
#1564 = VECTOR ( 'NONE', #196, 39.37007874015748143 ) ;
#1565 = EDGE_CURVE ( 'NONE', #2656, #2352, #487, .T. ) ;
#1566 = EDGE_LOOP ( 'NONE', ( #3253, #2145, #1125 ) ) ;
#1567 = CARTESIAN_POINT ( 'NONE',  ( 0.1712598425196850405, -0.1338582677165354173, -0.02952755905511811330 ) ) ;
#1568 = CARTESIAN_POINT ( 'NONE',  ( -0.1476377952755905387, -0.1751968503937007815, 0.04133858267716536417 ) ) ;
#1569 = SURFACE_STYLE_USAGE ( .BOTH. , #809 ) ;
#1570 = STYLED_ITEM ( 'NONE', ( #190 ), #268 ) ;
#1571 = FACE_OUTER_BOUND ( 'NONE', #1295, .T. ) ;
#1572 = PRESENTATION_LAYER_ASSIGNMENT (  '', '', ( #676 ) ) ;
#1573 =( GEOMETRIC_REPRESENTATION_CONTEXT ( 3 ) GLOBAL_UNCERTAINTY_ASSIGNED_CONTEXT ( ( #2572 ) ) GLOBAL_UNIT_ASSIGNED_CONTEXT ( ( #2074, #3048, #2317 ) ) REPRESENTATION_CONTEXT ( 'NONE', 'WORKASPACE' ) );
#1574 = CARTESIAN_POINT ( 'NONE',  ( 0.0000000000000000000, 0.009842519685039369942, 0.03937007874015747977 ) ) ;
#1575 = CARTESIAN_POINT ( 'NONE',  ( -0.1614173228346456601, -0.1870078740157480324, 0.1614173228346456601 ) ) ;
#1576 =( NAMED_UNIT ( * ) PLANE_ANGLE_UNIT ( ) SI_UNIT ( $, .RADIAN. ) );
#1577 = AXIS2_PLACEMENT_3D ( 'NONE', #2784, #2728, #1984 ) ;
#1578 = MECHANICAL_DESIGN_GEOMETRIC_PRESENTATION_REPRESENTATION (  '', ( #1162 ), #2507 ) ;
#1579 = ORIENTED_EDGE ( 'NONE', *, *, #2030, .T. ) ;
#1580 = VECTOR ( 'NONE', #96, 39.37007874015748143 ) ;
#1581 =( NAMED_UNIT ( * ) SI_UNIT ( $, .STERADIAN. ) SOLID_ANGLE_UNIT ( ) );
#1582 =( NAMED_UNIT ( * ) PLANE_ANGLE_UNIT ( ) SI_UNIT ( $, .RADIAN. ) );
#1583 = LINE ( 'NONE', #328, #466 ) ;
#1584 = FILL_AREA_STYLE ('',( #2062 ) ) ;
#1585 = ORIENTED_EDGE ( 'NONE', *, *, #2608, .F. ) ;
#1586 = LINE ( 'NONE', #2129, #2107 ) ;
#1587 = PRESENTATION_STYLE_ASSIGNMENT (( #1569 ) ) ;
#1588 = EDGE_CURVE ( 'NONE', #1849, #2404, #547, .T. ) ;
#1589 =( NAMED_UNIT ( * ) SI_UNIT ( $, .STERADIAN. ) SOLID_ANGLE_UNIT ( ) );
#1590 = UNCERTAINTY_MEASURE_WITH_UNIT (LENGTH_MEASURE( 1.000000000000000082E-05 ), #940, 'distance_accuracy_value', 'NONE');
#1591 = VERTEX_POINT ( 'NONE', #3187 ) ;
#1592 = CARTESIAN_POINT ( 'NONE',  ( 0.1776560243081889701, -0.1791338582677165503, -0.03149606299212598381 ) ) ;
#1593 = EDGE_CURVE ( 'NONE', #1540, #1, #2814, .T. ) ;
#1594 = VERTEX_POINT ( 'NONE', #2209 ) ;
#1595 = SURFACE_SIDE_STYLE ('',( #1864 ) ) ;
#1596 = CARTESIAN_POINT ( 'NONE',  ( 0.1889763779527559029, -0.1771653543307087075, 0.02952755905511811330 ) ) ;
#1597 = CARTESIAN_POINT ( 'NONE',  ( 0.1279527559055118335, -0.1771653543307087075, -0.04133858267716536417 ) ) ;
#1598 = EDGE_CURVE ( 'NONE', #1182, #2819, #937, .T. ) ;
#1599 = DIRECTION ( 'NONE',  ( -0.0000000000000000000, -0.0000000000000000000, -1.000000000000000000 ) ) ;
#1600 = EDGE_LOOP ( 'NONE', ( #2410, #1397, #1269, #1071 ) ) ;
#1601 = PRESENTATION_STYLE_ASSIGNMENT (( #2820 ) ) ;
#1602 = DIRECTION ( 'NONE',  ( 0.0000000000000000000, -1.000000000000000000, 0.0000000000000000000 ) ) ;
#1603 = LINE ( 'NONE', #1150, #2155 ) ;
#1604 = VERTEX_POINT ( 'NONE', #441 ) ;
#1605 = CARTESIAN_POINT ( 'NONE',  ( -0.1295835179620987987, -0.1811023622047244486, -0.02789679699853112385 ) ) ;
#1606 = CARTESIAN_POINT ( 'NONE',  ( 0.1889763779527559029, -0.09055118110236221041, -0.02952755905511811330 ) ) ;
#1607 = EDGE_CURVE ( 'NONE', #3174, #1131, #564, .T. ) ;
#1608 = EDGE_LOOP ( 'NONE', ( #2258, #1909, #2802, #2392, #2589, #415, #1900, #575, #1935, #2615, #2999, #3100, #2706, #672 ) ) ;
#1609 = PLANE ( 'NONE',  #3096 ) ;
#1610 = LINE ( 'NONE', #1843, #852 ) ;
#1611 = FILL_AREA_STYLE ('',( #1910 ) ) ;
#1612 = DIRECTION ( 'NONE',  ( -1.000000000000000000, 0.0000000000000000000, 0.0000000000000000000 ) ) ;
#1613 = ORIENTED_EDGE ( 'NONE', *, *, #2962, .T. ) ;
#1614 =( NAMED_UNIT ( * ) SI_UNIT ( $, .STERADIAN. ) SOLID_ANGLE_UNIT ( ) );
#1615 = LINE ( 'NONE', #2678, #1947 ) ;
#1616 = CYLINDRICAL_SURFACE ( 'NONE', #1471, 0.003937007874015741038 ) ;
#1617 = ORIENTED_EDGE ( 'NONE', *, *, #1865, .F. ) ;
#1618 = ORIENTED_EDGE ( 'NONE', *, *, #64, .F. ) ;
#1619 = VECTOR ( 'NONE', #1828, 39.37007874015748143 ) ;
#1620 = SURFACE_STYLE_FILL_AREA ( #1815 ) ;
#1621 = LENGTH_MEASURE_WITH_UNIT ( LENGTH_MEASURE( 0.02539999999999999897 ), #2859 );
#1622 = EDGE_LOOP ( 'NONE', ( #2344, #945, #2489, #135 ) ) ;
#1623 = CARTESIAN_POINT ( 'NONE',  ( 0.1279527559055118335, -0.1751968503937007815, -8.829491818350393946E-11 ) ) ;
#1624 = AXIS2_PLACEMENT_3D ( 'NONE', #1040, #805, #3030 ) ;
#1625 = EDGE_CURVE ( 'NONE', #407, #2135, #2470, .T. ) ;
#1626 = STYLED_ITEM ( 'NONE', ( #1420 ), #2081 ) ;
#1627 = CARTESIAN_POINT ( 'NONE',  ( -0.1476377952755905387, -0.1811023622047244208, -0.03740157480314960925 ) ) ;
#1628 = STYLED_ITEM ( 'NONE', ( #2143 ), #2329 ) ;
#1629 = AXIS2_PLACEMENT_3D ( 'NONE', #1535, #2775, #2805 ) ;
#1630 = AXIS2_PLACEMENT_3D ( 'NONE', #1547, #2541, #2275 ) ;
#1631 = ORIENTED_EDGE ( 'NONE', *, *, #399, .F. ) ;
#1632 = LENGTH_MEASURE_WITH_UNIT ( LENGTH_MEASURE( 0.02539999999999999897 ), #875 );
#1633 = ORIENTED_EDGE ( 'NONE', *, *, #778, .F. ) ;
#1634 = EDGE_LOOP ( 'NONE', ( #1521, #400, #2376, #1012 ) ) ;
#1635 = STYLED_ITEM ( 'NONE', ( #1877 ), #3130 ) ;
#1636 = FACE_OUTER_BOUND ( 'NONE', #1197, .T. ) ;
#1637 = LENGTH_MEASURE_WITH_UNIT ( LENGTH_MEASURE( 0.02539999999999999897 ), #172 );
#1638 = EDGE_CURVE ( 'NONE', #407, #2964, #1962, .T. ) ;
#1639 = ORIENTED_EDGE ( 'NONE', *, *, #601, .F. ) ;
#1640 = CARTESIAN_POINT ( 'NONE',  ( -0.1889763779527559029, -0.1771653543307087075, -0.06889763779527559306 ) ) ;
#1641 =( NAMED_UNIT ( * ) PLANE_ANGLE_UNIT ( ) SI_UNIT ( $, .RADIAN. ) );
#1642 = LINE ( 'NONE', #870, #2973 ) ;
#1643 = CARTESIAN_POINT ( 'NONE',  ( -0.1476377952755905387, -0.1811023622047244208, 0.03740157480314960925 ) ) ;
#1644 = ADVANCED_FACE ( 'NONE', ( #2800 ), #549, .T. ) ;
#1645 = VERTEX_POINT ( 'NONE', #2274 ) ;
#1646 = CARTESIAN_POINT ( 'NONE',  ( 0.1889763779527559029, -0.08661417322834646937, 0.02952755905511811330 ) ) ;
#1647 = ORIENTED_EDGE ( 'NONE', *, *, #295, .F. ) ;
#1648 = ORIENTED_EDGE ( 'NONE', *, *, #1301, .F. ) ;
#1649 = FACE_OUTER_BOUND ( 'NONE', #2721, .T. ) ;
#1650 = ORIENTED_EDGE ( 'NONE', *, *, #1805, .F. ) ;
#1651 =( LENGTH_UNIT ( ) NAMED_UNIT ( * ) SI_UNIT ( $, .METRE. ) );
#1652 = CARTESIAN_POINT ( 'NONE',  ( -0.1161417322834645688, -0.1751968503937007815, -0.02952755905511811677 ) ) ;
#1653 = EDGE_LOOP ( 'NONE', ( #2335, #354 ) ) ;
#1654 = FACE_OUTER_BOUND ( 'NONE', #2646, .T. ) ;
#1655 = SURFACE_STYLE_USAGE ( .BOTH. , #95 ) ;
#1656 = ADVANCED_FACE ( 'NONE', ( #533 ), #3013, .T. ) ;
#1657 = ORIENTED_EDGE ( 'NONE', *, *, #1933, .F. ) ;
#1658 = VERTEX_POINT ( 'NONE', #786 ) ;
#1659 = DIRECTION ( 'NONE',  ( -0.0000000000000000000, -1.000000000000000000, -0.0000000000000000000 ) ) ;
#1660 = AXIS2_PLACEMENT_3D ( 'NONE', #3186, #2128, #1148 ) ;
#1661 = ORIENTED_EDGE ( 'NONE', *, *, #1546, .T. ) ;
#1662 = DIRECTION ( 'NONE',  ( 1.000000000000000000, 0.0000000000000000000, 0.0000000000000000000 ) ) ;
#1663 = PRESENTATION_LAYER_ASSIGNMENT (  '', '', ( #3079 ) ) ;
#1664 =( GEOMETRIC_REPRESENTATION_CONTEXT ( 3 ) GLOBAL_UNCERTAINTY_ASSIGNED_CONTEXT ( ( #1857 ) ) GLOBAL_UNIT_ASSIGNED_CONTEXT ( ( #177, #934, #956 ) ) REPRESENTATION_CONTEXT ( 'NONE', 'WORKASPACE' ) );
#1665 = AXIS2_PLACEMENT_3D ( 'NONE', #1479, #918, #1924 ) ;
#1666 = DIRECTION ( 'NONE',  ( 0.0000000000000000000, 1.000000000000000000, 0.0000000000000000000 ) ) ;
#1667 = CIRCLE ( 'NONE', #3247, 0.003937007874015745375 ) ;
#1668 =( LENGTH_UNIT ( ) NAMED_UNIT ( * ) SI_UNIT ( $, .METRE. ) );
#1669 = VECTOR ( 'NONE', #2618, 39.37007874015748143 ) ;
#1670 = EDGE_LOOP ( 'NONE', ( #1929, #2033, #1187, #2724 ) ) ;
#1671 =( GEOMETRIC_REPRESENTATION_CONTEXT ( 3 ) GLOBAL_UNCERTAINTY_ASSIGNED_CONTEXT ( ( #2826 ) ) GLOBAL_UNIT_ASSIGNED_CONTEXT ( ( #893, #398, #1589 ) ) REPRESENTATION_CONTEXT ( 'NONE', 'WORKASPACE' ) );
#1672 = FACE_OUTER_BOUND ( 'NONE', #2892, .T. ) ;
#1673 = VECTOR ( 'NONE', #3194, 39.37007874015748143 ) ;
#1674 = LINE ( 'NONE', #3161, #783 ) ;
#1675 = DIRECTION ( 'NONE',  ( 1.000000000000000000, 0.0000000000000000000, 0.0000000000000000000 ) ) ;
#1676 = EDGE_LOOP ( 'NONE', ( #2585, #1871, #184, #2167, #117 ) ) ;
#1677 = VERTEX_POINT ( 'NONE', #1791 ) ;
#1678 = LINE ( 'NONE', #929, #2318 ) ;
#1679 = CARTESIAN_POINT ( 'NONE',  ( 0.1968503937007874127, -0.08661417322834646937, 0.02952755905511811330 ) ) ;
#1680 = EDGE_CURVE ( 'NONE', #471, #928, #1719, .T. ) ;
#1681 = VECTOR ( 'NONE', #1923, 39.37007874015748143 ) ;
#1682 = PRESENTATION_LAYER_ASSIGNMENT (  '', '', ( #2992 ) ) ;
#1683 = ORIENTED_EDGE ( 'NONE', *, *, #1487, .T. ) ;
#1684 = EDGE_CURVE ( 'NONE', #1477, #1422, #2299, .T. ) ;
#1685 = SURFACE_STYLE_FILL_AREA ( #1414 ) ;
#1686 = LINE ( 'NONE', #436, #1213 ) ;
#1687 = DIRECTION ( 'NONE',  ( -1.000000000000000000, 0.0000000000000000000, 0.0000000000000000000 ) ) ;
#1688 = FACE_OUTER_BOUND ( 'NONE', #1670, .T. ) ;
#1689 = EDGE_LOOP ( 'NONE', ( #2357, #1810, #654, #2294 ) ) ;
#1690 = LINE ( 'NONE', #2451, #1889 ) ;
#1691 = DIRECTION ( 'NONE',  ( 0.0000000000000000000, 0.0000000000000000000, -1.000000000000000000 ) ) ;
#1692 = PLANE ( 'NONE',  #571 ) ;
#1693 = VERTEX_POINT ( 'NONE', #1627 ) ;
#1694 = CARTESIAN_POINT ( 'NONE',  ( -0.1295835179620987987, -0.1811023622047244486, -0.03970782062057836431 ) ) ;
#1695 = CARTESIAN_POINT ( 'NONE',  ( 0.1776560243081495849, -0.1791338582677165503, 0.03149606299212598381 ) ) ;
#1696 = VERTEX_POINT ( 'NONE', #2635 ) ;
#1697 = DIRECTION ( 'NONE',  ( 0.0000000000000000000, 0.0000000000000000000, -1.000000000000000000 ) ) ;
#1698 = EDGE_CURVE ( 'NONE', #3215, #723, #874, .T. ) ;
#1699 = FACE_OUTER_BOUND ( 'NONE', #2236, .T. ) ;
#1700 = PRESENTATION_STYLE_ASSIGNMENT (( #1202 ) ) ;
#1701 = FILL_AREA_STYLE_COLOUR ( '', #2049 ) ;
#1702 = ORIENTED_EDGE ( 'NONE', *, *, #2178, .T. ) ;
#1703 = DIRECTION ( 'NONE',  ( 0.0000000000000000000, 1.000000000000000000, 0.0000000000000000000 ) ) ;
#1704 = ORIENTED_EDGE ( 'NONE', *, *, #1047, .F. ) ;
#1705 =( LENGTH_UNIT ( ) NAMED_UNIT ( * ) SI_UNIT ( $, .METRE. ) );
#1706 = LINE ( 'NONE', #3212, #378 ) ;
#1707 = LINE ( 'NONE', #197, #840 ) ;
#1708 = UNCERTAINTY_MEASURE_WITH_UNIT (LENGTH_MEASURE( 1.000000000000000082E-05 ), #1238, 'distance_accuracy_value', 'NONE');
#1709 = VERTEX_POINT ( 'NONE', #1652 ) ;
#1710 = ORIENTED_EDGE ( 'NONE', *, *, #2009, .T. ) ;
#1711 = CLOSED_SHELL ( 'NONE', ( #2424, #1506, #800, #276, #662, #1115, #1854, #1763, #2860, #1983, #1912, #1351, #2793, #2270, #2150, #183, #957, #1505, #134, #272, #914, #512, #1257, #3085, #1410, #1211, #2448, #2950, #3110, #1656, #2817, #3080, #1250, #443, #2683, #546, #1967, #2569, #2081, #1359, #1153, #1337, #1465, #2273, #2124, #3003, #2391, #658, #2759, #153, #811, #221, #561, #2329, #464, #2931, #1644, #2637, #1291, #3130, #17, #2498, #2111, #1026, #2190, #1894, #3190, #2692, #3066, #2699, #356, #1178, #3047, #124, #684, #2485, #477, #2223, #60, #268 ) ) ;
#1712 = CYLINDRICAL_SURFACE ( 'NONE', #1665, 0.01574803149606299885 ) ;
#1713 = DIMENSIONAL_EXPONENTS ( 1.000000000000000000, 0.0000000000000000000, 0.0000000000000000000, 0.0000000000000000000, 0.0000000000000000000, 0.0000000000000000000, 0.0000000000000000000 ) ;
#1714 = CIRCLE ( 'NONE', #718, 0.01574803149606299885 ) ;
#1715 = VECTOR ( 'NONE', #271, 39.37007874015748143 ) ;
#1716 = FACE_OUTER_BOUND ( 'NONE', #170, .T. ) ;
#1717 = EDGE_CURVE ( 'NONE', #2748, #1355, #1642, .T. ) ;
#1718 = PRESENTATION_STYLE_ASSIGNMENT (( #2963 ) ) ;
#1719 = CIRCLE ( 'NONE', #3026, 0.01574803149606299885 ) ;
#1720 = VECTOR ( 'NONE', #83, 39.37007874015748143 ) ;
#1721 = ORIENTED_EDGE ( 'NONE', *, *, #3141, .T. ) ;
#1722 =( CONVERSION_BASED_UNIT ( 'INCH', #1006 ) LENGTH_UNIT ( ) NAMED_UNIT ( #2314 ) );
#1723 = LINE ( 'NONE', #924, #2267 ) ;
#1724 = CARTESIAN_POINT ( 'NONE',  ( 0.0000000000000000000, -0.1751968503937007815, 0.0000000000000000000 ) ) ;
#1725 = AXIS2_PLACEMENT_3D ( 'NONE', #1080, #841, #2597 ) ;
#1726 = PRESENTATION_LAYER_ASSIGNMENT (  '', '', ( #417 ) ) ;
#1727 = ORIENTED_EDGE ( 'NONE', *, *, #435, .F. ) ;
#1728 = COLOUR_RGB ( '',0.7529411764705882248, 0.7529411764705882248, 0.0000000000000000000 ) ;
#1729 = FILL_AREA_STYLE_COLOUR ( '', #2623 ) ;
#1730 =( LENGTH_UNIT ( ) NAMED_UNIT ( * ) SI_UNIT ( $, .METRE. ) );
#1731 = DIRECTION ( 'NONE',  ( 0.0000000000000000000, 0.9945054529214104599, -0.1046847845180010755 ) ) ;
#1732 = COLOUR_RGB ( '',0.7529411764705882248, 0.7529411764705882248, 0.0000000000000000000 ) ;
#1733 = VECTOR ( 'NONE', #2216, 39.37007874015748143 ) ;
#1734 = ORIENTED_EDGE ( 'NONE', *, *, #3157, .F. ) ;
#1735 = EDGE_CURVE ( 'NONE', #2638, #407, #883, .T. ) ;
#1736 = DIRECTION ( 'NONE',  ( 1.000000000000000000, 0.0000000000000000000, 0.0000000000000000000 ) ) ;
#1737 = COLOUR_RGB ( '',0.7529411764705882248, 0.7529411764705882248, 0.0000000000000000000 ) ;
#1738 = SURFACE_STYLE_FILL_AREA ( #220 ) ;
#1739 = PRESENTATION_STYLE_ASSIGNMENT (( #6 ) ) ;
#1740 = DIMENSIONAL_EXPONENTS ( 1.000000000000000000, 0.0000000000000000000, 0.0000000000000000000, 0.0000000000000000000, 0.0000000000000000000, 0.0000000000000000000, 0.0000000000000000000 ) ;
#1741 = ORIENTED_EDGE ( 'NONE', *, *, #3267, .F. ) ;
#1742 = CARTESIAN_POINT ( 'NONE',  ( -0.1476377952755905387, -0.1811023622047244208, 0.0000000000000000000 ) ) ;
#1743 = DIRECTION ( 'NONE',  ( 0.0000000000000000000, 1.000000000000000000, 0.0000000000000000000 ) ) ;
#1744 = CARTESIAN_POINT ( 'NONE',  ( -0.1279527559055118335, -0.1794716001481374557, 0.02952755905511811330 ) ) ;
#1745 = APPLICATION_PROTOCOL_DEFINITION ( 'draft international standard', 'automotive_design', 1998, #1921 ) ;
#1746 = EDGE_CURVE ( 'NONE', #1422, #1849, #139, .T. ) ;
#1747 = ORIENTED_EDGE ( 'NONE', *, *, #2756, .F. ) ;
#1748 = SURFACE_STYLE_FILL_AREA ( #263 ) ;
#1749 = CARTESIAN_POINT ( 'NONE',  ( -0.1889763779527559029, -0.08661417322834646937, 0.0000000000000000000 ) ) ;
#1750 = CARTESIAN_POINT ( 'NONE',  ( -0.1279527559055118613, -0.1751968503937007815, -0.02952755905511811677 ) ) ;
#1751 = ORIENTED_EDGE ( 'NONE', *, *, #3191, .T. ) ;
#1752 = FACE_OUTER_BOUND ( 'NONE', #1880, .T. ) ;
#1753 = LINE ( 'NONE', #2742, #360 ) ;
#1754 = ORIENTED_EDGE ( 'NONE', *, *, #382, .F. ) ;
#1755 = DIRECTION ( 'NONE',  ( 0.0000000000000000000, 0.0000000000000000000, -1.000000000000000000 ) ) ;
#1756 = CARTESIAN_POINT ( 'NONE',  ( 0.1318897637795275746, -0.1811023622047244208, -0.03740157480314960925 ) ) ;
#1757 =( NAMED_UNIT ( * ) PLANE_ANGLE_UNIT ( ) SI_UNIT ( $, .RADIAN. ) );
#1758 = VERTEX_POINT ( 'NONE', #1911 ) ;
#1759 = SURFACE_STYLE_FILL_AREA ( #724 ) ;
#1760 = FACE_OUTER_BOUND ( 'NONE', #484, .T. ) ;
#1761 = CARTESIAN_POINT ( 'NONE',  ( 0.1546372297519104932, -0.1771653543307087075, -0.06889763779527924292 ) ) ;
#1762 = DIMENSIONAL_EXPONENTS ( 1.000000000000000000, 0.0000000000000000000, 0.0000000000000000000, 0.0000000000000000000, 0.0000000000000000000, 0.0000000000000000000, 0.0000000000000000000 ) ;
#1763 = ADVANCED_FACE ( 'NONE', ( #1401 ), #2177, .T. ) ;
#1764 = LINE ( 'NONE', #795, #2620 ) ;
#1765 =( NAMED_UNIT ( * ) SI_UNIT ( $, .STERADIAN. ) SOLID_ANGLE_UNIT ( ) );
#1766 = DIRECTION ( 'NONE',  ( 1.000000000000000000, 0.0000000000000000000, 0.0000000000000000000 ) ) ;
#1767 = CARTESIAN_POINT ( 'NONE',  ( -0.1325827720049606584, -0.1771653543307087075, -0.02559055118110236879 ) ) ;
#1768 = SURFACE_STYLE_FILL_AREA ( #257 ) ;
#1769 = CARTESIAN_POINT ( 'NONE',  ( -0.1200787401574803098, -0.1811023622047244208, 0.0000000000000000000 ) ) ;
#1770 = LINE ( 'NONE', #259, #688 ) ;
#1771 = CARTESIAN_POINT ( 'NONE',  ( -0.1154487240580314988, -0.1771653543307087075, 0.02559055118110236879 ) ) ;
#1772 = EDGE_CURVE ( 'NONE', #2135, #1452, #1161, .T. ) ;
#1773 = CIRCLE ( 'NONE', #621, 0.1692913385826771699 ) ;
#1774 = ORIENTED_EDGE ( 'NONE', *, *, #214, .T. ) ;
#1775 = SURFACE_SIDE_STYLE ('',( #1759 ) ) ;
#1776 = COLOUR_RGB ( '',0.7529411764705882248, 0.7529411764705882248, 0.0000000000000000000 ) ;
#1777 = SURFACE_SIDE_STYLE ('',( #2027 ) ) ;
#1778 = PLANE ( 'NONE',  #369 ) ;
#1779 = CARTESIAN_POINT ( 'NONE',  ( 0.1200787401574803098, -0.1771653543307087075, 0.02559055118110236879 ) ) ;
#1780 = VECTOR ( 'NONE', #2133, 39.37007874015748143 ) ;
#1781 = UNCERTAINTY_MEASURE_WITH_UNIT (LENGTH_MEASURE( 1.000000000000000082E-05 ), #277, 'distance_accuracy_value', 'NONE');
#1782 = VECTOR ( 'NONE', #3020, 39.37007874015748143 ) ;
#1783 = FILL_AREA_STYLE_COLOUR ( '', #2504 ) ;
#1784 = DIMENSIONAL_EXPONENTS ( 1.000000000000000000, 0.0000000000000000000, 0.0000000000000000000, 0.0000000000000000000, 0.0000000000000000000, 0.0000000000000000000, 0.0000000000000000000 ) ;
#1785 = UNCERTAINTY_MEASURE_WITH_UNIT (LENGTH_MEASURE( 1.000000000000000082E-05 ), #2689, 'distance_accuracy_value', 'NONE');
#1786 = COLOUR_RGB ( '',0.7529411764705882248, 0.7529411764705882248, 0.0000000000000000000 ) ;
#1787 = EDGE_CURVE ( 'NONE', #1658, #43, #2850, .T. ) ;
#1788 = CARTESIAN_POINT ( 'NONE',  ( -0.1919291338582677087, -0.08661417322834646937, 0.02952755905511811330 ) ) ;
#1789 = CARTESIAN_POINT ( 'NONE',  ( 0.1295835179620987987, -0.1811023622047244486, -0.02789679699853112385 ) ) ;
#1790 = CARTESIAN_POINT ( 'NONE',  ( -0.1272597476800787497, -0.1771653543307087075, 0.04133858267716536417 ) ) ;
#1791 = CARTESIAN_POINT ( 'NONE',  ( -0.1614173228346456601, -0.1870078740157480324, 0.1456692913385826404 ) ) ;
#1792 = SURFACE_STYLE_USAGE ( .BOTH. , #2239 ) ;
#1793 = PRODUCT_CONTEXT ( 'NONE', #3082, 'mechanical' ) ;
#1794 = EDGE_CURVE ( 'NONE', #79, #3264, #2865, .T. ) ;
#1795 = VERTEX_POINT ( 'NONE', #622 ) ;
#1796 = SURFACE_SIDE_STYLE ('',( #1850 ) ) ;
#1797 = CARTESIAN_POINT ( 'NONE',  ( 0.1476377952755905387, -0.1811023622047244208, 0.0000000000000000000 ) ) ;
#1798 = FACE_OUTER_BOUND ( 'NONE', #1861, .T. ) ;
#1799 = FILL_AREA_STYLE_COLOUR ( '', #314 ) ;
#1800 = CARTESIAN_POINT ( 'NONE',  ( 0.0000000000000000000, -0.1771653543307087075, -0.1289370078740157688 ) ) ;
#1801 = ORIENTED_EDGE ( 'NONE', *, *, #3214, .T. ) ;
#1802 = EDGE_LOOP ( 'NONE', ( #1906, #182, #865, #1017 ) ) ;
#1803 = FACE_OUTER_BOUND ( 'NONE', #915, .T. ) ;
#1804 = CARTESIAN_POINT ( 'NONE',  ( 0.1889763779527559029, -0.1771653543307087075, 0.06889763779527557919 ) ) ;
#1805 = EDGE_CURVE ( 'NONE', #1677, #928, #3103, .T. ) ;
#1806 =( NAMED_UNIT ( * ) PLANE_ANGLE_UNIT ( ) SI_UNIT ( $, .RADIAN. ) );
#1807 = DIMENSIONAL_EXPONENTS ( 1.000000000000000000, 0.0000000000000000000, 0.0000000000000000000, 0.0000000000000000000, 0.0000000000000000000, 0.0000000000000000000, 0.0000000000000000000 ) ;
#1808 = DIRECTION ( 'NONE',  ( 0.0000000000000000000, 0.0000000000000000000, -1.000000000000000000 ) ) ;
#1809 = LINE ( 'NONE', #311, #2106 ) ;
#1810 = ORIENTED_EDGE ( 'NONE', *, *, #2845, .F. ) ;
#1811 = SURFACE_STYLE_USAGE ( .BOTH. , #807 ) ;
#1812 = DIRECTION ( 'NONE',  ( 0.0000000000000000000, -1.000000000000000000, 0.0000000000000000000 ) ) ;
#1813 = CARTESIAN_POINT ( 'NONE',  ( 0.1476377952755905387, -0.1751968503937007815, -0.02952755905511811677 ) ) ;
#1814 = UNCERTAINTY_MEASURE_WITH_UNIT (LENGTH_MEASURE( 1.000000000000000082E-05 ), #737, 'distance_accuracy_value', 'NONE');
#1815 = FILL_AREA_STYLE ('',( #2119 ) ) ;
#1816 = CARTESIAN_POINT ( 'NONE',  ( 0.1889763779527559029, -0.1771653543307087075, -0.06889763779527559306 ) ) ;
#1817 = LINE ( 'NONE', #1542, #677 ) ;
#1818 = VERTEX_POINT ( 'NONE', #605 ) ;
#1819 = SURFACE_SIDE_STYLE ('',( #1077 ) ) ;
#1820 = CARTESIAN_POINT ( 'NONE',  ( -0.1776560243081889701, -0.1771653543307087075, 0.03149606299212598381 ) ) ;
#1821 = EDGE_CURVE ( 'NONE', #1131, #3174, #2356, .T. ) ;
#1822 = FILL_AREA_STYLE ('',( #2538 ) ) ;
#1823 = FILL_AREA_STYLE_COLOUR ( '', #1950 ) ;
#1824 = LINE ( 'NONE', #2815, #2412 ) ;
#1825 = MECHANICAL_DESIGN_GEOMETRIC_PRESENTATION_REPRESENTATION (  '', ( #1980 ), #1099 ) ;
#1826 = EDGE_CURVE ( 'NONE', #3259, #1384, #2157, .T. ) ;
#1827 = VERTEX_POINT ( 'NONE', #1418 ) ;
#1828 = DIRECTION ( 'NONE',  ( 0.0000000000000000000, 0.0000000000000000000, -1.000000000000000000 ) ) ;
#1829 =( NAMED_UNIT ( * ) SI_UNIT ( $, .STERADIAN. ) SOLID_ANGLE_UNIT ( ) );
#1830 =( CONVERSION_BASED_UNIT ( 'INCH', #2353 ) LENGTH_UNIT ( ) NAMED_UNIT ( #2231 ) );
#1831 = SURFACE_STYLE_FILL_AREA ( #2047 ) ;
#1832 = PRODUCT ( 'CUI_DEVICES_CMI-9653S-SMT-TR', 'CUI_DEVICES_CMI-9653S-SMT-TR', '', ( #1793 ) ) ;
#1833 = COLOUR_RGB ( '',0.7529411764705882248, 0.7529411764705882248, 0.0000000000000000000 ) ;
#1834 = SURFACE_SIDE_STYLE ('',( #2379 ) ) ;
#1835 = AXIS2_PLACEMENT_3D ( 'NONE', #1724, #429, #2440 ) ;
#1836 = AXIS2_PLACEMENT_3D ( 'NONE', #1767, #3249, #5 ) ;
#1837 = ORIENTED_EDGE ( 'NONE', *, *, #867, .F. ) ;
#1838 = DIRECTION ( 'NONE',  ( 1.000000000000000000, 0.0000000000000000000, 0.0000000000000000000 ) ) ;
#1839 = STYLED_ITEM ( 'NONE', ( #1021 ), #2190 ) ;
#1840 = VECTOR ( 'NONE', #797, 39.37007874015748143 ) ;
#1841 = EDGE_CURVE ( 'NONE', #2700, #3219, #2409, .T. ) ;
#1842 = ORIENTED_EDGE ( 'NONE', *, *, #295, .T. ) ;
#1843 = CARTESIAN_POINT ( 'NONE',  ( -0.1574803149606299191, -0.1811023622047244208, 0.03740157480314960925 ) ) ;
#1844 = STYLED_ITEM ( 'NONE', ( #326 ), #2699 ) ;
#1845 = VECTOR ( 'NONE', #2936, 39.37007874015748143 ) ;
#1846 =( GEOMETRIC_REPRESENTATION_CONTEXT ( 3 ) GLOBAL_UNCERTAINTY_ASSIGNED_CONTEXT ( ( #1785 ) ) GLOBAL_UNIT_ASSIGNED_CONTEXT ( ( #2689, #455, #167 ) ) REPRESENTATION_CONTEXT ( 'NONE', 'WORKASPACE' ) );
#1847 = DIRECTION ( 'NONE',  ( 0.0000000000000000000, 0.0000000000000000000, 1.000000000000000000 ) ) ;
#1848 = STYLED_ITEM ( 'NONE', ( #323 ), #3190 ) ;
#1849 = VERTEX_POINT ( 'NONE', #1597 ) ;
#1850 = SURFACE_STYLE_FILL_AREA ( #846 ) ;
#1851 = LINE ( 'NONE', #2838, #1528 ) ;
#1852 =( NAMED_UNIT ( * ) SI_UNIT ( $, .STERADIAN. ) SOLID_ANGLE_UNIT ( ) );
#1853 = DIRECTION ( 'NONE',  ( 0.0000000000000000000, 1.000000000000000000, 0.0000000000000000000 ) ) ;
#1854 = ADVANCED_FACE ( 'NONE', ( #1371 ), #163, .T. ) ;
#1855 = DIRECTION ( 'NONE',  ( 0.0000000000000000000, 0.0000000000000000000, 1.000000000000000000 ) ) ;
#1856 = EDGE_CURVE ( 'NONE', #3264, #2939, #2350, .T. ) ;
#1857 = UNCERTAINTY_MEASURE_WITH_UNIT (LENGTH_MEASURE( 1.000000000000000082E-05 ), #177, 'distance_accuracy_value', 'NONE');
#1858 = ORIENTED_EDGE ( 'NONE', *, *, #1231, .T. ) ;
#1859 = DIRECTION ( 'NONE',  ( 0.0000000000000000000, 0.0000000000000000000, -1.000000000000000000 ) ) ;
#1860 = DIRECTION ( 'NONE',  ( -1.000000000000000000, 0.0000000000000000000, 0.0000000000000000000 ) ) ;
#1861 = EDGE_LOOP ( 'NONE', ( #3147, #1380, #2788, #876, #2364, #2694, #2684 ) ) ;
#1862 =( LENGTH_UNIT ( ) NAMED_UNIT ( * ) SI_UNIT ( $, .METRE. ) );
#1863 = DIRECTION ( 'NONE',  ( 0.0000000000000000000, 0.0000000000000000000, -1.000000000000000000 ) ) ;
#1864 = SURFACE_STYLE_FILL_AREA ( #344 ) ;
#1865 = EDGE_CURVE ( 'NONE', #651, #2404, #2372, .T. ) ;
#1866 = DIRECTION ( 'NONE',  ( 0.0000000000000000000, 0.0000000000000000000, -1.000000000000000000 ) ) ;
#1867 = ORIENTED_EDGE ( 'NONE', *, *, #3227, .F. ) ;
#1868 =( LENGTH_UNIT ( ) NAMED_UNIT ( * ) SI_UNIT ( $, .METRE. ) );
#1869 =( NAMED_UNIT ( * ) PLANE_ANGLE_UNIT ( ) SI_UNIT ( $, .RADIAN. ) );
#1870 = CARTESIAN_POINT ( 'NONE',  ( 0.1718068038523621888, -0.1771653543307094847, 0.06889763779527567633 ) ) ;
#1871 = ORIENTED_EDGE ( 'NONE', *, *, #3099, .T. ) ;
#1872 = ORIENTED_EDGE ( 'NONE', *, *, #921, .T. ) ;
#1873 = LENGTH_MEASURE_WITH_UNIT ( LENGTH_MEASURE( 0.02539999999999999897 ), #1100 );
#1874 = EDGE_CURVE ( 'NONE', #830, #321, #1110, .T. ) ;
#1875 = ORIENTED_EDGE ( 'NONE', *, *, #598, .F. ) ;
#1876 =( NAMED_UNIT ( * ) SI_UNIT ( $, .STERADIAN. ) SOLID_ANGLE_UNIT ( ) );
#1877 = PRESENTATION_STYLE_ASSIGNMENT (( #904 ) ) ;
#1878 = CARTESIAN_POINT ( 'NONE',  ( 0.0000000000000000000, 0.009842519685039369942, 0.0000000000000000000 ) ) ;
#1879 = CARTESIAN_POINT ( 'NONE',  ( -0.1889763779527559029, -0.1771653543307087075, 0.06889763779527559306 ) ) ;
#1880 = EDGE_LOOP ( 'NONE', ( #1194, #2955, #1027, #1754 ) ) ;
#1881 = EDGE_CURVE ( 'NONE', #2896, #3219, #126, .T. ) ;
#1882 =( LENGTH_UNIT ( ) NAMED_UNIT ( * ) SI_UNIT ( $, .METRE. ) );
#1883 = CARTESIAN_POINT ( 'NONE',  ( -0.1200787401574803098, -0.1811023622047244208, -0.02559055118110236879 ) ) ;
#1884 = DIRECTION ( 'NONE',  ( 0.0000000000000000000, 0.0000000000000000000, -1.000000000000000000 ) ) ;
#1885 = VERTEX_POINT ( 'NONE', #235 ) ;
#1886 = ORIENTED_EDGE ( 'NONE', *, *, #1447, .F. ) ;
#1887 = VECTOR ( 'NONE', #52, 39.37007874015748143 ) ;
#1888 = CARTESIAN_POINT ( 'NONE',  ( 0.1272597476800787497, -0.1771653543307087075, -0.04133858267716536417 ) ) ;
#1889 = VECTOR ( 'NONE', #3220, 39.37007874015748143 ) ;
#1890 =( BOUNDED_CURVE ( )  B_SPLINE_CURVE ( 3, ( #699, #2484, #3226, #1215 ),
 .UNSPECIFIED., .F., .T. ) 
 B_SPLINE_CURVE_WITH_KNOTS ( ( 4, 4 ),
 ( 4.293247121138077382, 4.525252117832869736 ),
 .UNSPECIFIED. ) 
 CURVE ( )  GEOMETRIC_REPRESENTATION_ITEM ( )  RATIONAL_B_SPLINE_CURVE ( ( 1.000000000000000000, 0.9955195011904695024, 0.9955195011904695024, 1.000000000000000000 ) ) 
 REPRESENTATION_ITEM ( '' )  );
#1891 = ORIENTED_EDGE ( 'NONE', *, *, #3183, .F. ) ;
#1892 = VECTOR ( 'NONE', #1926, 39.37007874015748143 ) ;
#1893 = PRESENTATION_STYLE_ASSIGNMENT (( #2848 ) ) ;
#1894 = ADVANCED_FACE ( 'NONE', ( #1716 ), #1960, .T. ) ;
#1895 = VECTOR ( 'NONE', #1975, 39.37007874015748143 ) ;
#1896 = VECTOR ( 'NONE', #2532, 39.37007874015748143 ) ;
#1897 = VECTOR ( 'NONE', #1425, 39.37007874015748143 ) ;
#1898 = PLANE ( 'NONE',  #363 ) ;
#1899 = CIRCLE ( 'NONE', #104, 0.003937007874015741038 ) ;
#1900 = ORIENTED_EDGE ( 'NONE', *, *, #1002, .T. ) ;
#1901 = CARTESIAN_POINT ( 'NONE',  ( -0.1614173228346456601, -0.1870078740157480324, -0.1614173228346456601 ) ) ;
#1902 = SURFACE_SIDE_STYLE ('',( #364 ) ) ;
#1903 = CARTESIAN_POINT ( 'NONE',  ( -0.1889763779527559029, -0.1771653543307087075, 0.03149606299212598381 ) ) ;
#1904 = VECTOR ( 'NONE', #316, 39.37007874015748143 ) ;
#1905 = LINE ( 'NONE', #2339, #1216 ) ;
#1906 = ORIENTED_EDGE ( 'NONE', *, *, #2881, .F. ) ;
#1907 = ORIENTED_EDGE ( 'NONE', *, *, #1638, .F. ) ;
#1908 = CYLINDRICAL_SURFACE ( 'NONE', #1166, 0.01574803149606299885 ) ;
#1909 = ORIENTED_EDGE ( 'NONE', *, *, #420, .T. ) ;
#1910 = FILL_AREA_STYLE_COLOUR ( '', #2461 ) ;
#1911 = CARTESIAN_POINT ( 'NONE',  ( 0.1666963724121225954, -0.1751968503937007815, 0.02952755905511975781 ) ) ;
#1912 = ADVANCED_FACE ( 'NONE', ( #2930 ), #2709, .T. ) ;
#1913 = SURFACE_STYLE_FILL_AREA ( #1927 ) ;
#1914 = ORIENTED_EDGE ( 'NONE', *, *, #420, .F. ) ;
#1915 = FILL_AREA_STYLE_COLOUR ( '', #2459 ) ;
#1916 =( LENGTH_UNIT ( ) NAMED_UNIT ( * ) SI_UNIT ( $, .METRE. ) );
#1917 = CARTESIAN_POINT ( 'NONE',  ( 0.1200787401574803098, -0.1751968503937007815, 0.02559055118110236879 ) ) ;
#1918 = VERTEX_POINT ( 'NONE', #2727 ) ;
#1919 = CARTESIAN_POINT ( 'NONE',  ( -0.1476377952755905387, -0.1338582677165354173, -0.02952755905511811330 ) ) ;
#1920 = SURFACE_STYLE_FILL_AREA ( #913 ) ;
#1921 = APPLICATION_CONTEXT ( 'automotive_design' ) ;
#1922 = ORIENTED_EDGE ( 'NONE', *, *, #3191, .F. ) ;
#1923 = DIRECTION ( 'NONE',  ( 0.0000000000000000000, 1.000000000000000000, 0.0000000000000000000 ) ) ;
#1924 = DIRECTION ( 'NONE',  ( 0.0000000000000000000, 0.0000000000000000000, 1.000000000000000000 ) ) ;
#1925 = PLANE ( 'NONE',  #3248 ) ;
#1926 = DIRECTION ( 'NONE',  ( -1.000000000000000000, 0.0000000000000000000, 0.0000000000000000000 ) ) ;
#1927 = FILL_AREA_STYLE ('',( #1701 ) ) ;
#1928 = EDGE_CURVE ( 'NONE', #2430, #280, #482, .T. ) ;
#1929 = ORIENTED_EDGE ( 'NONE', *, *, #178, .F. ) ;
#1930 = FILL_AREA_STYLE ('',( #1973 ) ) ;
#1931 = DIRECTION ( 'NONE',  ( 0.0000000000000000000, 0.9945054529214104599, 0.1046847845180010755 ) ) ;
#1932 = CARTESIAN_POINT ( 'NONE',  ( -0.1712598425196850405, -0.1771653543307087075, 0.02952755905511811330 ) ) ;
#1933 = EDGE_CURVE ( 'NONE', #320, #1972, #1495, .T. ) ;
#1934 = ORIENTED_EDGE ( 'NONE', *, *, #2175, .T. ) ;
#1935 = ORIENTED_EDGE ( 'NONE', *, *, #818, .T. ) ;
#1936 = PRESENTATION_STYLE_ASSIGNMENT (( #879 ) ) ;
#1937 = EDGE_LOOP ( 'NONE', ( #2195, #2867, #526, #770 ) ) ;
#1938 = CARTESIAN_POINT ( 'NONE',  ( -0.1614173228346456601, -0.1764723461052756237, -0.1456692913385826404 ) ) ;
#1939 = PRESENTATION_STYLE_ASSIGNMENT (( #1969 ) ) ;
#1940 = EDGE_CURVE ( 'NONE', #1355, #1076, #920, .T. ) ;
#1941 = SURFACE_STYLE_USAGE ( .BOTH. , #2204 ) ;
#1942 = VECTOR ( 'NONE', #324, 39.37007874015748143 ) ;
#1943 = EDGE_LOOP ( 'NONE', ( #352, #1094, #478, #248 ) ) ;
#1944 = PLANE ( 'NONE',  #1463 ) ;
#1945 = VECTOR ( 'NONE', #1963, 39.37007874015748143 ) ;
#1946 = CARTESIAN_POINT ( 'NONE',  ( -0.1614173228346456601, -0.1870078740157480324, -0.1614173228346456601 ) ) ;
#1947 = VECTOR ( 'NONE', #408, 39.37007874015748143 ) ;
#1948 = CARTESIAN_POINT ( 'NONE',  ( 0.1161417322834645827, -0.1751968503937007815, -8.829491818350393946E-11 ) ) ;
#1949 = CARTESIAN_POINT ( 'NONE',  ( -0.1968503937007874127, -0.1811023622047244208, 0.02952755905511811330 ) ) ;
#1950 = COLOUR_RGB ( '',0.7529411764705882248, 0.7529411764705882248, 0.0000000000000000000 ) ;
#1951 = ORIENTED_EDGE ( 'NONE', *, *, #1075, .F. ) ;
#1952 = CARTESIAN_POINT ( 'NONE',  ( 0.0000000000000000000, -0.1751968503937007815, -0.1692913385826771699 ) ) ;
#1953 = CARTESIAN_POINT ( 'NONE',  ( -0.1889763779527559029, -0.1771653543307087075, 0.0000000000000000000 ) ) ;
#1954 = VECTOR ( 'NONE', #1812, 39.37007874015748143 ) ;
#1955 = EDGE_CURVE ( 'NONE', #3171, #1972, #306, .T. ) ;
#1956 = EDGE_CURVE ( 'NONE', #2184, #2229, #2153, .T. ) ;
#1957 = VECTOR ( 'NONE', #1859, 39.37007874015748143 ) ;
#1958 = ORIENTED_EDGE ( 'NONE', *, *, #513, .F. ) ;
#1959 =( CONVERSION_BASED_UNIT ( 'INCH', #2927 ) LENGTH_UNIT ( ) NAMED_UNIT ( #732 ) );
#1960 = PLANE ( 'NONE',  #2098 ) ;
#1961 = EDGE_LOOP ( 'NONE', ( #1433, #2676, #2887, #285 ) ) ;
#1962 = LINE ( 'NONE', #1226, #409 ) ;
#1963 = DIRECTION ( 'NONE',  ( 0.0000000000000000000, 0.0000000000000000000, 1.000000000000000000 ) ) ;
#1964 = ORIENTED_EDGE ( 'NONE', *, *, #857, .T. ) ;
#1965 = CARTESIAN_POINT ( 'NONE',  ( -0.1889763779527559029, -0.08661417322834646937, -0.02952755905511811330 ) ) ;
#1966 = DIRECTION ( 'NONE',  ( 1.000000000000000000, 0.0000000000000000000, 0.0000000000000000000 ) ) ;
#1967 = ADVANCED_FACE ( 'NONE', ( #2436 ), #1898, .T. ) ;
#1968 = ORIENTED_EDGE ( 'NONE', *, *, #2995, .F. ) ;
#1969 = SURFACE_STYLE_USAGE ( .BOTH. , #185 ) ;
#1970 = LINE ( 'NONE', #2908, #1421 ) ;
#1971 = FILL_AREA_STYLE_COLOUR ( '', #1266 ) ;
#1972 = VERTEX_POINT ( 'NONE', #644 ) ;
#1973 = FILL_AREA_STYLE_COLOUR ( '', #2720 ) ;
#1974 = DIRECTION ( 'NONE',  ( 0.0000000000000000000, -1.000000000000000000, 0.0000000000000000000 ) ) ;
#1975 = DIRECTION ( 'NONE',  ( 1.000000000000000000, 0.0000000000000000000, 0.0000000000000000000 ) ) ;
#1976 = EDGE_CURVE ( 'NONE', #3193, #1224, #2109, .T. ) ;
#1977 = ORIENTED_EDGE ( 'NONE', *, *, #620, .F. ) ;
#1978 = DIRECTION ( 'NONE',  ( 0.0000000000000000000, 0.0000000000000000000, -1.000000000000000000 ) ) ;
#1979 = LINE ( 'NONE', #503, #2928 ) ;
#1980 = STYLED_ITEM ( 'NONE', ( #3210 ), #60 ) ;
#1981 = MECHANICAL_DESIGN_GEOMETRIC_PRESENTATION_REPRESENTATION (  '', ( #1154 ), #1513 ) ;
#1982 = DIRECTION ( 'NONE',  ( 0.7071067811865475727, 0.0000000000000000000, 0.7071067811865475727 ) ) ;
#1983 = ADVANCED_FACE ( 'NONE', ( #2126 ), #2138, .T. ) ;
#1984 = DIRECTION ( 'NONE',  ( -1.000000000000000000, 0.0000000000000000000, 0.0000000000000000000 ) ) ;
#1985 = MECHANICAL_DESIGN_GEOMETRIC_PRESENTATION_REPRESENTATION (  '', ( #676 ), #1664 ) ;
#1986 = VECTOR ( 'NONE', #448, 39.37007874015748143 ) ;
#1987 = ORIENTED_EDGE ( 'NONE', *, *, #15, .F. ) ;
#1988 = FILL_AREA_STYLE ('',( #1915 ) ) ;
#1989 =( LENGTH_UNIT ( ) NAMED_UNIT ( * ) SI_UNIT ( $, .METRE. ) );
#1990 = LINE ( 'NONE', #1195, #938 ) ;
#1991 = AXIS2_PLACEMENT_3D ( 'NONE', #2449, #1203, #1290 ) ;
#1992 =( GEOMETRIC_REPRESENTATION_CONTEXT ( 3 ) GLOBAL_UNCERTAINTY_ASSIGNED_CONTEXT ( ( #1098 ) ) GLOBAL_UNIT_ASSIGNED_CONTEXT ( ( #1087, #1576, #2578 ) ) REPRESENTATION_CONTEXT ( 'NONE', 'WORKASPACE' ) );
#1993 = PLANE ( 'NONE',  #889 ) ;
#1994 = VECTOR ( 'NONE', #2914, 39.37007874015748143 ) ;
#1995 = ORIENTED_EDGE ( 'NONE', *, *, #2370, .T. ) ;
#1996 = PLANE ( 'NONE',  #1363 ) ;
#1997 = CARTESIAN_POINT ( 'NONE',  ( -0.1968503937007874127, -0.1811023622047244208, -0.02952755905511811330 ) ) ;
#1998 = DIRECTION ( 'NONE',  ( 1.000000000000000000, 0.0000000000000000000, 1.112002228190260952E-16 ) ) ;
#1999 = PLANE ( 'NONE',  #2512 ) ;
#2000 = DIMENSIONAL_EXPONENTS ( 1.000000000000000000, 0.0000000000000000000, 0.0000000000000000000, 0.0000000000000000000, 0.0000000000000000000, 0.0000000000000000000, 0.0000000000000000000 ) ;
#2001 = PRESENTATION_LAYER_ASSIGNMENT (  '', '', ( #312 ) ) ;
#2002 = EDGE_LOOP ( 'NONE', ( #1633, #697, #757, #2981, #1964, #2185, #2041, #2020 ) ) ;
#2003 = LINE ( 'NONE', #1288, #3246 ) ;
#2004 = CIRCLE ( 'NONE', #1480, 0.03937007874015747977 ) ;
#2005 = STYLED_ITEM ( 'NONE', ( #2228 ), #2729 ) ;
#2006 = FACE_OUTER_BOUND ( 'NONE', #2901, .T. ) ;
#2007 = FILL_AREA_STYLE_COLOUR ( '', #995 ) ;
#2008 = VERTEX_POINT ( 'NONE', #2610 ) ;
#2009 = EDGE_CURVE ( 'NONE', #2939, #3112, #2835, .T. ) ;
#2010 = LENGTH_MEASURE_WITH_UNIT ( LENGTH_MEASURE( 0.02539999999999999897 ), #1511 );
#2011 = CARTESIAN_POINT ( 'NONE',  ( 0.1279527559055118335, -0.1794716001481374557, -0.04133858267716535723 ) ) ;
#2012 = LENGTH_MEASURE_WITH_UNIT ( LENGTH_MEASURE( 0.02539999999999999897 ), #1011 );
#2013 =( BOUNDED_CURVE ( )  B_SPLINE_CURVE ( 3, ( #2627, #2142, #2652, #1883 ),
 .UNSPECIFIED., .F., .T. ) 
 B_SPLINE_CURVE_WITH_KNOTS ( ( 4, 4 ),
 ( 0.0000000000000000000, 1.570796326794896558 ),
 .UNSPECIFIED. ) 
 CURVE ( )  GEOMETRIC_REPRESENTATION_ITEM ( )  RATIONAL_B_SPLINE_CURVE ( ( 1.000000000000000000, 0.8047378541243649375, 0.8047378541243649375, 1.000000000000000000 ) ) 
 REPRESENTATION_ITEM ( '' )  );
#2014 = EDGE_LOOP ( 'NONE', ( #1503, #2794, #1329, #659 ) ) ;
#2015 = LINE ( 'NONE', #1997, #2779 ) ;
#2016 = CARTESIAN_POINT ( 'NONE',  ( 0.1181102362204724532, 0.009842519685039369942, 0.1889763779527559306 ) ) ;
#2017 = DIRECTION ( 'NONE',  ( 0.0000000000000000000, 1.000000000000000000, 0.0000000000000000000 ) ) ;
#2018 = DIRECTION ( 'NONE',  ( -1.000000000000000000, 0.0000000000000000000, 0.0000000000000000000 ) ) ;
#2019 = UNCERTAINTY_MEASURE_WITH_UNIT (LENGTH_MEASURE( 1.000000000000000082E-05 ), #3113, 'distance_accuracy_value', 'NONE');
#2020 = ORIENTED_EDGE ( 'NONE', *, *, #374, .F. ) ;
#2021 = LINE ( 'NONE', #2760, #144 ) ;
#2022 = DIMENSIONAL_EXPONENTS ( 1.000000000000000000, 0.0000000000000000000, 0.0000000000000000000, 0.0000000000000000000, 0.0000000000000000000, 0.0000000000000000000, 0.0000000000000000000 ) ;
#2023 = EDGE_CURVE ( 'NONE', #959, #1827, #2885, .T. ) ;
#2024 = LINE ( 'NONE', #2539, #2057 ) ;
#2025 = EDGE_CURVE ( 'NONE', #2896, #1155, #2362, .T. ) ;
#2026 = ORIENTED_EDGE ( 'NONE', *, *, #382, .T. ) ;
#2027 = SURFACE_STYLE_FILL_AREA ( #1029 ) ;
#2028 = DIRECTION ( 'NONE',  ( 0.0000000000000000000, 0.0000000000000000000, -1.000000000000000000 ) ) ;
#2029 = PRESENTATION_STYLE_ASSIGNMENT (( #2824 ) ) ;
#2030 = EDGE_CURVE ( 'NONE', #2453, #1477, #2636, .T. ) ;
#2031 = DIRECTION ( 'NONE',  ( 0.0000000000000000000, 0.0000000000000000000, -1.000000000000000000 ) ) ;
#2032 = EDGE_CURVE ( 'NONE', #2352, #371, #3083, .T. ) ;
#2033 = ORIENTED_EDGE ( 'NONE', *, *, #578, .F. ) ;
#2034 = PLANE ( 'NONE',  #251 ) ;
#2035 = CARTESIAN_POINT ( 'NONE',  ( 0.1889763779527559029, -0.1771653543307087075, -0.03543307086614173873 ) ) ;
#2036 = DIMENSIONAL_EXPONENTS ( 1.000000000000000000, 0.0000000000000000000, 0.0000000000000000000, 0.0000000000000000000, 0.0000000000000000000, 0.0000000000000000000, 0.0000000000000000000 ) ;
#2037 = AXIS2_PLACEMENT_3D ( 'NONE', #2065, #70, #2543 ) ;
#2038 = CARTESIAN_POINT ( 'NONE',  ( -0.1889763779527559029, -0.1811023622047242820, 0.03149606299212598381 ) ) ;
#2039 = PRESENTATION_STYLE_ASSIGNMENT (( #3000 ) ) ;
#2040 = DIRECTION ( 'NONE',  ( 0.0000000000000000000, 0.0000000000000000000, 1.000000000000000000 ) ) ;
#2041 = ORIENTED_EDGE ( 'NONE', *, *, #2441, .T. ) ;
#2042 =( NAMED_UNIT ( * ) PLANE_ANGLE_UNIT ( ) SI_UNIT ( $, .RADIAN. ) );
#2043 = VECTOR ( 'NONE', #642, 39.37007874015748143 ) ;
#2044 = LINE ( 'NONE', #2278, #1954 ) ;
#2045 = VECTOR ( 'NONE', #3024, 39.37007874015748143 ) ;
#2046 =( CONVERSION_BASED_UNIT ( 'INCH', #993 ) LENGTH_UNIT ( ) NAMED_UNIT ( #1713 ) );
#2047 = FILL_AREA_STYLE ('',( #1799 ) ) ;
#2048 = DIRECTION ( 'NONE',  ( 0.0000000000000000000, 0.0000000000000000000, 1.000000000000000000 ) ) ;
#2049 = COLOUR_RGB ( '',0.7529411764705882248, 0.7529411764705882248, 0.0000000000000000000 ) ;
#2050 = UNCERTAINTY_MEASURE_WITH_UNIT (LENGTH_MEASURE( 1.000000000000000082E-05 ), #838, 'distance_accuracy_value', 'NONE');
#2051 = EDGE_LOOP ( 'NONE', ( #3105, #3163, #887, #1661, #2872, #2603, #262, #396 ) ) ;
#2052 = VERTEX_POINT ( 'NONE', #1643 ) ;
#2053 = CARTESIAN_POINT ( 'NONE',  ( 0.0000000000000000000, -0.1751968503937007815, -0.02952755905511811330 ) ) ;
#2054 = EDGE_CURVE ( 'NONE', #1594, #3193, #1107, .T. ) ;
#2055 = AXIS2_PLACEMENT_3D ( 'NONE', #2752, #1285, #994 ) ;
#2056 = CARTESIAN_POINT ( 'NONE',  ( 0.1663356706636035520, -0.1811023622047238102, 0.03149606299212422827 ) ) ;
#2057 = VECTOR ( 'NONE', #1755, 39.37007874015748143 ) ;
#2058 = MECHANICAL_DESIGN_GEOMETRIC_PRESENTATION_REPRESENTATION (  '', ( #1276 ), #2518 ) ;
#2059 =( NAMED_UNIT ( * ) SI_UNIT ( $, .STERADIAN. ) SOLID_ANGLE_UNIT ( ) );
#2060 = COLOUR_RGB ( '',0.7529411764705882248, 0.7529411764705882248, 0.0000000000000000000 ) ;
#2061 = SURFACE_SIDE_STYLE ('',( #1060 ) ) ;
#2062 = FILL_AREA_STYLE_COLOUR ( '', #2662 ) ;
#2063 = FACE_OUTER_BOUND ( 'NONE', #1676, .T. ) ;
#2064 = EDGE_LOOP ( 'NONE', ( #844, #2861, #3078, #2465 ) ) ;
#2065 = CARTESIAN_POINT ( 'NONE',  ( -0.1614173228346456601, -0.1870078740157480324, 0.1614173228346456601 ) ) ;
#2066 = LINE ( 'NONE', #2804, #2675 ) ;
#2067 = SURFACE_STYLE_FILL_AREA ( #1069 ) ;
#2068 = DIMENSIONAL_EXPONENTS ( 1.000000000000000000, 0.0000000000000000000, 0.0000000000000000000, 0.0000000000000000000, 0.0000000000000000000, 0.0000000000000000000, 0.0000000000000000000 ) ;
#2069 = ORIENTED_EDGE ( 'NONE', *, *, #1735, .F. ) ;
#2070 = LINE ( 'NONE', #3062, #1370 ) ;
#2071 = EDGE_CURVE ( 'NONE', #2619, #1604, #1824, .T. ) ;
#2072 = VERTEX_POINT ( 'NONE', #3104 ) ;
#2073 = FACE_OUTER_BOUND ( 'NONE', #2323, .T. ) ;
#2074 =( CONVERSION_BASED_UNIT ( 'INCH', #529 ) LENGTH_UNIT ( ) NAMED_UNIT ( #969 ) );
#2075 = PRESENTATION_STYLE_ASSIGNMENT (( #291 ) ) ;
#2076 = SURFACE_STYLE_FILL_AREA ( #49 ) ;
#2077 =( NAMED_UNIT ( * ) SI_UNIT ( $, .STERADIAN. ) SOLID_ANGLE_UNIT ( ) );
#2078 = ORIENTED_EDGE ( 'NONE', *, *, #2599, .F. ) ;
#2079 = LINE ( 'NONE', #536, #2500 ) ;
#2080 =( LENGTH_UNIT ( ) NAMED_UNIT ( * ) SI_UNIT ( $, .METRE. ) );
#2081 = ADVANCED_FACE ( 'NONE', ( #859 ), #606, .F. ) ;
#2082 = ORIENTED_EDGE ( 'NONE', *, *, #3157, .T. ) ;
#2083 = ORIENTED_EDGE ( 'NONE', *, *, #1955, .F. ) ;
#2084 =( LENGTH_UNIT ( ) NAMED_UNIT ( * ) SI_UNIT ( $, .METRE. ) );
#2085 = CARTESIAN_POINT ( 'NONE',  ( 0.1614173228346456601, -0.1771653543307087075, -0.1614173228346456601 ) ) ;
#2086 =( NAMED_UNIT ( * ) SI_UNIT ( $, .STERADIAN. ) SOLID_ANGLE_UNIT ( ) );
#2087 = SURFACE_STYLE_USAGE ( .BOTH. , #66 ) ;
#2088 = EDGE_CURVE ( 'NONE', #2693, #100, #2160, .T. ) ;
#2089 = LENGTH_MEASURE_WITH_UNIT ( LENGTH_MEASURE( 0.02539999999999999897 ), #1062 );
#2090 =( NAMED_UNIT ( * ) PLANE_ANGLE_UNIT ( ) SI_UNIT ( $, .RADIAN. ) );
#2091 = VECTOR ( 'NONE', #3272, 39.37007874015748143 ) ;
#2092 = ORIENTED_EDGE ( 'NONE', *, *, #330, .F. ) ;
#2093 = CARTESIAN_POINT ( 'NONE',  ( 0.1476377952755905387, -0.1751968503937007815, 0.02952755905511811677 ) ) ;
#2094 = DIRECTION ( 'NONE',  ( 1.000000000000000000, 0.0000000000000000000, 0.0000000000000000000 ) ) ;
#2095 =( NAMED_UNIT ( * ) SI_UNIT ( $, .STERADIAN. ) SOLID_ANGLE_UNIT ( ) );
#2096 = PRODUCT_DEFINITION_SHAPE ( 'NONE', 'NONE',  #2961 ) ;
#2097 =( GEOMETRIC_REPRESENTATION_CONTEXT ( 3 ) GLOBAL_UNCERTAINTY_ASSIGNED_CONTEXT ( ( #2993 ) ) GLOBAL_UNIT_ASSIGNED_CONTEXT ( ( #7, #1582, #2086 ) ) REPRESENTATION_CONTEXT ( 'NONE', 'WORKASPACE' ) );
#2098 = AXIS2_PLACEMENT_3D ( 'NONE', #971, #2672, #2686 ) ;
#2099 = VECTOR ( 'NONE', #798, 39.37007874015748143 ) ;
#2100 = CARTESIAN_POINT ( 'NONE',  ( 0.0000000000000000000, -0.1751968503937007815, 0.02952755905511811330 ) ) ;
#2101 = EDGE_CURVE ( 'NONE', #2656, #3244, #405, .T. ) ;
#2102 = PRESENTATION_LAYER_ASSIGNMENT (  '', '', ( #1626 ) ) ;
#2103 = VERTEX_POINT ( 'NONE', #3159 ) ;
#2104 =( GEOMETRIC_REPRESENTATION_CONTEXT ( 3 ) GLOBAL_UNCERTAINTY_ASSIGNED_CONTEXT ( ( #1590 ) ) GLOBAL_UNIT_ASSIGNED_CONTEXT ( ( #940, #1470, #213 ) ) REPRESENTATION_CONTEXT ( 'NONE', 'WORKASPACE' ) );
#2105 = AXIS2_PLACEMENT_3D ( 'NONE', #3144, #1931, #2182 ) ;
#2106 = VECTOR ( 'NONE', #3234, 39.37007874015748143 ) ;
#2107 = VECTOR ( 'NONE', #609, 39.37007874015748143 ) ;
#2108 = DIRECTION ( 'NONE',  ( 0.0000000000000000000, 0.0000000000000000000, -1.000000000000000000 ) ) ;
#2109 = LINE ( 'NONE', #68, #627 ) ;
#2110 = AXIS2_PLACEMENT_3D ( 'NONE', #1335, #1085, #389 ) ;
#2111 = ADVANCED_FACE ( 'NONE', ( #1688 ), #2932, .T. ) ;
#2112 = ORIENTED_EDGE ( 'NONE', *, *, #2023, .F. ) ;
#2113 = FILL_AREA_STYLE_COLOUR ( '', #3139 ) ;
#2114 = FILL_AREA_STYLE_COLOUR ( '', #900 ) ;
#2115 = LINE ( 'NONE', #1870, #2825 ) ;
#2116 = UNCERTAINTY_MEASURE_WITH_UNIT (LENGTH_MEASURE( 1.000000000000000082E-05 ), #801, 'distance_accuracy_value', 'NONE');
#2117 = ORIENTED_EDGE ( 'NONE', *, *, #1399, .T. ) ;
#2118 = ORIENTED_EDGE ( 'NONE', *, *, #2088, .T. ) ;
#2119 = FILL_AREA_STYLE_COLOUR ( '', #2060 ) ;
#2120 = SURFACE_STYLE_FILL_AREA ( #353 ) ;
#2121 = ORIENTED_EDGE ( 'NONE', *, *, #1388, .T. ) ;
#2122 = CARTESIAN_POINT ( 'NONE',  ( 0.1220472440944882220, -0.1761811023622047168, -0.02952755905511811330 ) ) ;
#2123 =( NAMED_UNIT ( * ) SI_UNIT ( $, .STERADIAN. ) SOLID_ANGLE_UNIT ( ) );
#2124 = ADVANCED_FACE ( 'NONE', ( #1304 ), #236, .T. ) ;
#2125 = CARTESIAN_POINT ( 'NONE',  ( 0.0000000000000000000, -0.1751968503937007815, -0.04133858267716536417 ) ) ;
#2126 = FACE_OUTER_BOUND ( 'NONE', #1608, .T. ) ;
#2127 = EDGE_LOOP ( 'NONE', ( #2923, #1152, #1362, #338 ) ) ;
#2128 = DIRECTION ( 'NONE',  ( 0.0000000000000000000, 0.0000000000000000000, 1.000000000000000000 ) ) ;
#2129 = CARTESIAN_POINT ( 'NONE',  ( 0.1889763779527559029, -0.09055118110236221041, 0.1181102362204724532 ) ) ;
#2130 = CARTESIAN_POINT ( 'NONE',  ( 0.1279527559055118335, -0.1761811023622047168, -0.02952755905511811330 ) ) ;
#2131 = ORIENTED_EDGE ( 'NONE', *, *, #3250, .F. ) ;
#2132 = ORIENTED_EDGE ( 'NONE', *, *, #1496, .T. ) ;
#2133 = DIRECTION ( 'NONE',  ( 1.000000000000000000, 0.0000000000000000000, 0.0000000000000000000 ) ) ;
#2134 = EDGE_CURVE ( 'NONE', #1422, #1658, #2797, .T. ) ;
#2135 = VERTEX_POINT ( 'NONE', #803 ) ;
#2136 = CARTESIAN_POINT ( 'NONE',  ( -0.1666963724121259816, -0.1338582677165354173, -0.02952755905511811330 ) ) ;
#2137 = CARTESIAN_POINT ( 'NONE',  ( -0.1614173228346456601, -0.1771653543307087075, -0.1614173228346456601 ) ) ;
#2138 = PLANE ( 'NONE',  #253 ) ;
#2139 = ORIENTED_EDGE ( 'NONE', *, *, #968, .F. ) ;
#2140 = DIRECTION ( 'NONE',  ( 0.0000000000000000000, 0.1046847845180421122, -0.9945054529214061301 ) ) ;
#2141 = LENGTH_MEASURE_WITH_UNIT ( LENGTH_MEASURE( 0.02539999999999999897 ), #2080 );
#2142 = CARTESIAN_POINT ( 'NONE',  ( -0.1161417322834645688, -0.1794716001481374557, -0.02952755905511811330 ) ) ;
#2143 = PRESENTATION_STYLE_ASSIGNMENT (( #336 ) ) ;
#2144 = STYLED_ITEM ( 'NONE', ( #1601 ), #134 ) ;
#2145 = ORIENTED_EDGE ( 'NONE', *, *, #2978, .F. ) ;
#2146 = VERTEX_POINT ( 'NONE', #2711 ) ;
#2147 = COLOUR_RGB ( '',0.7529411764705882248, 0.7529411764705882248, 0.0000000000000000000 ) ;
#2148 =( CONVERSION_BASED_UNIT ( 'INCH', #1621 ) LENGTH_UNIT ( ) NAMED_UNIT ( #290 ) );
#2149 = AXIS2_PLACEMENT_3D ( 'NONE', #2137, #2596, #358 ) ;
#2150 = ADVANCED_FACE ( 'NONE', ( #750 ), #495, .F. ) ;
#2151 = EDGE_LOOP ( 'NONE', ( #116, #902, #2714, #1858 ) ) ;
#2152 = LINE ( 'NONE', #1623, #1173 ) ;
#2153 = CIRCLE ( 'NONE', #1369, 0.1692913385826771699 ) ;
#2154 = FACE_OUTER_BOUND ( 'NONE', #2383, .T. ) ;
#2155 = VECTOR ( 'NONE', #2641, 39.37007874015748143 ) ;
#2156 = STYLED_ITEM ( 'NONE', ( #582 ), #1026 ) ;
#2157 = LINE ( 'NONE', #404, #2043 ) ;
#2158 = PRESENTATION_LAYER_ASSIGNMENT (  '', '', ( #2212 ) ) ;
#2159 = STYLED_ITEM ( 'NONE', ( #1246 ), #1291 ) ;
#2160 = LINE ( 'NONE', #2421, #1519 ) ;
#2161 = PRESENTATION_LAYER_ASSIGNMENT (  '', '', ( #3156 ) ) ;
#2162 = ORIENTED_EDGE ( 'NONE', *, *, #1680, .F. ) ;
#2163 = PLANE ( 'NONE',  #3136 ) ;
#2164 = DIRECTION ( 'NONE',  ( 0.0000000000000000000, 0.0000000000000000000, -1.000000000000000000 ) ) ;
#2165 = AXIS2_PLACEMENT_3D ( 'NONE', #3038, #2483, #792 ) ;
#2166 = DIRECTION ( 'NONE',  ( 1.000000000000000000, 0.0000000000000000000, 0.0000000000000000000 ) ) ;
#2167 = ORIENTED_EDGE ( 'NONE', *, *, #1199, .T. ) ;
#2168 = ORIENTED_EDGE ( 'NONE', *, *, #1856, .T. ) ;
#2169 = CARTESIAN_POINT ( 'NONE',  ( 0.1181102362204724532, -0.1771653543307087075, 0.1889763779527559306 ) ) ;
#2170 = FILL_AREA_STYLE_COLOUR ( '', #2568 ) ;
#2171 = ORIENTED_EDGE ( 'NONE', *, *, #1787, .F. ) ;
#2172 =( CONVERSION_BASED_UNIT ( 'INCH', #2665 ) LENGTH_UNIT ( ) NAMED_UNIT ( #1476 ) );
#2173 = CARTESIAN_POINT ( 'NONE',  ( 0.1663356706636039128, -0.1771653543307087075, 0.03149606299212229232 ) ) ;
#2174 = CARTESIAN_POINT ( 'NONE',  ( 0.1889763779527559029, 0.009842519685039369942, -0.1889763779527559029 ) ) ;
#2175 = EDGE_CURVE ( 'NONE', #1365, #2310, #273, .T. ) ;
#2176 =( LENGTH_UNIT ( ) NAMED_UNIT ( * ) SI_UNIT ( $, .METRE. ) );
#2177 = CYLINDRICAL_SURFACE ( 'NONE', #1367, 0.01574803149606299885 ) ;
#2178 = EDGE_CURVE ( 'NONE', #1355, #1171, #1252, .T. ) ;
#2179 =( NAMED_UNIT ( * ) SI_UNIT ( $, .STERADIAN. ) SOLID_ANGLE_UNIT ( ) );
#2180 = ORIENTED_EDGE ( 'NONE', *, *, #2799, .F. ) ;
#2181 = FACE_OUTER_BOUND ( 'NONE', #1937, .T. ) ;
#2182 = DIRECTION ( 'NONE',  ( 0.0000000000000000000, -0.1046847845180010755, 0.9945054529214104599 ) ) ;
#2183 = DIRECTION ( 'NONE',  ( 0.0000000000000000000, 0.0000000000000000000, 1.000000000000000000 ) ) ;
#2184 = VERTEX_POINT ( 'NONE', #3266 ) ;
#2185 = ORIENTED_EDGE ( 'NONE', *, *, #1313, .T. ) ;
#2186 = EDGE_CURVE ( 'NONE', #651, #1918, #1667, .T. ) ;
#2187 = ORIENTED_EDGE ( 'NONE', *, *, #341, .F. ) ;
#2188 = CARTESIAN_POINT ( 'NONE',  ( 0.1279527559055118335, -0.1771653543307087075, 0.02952755905511811677 ) ) ;
#2189 = FILL_AREA_STYLE_COLOUR ( '', #679 ) ;
#2190 = ADVANCED_FACE ( 'NONE', ( #1279 ), #1004, .F. ) ;
#2191 = ORIENTED_EDGE ( 'NONE', *, *, #451, .F. ) ;
#2192 = DIRECTION ( 'NONE',  ( 0.0000000000000000000, -0.1046847845180010755, 0.9945054529214104599 ) ) ;
#2193 = CYLINDRICAL_SURFACE ( 'NONE', #266, 0.003937007874015749712 ) ;
#2194 = CARTESIAN_POINT ( 'NONE',  ( 0.0000000000000000000, -0.1745038421682677532, 0.0000000000000000000 ) ) ;
#2195 = ORIENTED_EDGE ( 'NONE', *, *, #112, .T. ) ;
#2196 = ORIENTED_EDGE ( 'NONE', *, *, #1231, .F. ) ;
#2197 = SURFACE_STYLE_USAGE ( .BOTH. , #1396 ) ;
#2198 = ORIENTED_EDGE ( 'NONE', *, *, #1047, .T. ) ;
#2199 = CYLINDRICAL_SURFACE ( 'NONE', #726, 0.003937007874015745375 ) ;
#2200 = VECTOR ( 'NONE', #2140, 39.37007874015748143 ) ;
#2201 = VECTOR ( 'NONE', #2880, 39.37007874015748143 ) ;
#2202 = CARTESIAN_POINT ( 'NONE',  ( -0.1279527559055118335, -0.1771653543307087075, -0.04203159090259843411 ) ) ;
#2203 =( GEOMETRIC_REPRESENTATION_CONTEXT ( 3 ) GLOBAL_UNCERTAINTY_ASSIGNED_CONTEXT ( ( #596 ) ) GLOBAL_UNIT_ASSIGNED_CONTEXT ( ( #2674, #958, #2179 ) ) REPRESENTATION_CONTEXT ( 'NONE', 'WORKASPACE' ) );
#2204 = SURFACE_SIDE_STYLE ('',( #1913 ) ) ;
#2205 = MECHANICAL_DESIGN_GEOMETRIC_PRESENTATION_REPRESENTATION (  '', ( #3198 ), #2259 ) ;
#2206 = ORIENTED_EDGE ( 'NONE', *, *, #2032, .F. ) ;
#2207 = MECHANICAL_DESIGN_GEOMETRIC_PRESENTATION_REPRESENTATION (  '', ( #417 ), #2979 ) ;
#2208 = PRESENTATION_LAYER_ASSIGNMENT (  '', '', ( #2717 ) ) ;
#2209 = CARTESIAN_POINT ( 'NONE',  ( 0.1614173228346456601, -0.1870078740157480324, -0.1456692913385826404 ) ) ;
#2210 = CARTESIAN_POINT ( 'NONE',  ( 0.1889763779527559029, -0.09055118110236221041, 0.02952755905511810636 ) ) ;
#2211 = EDGE_CURVE ( 'NONE', #2453, #2693, #3033, .T. ) ;
#2212 = STYLED_ITEM ( 'NONE', ( #768 ), #2498 ) ;
#2213 = EDGE_LOOP ( 'NONE', ( #2315, #1121, #2492, #2943 ) ) ;
#2214 = FILL_AREA_STYLE_COLOUR ( '', #2864 ) ;
#2215 = DIRECTION ( 'NONE',  ( 0.0000000000000000000, 0.0000000000000000000, -1.000000000000000000 ) ) ;
#2216 = DIRECTION ( 'NONE',  ( 0.0000000000000000000, 1.000000000000000000, 0.0000000000000000000 ) ) ;
#2217 = AXIS2_PLACEMENT_3D ( 'NONE', #377, #1385, #157 ) ;
#2218 = UNCERTAINTY_MEASURE_WITH_UNIT (LENGTH_MEASURE( 1.000000000000000082E-05 ), #2594, 'distance_accuracy_value', 'NONE');
#2219 = EDGE_LOOP ( 'NONE', ( #3165, #133, #507, #2387 ) ) ;
#2220 = LINE ( 'NONE', #1177, #1262 ) ;
#2221 = PLANE ( 'NONE',  #1054 ) ;
#2222 = CARTESIAN_POINT ( 'NONE',  ( 0.1712598425196850405, -0.08661417322834646937, -0.02952755905511811330 ) ) ;
#2223 = ADVANCED_FACE ( 'NONE', ( #1571 ), #284, .F. ) ;
#2224 = DIRECTION ( 'NONE',  ( 0.0000000000000000000, 0.0000000000000000000, 1.000000000000000000 ) ) ;
#2225 = CARTESIAN_POINT ( 'NONE',  ( -0.1318897637795275746, -0.1811023622047244208, 0.03740157480314960925 ) ) ;
#2226 = DIRECTION ( 'NONE',  ( -1.000000000000000000, 0.0000000000000000000, 0.0000000000000000000 ) ) ;
#2227 = LENGTH_MEASURE_WITH_UNIT ( LENGTH_MEASURE( 0.02539999999999999897 ), #1185 );
#2228 = PRESENTATION_STYLE_ASSIGNMENT (( #1227 ) ) ;
#2229 = VERTEX_POINT ( 'NONE', #1296 ) ;
#2230 = CARTESIAN_POINT ( 'NONE',  ( 0.1161417322834645827, -0.1751968503937007815, 0.02559055118110236879 ) ) ;
#2231 = DIMENSIONAL_EXPONENTS ( 1.000000000000000000, 0.0000000000000000000, 0.0000000000000000000, 0.0000000000000000000, 0.0000000000000000000, 0.0000000000000000000, 0.0000000000000000000 ) ;
#2232 = ORIENTED_EDGE ( 'NONE', *, *, #1347, .F. ) ;
#2233 = EDGE_CURVE ( 'NONE', #2546, #2352, #2264, .T. ) ;
#2234 = CARTESIAN_POINT ( 'NONE',  ( 0.1776560243081889701, -0.1771653543307087075, 0.03149606299212205640 ) ) ;
#2235 = SURFACE_STYLE_USAGE ( .BOTH. , #2998 ) ;
#2236 = EDGE_LOOP ( 'NONE', ( #1872, #2478, #2969, #2573 ) ) ;
#2237 = CARTESIAN_POINT ( 'NONE',  ( 0.1968503937007874127, 0.0000000000000000000, 0.0000000000000000000 ) ) ;
#2238 = DIRECTION ( 'NONE',  ( 0.0000000000000000000, 0.0000000000000000000, 1.000000000000000000 ) ) ;
#2239 = SURFACE_SIDE_STYLE ('',( #2508 ) ) ;
#2240 = ORIENTED_EDGE ( 'NONE', *, *, #1487, .F. ) ;
#2241 = DIRECTION ( 'NONE',  ( -0.0000000000000000000, -1.000000000000000000, -0.0000000000000000000 ) ) ;
#2242 = EDGE_LOOP ( 'NONE', ( #1163, #3131, #1218, #3043 ) ) ;
#2243 = PLANE ( 'NONE',  #148 ) ;
#2244 = DIMENSIONAL_EXPONENTS ( 1.000000000000000000, 0.0000000000000000000, 0.0000000000000000000, 0.0000000000000000000, 0.0000000000000000000, 0.0000000000000000000, 0.0000000000000000000 ) ;
#2245 = UNCERTAINTY_MEASURE_WITH_UNIT (LENGTH_MEASURE( 1.000000000000000082E-05 ), #946, 'distance_accuracy_value', 'NONE');
#2246 = EDGE_CURVE ( 'NONE', #431, #3162, #1083, .T. ) ;
#2247 = AXIS2_PLACEMENT_3D ( 'NONE', #531, #2558, #1352 ) ;
#2248 = DIRECTION ( 'NONE',  ( 1.000000000000000000, 0.0000000000000000000, 0.0000000000000000000 ) ) ;
#2249 =( GEOMETRIC_REPRESENTATION_CONTEXT ( 3 ) GLOBAL_UNCERTAINTY_ASSIGNED_CONTEXT ( ( #3093 ) ) GLOBAL_UNIT_ASSIGNED_CONTEXT ( ( #123, #1641, #2123 ) ) REPRESENTATION_CONTEXT ( 'NONE', 'WORKASPACE' ) );
#2250 = VERTEX_POINT ( 'NONE', #1813 ) ;
#2251 = CARTESIAN_POINT ( 'NONE',  ( -0.1614173228346456601, -0.1975434019262204965, 0.1614173228346456601 ) ) ;
#2252 = FACE_OUTER_BOUND ( 'NONE', #645, .T. ) ;
#2253 = DIRECTION ( 'NONE',  ( 0.0000000000000000000, -1.000000000000000000, 0.0000000000000000000 ) ) ;
#2254 = COLOUR_RGB ( '',0.7529411764705882248, 0.7529411764705882248, 0.0000000000000000000 ) ;
#2255 =( GEOMETRIC_REPRESENTATION_CONTEXT ( 3 ) GLOBAL_UNCERTAINTY_ASSIGNED_CONTEXT ( ( #2497 ) ) GLOBAL_UNIT_ASSIGNED_CONTEXT ( ( #777, #669, #1765 ) ) REPRESENTATION_CONTEXT ( 'NONE', 'WORKASPACE' ) );
#2256 =( CONVERSION_BASED_UNIT ( 'INCH', #2986 ) LENGTH_UNIT ( ) NAMED_UNIT ( #1560 ) );
#2257 = AXIS2_PLACEMENT_3D ( 'NONE', #1800, #540, #2545 ) ;
#2258 = ORIENTED_EDGE ( 'NONE', *, *, #2348, .T. ) ;
#2259 =( GEOMETRIC_REPRESENTATION_CONTEXT ( 3 ) GLOBAL_UNCERTAINTY_ASSIGNED_CONTEXT ( ( #2754 ) ) GLOBAL_UNIT_ASSIGNED_CONTEXT ( ( #2148, #2495, #460 ) ) REPRESENTATION_CONTEXT ( 'NONE', 'WORKASPACE' ) );
#2260 = CARTESIAN_POINT ( 'NONE',  ( -0.1279527559055118613, -0.1751968503937007815, 0.02952755905511811677 ) ) ;
#2261 = FACE_OUTER_BOUND ( 'NONE', #2480, .T. ) ;
#2262 = DIRECTION ( 'NONE',  ( -0.0000000000000000000, -0.0000000000000000000, -1.000000000000000000 ) ) ;
#2263 = MECHANICAL_DESIGN_GEOMETRIC_PRESENTATION_REPRESENTATION (  '', ( #2212 ), #35 ) ;
#2264 = LINE ( 'NONE', #2530, #1782 ) ;
#2265 = VECTOR ( 'NONE', #2834, 39.37007874015748143 ) ;
#2266 = ORIENTED_EDGE ( 'NONE', *, *, #2782, .F. ) ;
#2267 = VECTOR ( 'NONE', #2912, 39.37007874015748143 ) ;
#2268 = FACE_OUTER_BOUND ( 'NONE', #812, .T. ) ;
#2269 = LINE ( 'NONE', #1820, #247 ) ;
#2270 = ADVANCED_FACE ( 'NONE', ( #2292, #1032, #1314 ), #16, .F. ) ;
#2271 = SURFACE_STYLE_FILL_AREA ( #1482 ) ;
#2272 =( NAMED_UNIT ( * ) PLANE_ANGLE_UNIT ( ) SI_UNIT ( $, .RADIAN. ) );
#2273 = ADVANCED_FACE ( 'NONE', ( #3057 ), #2326, .T. ) ;
#2274 = CARTESIAN_POINT ( 'NONE',  ( -0.1889763779527559029, 0.009842519685039369942, 0.1889763779527559029 ) ) ;
#2275 = DIRECTION ( 'NONE',  ( 0.0000000000000000000, 0.0000000000000000000, 1.000000000000000000 ) ) ;
#2276 = EDGE_LOOP ( 'NONE', ( #1650, #18, #296, #3231 ) ) ;
#2277 = FILL_AREA_STYLE_COLOUR ( '', #1254 ) ;
#2278 = CARTESIAN_POINT ( 'NONE',  ( 0.1279527559055118335, -0.1761811023622047168, 0.04133858267716536417 ) ) ;
#2279 = DIRECTION ( 'NONE',  ( 0.0000000000000000000, 0.0000000000000000000, -1.000000000000000000 ) ) ;
#2280 = ORIENTED_EDGE ( 'NONE', *, *, #1091, .F. ) ;
#2281 = FILL_AREA_STYLE ('',( #1460 ) ) ;
#2282 = EDGE_CURVE ( 'NONE', #2853, #1693, #1764, .T. ) ;
#2283 =( BOUNDED_CURVE ( )  B_SPLINE_CURVE ( 3, ( #2188, #1435, #2668, #3229 ),
 .UNSPECIFIED., .F., .T. ) 
 B_SPLINE_CURVE_WITH_KNOTS ( ( 4, 4 ),
 ( 0.0000000000000000000, 1.570796326794896558 ),
 .UNSPECIFIED. ) 
 CURVE ( )  GEOMETRIC_REPRESENTATION_ITEM ( )  RATIONAL_B_SPLINE_CURVE ( ( 1.000000000000000000, 0.8047378541243649375, 0.8047378541243649375, 1.000000000000000000 ) ) 
 REPRESENTATION_ITEM ( '' )  );
#2284 = CARTESIAN_POINT ( 'NONE',  ( -0.1614173228346456601, -0.1764723461052756237, -0.1614173228346456601 ) ) ;
#2285 = FILL_AREA_STYLE ('',( #46 ) ) ;
#2286 = FILL_AREA_STYLE_COLOUR ( '', #2254 ) ;
#2287 = DIRECTION ( 'NONE',  ( 0.0000000000000000000, -1.000000000000000000, 0.0000000000000000000 ) ) ;
#2288 =( NAMED_UNIT ( * ) SI_UNIT ( $, .STERADIAN. ) SOLID_ANGLE_UNIT ( ) );
#2289 = EDGE_CURVE ( 'NONE', #2740, #1365, #1286, .T. ) ;
#2290 = ORIENTED_EDGE ( 'NONE', *, *, #64, .T. ) ;
#2291 = CARTESIAN_POINT ( 'NONE',  ( -0.1614173228346456601, -0.1975434019262204965, 0.1771653543307086520 ) ) ;
#2292 = FACE_BOUND ( 'NONE', #3224, .T. ) ;
#2293 = VERTEX_POINT ( 'NONE', #131 ) ;
#2294 = ORIENTED_EDGE ( 'NONE', *, *, #1625, .F. ) ;
#2295 = LINE ( 'NONE', #2053, #310 ) ;
#2296 = DIRECTION ( 'NONE',  ( 0.0000000000000000000, 0.0000000000000000000, -1.000000000000000000 ) ) ;
#2297 = SURFACE_SIDE_STYLE ('',( #1366 ) ) ;
#2298 = CYLINDRICAL_SURFACE ( 'NONE', #3040, 0.003937007874015741038 ) ;
#2299 = LINE ( 'NONE', #26, #1159 ) ;
#2300 = CARTESIAN_POINT ( 'NONE',  ( -0.1295835179620987987, -0.1811023622047244486, 0.02789679699853112385 ) ) ;
#2301 = ORIENTED_EDGE ( 'NONE', *, *, #3031, .F. ) ;
#2302 = CARTESIAN_POINT ( 'NONE',  ( 0.1889763779527559029, -0.1771653543307087075, 0.1181102362204724532 ) ) ;
#2303 = AXIS2_PLACEMENT_3D ( 'NONE', #2085, #3101, #3155 ) ;
#2304 = DIRECTION ( 'NONE',  ( 0.0000000000000000000, 0.0000000000000000000, 1.000000000000000000 ) ) ;
#2305 = CARTESIAN_POINT ( 'NONE',  ( 0.1476377952755905387, -0.1338582677165354173, 0.02952755905511811330 ) ) ;
#2306 = EDGE_CURVE ( 'NONE', #1452, #2693, #1603, .T. ) ;
#2307 = DIRECTION ( 'NONE',  ( 1.000000000000000000, 0.0000000000000000000, 0.0000000000000000000 ) ) ;
#2308 = AXIS2_PLACEMENT_3D ( 'NONE', #721, #2427, #2183 ) ;
#2309 = VECTOR ( 'NONE', #3200, 39.37007874015748143 ) ;
#2310 = VERTEX_POINT ( 'NONE', #3090 ) ;
#2311 = DIRECTION ( 'NONE',  ( -1.000000000000000000, 0.0000000000000000000, 0.0000000000000000000 ) ) ;
#2312 = MECHANICAL_DESIGN_GEOMETRIC_PRESENTATION_REPRESENTATION (  '', ( #2776 ), #2983 ) ;
#2313 = VECTOR ( 'NONE', #1743, 39.37007874015748143 ) ;
#2314 = DIMENSIONAL_EXPONENTS ( 1.000000000000000000, 0.0000000000000000000, 0.0000000000000000000, 0.0000000000000000000, 0.0000000000000000000, 0.0000000000000000000, 0.0000000000000000000 ) ;
#2315 = ORIENTED_EDGE ( 'NONE', *, *, #341, .T. ) ;
#2316 = FACE_OUTER_BOUND ( 'NONE', #698, .T. ) ;
#2317 =( NAMED_UNIT ( * ) SI_UNIT ( $, .STERADIAN. ) SOLID_ANGLE_UNIT ( ) );
#2318 = VECTOR ( 'NONE', #2644, 39.37007874015748143 ) ;
#2319 = CIRCLE ( 'NONE', #906, 0.1692913385826771699 ) ;
#2320 = CARTESIAN_POINT ( 'NONE',  ( -0.1889763779527559029, -0.1771653543307087075, 0.1889763779527559029 ) ) ;
#2321 = SURFACE_SIDE_STYLE ('',( #1281 ) ) ;
#2322 = EDGE_CURVE ( 'NONE', #228, #1384, #1905, .T. ) ;
#2323 = EDGE_LOOP ( 'NONE', ( #943, #3151, #2442, #444 ) ) ;
#2324 = PLANE ( 'NONE',  #3203 ) ;
#2325 = SURFACE_STYLE_FILL_AREA ( #553 ) ;
#2326 = CYLINDRICAL_SURFACE ( 'NONE', #685, 0.003937007874015749712 ) ;
#2327 = ORIENTED_EDGE ( 'NONE', *, *, #1409, .F. ) ;
#2328 = DIRECTION ( 'NONE',  ( 0.0000000000000000000, 0.0000000000000000000, -1.000000000000000000 ) ) ;
#2329 = ADVANCED_FACE ( 'NONE', ( #2890 ), #3109, .T. ) ;
#2330 = ORIENTED_EDGE ( 'NONE', *, *, #2581, .F. ) ;
#2331 = CARTESIAN_POINT ( 'NONE',  ( -0.1279527559055118335, -0.1771653543307087075, 0.04133858267716536417 ) ) ;
#2332 = CARTESIAN_POINT ( 'NONE',  ( -0.1295835179620987987, -0.1811023622047244486, 0.03970782062057836431 ) ) ;
#2333 = DIRECTION ( 'NONE',  ( 1.000000000000000000, 0.0000000000000000000, 0.0000000000000000000 ) ) ;
#2334 = EDGE_CURVE ( 'NONE', #2310, #597, #824, .T. ) ;
#2335 = ORIENTED_EDGE ( 'NONE', *, *, #3119, .T. ) ;
#2336 = FACE_OUTER_BOUND ( 'NONE', #481, .T. ) ;
#2337 = FILL_AREA_STYLE_COLOUR ( '', #901 ) ;
#2338 =( NAMED_UNIT ( * ) PLANE_ANGLE_UNIT ( ) SI_UNIT ( $, .RADIAN. ) );
#2339 = CARTESIAN_POINT ( 'NONE',  ( -0.1968503937007874127, -0.08661417322834646937, -0.02952755905511811330 ) ) ;
#2340 = UNCERTAINTY_MEASURE_WITH_UNIT (LENGTH_MEASURE( 1.000000000000000082E-05 ), #1134, 'distance_accuracy_value', 'NONE');
#2341 = ORIENTED_EDGE ( 'NONE', *, *, #983, .T. ) ;
#2342 = VERTEX_POINT ( 'NONE', #579 ) ;
#2343 = CARTESIAN_POINT ( 'NONE',  ( -0.1889763779527559029, -0.09055118110236221041, 0.02952755905511811330 ) ) ;
#2344 = ORIENTED_EDGE ( 'NONE', *, *, #491, .T. ) ;
#2345 = DIRECTION ( 'NONE',  ( 0.0000000000000000000, 1.000000000000000000, 0.0000000000000000000 ) ) ;
#2346 = FILL_AREA_STYLE_COLOUR ( '', #581 ) ;
#2347 = DIRECTION ( 'NONE',  ( 0.0000000000000000000, 1.000000000000000000, 0.0000000000000000000 ) ) ;
#2348 = EDGE_CURVE ( 'NONE', #2836, #418, #1344, .T. ) ;
#2349 = DIRECTION ( 'NONE',  ( 0.0000000000000000000, -1.000000000000000000, 0.0000000000000000000 ) ) ;
#2350 = LINE ( 'NONE', #380, #3195 ) ;
#2351 = DIRECTION ( 'NONE',  ( 0.0000000000000000000, 0.0000000000000000000, -1.000000000000000000 ) ) ;
#2352 = VERTEX_POINT ( 'NONE', #2613 ) ;
#2353 = LENGTH_MEASURE_WITH_UNIT ( LENGTH_MEASURE( 0.02539999999999999897 ), #1376 );
#2354 = CYLINDRICAL_SURFACE ( 'NONE', #2980, 0.003937007874015741038 ) ;
#2355 = CARTESIAN_POINT ( 'NONE',  ( -0.1318897637795275746, -0.1771653543307087075, -0.04203159090259843411 ) ) ;
#2356 = CIRCLE ( 'NONE', #2149, 0.01574803149606299885 ) ;
#2357 = ORIENTED_EDGE ( 'NONE', *, *, #1638, .T. ) ;
#2358 = PRESENTATION_LAYER_ASSIGNMENT (  '', '', ( #511 ) ) ;
#2359 = ORIENTED_EDGE ( 'NONE', *, *, #1137, .T. ) ;
#2360 = FACE_OUTER_BOUND ( 'NONE', #3004, .T. ) ;
#2361 = EDGE_CURVE ( 'NONE', #2404, #1658, #863, .T. ) ;
#2362 = CIRCLE ( 'NONE', #2566, 0.03937007874015747977 ) ;
#2363 = AXIS2_PLACEMENT_3D ( 'NONE', #2632, #2920, #2874 ) ;
#2364 = ORIENTED_EDGE ( 'NONE', *, *, #2233, .F. ) ;
#2365 = CIRCLE ( 'NONE', #1270, 0.01574803149606299885 ) ;
#2366 = STYLED_ITEM ( 'NONE', ( #1118 ), #1465 ) ;
#2367 = DIRECTION ( 'NONE',  ( 0.0000000000000000000, -1.000000000000000000, 0.0000000000000000000 ) ) ;
#2368 =( LENGTH_UNIT ( ) NAMED_UNIT ( * ) SI_UNIT ( $, .METRE. ) );
#2369 =( BOUNDED_CURVE ( )  B_SPLINE_CURVE ( 3, ( #742, #1744, #2300, #2732 ),
 .UNSPECIFIED., .F., .T. ) 
 B_SPLINE_CURVE_WITH_KNOTS ( ( 4, 4 ),
 ( 0.0000000000000000000, 1.570796326794896558 ),
 .UNSPECIFIED. ) 
 CURVE ( )  GEOMETRIC_REPRESENTATION_ITEM ( )  RATIONAL_B_SPLINE_CURVE ( ( 1.000000000000000000, 0.8047378541243649375, 0.8047378541243649375, 1.000000000000000000 ) ) 
 REPRESENTATION_ITEM ( '' )  );
#2370 = EDGE_CURVE ( 'NONE', #3193, #1594, #2365, .T. ) ;
#2371 = VECTOR ( 'NONE', #725, 39.37007874015748143 ) ;
#2372 = LINE ( 'NONE', #85, #1260 ) ;
#2373 = CARTESIAN_POINT ( 'NONE',  ( -0.1476377952755905387, -0.1751968503937007815, -0.03543307086613779744 ) ) ;
#2374 = VECTOR ( 'NONE', #3154, 39.37007874015748143 ) ;
#2375 = EDGE_CURVE ( 'NONE', #1540, #1827, #2602, .T. ) ;
#2376 = ORIENTED_EDGE ( 'NONE', *, *, #1075, .T. ) ;
#2377 = PLANE ( 'NONE',  #470 ) ;
#2378 = LINE ( 'NONE', #2130, #258 ) ;
#2379 = SURFACE_STYLE_FILL_AREA ( #649 ) ;
#2380 = VERTEX_POINT ( 'NONE', #3126 ) ;
#2381 = ORIENTED_EDGE ( 'NONE', *, *, #4, .F. ) ;
#2382 = EDGE_CURVE ( 'NONE', #3215, #418, #2115, .T. ) ;
#2383 = EDGE_LOOP ( 'NONE', ( #237, #370, #2437, #1253, #2359 ) ) ;
#2384 = CARTESIAN_POINT ( 'NONE',  ( -0.1476377952755905387, -0.1771653543307087075, 0.03740157480314960925 ) ) ;
#2385 = DIRECTION ( 'NONE',  ( 0.0000000000000000000, 0.0000000000000000000, 1.000000000000000000 ) ) ;
#2386 = DIRECTION ( 'NONE',  ( 0.0000000000000000000, 1.000000000000000000, 0.0000000000000000000 ) ) ;
#2387 = ORIENTED_EDGE ( 'NONE', *, *, #1940, .T. ) ;
#2388 = DIRECTION ( 'NONE',  ( 0.0000000000000000000, 1.000000000000000000, 0.0000000000000000000 ) ) ;
#2389 = PRESENTATION_STYLE_ASSIGNMENT (( #2822 ) ) ;
#2390 = CARTESIAN_POINT ( 'NONE',  ( 0.1889763779527559029, -0.1771653543307087075, 0.1289370078740157688 ) ) ;
#2391 = ADVANCED_FACE ( 'NONE', ( #2628 ), #1616, .T. ) ;
#2392 = ORIENTED_EDGE ( 'NONE', *, *, #506, .T. ) ;
#2393 = EDGE_LOOP ( 'NONE', ( #2934, #342, #3177, #1648 ) ) ;
#2394 = PRESENTATION_STYLE_ASSIGNMENT (( #2197 ) ) ;
#2395 = ORIENTED_EDGE ( 'NONE', *, *, #2025, .F. ) ;
#2396 = PLANE ( 'NONE',  #1431 ) ;
#2397 = CARTESIAN_POINT ( 'NONE',  ( 0.1476377952755905387, -0.1751968503937007815, 0.03543307086614173873 ) ) ;
#2398 =( LENGTH_UNIT ( ) NAMED_UNIT ( * ) SI_UNIT ( $, .METRE. ) );
#2399 = ORIENTED_EDGE ( 'NONE', *, *, #1451, .T. ) ;
#2400 = CARTESIAN_POINT ( 'NONE',  ( -0.1279527559055118335, -0.1761811023622047168, 0.02952755905511811330 ) ) ;
#2401 = FILL_AREA_STYLE_COLOUR ( '', #467 ) ;
#2402 = MECHANICAL_DESIGN_GEOMETRIC_PRESENTATION_REPRESENTATION (  '', ( #2144 ), #987 ) ;
#2403 = VERTEX_POINT ( 'NONE', #411 ) ;
#2404 = VERTEX_POINT ( 'NONE', #1486 ) ;
#2405 =( GEOMETRIC_REPRESENTATION_CONTEXT ( 3 ) GLOBAL_UNCERTAINTY_ASSIGNED_CONTEXT ( ( #56 ) ) GLOBAL_UNIT_ASSIGNED_CONTEXT ( ( #1722, #1206, #3205 ) ) REPRESENTATION_CONTEXT ( 'NONE', 'WORKASPACE' ) );
#2406 = CARTESIAN_POINT ( 'NONE',  ( -0.1776560243081889701, -0.1771653543307087075, -0.02952755905511811330 ) ) ;
#2407 = CARTESIAN_POINT ( 'NONE',  ( 4.821444091131311524E-18, -0.07874015748031495954, -0.03937007874015747977 ) ) ;
#2408 = EDGE_CURVE ( 'NONE', #872, #2853, #2938, .T. ) ;
#2409 = CIRCLE ( 'NONE', #2921, 0.03937007874015747977 ) ;
#2410 = ORIENTED_EDGE ( 'NONE', *, *, #2625, .F. ) ;
#2411 = CYLINDRICAL_SURFACE ( 'NONE', #2217, 0.003937007874015745375 ) ;
#2412 = VECTOR ( 'NONE', #573, 39.37007874015748143 ) ;
#2413 = CARTESIAN_POINT ( 'NONE',  ( -0.1614173228346456601, -0.1771653543307087075, -0.1456692913385826404 ) ) ;
#2414 = PRESENTATION_LAYER_ASSIGNMENT (  '', '', ( #891 ) ) ;
#2415 = CARTESIAN_POINT ( 'NONE',  ( 0.1272597476800787497, -0.1771653543307087075, -0.03740157480314960925 ) ) ;
#2416 = VECTOR ( 'NONE', #1210, 39.37007874015748143 ) ;
#2417 = AXIS2_PLACEMENT_3D ( 'NONE', #1343, #793, #14 ) ;
#2418 = DIRECTION ( 'NONE',  ( 0.7071067811865472397, 0.0000000000000000000, -0.7071067811865476838 ) ) ;
#2419 = DIRECTION ( 'NONE',  ( 0.0000000000000000000, 0.0000000000000000000, 1.000000000000000000 ) ) ;
#2420 = PRESENTATION_LAYER_ASSIGNMENT (  '', '', ( #1208 ) ) ;
#2421 = CARTESIAN_POINT ( 'NONE',  ( 0.1200787401574803098, -0.1745038421682677532, 0.02952755905511811677 ) ) ;
#2422 =( GEOMETRIC_REPRESENTATION_CONTEXT ( 3 ) GLOBAL_UNCERTAINTY_ASSIGNED_CONTEXT ( ( #2856 ) ) GLOBAL_UNIT_ASSIGNED_CONTEXT ( ( #647, #3071, #1829 ) ) REPRESENTATION_CONTEXT ( 'NONE', 'WORKASPACE' ) );
#2423 = ORIENTED_EDGE ( 'NONE', *, *, #1928, .T. ) ;
#2424 = ADVANCED_FACE ( 'NONE', ( #2968 ), #2653, .F. ) ;
#2425 = DIRECTION ( 'NONE',  ( 0.0000000000000000000, 0.0000000000000000000, 1.000000000000000000 ) ) ;
#2426 = MECHANICAL_DESIGN_GEOMETRIC_PRESENTATION_REPRESENTATION (  '', ( #1635 ), #2832 ) ;
#2427 = DIRECTION ( 'NONE',  ( 0.0000000000000000000, 1.000000000000000000, 0.0000000000000000000 ) ) ;
#2428 = VERTEX_POINT ( 'NONE', #1949 ) ;
#2429 = DIRECTION ( 'NONE',  ( 0.0000000000000000000, 1.000000000000000000, 0.0000000000000000000 ) ) ;
#2430 = VERTEX_POINT ( 'NONE', #3188 ) ;
#2431 = DIRECTION ( 'NONE',  ( 0.0000000000000000000, 0.0000000000000000000, -1.000000000000000000 ) ) ;
#2432 = CARTESIAN_POINT ( 'NONE',  ( 0.1718068038523621888, -0.1811023622047236159, 0.03149606299212590749 ) ) ;
#2433 = EDGE_CURVE ( 'NONE', #1394, #1696, #2719, .T. ) ;
#2434 = EDGE_CURVE ( 'NONE', #320, #1464, #2479, .T. ) ;
#2435 = CARTESIAN_POINT ( 'NONE',  ( 0.0000000000000000000, -0.1771653543307087075, 0.0000000000000000000 ) ) ;
#2436 = FACE_OUTER_BOUND ( 'NONE', #347, .T. ) ;
#2437 = ORIENTED_EDGE ( 'NONE', *, *, #941, .T. ) ;
#2438 = CARTESIAN_POINT ( 'NONE',  ( 0.1712598425196850405, -0.1811023622047244208, -0.02952755905511811330 ) ) ;
#2439 = FACE_OUTER_BOUND ( 'NONE', #614, .T. ) ;
#2440 = DIRECTION ( 'NONE',  ( 0.0000000000000000000, 0.0000000000000000000, -1.000000000000000000 ) ) ;
#2441 = EDGE_CURVE ( 'NONE', #1459, #2680, #1241, .T. ) ;
#2442 = ORIENTED_EDGE ( 'NONE', *, *, #1684, .F. ) ;
#2443 = ORIENTED_EDGE ( 'NONE', *, *, #1717, .T. ) ;
#2444 = FILL_AREA_STYLE_COLOUR ( '', #2768 ) ;
#2445 = ORIENTED_EDGE ( 'NONE', *, *, #2501, .F. ) ;
#2446 = CARTESIAN_POINT ( 'NONE',  ( -0.1776560243081495849, -0.1811023622047244208, 0.03149606299212598381 ) ) ;
#2447 = LINE ( 'NONE', #423, #2571 ) ;
#2448 = ADVANCED_FACE ( 'NONE', ( #3208 ), #1692, .F. ) ;
#2449 = CARTESIAN_POINT ( 'NONE',  ( -0.1220472440944882220, -0.1761811023622047168, 0.02952755905511811330 ) ) ;
#2450 = ORIENTED_EDGE ( 'NONE', *, *, #2851, .F. ) ;
#2451 = CARTESIAN_POINT ( 'NONE',  ( -0.1279527559055118335, -0.1761811023622047168, -0.02952755905511811330 ) ) ;
#2452 = DIRECTION ( 'NONE',  ( 0.0000000000000000000, -1.000000000000000000, 0.0000000000000000000 ) ) ;
#2453 = VERTEX_POINT ( 'NONE', #2903 ) ;
#2454 = CARTESIAN_POINT ( 'NONE',  ( -0.1968503937007874127, -0.1811023622047244208, 0.02952755905511811330 ) ) ;
#2455 = CARTESIAN_POINT ( 'NONE',  ( 0.1476377952755905387, -0.1811023622047244208, -0.02952755905511811330 ) ) ;
#2456 = ORIENTED_EDGE ( 'NONE', *, *, #2030, .F. ) ;
#2457 = EDGE_CURVE ( 'NONE', #321, #2250, #1440, .T. ) ;
#2458 = LINE ( 'NONE', #2432, #1986 ) ;
#2459 = COLOUR_RGB ( '',0.7529411764705882248, 0.7529411764705882248, 0.0000000000000000000 ) ;
#2460 = MECHANICAL_DESIGN_GEOMETRIC_PRESENTATION_REPRESENTATION (  '', ( #2464 ), #728 ) ;
#2461 = COLOUR_RGB ( '',0.7529411764705882248, 0.7529411764705882248, 0.0000000000000000000 ) ;
#2462 = PRESENTATION_STYLE_ASSIGNMENT (( #1180 ) ) ;
#2463 = DIRECTION ( 'NONE',  ( 0.0000000000000000000, 1.000000000000000000, 0.0000000000000000000 ) ) ;
#2464 = STYLED_ITEM ( 'NONE', ( #1739 ), #2124 ) ;
#2465 = ORIENTED_EDGE ( 'NONE', *, *, #399, .T. ) ;
#2466 = PLANE ( 'NONE',  #1204 ) ;
#2467 = VECTOR ( 'NONE', #1884, 39.37007874015748143 ) ;
#2468 = VECTOR ( 'NONE', #727, 39.37007874015748143 ) ;
#2469 = CARTESIAN_POINT ( 'NONE',  ( 0.1279527559055118335, -0.1771653543307087075, 0.04133858267716536417 ) ) ;
#2470 =( BOUNDED_CURVE ( )  B_SPLINE_CURVE ( 3, ( #708, #2701, #1467, #2469 ),
 .UNSPECIFIED., .F., .T. ) 
 B_SPLINE_CURVE_WITH_KNOTS ( ( 4, 4 ),
 ( 1.570796326794896558, 3.141592653589793116 ),
 .UNSPECIFIED. ) 
 CURVE ( )  GEOMETRIC_REPRESENTATION_ITEM ( )  RATIONAL_B_SPLINE_CURVE ( ( 1.000000000000000000, 0.8047378541243649375, 0.8047378541243649375, 1.000000000000000000 ) ) 
 REPRESENTATION_ITEM ( '' )  );
#2471 = EDGE_CURVE ( 'NONE', #280, #2846, #1455, .T. ) ;
#2472 = EDGE_LOOP ( 'NONE', ( #1429, #2531, #2290, #500 ) ) ;
#2473 =( NAMED_UNIT ( * ) SI_UNIT ( $, .STERADIAN. ) SOLID_ANGLE_UNIT ( ) );
#2474 = CARTESIAN_POINT ( 'NONE',  ( 0.0000000000000000000, -0.1771653543307087075, 0.1289370078740157688 ) ) ;
#2475 = COLOUR_RGB ( '',0.7529411764705882248, 0.7529411764705882248, 0.0000000000000000000 ) ;
#2476 = ORIENTED_EDGE ( 'NONE', *, *, #1409, .T. ) ;
#2477 = DIMENSIONAL_EXPONENTS ( 1.000000000000000000, 0.0000000000000000000, 0.0000000000000000000, 0.0000000000000000000, 0.0000000000000000000, 0.0000000000000000000, 0.0000000000000000000 ) ;
#2478 = ORIENTED_EDGE ( 'NONE', *, *, #2733, .T. ) ;
#2479 = LINE ( 'NONE', #2210, #2510 ) ;
#2480 = EDGE_LOOP ( 'NONE', ( #820, #2730, #3228, #796 ) ) ;
#2481 =( CONVERSION_BASED_UNIT ( 'INCH', #2749 ) LENGTH_UNIT ( ) NAMED_UNIT ( #1740 ) );
#2482 =( LENGTH_UNIT ( ) NAMED_UNIT ( * ) SI_UNIT ( $, .METRE. ) );
#2483 = DIRECTION ( 'NONE',  ( 0.0000000000000000000, 0.0000000000000000000, 1.000000000000000000 ) ) ;
#2484 = CARTESIAN_POINT ( 'NONE',  ( -0.1599774133302840629, -0.1784270142616034838, 0.05691186845177762660 ) ) ;
#2485 = ADVANCED_FACE ( 'NONE', ( #2063, #1293 ), #1993, .F. ) ;
#2486 = ORIENTED_EDGE ( 'NONE', *, *, #3108, .F. ) ;
#2487 = SURFACE_STYLE_USAGE ( .BOTH. , #714 ) ;
#2488 = DIRECTION ( 'NONE',  ( 0.0000000000000000000, 0.0000000000000000000, 1.000000000000000000 ) ) ;
#2489 = ORIENTED_EDGE ( 'NONE', *, *, #3267, .T. ) ;
#2490 = CARTESIAN_POINT ( 'NONE',  ( 0.1776560243081889701, -0.1771653543307087075, -0.02952755905511811330 ) ) ;
#2491 = CARTESIAN_POINT ( 'NONE',  ( -0.1476377952755905387, -0.1781496062992126150, -0.04133858267716536417 ) ) ;
#2492 = ORIENTED_EDGE ( 'NONE', *, *, #3170, .T. ) ;
#2493 = SURFACE_STYLE_USAGE ( .BOTH. , #229 ) ;
#2494 = DIRECTION ( 'NONE',  ( 0.0000000000000000000, 0.0000000000000000000, 1.000000000000000000 ) ) ;
#2495 =( NAMED_UNIT ( * ) PLANE_ANGLE_UNIT ( ) SI_UNIT ( $, .RADIAN. ) );
#2496 = CARTESIAN_POINT ( 'NONE',  ( 0.1325827720049606584, -0.1771653543307087075, 0.02559055118110236879 ) ) ;
#2497 = UNCERTAINTY_MEASURE_WITH_UNIT (LENGTH_MEASURE( 1.000000000000000082E-05 ), #777, 'distance_accuracy_value', 'NONE');
#2498 = ADVANCED_FACE ( 'NONE', ( #787 ), #3270, .T. ) ;
#2499 = DIRECTION ( 'NONE',  ( 0.0000000000000000000, 1.000000000000000000, 0.0000000000000000000 ) ) ;
#2500 = VECTOR ( 'NONE', #2803, 39.37007874015748143 ) ;
#2501 = EDGE_CURVE ( 'NONE', #2072, #61, #1809, .T. ) ;
#2502 = AXIS2_PLACEMENT_3D ( 'NONE', #3254, #1022, #2935 ) ;
#2503 = AXIS2_PLACEMENT_3D ( 'NONE', #984, #1982, #735 ) ;
#2504 = COLOUR_RGB ( '',0.7529411764705882248, 0.7529411764705882248, 0.0000000000000000000 ) ;
#2505 = SURFACE_STYLE_FILL_AREA ( #2583 ) ;
#2506 = PRESENTATION_LAYER_ASSIGNMENT (  '', '', ( #91 ) ) ;
#2507 =( GEOMETRIC_REPRESENTATION_CONTEXT ( 3 ) GLOBAL_UNCERTAINTY_ASSIGNED_CONTEXT ( ( #763 ) ) GLOBAL_UNIT_ASSIGNED_CONTEXT ( ( #2894, #3176, #1444 ) ) REPRESENTATION_CONTEXT ( 'NONE', 'WORKASPACE' ) );
#2508 = SURFACE_STYLE_FILL_AREA ( #1501 ) ;
#2509 = EDGE_CURVE ( 'NONE', #2619, #959, #755, .T. ) ;
#2510 = VECTOR ( 'NONE', #227, 39.37007874015748143 ) ;
#2511 = ORIENTED_EDGE ( 'NONE', *, *, #1179, .F. ) ;
#2512 = AXIS2_PLACEMENT_3D ( 'NONE', #2970, #3262, #3213 ) ;
#2513 = CARTESIAN_POINT ( 'NONE',  ( 0.1476377952755905387, -0.1771653543307087075, 0.04133858267716536417 ) ) ;
#2514 = DIRECTION ( 'NONE',  ( 1.000000000000000000, 0.0000000000000000000, 0.0000000000000000000 ) ) ;
#2515 = LINE ( 'NONE', #2695, #1673 ) ;
#2516 = SURFACE_SIDE_STYLE ('',( #2753 ) ) ;
#2517 = EDGE_LOOP ( 'NONE', ( #855, #1258, #401, #1228 ) ) ;
#2518 =( GEOMETRIC_REPRESENTATION_CONTEXT ( 3 ) GLOBAL_UNCERTAINTY_ASSIGNED_CONTEXT ( ( #864 ) ) GLOBAL_UNIT_ASSIGNED_CONTEXT ( ( #3153, #230, #2862 ) ) REPRESENTATION_CONTEXT ( 'NONE', 'WORKASPACE' ) );
#2519 = LENGTH_MEASURE_WITH_UNIT ( LENGTH_MEASURE( 0.02539999999999999897 ), #2176 );
#2520 = CIRCLE ( 'NONE', #212, 0.1692913385826771699 ) ;
#2521 = SURFACE_SIDE_STYLE ('',( #566 ) ) ;
#2522 = EDGE_CURVE ( 'NONE', #43, #729, #294, .T. ) ;
#2523 = EDGE_CURVE ( 'NONE', #1818, #2740, #2787, .T. ) ;
#2524 = CARTESIAN_POINT ( 'NONE',  ( 0.1318897637795275746, -0.1811023622047244208, 0.03740157480314960925 ) ) ;
#2525 = SURFACE_SIDE_STYLE ('',( #3032 ) ) ;
#2526 = ORIENTED_EDGE ( 'NONE', *, *, #189, .T. ) ;
#2527 = PRESENTATION_STYLE_ASSIGNMENT (( #2773 ) ) ;
#2528 = FACE_OUTER_BOUND ( 'NONE', #2517, .T. ) ;
#2529 = FACE_OUTER_BOUND ( 'NONE', #1472, .T. ) ;
#2530 = CARTESIAN_POINT ( 'NONE',  ( 0.0000000000000000000, -0.1771653543307087075, 0.06889763779527559306 ) ) ;
#2531 = ORIENTED_EDGE ( 'NONE', *, *, #2840, .T. ) ;
#2532 = DIRECTION ( 'NONE',  ( 0.0000000000000000000, 1.000000000000000000, 0.0000000000000000000 ) ) ;
#2533 = DIRECTION ( 'NONE',  ( 0.0000000000000000000, -1.000000000000000000, 0.0000000000000000000 ) ) ;
#2534 = DIMENSIONAL_EXPONENTS ( 1.000000000000000000, 0.0000000000000000000, 0.0000000000000000000, 0.0000000000000000000, 0.0000000000000000000, 0.0000000000000000000, 0.0000000000000000000 ) ;
#2535 = CARTESIAN_POINT ( 'NONE',  ( 0.0000000000000000000, -0.1751968503937007815, 0.02952755905511811330 ) ) ;
#2536 = CARTESIAN_POINT ( 'NONE',  ( 0.1968503937007874127, -0.08661417322834646937, 0.02952755905511811330 ) ) ;
#2537 = EDGE_CURVE ( 'NONE', #2693, #729, #2622, .T. ) ;
#2538 = FILL_AREA_STYLE_COLOUR ( '', #1833 ) ;
#2539 = CARTESIAN_POINT ( 'NONE',  ( -0.1889763779527559029, -0.1771653543307087075, 0.0000000000000000000 ) ) ;
#2540 = DIRECTION ( 'NONE',  ( -0.0000000000000000000, -1.000000000000000000, -0.0000000000000000000 ) ) ;
#2541 = DIRECTION ( 'NONE',  ( 1.000000000000000000, 0.0000000000000000000, 0.0000000000000000000 ) ) ;
#2542 = VERTEX_POINT ( 'NONE', #2747 ) ;
#2543 = DIRECTION ( 'NONE',  ( 0.0000000000000000000, 0.0000000000000000000, -1.000000000000000000 ) ) ;
#2544 = FACE_OUTER_BOUND ( 'NONE', #650, .T. ) ;
#2545 = DIRECTION ( 'NONE',  ( 0.0000000000000000000, 0.0000000000000000000, 1.000000000000000000 ) ) ;
#2546 = VERTEX_POINT ( 'NONE', #550 ) ;
#2547 =( BOUNDED_CURVE ( )  B_SPLINE_CURVE ( 3, ( #1504, #12, #501, #1517 ),
 .UNSPECIFIED., .F., .T. ) 
 B_SPLINE_CURVE_WITH_KNOTS ( ( 4, 4 ),
 ( 0.0000000000000000000, 1.570796326794896558 ),
 .UNSPECIFIED. ) 
 CURVE ( )  GEOMETRIC_REPRESENTATION_ITEM ( )  RATIONAL_B_SPLINE_CURVE ( ( 1.000000000000000000, 0.8047378541243649375, 0.8047378541243649375, 1.000000000000000000 ) ) 
 REPRESENTATION_ITEM ( '' )  );
#2548 = ORIENTED_EDGE ( 'NONE', *, *, #2660, .F. ) ;
#2549 = CARTESIAN_POINT ( 'NONE',  ( -0.1476377952755905387, -0.1751968503937007815, -0.04133858267716536417 ) ) ;
#2550 = SURFACE_STYLE_USAGE ( .BOTH. , #3063 ) ;
#2551 = EDGE_CURVE ( 'NONE', #1885, #1591, #2369, .T. ) ;
#2552 = ORIENTED_EDGE ( 'NONE', *, *, #619, .F. ) ;
#2553 = PRESENTATION_STYLE_ASSIGNMENT (( #1289 ) ) ;
#2554 = COLOUR_RGB ( '',0.7529411764705882248, 0.7529411764705882248, 0.0000000000000000000 ) ;
#2555 =( CONVERSION_BASED_UNIT ( 'INCH', #545 ) LENGTH_UNIT ( ) NAMED_UNIT ( #3230 ) );
#2556 = DIMENSIONAL_EXPONENTS ( 1.000000000000000000, 0.0000000000000000000, 0.0000000000000000000, 0.0000000000000000000, 0.0000000000000000000, 0.0000000000000000000, 0.0000000000000000000 ) ;
#2557 = VECTOR ( 'NONE', #1079, 39.37007874015748143 ) ;
#2558 = DIRECTION ( 'NONE',  ( 0.0000000000000000000, 0.0000000000000000000, 1.000000000000000000 ) ) ;
#2559 = CARTESIAN_POINT ( 'NONE',  ( -0.1279527559055118335, -0.1794716001481374557, 0.04133858267716535723 ) ) ;
#2560 = SURFACE_STYLE_USAGE ( .BOTH. , #2321 ) ;
#2561 = AXIS2_PLACEMENT_3D ( 'NONE', #1354, #2386, #1847 ) ;
#2562 = DIRECTION ( 'NONE',  ( 0.0000000000000000000, 0.0000000000000000000, -1.000000000000000000 ) ) ;
#2563 = VECTOR ( 'NONE', #1000, 39.37007874015748143 ) ;
#2564 = ORIENTED_EDGE ( 'NONE', *, *, #1874, .F. ) ;
#2565 = DIRECTION ( 'NONE',  ( 0.0000000000000000000, 0.0000000000000000000, 1.000000000000000000 ) ) ;
#2566 = AXIS2_PLACEMENT_3D ( 'NONE', #3138, #1093, #885 ) ;
#2567 = CARTESIAN_POINT ( 'NONE',  ( 0.1161417322834645688, -0.1751968503937007815, -0.02952755905511811677 ) ) ;
#2568 = COLOUR_RGB ( '',0.7529411764705882248, 0.7529411764705882248, 0.0000000000000000000 ) ;
#2569 = ADVANCED_FACE ( 'NONE', ( #241 ), #1024, .F. ) ;
#2570 =( NAMED_UNIT ( * ) PLANE_ANGLE_UNIT ( ) SI_UNIT ( $, .RADIAN. ) );
#2571 = VECTOR ( 'NONE', #1522, 39.37007874015748143 ) ;
#2572 = UNCERTAINTY_MEASURE_WITH_UNIT (LENGTH_MEASURE( 1.000000000000000082E-05 ), #2074, 'distance_accuracy_value', 'NONE');
#2573 = ORIENTED_EDGE ( 'NONE', *, *, #968, .T. ) ;
#2574 = SURFACE_SIDE_STYLE ('',( #1620 ) ) ;
#2575 = DIRECTION ( 'NONE',  ( 0.0000000000000000000, 0.0000000000000000000, -1.000000000000000000 ) ) ;
#2576 = VECTOR ( 'NONE', #3002, 39.37007874015748143 ) ;
#2577 =( GEOMETRIC_REPRESENTATION_CONTEXT ( 3 ) GLOBAL_UNCERTAINTY_ASSIGNED_CONTEXT ( ( #2340 ) ) GLOBAL_UNIT_ASSIGNED_CONTEXT ( ( #1134, #861, #211 ) ) REPRESENTATION_CONTEXT ( 'NONE', 'WORKASPACE' ) );
#2578 =( NAMED_UNIT ( * ) SI_UNIT ( $, .STERADIAN. ) SOLID_ANGLE_UNIT ( ) );
#2579 = ORIENTED_EDGE ( 'NONE', *, *, #1794, .T. ) ;
#2580 = AXIS2_PLACEMENT_3D ( 'NONE', #1553, #94, #2304 ) ;
#2581 = EDGE_CURVE ( 'NONE', #1, #2229, #3258, .T. ) ;
#2582 = LINE ( 'NONE', #1339, #1316 ) ;
#2583 = FILL_AREA_STYLE ('',( #67 ) ) ;
#2584 =( LENGTH_UNIT ( ) NAMED_UNIT ( * ) SI_UNIT ( $, .METRE. ) );
#2585 = ORIENTED_EDGE ( 'NONE', *, *, #40, .T. ) ;
#2586 =( NAMED_UNIT ( * ) PLANE_ANGLE_UNIT ( ) SI_UNIT ( $, .RADIAN. ) );
#2587 = CARTESIAN_POINT ( 'NONE',  ( -0.1614173228346456601, -0.1870078740157480324, 0.1614173228346456601 ) ) ;
#2588 = DIRECTION ( 'NONE',  ( -0.0000000000000000000, -0.0000000000000000000, -1.000000000000000000 ) ) ;
#2589 = ORIENTED_EDGE ( 'NONE', *, *, #2434, .T. ) ;
#2590 = DIRECTION ( 'NONE',  ( -0.0000000000000000000, -1.000000000000000000, -0.0000000000000000000 ) ) ;
#2591 = EDGE_CURVE ( 'NONE', #1442, #1696, #2024, .T. ) ;
#2592 = ORIENTED_EDGE ( 'NONE', *, *, #1432, .F. ) ;
#2593 =( NAMED_UNIT ( * ) PLANE_ANGLE_UNIT ( ) SI_UNIT ( $, .RADIAN. ) );
#2594 =( CONVERSION_BASED_UNIT ( 'INCH', #1398 ) LENGTH_UNIT ( ) NAMED_UNIT ( #516 ) );
#2595 = LENGTH_MEASURE_WITH_UNIT ( LENGTH_MEASURE( 0.02539999999999999897 ), #3050 );
#2596 = DIRECTION ( 'NONE',  ( 0.0000000000000000000, -1.000000000000000000, 0.0000000000000000000 ) ) ;
#2597 = DIRECTION ( 'NONE',  ( 0.0000000000000000000, 0.0000000000000000000, -1.000000000000000000 ) ) ;
#2598 = ORIENTED_EDGE ( 'NONE', *, *, #2743, .F. ) ;
#2599 = EDGE_CURVE ( 'NONE', #2702, #1102, #1526, .T. ) ;
#2600 = CARTESIAN_POINT ( 'NONE',  ( 0.1476377952755905387, -0.1811023622047244208, 0.03740157480314960925 ) ) ;
#2601 = SURFACE_SIDE_STYLE ('',( #1831 ) ) ;
#2602 = LINE ( 'NONE', #351, #1580 ) ;
#2603 = ORIENTED_EDGE ( 'NONE', *, *, #1940, .F. ) ;
#2604 = EDGE_CURVE ( 'NONE', #2430, #2052, #292, .T. ) ;
#2605 = ORIENTED_EDGE ( 'NONE', *, *, #40, .F. ) ;
#2606 = SURFACE_STYLE_FILL_AREA ( #1611 ) ;
#2607 = EDGE_CURVE ( 'NONE', #2876, #2809, #2746, .T. ) ;
#2608 = EDGE_CURVE ( 'NONE', #1224, #1147, #3152, .T. ) ;
#2609 = CARTESIAN_POINT ( 'NONE',  ( 0.1279527559055118335, -0.1771653543307087075, -0.02489754295566535755 ) ) ;
#2610 = CARTESIAN_POINT ( 'NONE',  ( -0.1663356706636126559, -0.1811023622047240322, 0.03149606299212598381 ) ) ;
#2611 = EDGE_LOOP ( 'NONE', ( #1298, #3197, #2121, #2341 ) ) ;
#2612 = LINE ( 'NONE', #1403, #2919 ) ;
#2613 = CARTESIAN_POINT ( 'NONE',  ( -0.1889763779527559029, -0.1771653543307087075, 0.06889763779527559306 ) ) ;
#2614 = MECHANICAL_DESIGN_GEOMETRIC_PRESENTATION_REPRESENTATION (  '', ( #2828 ), #156 ) ;
#2615 = ORIENTED_EDGE ( 'NONE', *, *, #252, .T. ) ;
#2616 = EDGE_LOOP ( 'NONE', ( #2598, #154, #2026, #1114 ) ) ;
#2617 =( CONVERSION_BASED_UNIT ( 'INCH', #1873 ) LENGTH_UNIT ( ) NAMED_UNIT ( #1016 ) );
#2618 = DIRECTION ( 'NONE',  ( 0.0000000000000000000, 0.0000000000000000000, 1.000000000000000000 ) ) ;
#2619 = VERTEX_POINT ( 'NONE', #753 ) ;
#2620 = VECTOR ( 'NONE', #504, 39.37007874015748143 ) ;
#2621 = AXIS2_PLACEMENT_3D ( 'NONE', #1454, #1703, #1240 ) ;
#2622 = CIRCLE ( 'NONE', #1630, 0.003937007874015749712 ) ;
#2623 = COLOUR_RGB ( '',0.7529411764705882248, 0.7529411764705882248, 0.0000000000000000000 ) ;
#2624 = DIRECTION ( 'NONE',  ( 0.0000000000000000000, 1.000000000000000000, 0.0000000000000000000 ) ) ;
#2625 = EDGE_CURVE ( 'NONE', #2744, #3244, #1770, .T. ) ;
#2626 = DIRECTION ( 'NONE',  ( 0.0000000000000000000, -1.000000000000000000, 0.0000000000000000000 ) ) ;
#2627 = CARTESIAN_POINT ( 'NONE',  ( -0.1161417322834645688, -0.1771653543307087075, -0.02952755905511811330 ) ) ;
#2628 = FACE_OUTER_BOUND ( 'NONE', #36, .T. ) ;
#2629 = VERTEX_POINT ( 'NONE', #2767 ) ;
#2630 = VERTEX_POINT ( 'NONE', #1256 ) ;
#2631 =( NAMED_UNIT ( * ) PLANE_ANGLE_UNIT ( ) SI_UNIT ( $, .RADIAN. ) );
#2632 = CARTESIAN_POINT ( 'NONE',  ( -0.1476377952755905387, -0.1781496062992126150, 0.03543307086614173873 ) ) ;
#2633 = ORIENTED_EDGE ( 'NONE', *, *, #2942, .F. ) ;
#2634 = CARTESIAN_POINT ( 'NONE',  ( 0.1776560243081889701, -0.1771653543307087075, 0.03051181102362205549 ) ) ;
#2635 = CARTESIAN_POINT ( 'NONE',  ( -0.1889763779527559029, -0.1771653543307087075, 0.02952755905511811330 ) ) ;
#2636 = LINE ( 'NONE', #111, #146 ) ;
#2637 = ADVANCED_FACE ( 'NONE', ( #2252 ), #2298, .T. ) ;
#2638 = VERTEX_POINT ( 'NONE', #3135 ) ;
#2639 = CARTESIAN_POINT ( 'NONE',  ( -0.1663356706635929494, -0.1771653543307087075, -0.03149606299212598381 ) ) ;
#2640 = FACE_OUTER_BOUND ( 'NONE', #2127, .T. ) ;
#2641 = DIRECTION ( 'NONE',  ( -1.000000000000000000, 0.0000000000000000000, 0.0000000000000000000 ) ) ;
#2642 = ORIENTED_EDGE ( 'NONE', *, *, #2509, .F. ) ;
#2643 = ORIENTED_EDGE ( 'NONE', *, *, #252, .F. ) ;
#2644 = DIRECTION ( 'NONE',  ( 0.0000000000000000000, 1.000000000000000000, 0.0000000000000000000 ) ) ;
#2645 = LINE ( 'NONE', #899, #1669 ) ;
#2646 = EDGE_LOOP ( 'NONE', ( #2643, #1237, #2486, #1138 ) ) ;
#2647 = EDGE_CURVE ( 'NONE', #2819, #1477, #1583, .T. ) ;
#2648 = CARTESIAN_POINT ( 'NONE',  ( 0.1279527559055118335, -0.1771653543307087075, 0.04203159090259843411 ) ) ;
#2649 = ORIENTED_EDGE ( 'NONE', *, *, #1593, .F. ) ;
#2650 = FILL_AREA_STYLE_COLOUR ( '', #2554 ) ;
#2651 = LENGTH_MEASURE_WITH_UNIT ( LENGTH_MEASURE( 0.02539999999999999897 ), #1916 );
#2652 = CARTESIAN_POINT ( 'NONE',  ( -0.1177724943400515478, -0.1811023622047244486, -0.02789679699853112385 ) ) ;
#2653 = CYLINDRICAL_SURFACE ( 'NONE', #2308, 0.03937007874015747977 ) ;
#2654 = COLOUR_RGB ( '',0.7529411764705882248, 0.7529411764705882248, 0.0000000000000000000 ) ;
#2655 = ORIENTED_EDGE ( 'NONE', *, *, #1874, .T. ) ;
#2656 = VERTEX_POINT ( 'NONE', #2320 ) ;
#2657 = VECTOR ( 'NONE', #544, 39.37007874015748143 ) ;
#2658 =( NAMED_UNIT ( * ) SI_UNIT ( $, .STERADIAN. ) SOLID_ANGLE_UNIT ( ) );
#2659 = LINE ( 'NONE', #1408, #254 ) ;
#2660 = EDGE_CURVE ( 'NONE', #2072, #1709, #1109, .T. ) ;
#2661 = EDGE_CURVE ( 'NONE', #403, #2994, #198, .T. ) ;
#2662 = COLOUR_RGB ( '',0.7529411764705882248, 0.7529411764705882248, 0.0000000000000000000 ) ;
#2663 = COLOUR_RGB ( '',0.7529411764705882248, 0.7529411764705882248, 0.0000000000000000000 ) ;
#2664 = ORIENTED_EDGE ( 'NONE', *, *, #2591, .F. ) ;
#2665 = LENGTH_MEASURE_WITH_UNIT ( LENGTH_MEASURE( 0.02539999999999999897 ), #2084 );
#2666 = PRESENTATION_LAYER_ASSIGNMENT (  '', '', ( #1839 ) ) ;
#2667 = AXIS2_PLACEMENT_3D ( 'NONE', #542, #58, #3076 ) ;
#2668 = CARTESIAN_POINT ( 'NONE',  ( 0.1295835179620987987, -0.1811023622047244486, 0.02789679699853112385 ) ) ;
#2669 = AXIS2_PLACEMENT_3D ( 'NONE', #2355, #145, #2166 ) ;
#2670 = AXIS2_PLACEMENT_3D ( 'NONE', #335, #2791, #1311 ) ;
#2671 = LINE ( 'NONE', #1220, #28 ) ;
#2672 = DIRECTION ( 'NONE',  ( 1.000000000000000000, 0.0000000000000000000, 0.0000000000000000000 ) ) ;
#2673 = VECTOR ( 'NONE', #3257, 39.37007874015748143 ) ;
#2674 =( CONVERSION_BASED_UNIT ( 'INCH', #207 ) LENGTH_UNIT ( ) NAMED_UNIT ( #270 ) );
#2675 = VECTOR ( 'NONE', #32, 39.37007874015748143 ) ;
#2676 = ORIENTED_EDGE ( 'NONE', *, *, #880, .F. ) ;
#2677 = DIRECTION ( 'NONE',  ( 0.0000000000000000000, 0.0000000000000000000, -1.000000000000000000 ) ) ;
#2678 = CARTESIAN_POINT ( 'NONE',  ( -0.1889763779527559029, -0.09055118110236221041, 0.03149606299212598381 ) ) ;
#2679 = STYLED_ITEM ( 'NONE', ( #3133 ), #3117 ) ;
#2680 = VERTEX_POINT ( 'NONE', #1340 ) ;
#2681 = ORIENTED_EDGE ( 'NONE', *, *, #1538, .F. ) ;
#2682 = FILL_AREA_STYLE ('',( #1443 ) ) ;
#2683 = ADVANCED_FACE ( 'NONE', ( #604 ), #379, .F. ) ;
#2684 = ORIENTED_EDGE ( 'NONE', *, *, #2382, .T. ) ;
#2685 = DIRECTION ( 'NONE',  ( 1.000000000000000000, 0.0000000000000000000, 0.0000000000000000000 ) ) ;
#2686 = DIRECTION ( 'NONE',  ( 0.0000000000000000000, 0.0000000000000000000, -1.000000000000000000 ) ) ;
#2687 =( NAMED_UNIT ( * ) SI_UNIT ( $, .STERADIAN. ) SOLID_ANGLE_UNIT ( ) );
#2688 = ORIENTED_EDGE ( 'NONE', *, *, #857, .F. ) ;
#2689 =( CONVERSION_BASED_UNIT ( 'INCH', #2651 ) LENGTH_UNIT ( ) NAMED_UNIT ( #2556 ) );
#2690 = CARTESIAN_POINT ( 'NONE',  ( -0.1200787401574803098, -0.1811023622047244208, -0.02559055118110236879 ) ) ;
#2691 = CARTESIAN_POINT ( 'NONE',  ( -0.1776560243081889701, -0.1771653543307087075, -0.03051181102362205549 ) ) ;
#2692 = ADVANCED_FACE ( 'NONE', ( #2073 ), #1609, .F. ) ;
#2693 = VERTEX_POINT ( 'NONE', #303 ) ;
#2694 = ORIENTED_EDGE ( 'NONE', *, *, #318, .F. ) ;
#2695 = CARTESIAN_POINT ( 'NONE',  ( 0.1279527559055118335, -0.1761811023622047168, -0.04133858267716536417 ) ) ;
#2696 = VERTEX_POINT ( 'NONE', #1324 ) ;
#2697 = FACE_OUTER_BOUND ( 'NONE', #877, .T. ) ;
#2698 = DIRECTION ( 'NONE',  ( -0.0000000000000000000, -1.000000000000000000, -0.0000000000000000000 ) ) ;
#2699 = ADVANCED_FACE ( 'NONE', ( #2316 ), #22, .T. ) ;
#2700 = VERTEX_POINT ( 'NONE', #668 ) ;
#2701 = CARTESIAN_POINT ( 'NONE',  ( 0.1295835179620987987, -0.1811023622047244486, 0.03970782062057836431 ) ) ;
#2702 = VERTEX_POINT ( 'NONE', #638 ) ;
#2703 =( LENGTH_UNIT ( ) NAMED_UNIT ( * ) SI_UNIT ( $, .METRE. ) );
#2704 = FILL_AREA_STYLE ('',( #2722 ) ) ;
#2705 = ORIENTED_EDGE ( 'NONE', *, *, #506, .F. ) ;
#2706 = ORIENTED_EDGE ( 'NONE', *, *, #1199, .F. ) ;
#2707 = PRESENTATION_LAYER_ASSIGNMENT (  '', '', ( #942 ) ) ;
#2708 = MECHANICAL_DESIGN_GEOMETRIC_PRESENTATION_REPRESENTATION (  '', ( #886 ), #410 ) ;
#2709 = PLANE ( 'NONE',  #2503 ) ;
#2710 = COLOUR_RGB ( '',0.7529411764705882248, 0.7529411764705882248, 0.0000000000000000000 ) ;
#2711 = CARTESIAN_POINT ( 'NONE',  ( -0.1889763779527559029, 0.009842519685039369942, -0.1889763779527559029 ) ) ;
#2712 = MECHANICAL_DESIGN_GEOMETRIC_PRESENTATION_REPRESENTATION (  '', ( #891 ), #2255 ) ;
#2713 = DIMENSIONAL_EXPONENTS ( 1.000000000000000000, 0.0000000000000000000, 0.0000000000000000000, 0.0000000000000000000, 0.0000000000000000000, 0.0000000000000000000, 0.0000000000000000000 ) ;
#2714 = ORIENTED_EDGE ( 'NONE', *, *, #620, .T. ) ;
#2715 = EDGE_CURVE ( 'NONE', #3259, #2403, #174, .T. ) ;
#2716 = AXIS2_PLACEMENT_3D ( 'NONE', #355, #2345, #831 ) ;
#2717 = STYLED_ITEM ( 'NONE', ( #2029 ), #1359 ) ;
#2718 = CARTESIAN_POINT ( 'NONE',  ( -0.1663356706636220372, -0.1791338582677165503, 0.03149606299212598381 ) ) ;
#2719 = LINE ( 'NONE', #1932, #1994 ) ;
#2720 = COLOUR_RGB ( '',0.7529411764705882248, 0.7529411764705882248, 0.0000000000000000000 ) ;
#2721 = EDGE_LOOP ( 'NONE', ( #1407, #426, #1348, #2266, #1958 ) ) ;
#2722 = FILL_AREA_STYLE_COLOUR ( '', #1059 ) ;
#2723 = ORIENTED_EDGE ( 'NONE', *, *, #739, .F. ) ;
#2724 = ORIENTED_EDGE ( 'NONE', *, *, #435, .T. ) ;
#2725 = DIRECTION ( 'NONE',  ( 1.000000000000000000, 0.0000000000000000000, 0.0000000000000000000 ) ) ;
#2726 = UNCERTAINTY_MEASURE_WITH_UNIT (LENGTH_MEASURE( 1.000000000000000082E-05 ), #2046, 'distance_accuracy_value', 'NONE');
#2727 = CARTESIAN_POINT ( 'NONE',  ( 0.1476377952755905387, -0.1771653543307087075, -0.04133858267716536417 ) ) ;
#2728 = DIRECTION ( 'NONE',  ( 0.0000000000000000000, 0.0000000000000000000, -1.000000000000000000 ) ) ;
#2729 = ADVANCED_BREP_SHAPE_REPRESENTATION ( 'CUI_DEVICES_CMI-9653S-SMT-TR', ( #3117, #164 ), #1124 ) ;
#2730 = ORIENTED_EDGE ( 'NONE', *, *, #2818, .T. ) ;
#2731 = DIRECTION ( 'NONE',  ( 1.000000000000000000, 0.0000000000000000000, 0.0000000000000000000 ) ) ;
#2732 = CARTESIAN_POINT ( 'NONE',  ( -0.1318897637795275746, -0.1811023622047244208, 0.02559055118110236879 ) ) ;
#2733 = EDGE_CURVE ( 'NONE', #912, #1342, #1190, .T. ) ;
#2734 = EDGE_LOOP ( 'NONE', ( #2330, #2649, #1721, #69, #1741, #1801, #1066 ) ) ;
#2735 = PRESENTATION_STYLE_ASSIGNMENT (( #2493 ) ) ;
#2736 = DIRECTION ( 'NONE',  ( -0.0000000000000000000, -1.000000000000000000, -0.0000000000000000000 ) ) ;
#2737 = DIRECTION ( 'NONE',  ( 0.0000000000000000000, 0.0000000000000000000, -1.000000000000000000 ) ) ;
#2738 = DIMENSIONAL_EXPONENTS ( 1.000000000000000000, 0.0000000000000000000, 0.0000000000000000000, 0.0000000000000000000, 0.0000000000000000000, 0.0000000000000000000, 0.0000000000000000000 ) ;
#2739 = EDGE_CURVE ( 'NONE', #1604, #1334, #932, .T. ) ;
#2740 = VERTEX_POINT ( 'NONE', #1640 ) ;
#2741 = CARTESIAN_POINT ( 'NONE',  ( 0.1200787401574803098, -0.1811023622047244208, 0.02559055118110236879 ) ) ;
#2742 = CARTESIAN_POINT ( 'NONE',  ( -0.1889763779527559029, -0.09055118110236221041, -0.03149606299212598381 ) ) ;
#2743 = EDGE_CURVE ( 'NONE', #3174, #19, #3240, .T. ) ;
#2744 = VERTEX_POINT ( 'NONE', #617 ) ;
#2745 = DIRECTION ( 'NONE',  ( 0.0000000000000000000, 0.0000000000000000000, 1.000000000000000000 ) ) ;
#2746 = LINE ( 'NONE', #1239, #1169 ) ;
#2747 = CARTESIAN_POINT ( 'NONE',  ( -0.1666963724121243995, -0.1771653543307087075, -0.02952755905511811330 ) ) ;
#2748 = VERTEX_POINT ( 'NONE', #1244 ) ;
#2749 = LENGTH_MEASURE_WITH_UNIT ( LENGTH_MEASURE( 0.02539999999999999897 ), #1705 );
#2750 = DIRECTION ( 'NONE',  ( 0.0000000000000000000, 0.0000000000000000000, -1.000000000000000000 ) ) ;
#2751 = CARTESIAN_POINT ( 'NONE',  ( 0.1638944438849191387, -0.1797452566028491516, -0.04438856620993873042 ) ) ;
#2752 = CARTESIAN_POINT ( 'NONE',  ( 0.1200787401574802959, -0.1771653543307087908, 0.02559055118110235491 ) ) ;
#2753 = SURFACE_STYLE_FILL_AREA ( #810 ) ;
#2754 = UNCERTAINTY_MEASURE_WITH_UNIT (LENGTH_MEASURE( 1.000000000000000082E-05 ), #2148, 'distance_accuracy_value', 'NONE');
#2755 = ORIENTED_EDGE ( 'NONE', *, *, #1525, .F. ) ;
#2756 = EDGE_CURVE ( 'NONE', #2696, #830, #2152, .T. ) ;
#2757 = PRESENTATION_LAYER_ASSIGNMENT (  '', '', ( #78 ) ) ;
#2758 = CARTESIAN_POINT ( 'NONE',  ( -0.1614173228346456601, -0.1870078740157480324, -0.1771653543307086520 ) ) ;
#2759 = ADVANCED_FACE ( 'NONE', ( #916 ), #2411, .T. ) ;
#2760 = CARTESIAN_POINT ( 'NONE',  ( 0.0000000000000000000, -0.1751968503937007815, 0.04133858267716536417 ) ) ;
#2761 = MECHANICAL_DESIGN_GEOMETRIC_PRESENTATION_REPRESENTATION (  '', ( #3079 ), #1573 ) ;
#2762 = PLANE ( 'NONE',  #462 ) ;
#2763 = SURFACE_SIDE_STYLE ('',( #1768 ) ) ;
#2764 = VECTOR ( 'NONE', #394, 39.37007874015748143 ) ;
#2765 = VECTOR ( 'NONE', #2499, 39.37007874015748143 ) ;
#2766 = CARTESIAN_POINT ( 'NONE',  ( -0.1161417322834645827, -0.1751968503937007815, -8.829491818350393946E-11 ) ) ;
#2767 = CARTESIAN_POINT ( 'NONE',  ( -0.1614173228346456601, -0.1870078740157480324, 0.1771653543307086798 ) ) ;
#2768 = COLOUR_RGB ( '',0.7529411764705882248, 0.7529411764705882248, 0.0000000000000000000 ) ;
#2769 =( NAMED_UNIT ( * ) SI_UNIT ( $, .STERADIAN. ) SOLID_ANGLE_UNIT ( ) );
#2770 = MECHANICAL_DESIGN_GEOMETRIC_PRESENTATION_REPRESENTATION (  '', ( #1628 ), #1671 ) ;
#2771 = EDGE_LOOP ( 'NONE', ( #851, #2187, #3060, #188 ) ) ;
#2772 = CARTESIAN_POINT ( 'NONE',  ( 0.1200787401574803098, -0.1811023622047244208, -0.02559055118110236879 ) ) ;
#2773 = SURFACE_STYLE_USAGE ( .BOTH. , #1777 ) ;
#2774 = SURFACE_STYLE_FILL_AREA ( #1030 ) ;
#2775 = DIRECTION ( 'NONE',  ( 0.0000000000000000000, 0.0000000000000000000, 1.000000000000000000 ) ) ;
#2776 = STYLED_ITEM ( 'NONE', ( #2039 ), #2637 ) ;
#2777 = DIRECTION ( 'NONE',  ( 0.0000000000000000000, 1.000000000000000000, 0.0000000000000000000 ) ) ;
#2778 = ORIENTED_EDGE ( 'NONE', *, *, #2522, .F. ) ;
#2779 = VECTOR ( 'NONE', #2736, 39.37007874015748143 ) ;
#2780 = LINE ( 'NONE', #779, #2563 ) ;
#2781 = MECHANICAL_DESIGN_GEOMETRIC_PRESENTATION_REPRESENTATION (  '', ( #2992 ), #641 ) ;
#2782 = EDGE_CURVE ( 'NONE', #2293, #2052, #208, .T. ) ;
#2783 = FACE_OUTER_BOUND ( 'NONE', #463, .T. ) ;
#2784 = CARTESIAN_POINT ( 'NONE',  ( 0.1200787401574803098, -0.1771653543307087075, 0.02669291338582678239 ) ) ;
#2785 = DIMENSIONAL_EXPONENTS ( 1.000000000000000000, 0.0000000000000000000, 0.0000000000000000000, 0.0000000000000000000, 0.0000000000000000000, 0.0000000000000000000, 0.0000000000000000000 ) ;
#2786 = CARTESIAN_POINT ( 'NONE',  ( -0.1614173228346456601, -0.1771653543307087075, 0.1614173228346456601 ) ) ;
#2787 = LINE ( 'NONE', #279, #894 ) ;
#2788 = ORIENTED_EDGE ( 'NONE', *, *, #2101, .F. ) ;
#2789 = CARTESIAN_POINT ( 'NONE',  ( 0.1483308035010236225, -0.1771653543307087075, 0.04133858267716536417 ) ) ;
#2790 = DIRECTION ( 'NONE',  ( 0.0000000000000000000, 0.0000000000000000000, -1.000000000000000000 ) ) ;
#2791 = DIRECTION ( 'NONE',  ( -1.000000000000000000, 0.0000000000000000000, 0.0000000000000000000 ) ) ;
#2792 = CARTESIAN_POINT ( 'NONE',  ( -0.1220472440944882220, -0.1761811023622047168, -0.02952755905511811330 ) ) ;
#2793 = ADVANCED_FACE ( 'NONE', ( #2544 ), #1331, .F. ) ;
#2794 = ORIENTED_EDGE ( 'NONE', *, *, #2088, .F. ) ;
#2795 = DIRECTION ( 'NONE',  ( 0.0000000000000000000, -1.000000000000000000, 0.0000000000000000000 ) ) ;
#2796 = UNCERTAINTY_MEASURE_WITH_UNIT (LENGTH_MEASURE( 1.000000000000000082E-05 ), #2897, 'distance_accuracy_value', 'NONE');
#2797 =( BOUNDED_CURVE ( )  B_SPLINE_CURVE ( 3, ( #1058, #782, #1789, #222 ),
 .UNSPECIFIED., .F., .T. ) 
 B_SPLINE_CURVE_WITH_KNOTS ( ( 4, 4 ),
 ( 0.0000000000000000000, 1.570796326794896558 ),
 .UNSPECIFIED. ) 
 CURVE ( )  GEOMETRIC_REPRESENTATION_ITEM ( )  RATIONAL_B_SPLINE_CURVE ( ( 1.000000000000000000, 0.8047378541243649375, 0.8047378541243649375, 1.000000000000000000 ) ) 
 REPRESENTATION_ITEM ( '' )  );
#2798 = CARTESIAN_POINT ( 'NONE',  ( 0.0000000000000000000, -0.1745038421682677532, 0.0000000000000000000 ) ) ;
#2799 = EDGE_CURVE ( 'NONE', #2939, #2135, #2044, .T. ) ;
#2800 = FACE_OUTER_BOUND ( 'NONE', #1802, .T. ) ;
#2801 = CARTESIAN_POINT ( 'NONE',  ( 0.1200787401574803098, -0.1811023622047244208, 0.0000000000000000000 ) ) ;
#2802 = ORIENTED_EDGE ( 'NONE', *, *, #234, .T. ) ;
#2803 = DIRECTION ( 'NONE',  ( 0.0000000000000000000, 1.000000000000000000, 0.0000000000000000000 ) ) ;
#2804 = CARTESIAN_POINT ( 'NONE',  ( -0.1968503937007874127, -0.1811023622047244208, -0.02952755905511811330 ) ) ;
#2805 = DIRECTION ( 'NONE',  ( 1.000000000000000000, 0.0000000000000000000, 0.0000000000000000000 ) ) ;
#2806 = EDGE_LOOP ( 'NONE', ( #3034, #896, #706, #430 ) ) ;
#2807 = CARTESIAN_POINT ( 'NONE',  ( 0.1546372297519104655, -0.1771653543307090961, 0.06889763779527928456 ) ) ;
#2808 = LINE ( 'NONE', #559, #3089 ) ;
#2809 = VERTEX_POINT ( 'NONE', #1310 ) ;
#2810 = DIRECTION ( 'NONE',  ( 1.000000000000000000, 0.0000000000000000000, 0.0000000000000000000 ) ) ;
#2811 = STYLED_ITEM ( 'NONE', ( #3087 ), #153 ) ;
#2812 = CIRCLE ( 'NONE', #505, 0.1692913385826771699 ) ;
#2813 = LENGTH_MEASURE_WITH_UNIT ( LENGTH_MEASURE( 0.02539999999999999897 ), #9 );
#2814 = CIRCLE ( 'NONE', #1835, 0.1692913385826771699 ) ;
#2815 = CARTESIAN_POINT ( 'NONE',  ( -0.1377952755905511861, -0.1771653543307087075, -0.04133858267716536417 ) ) ;
#2816 = VECTOR ( 'NONE', #422, 39.37007874015748143 ) ;
#2817 = ADVANCED_FACE ( 'NONE', ( #1760 ), #2324, .F. ) ;
#2818 = EDGE_CURVE ( 'NONE', #1483, #3259, #3037, .T. ) ;
#2819 = VERTEX_POINT ( 'NONE', #2567 ) ;
#2820 = SURFACE_STYLE_USAGE ( .BOTH. , #1796 ) ;
#2821 = VECTOR ( 'NONE', #1599, 39.37007874015748143 ) ;
#2822 = SURFACE_STYLE_USAGE ( .BOTH. , #1902 ) ;
#2823 = PLANE ( 'NONE',  #2580 ) ;
#2824 = SURFACE_STYLE_USAGE ( .BOTH. , #2601 ) ;
#2825 = VECTOR ( 'NONE', #612, 39.37007874015748143 ) ;
#2826 = UNCERTAINTY_MEASURE_WITH_UNIT (LENGTH_MEASURE( 1.000000000000000082E-05 ), #893, 'distance_accuracy_value', 'NONE');
#2827 = FILL_AREA_STYLE_COLOUR ( '', #1728 ) ;
#2828 = STYLED_ITEM ( 'NONE', ( #1023 ), #1644 ) ;
#2829 = ORIENTED_EDGE ( 'NONE', *, *, #278, .T. ) ;
#2830 = FILL_AREA_STYLE ('',( #584 ) ) ;
#2831 = DIRECTION ( 'NONE',  ( 1.000000000000000000, 0.0000000000000000000, 0.0000000000000000000 ) ) ;
#2832 =( GEOMETRIC_REPRESENTATION_CONTEXT ( 3 ) GLOBAL_UNCERTAINTY_ASSIGNED_CONTEXT ( ( #2796 ) ) GLOBAL_UNIT_ASSIGNED_CONTEXT ( ( #2897, #63, #2847 ) ) REPRESENTATION_CONTEXT ( 'NONE', 'WORKASPACE' ) );
#2833 = PRESENTATION_LAYER_ASSIGNMENT (  '', '', ( #2005 ) ) ;
#2834 = DIRECTION ( 'NONE',  ( 0.0000000000000000000, 0.0000000000000000000, 1.000000000000000000 ) ) ;
#2835 = LINE ( 'NONE', #871, #2821 ) ;
#2836 = VERTEX_POINT ( 'NONE', #2302 ) ;
#2837 = LINE ( 'NONE', #3070, #3189 ) ;
#2838 = CARTESIAN_POINT ( 'NONE',  ( -0.1279527559055118335, -0.1771653543307087075, 0.02489754295566535755 ) ) ;
#2839 = PLANE ( 'NONE',  #2417 ) ;
#2840 = EDGE_CURVE ( 'NONE', #872, #2428, #2066, .T. ) ;
#2841 = CARTESIAN_POINT ( 'NONE',  ( 0.1614173228346456601, -0.1870078740157480324, -0.1614173228346456601 ) ) ;
#2842 = ORIENTED_EDGE ( 'NONE', *, *, #709, .F. ) ;
#2843 =( NAMED_UNIT ( * ) SI_UNIT ( $, .STERADIAN. ) SOLID_ANGLE_UNIT ( ) );
#2844 = DIRECTION ( 'NONE',  ( 0.0000000000000000000, -1.000000000000000000, 0.0000000000000000000 ) ) ;
#2845 = EDGE_CURVE ( 'NONE', #2917, #2964, #3098, .T. ) ;
#2846 = VERTEX_POINT ( 'NONE', #1568 ) ;
#2847 =( NAMED_UNIT ( * ) SI_UNIT ( $, .STERADIAN. ) SOLID_ANGLE_UNIT ( ) );
#2848 = SURFACE_STYLE_USAGE ( .BOTH. , #640 ) ;
#2849 = CARTESIAN_POINT ( 'NONE',  ( -0.1161417322834645827, -0.1761811023622047168, -0.02952755905511811330 ) ) ;
#2850 = LINE ( 'NONE', #657, #1427 ) ;
#2851 = EDGE_CURVE ( 'NONE', #2630, #2072, #1068, .T. ) ;
#2852 = DIRECTION ( 'NONE',  ( 0.0000000000000000000, 0.0000000000000000000, -1.000000000000000000 ) ) ;
#2853 = VERTEX_POINT ( 'NONE', #282 ) ;
#2854 = FILL_AREA_STYLE_COLOUR ( '', #42 ) ;
#2855 = CARTESIAN_POINT ( 'NONE',  ( 0.1889763779527559029, -0.08858267716535435377, -0.1889763779527559029 ) ) ;
#2856 = UNCERTAINTY_MEASURE_WITH_UNIT (LENGTH_MEASURE( 1.000000000000000082E-05 ), #647, 'distance_accuracy_value', 'NONE');
#2857 = ORIENTED_EDGE ( 'NONE', *, *, #86, .F. ) ;
#2858 = ORIENTED_EDGE ( 'NONE', *, *, #1278, .T. ) ;
#2859 =( LENGTH_UNIT ( ) NAMED_UNIT ( * ) SI_UNIT ( $, .METRE. ) );
#2860 = ADVANCED_FACE ( 'NONE', ( #53 ), #1261, .F. ) ;
#2861 = ORIENTED_EDGE ( 'NONE', *, *, #2501, .T. ) ;
#2862 =( NAMED_UNIT ( * ) SI_UNIT ( $, .STERADIAN. ) SOLID_ANGLE_UNIT ( ) );
#2863 =( CONVERSION_BASED_UNIT ( 'INCH', #1128 ) LENGTH_UNIT ( ) NAMED_UNIT ( #1807 ) );
#2864 = COLOUR_RGB ( '',0.7529411764705882248, 0.7529411764705882248, 0.0000000000000000000 ) ;
#2865 = LINE ( 'NONE', #2397, #2265 ) ;
#2866 = PRESENTATION_LAYER_ASSIGNMENT (  '', '', ( #2811 ) ) ;
#2867 = ORIENTED_EDGE ( 'NONE', *, *, #2739, .F. ) ;
#2868 = DIRECTION ( 'NONE',  ( 1.000000000000000000, 0.0000000000000000000, 0.0000000000000000000 ) ) ;
#2869 =( NAMED_UNIT ( * ) SI_UNIT ( $, .STERADIAN. ) SOLID_ANGLE_UNIT ( ) );
#2870 = CARTESIAN_POINT ( 'NONE',  ( -0.1889763779527559029, -0.1771653543307087075, -0.1889763779527559029 ) ) ;
#2871 = VECTOR ( 'NONE', #88, 39.37007874015748143 ) ;
#2872 = ORIENTED_EDGE ( 'NONE', *, *, #1002, .F. ) ;
#2873 = ORIENTED_EDGE ( 'NONE', *, *, #1546, .F. ) ;
#2874 = DIRECTION ( 'NONE',  ( 0.0000000000000000000, 0.0000000000000000000, -1.000000000000000000 ) ) ;
#2875 = CIRCLE ( 'NONE', #568, 0.1692913385826771699 ) ;
#2876 = VERTEX_POINT ( 'NONE', #2260 ) ;
#2877 = MECHANICAL_DESIGN_GEOMETRIC_PRESENTATION_REPRESENTATION (  '', ( #1057 ), #2104 ) ;
#2878 = CARTESIAN_POINT ( 'NONE',  ( -0.1889763779527559029, -0.09055118110236221041, -0.02952755905511811330 ) ) ;
#2879 = LENGTH_MEASURE_WITH_UNIT ( LENGTH_MEASURE( 0.02539999999999999897 ), #122 );
#2880 = DIRECTION ( 'NONE',  ( -0.0000000000000000000, -1.000000000000000000, -0.0000000000000000000 ) ) ;
#2881 = EDGE_CURVE ( 'NONE', #61, #1389, #1448, .T. ) ;
#2882 = VECTOR ( 'NONE', #548, 39.37007874015748143 ) ;
#2883 = AXIS2_PLACEMENT_3D ( 'NONE', #808, #3006, #2790 ) ;
#2884 = DIRECTION ( 'NONE',  ( 0.0000000000000000000, 1.000000000000000000, 0.0000000000000000000 ) ) ;
#2885 = LINE ( 'NONE', #2373, #834 ) ;
#2886 =( GEOMETRIC_REPRESENTATION_CONTEXT ( 3 ) GLOBAL_UNCERTAINTY_ASSIGNED_CONTEXT ( ( #764 ) ) GLOBAL_UNIT_ASSIGNED_CONTEXT ( ( #2617, #2631, #2843 ) ) REPRESENTATION_CONTEXT ( 'NONE', 'WORKASPACE' ) );
#2887 = ORIENTED_EDGE ( 'NONE', *, *, #2625, .T. ) ;
#2888 = LINE ( 'NONE', #2438, #670 ) ;
#2889 = CARTESIAN_POINT ( 'NONE',  ( -0.1200787401574803098, -0.1811023622047244208, 0.02559055118110236879 ) ) ;
#2890 = FACE_OUTER_BOUND ( 'NONE', #387, .T. ) ;
#2891 = ORIENTED_EDGE ( 'NONE', *, *, #2370, .F. ) ;
#2892 = EDGE_LOOP ( 'NONE', ( #1774, #2526 ) ) ;
#2893 = DIRECTION ( 'NONE',  ( 0.0000000000000000000, -1.000000000000000000, 0.0000000000000000000 ) ) ;
#2894 =( CONVERSION_BASED_UNIT ( 'INCH', #1637 ) LENGTH_UNIT ( ) NAMED_UNIT ( #1312 ) );
#2895 = EDGE_CURVE ( 'NONE', #1384, #872, #2015, .T. ) ;
#2896 = VERTEX_POINT ( 'NONE', #489 ) ;
#2897 =( CONVERSION_BASED_UNIT ( 'INCH', #639 ) LENGTH_UNIT ( ) NAMED_UNIT ( #2785 ) );
#2898 =( LENGTH_UNIT ( ) NAMED_UNIT ( * ) SI_UNIT ( $, .METRE. ) );
#2899 = DIRECTION ( 'NONE',  ( 0.0000000000000000000, -1.000000000000000000, 0.0000000000000000000 ) ) ;
#2900 = EDGE_CURVE ( 'NONE', #1477, #43, #2547, .T. ) ;
#2901 = EDGE_LOOP ( 'NONE', ( #383, #1683 ) ) ;
#2902 = CARTESIAN_POINT ( 'NONE',  ( 0.1161417322834645827, -0.1761811023622047168, 0.02559055118110236879 ) ) ;
#2903 = CARTESIAN_POINT ( 'NONE',  ( 0.1161417322834645827, -0.1771653543307087075, 0.02559055118110236879 ) ) ;
#2904 = ORIENTED_EDGE ( 'NONE', *, *, #2551, .F. ) ;
#2905 = EDGE_LOOP ( 'NONE', ( #789, #1445, #105, #1579 ) ) ;
#2906 = CARTESIAN_POINT ( 'NONE',  ( 0.0000000000000000000, -0.1751968503937007815, -0.02952755905511811330 ) ) ;
#2907 = ORIENTED_EDGE ( 'NONE', *, *, #2246, .F. ) ;
#2908 = CARTESIAN_POINT ( 'NONE',  ( 0.1889763779527559029, 0.009842519685039369942, 0.1181102362204724532 ) ) ;
#2909 = CARTESIAN_POINT ( 'NONE',  ( 0.0000000000000000000, -0.1771653543307087075, 0.0000000000000000000 ) ) ;
#2910 = ORIENTED_EDGE ( 'NONE', *, *, #1164, .F. ) ;
#2911 = FILL_AREA_STYLE ('',( #2650 ) ) ;
#2912 = DIRECTION ( 'NONE',  ( 0.0000000000000000000, -1.000000000000000000, 0.0000000000000000000 ) ) ;
#2913 = CARTESIAN_POINT ( 'NONE',  ( 0.1279527559055118335, -0.1771653543307087075, -0.02952755905511811330 ) ) ;
#2914 = DIRECTION ( 'NONE',  ( -1.000000000000000000, 0.0000000000000000000, 0.0000000000000000000 ) ) ;
#2915 = VECTOR ( 'NONE', #660, 39.37007874015748143 ) ;
#2916 = EDGE_CURVE ( 'NONE', #2964, #1459, #1552, .T. ) ;
#2917 = VERTEX_POINT ( 'NONE', #2513 ) ;
#2918 = ORIENTED_EDGE ( 'NONE', *, *, #1525, .T. ) ;
#2919 = VECTOR ( 'NONE', #2388, 39.37007874015748143 ) ;
#2920 = DIRECTION ( 'NONE',  ( 1.000000000000000000, 0.0000000000000000000, 0.0000000000000000000 ) ) ;
#2921 = AXIS2_PLACEMENT_3D ( 'NONE', #1878, #2624, #2419 ) ;
#2922 = COLOUR_RGB ( '',0.7529411764705882248, 0.7529411764705882248, 0.0000000000000000000 ) ;
#2923 = ORIENTED_EDGE ( 'NONE', *, *, #608, .T. ) ;
#2924 = DIRECTION ( 'NONE',  ( -0.0000000000000000000, -0.0000000000000000000, -1.000000000000000000 ) ) ;
#2925 = MECHANICAL_DESIGN_GEOMETRIC_PRESENTATION_REPRESENTATION (  '', ( #1626 ), #2203 ) ;
#2926 = VECTOR ( 'NONE', #2685, 39.37007874015748143 ) ;
#2927 = LENGTH_MEASURE_WITH_UNIT ( LENGTH_MEASURE( 0.02539999999999999897 ), #1191 );
#2928 = VECTOR ( 'NONE', #2262, 39.37007874015748143 ) ;
#2929 = CARTESIAN_POINT ( 'NONE',  ( -0.1614173228346456601, -0.1771653543307087075, 0.1456692913385826404 ) ) ;
#2930 = FACE_OUTER_BOUND ( 'NONE', #1961, .T. ) ;
#2931 = ADVANCED_FACE ( 'NONE', ( #264 ), #1284, .T. ) ;
#2932 = PLANE ( 'NONE',  #1991 ) ;
#2933 = STYLED_ITEM ( 'NONE', ( #2527 ), #2931 ) ;
#2934 = ORIENTED_EDGE ( 'NONE', *, *, #1018, .F. ) ;
#2935 = DIRECTION ( 'NONE',  ( 0.0000000000000000000, 0.0000000000000000000, -1.000000000000000000 ) ) ;
#2936 = DIRECTION ( 'NONE',  ( -0.0000000000000000000, -0.0000000000000000000, -1.000000000000000000 ) ) ;
#2937 = CIRCLE ( 'NONE', #162, 0.01574803149606301619 ) ;
#2938 = LINE ( 'NONE', #926, #1895 ) ;
#2939 = VERTEX_POINT ( 'NONE', #1356 ) ;
#2940 = CARTESIAN_POINT ( 'NONE',  ( -0.1279527559055118335, -0.1771653543307087075, -0.04133858267716536417 ) ) ;
#2941 = CARTESIAN_POINT ( 'NONE',  ( 0.1663356706636038573, -0.1745038421682677532, 0.03149606299212254212 ) ) ;
#2942 = EDGE_CURVE ( 'NONE', #1818, #3175, #822, .T. ) ;
#2943 = ORIENTED_EDGE ( 'NONE', *, *, #2661, .F. ) ;
#2944 = EDGE_CURVE ( 'NONE', #860, #2836, #1586, .T. ) ;
#2945 = DIRECTION ( 'NONE',  ( 1.000000000000000000, 0.0000000000000000000, 0.0000000000000000000 ) ) ;
#2946 = DIRECTION ( 'NONE',  ( 1.000000000000000000, 0.0000000000000000000, 0.0000000000000000000 ) ) ;
#2947 = DIRECTION ( 'NONE',  ( 0.0000000000000000000, 0.0000000000000000000, -1.000000000000000000 ) ) ;
#2948 = CARTESIAN_POINT ( 'NONE',  ( -0.1476377952755905387, -0.1781496062992126150, -0.03543307086613779744 ) ) ;
#2949 = ORIENTED_EDGE ( 'NONE', *, *, #683, .F. ) ;
#2950 = ADVANCED_FACE ( 'NONE', ( #1117 ), #2377, .F. ) ;
#2951 = FACE_OUTER_BOUND ( 'NONE', #2219, .T. ) ;
#2952 = SURFACE_SIDE_STYLE ('',( #3173 ) ) ;
#2953 = CARTESIAN_POINT ( 'NONE',  ( -0.1614173228346456601, -0.1771653543307087075, -0.1614173228346456601 ) ) ;
#2954 = CARTESIAN_POINT ( 'NONE',  ( 0.1476377952755905387, -0.1751968503937007815, -0.03543307086613779744 ) ) ;
#2955 = ORIENTED_EDGE ( 'NONE', *, *, #2743, .T. ) ;
#2956 = FACE_OUTER_BOUND ( 'NONE', #2472, .T. ) ;
#2957 = CYLINDRICAL_SURFACE ( 'NONE', #2670, 0.003937007874015745375 ) ;
#2958 = UNCERTAINTY_MEASURE_WITH_UNIT (LENGTH_MEASURE( 1.000000000000000082E-05 ), #1133, 'distance_accuracy_value', 'NONE');
#2959 = EDGE_LOOP ( 'NONE', ( #2399, #2829, #1005, #3069 ) ) ;
#2960 =( NAMED_UNIT ( * ) SI_UNIT ( $, .STERADIAN. ) SOLID_ANGLE_UNIT ( ) );
#2961 = PRODUCT_DEFINITION ( 'UNKNOWN', '', #109, #1036 ) ;
#2962 = EDGE_CURVE ( 'NONE', #1885, #403, #1851, .T. ) ;
#2963 = SURFACE_STYLE_USAGE ( .BOTH. , #452 ) ;
#2964 = VERTEX_POINT ( 'NONE', #2600 ) ;
#2965 =( LENGTH_UNIT ( ) NAMED_UNIT ( * ) SI_UNIT ( $, .METRE. ) );
#2966 = DIRECTION ( 'NONE',  ( 0.0000000000000000000, 0.0000000000000000000, -1.000000000000000000 ) ) ;
#2967 = CARTESIAN_POINT ( 'NONE',  ( 0.1889763779527559029, -0.1771653543307087075, 0.03149606299212499849 ) ) ;
#2968 = FACE_OUTER_BOUND ( 'NONE', #991, .T. ) ;
#2969 = ORIENTED_EDGE ( 'NONE', *, *, #818, .F. ) ;
#2970 = CARTESIAN_POINT ( 'NONE',  ( -0.1776560243081889701, -0.1791338582677165503, -0.03149606299212598381 ) ) ;
#2971 = DIMENSIONAL_EXPONENTS ( 1.000000000000000000, 0.0000000000000000000, 0.0000000000000000000, 0.0000000000000000000, 0.0000000000000000000, 0.0000000000000000000, 0.0000000000000000000 ) ;
#2972 =( GEOMETRIC_REPRESENTATION_CONTEXT ( 3 ) GLOBAL_UNCERTAINTY_ASSIGNED_CONTEXT ( ( #1708 ) ) GLOBAL_UNIT_ASSIGNED_CONTEXT ( ( #1238, #2272, #960 ) ) REPRESENTATION_CONTEXT ( 'NONE', 'WORKASPACE' ) );
#2973 = VECTOR ( 'NONE', #2884, 39.37007874015748143 ) ;
#2974 = MECHANICAL_DESIGN_GEOMETRIC_PRESENTATION_REPRESENTATION (  '', ( #200 ), #2249 ) ;
#2975 = AXIS2_PLACEMENT_3D ( 'NONE', #3025, #1497, #985 ) ;
#2976 = PRESENTATION_LAYER_ASSIGNMENT (  '', '', ( #1162 ) ) ;
#2977 = LENGTH_MEASURE_WITH_UNIT ( LENGTH_MEASURE( 0.02539999999999999897 ), #1251 );
#2978 = EDGE_CURVE ( 'NONE', #729, #2453, #1899, .T. ) ;
#2979 =( GEOMETRIC_REPRESENTATION_CONTEXT ( 3 ) GLOBAL_UNCERTAINTY_ASSIGNED_CONTEXT ( ( #1333 ) ) GLOBAL_UNIT_ASSIGNED_CONTEXT ( ( #298, #2570, #3073 ) ) REPRESENTATION_CONTEXT ( 'NONE', 'WORKASPACE' ) );
#2980 = AXIS2_PLACEMENT_3D ( 'NONE', #2985, #192, #2226 ) ;
#2981 = ORIENTED_EDGE ( 'NONE', *, *, #1193, .T. ) ;
#2982 = SURFACE_SIDE_STYLE ('',( #472 ) ) ;
#2983 =( GEOMETRIC_REPRESENTATION_CONTEXT ( 3 ) GLOBAL_UNCERTAINTY_ASSIGNED_CONTEXT ( ( #1360 ) ) GLOBAL_UNIT_ASSIGNED_CONTEXT ( ( #275, #1039, #532 ) ) REPRESENTATION_CONTEXT ( 'NONE', 'WORKASPACE' ) );
#2984 = PRESENTATION_LAYER_ASSIGNMENT (  '', '', ( #2159 ) ) ;
#2985 = CARTESIAN_POINT ( 'NONE',  ( 0.1318897637795275746, -0.1771653543307087075, 0.04203159090259843411 ) ) ;
#2986 = LENGTH_MEASURE_WITH_UNIT ( LENGTH_MEASURE( 0.02539999999999999897 ), #260 );
#2987 = DIRECTION ( 'NONE',  ( 1.000000000000000000, 0.0000000000000000000, 0.0000000000000000000 ) ) ;
#2988 = ORIENTED_EDGE ( 'NONE', *, *, #2289, .F. ) ;
#2989 = DIRECTION ( 'NONE',  ( 1.000000000000000000, 0.0000000000000000000, 0.0000000000000000000 ) ) ;
#2990 = CARTESIAN_POINT ( 'NONE',  ( -0.1161417322834645688, -0.1794716001481374557, 0.02952755905511811677 ) ) ;
#2991 = LINE ( 'NONE', #1458, #1733 ) ;
#2992 = STYLED_ITEM ( 'NONE', ( #1587 ), #3110 ) ;
#2993 = UNCERTAINTY_MEASURE_WITH_UNIT (LENGTH_MEASURE( 1.000000000000000082E-05 ), #7, 'distance_accuracy_value', 'NONE');
#2994 = VERTEX_POINT ( 'NONE', #2225 ) ;
#2995 = EDGE_CURVE ( 'NONE', #729, #2638, #3206, .T. ) ;
#2996 = CARTESIAN_POINT ( 'NONE',  ( 0.1666963724121259816, -0.1338582677165354173, -0.02952755905511811330 ) ) ;
#2997 = CYLINDRICAL_SURFACE ( 'NONE', #1836, 0.003937007874015749712 ) ;
#2998 = SURFACE_SIDE_STYLE ('',( #2271 ) ) ;
#2999 = ORIENTED_EDGE ( 'NONE', *, *, #86, .T. ) ;
#3000 = SURFACE_STYLE_USAGE ( .BOTH. , #3029 ) ;
#3001 = CARTESIAN_POINT ( 'NONE',  ( 0.1295835179620987987, -0.1811023622047244486, -0.03970782062057836431 ) ) ;
#3002 = DIRECTION ( 'NONE',  ( 0.0000000000000000000, -1.000000000000000000, 0.0000000000000000000 ) ) ;
#3003 = ADVANCED_FACE ( 'NONE', ( #2439 ), #2193, .T. ) ;
#3004 = EDGE_LOOP ( 'NONE', ( #2949, #2445, #3209, #816 ) ) ;
#3005 = DIRECTION ( 'NONE',  ( 0.0000000000000000000, 0.0000000000000000000, -1.000000000000000000 ) ) ;
#3006 = DIRECTION ( 'NONE',  ( 1.000000000000000000, 0.0000000000000000000, 0.0000000000000000000 ) ) ;
#3007 = PLANE ( 'NONE',  #632 ) ;
#3008 = SURFACE_STYLE_USAGE ( .BOTH. , #2516 ) ;
#3009 = DIRECTION ( 'NONE',  ( 0.0000000000000000000, 0.0000000000000000000, -1.000000000000000000 ) ) ;
#3010 =( LENGTH_UNIT ( ) NAMED_UNIT ( * ) SI_UNIT ( $, .METRE. ) );
#3011 = DIMENSIONAL_EXPONENTS ( 1.000000000000000000, 0.0000000000000000000, 0.0000000000000000000, 0.0000000000000000000, 0.0000000000000000000, 0.0000000000000000000, 0.0000000000000000000 ) ;
#3012 = DIRECTION ( 'NONE',  ( 0.0000000000000000000, 0.0000000000000000000, 1.000000000000000000 ) ) ;
#3013 = PLANE ( 'NONE',  #1624 ) ;
#3014 = CARTESIAN_POINT ( 'NONE',  ( 0.0000000000000000000, -0.1745038421682677532, 0.0000000000000000000 ) ) ;
#3015 = EDGE_LOOP ( 'NONE', ( #388, #2132, #710, #1406, #2755, #75, #2083, #2196, #1488, #101 ) ) ;
#3016 = DIRECTION ( 'NONE',  ( 0.0000000000000000000, 1.000000000000000000, 0.0000000000000000000 ) ) ;
#3017 =( NAMED_UNIT ( * ) PLANE_ANGLE_UNIT ( ) SI_UNIT ( $, .RADIAN. ) );
#3018 = LENGTH_MEASURE_WITH_UNIT ( LENGTH_MEASURE( 0.02539999999999999897 ), #350 );
#3019 = EDGE_CURVE ( 'NONE', #3114, #1394, #1723, .T. ) ;
#3020 = DIRECTION ( 'NONE',  ( -1.000000000000000000, -0.0000000000000000000, -0.0000000000000000000 ) ) ;
#3021 = SURFACE_STYLE_FILL_AREA ( #2281 ) ;
#3022 = CARTESIAN_POINT ( 'NONE',  ( 0.0000000000000000000, -0.1771653543307087075, -0.06889763779527559306 ) ) ;
#3023 = AXIS2_PLACEMENT_3D ( 'NONE', #2251, #1484, #2224 ) ;
#3024 = DIRECTION ( 'NONE',  ( 0.0000000000000000000, 0.0000000000000000000, -1.000000000000000000 ) ) ;
#3025 = CARTESIAN_POINT ( 'NONE',  ( 0.1718068038523621888, -0.1791338582677165503, 0.05019685039370078150 ) ) ;
#3026 = AXIS2_PLACEMENT_3D ( 'NONE', #2786, #2540, #293 ) ;
#3027 = AXIS2_PLACEMENT_3D ( 'NONE', #1090, #2831, #433 ) ;
#3028 = CARTESIAN_POINT ( 'NONE',  ( 0.0000000000000000000, -0.1771653543307087075, 0.0000000000000000000 ) ) ;
#3029 = SURFACE_SIDE_STYLE ('',( #3269 ) ) ;
#3030 = DIRECTION ( 'NONE',  ( 1.000000000000000000, 0.0000000000000000000, 0.0000000000000000000 ) ) ;
#3031 = EDGE_CURVE ( 'NONE', #3219, #2700, #2004, .T. ) ;
#3032 = SURFACE_STYLE_FILL_AREA ( #2682 ) ;
#3033 = CIRCLE ( 'NONE', #27, 0.003937007874015749712 ) ;
#3034 = ORIENTED_EDGE ( 'NONE', *, *, #2537, .T. ) ;
#3035 = VECTOR ( 'NONE', #2737, 39.37007874015748143 ) ;
#3036 = PLANE ( 'NONE',  #2037 ) ;
#3037 = LINE ( 'NONE', #1749, #1119 ) ;
#3038 = CARTESIAN_POINT ( 'NONE',  ( -0.1776560243081495849, -0.1791338582677165503, 0.03149606299212598381 ) ) ;
#3039 = DIMENSIONAL_EXPONENTS ( 1.000000000000000000, 0.0000000000000000000, 0.0000000000000000000, 0.0000000000000000000, 0.0000000000000000000, 0.0000000000000000000, 0.0000000000000000000 ) ;
#3040 = AXIS2_PLACEMENT_3D ( 'NONE', #125, #345, #1353 ) ;
#3041 = DIRECTION ( 'NONE',  ( 0.0000000000000000000, 0.0000000000000000000, 1.000000000000000000 ) ) ;
#3042 = ORIENTED_EDGE ( 'NONE', *, *, #2916, .T. ) ;
#3043 = ORIENTED_EDGE ( 'NONE', *, *, #2607, .T. ) ;
#3044 = MECHANICAL_DESIGN_GEOMETRIC_PRESENTATION_REPRESENTATION (  '', ( #375 ), #2422 ) ;
#3045 =( NAMED_UNIT ( * ) PLANE_ANGLE_UNIT ( ) SI_UNIT ( $, .RADIAN. ) );
#3046 = DIRECTION ( 'NONE',  ( 0.0000000000000000000, 0.0000000000000000000, -1.000000000000000000 ) ) ;
#3047 = ADVANCED_FACE ( 'NONE', ( #1672 ), #428, .T. ) ;
#3048 =( NAMED_UNIT ( * ) PLANE_ANGLE_UNIT ( ) SI_UNIT ( $, .RADIAN. ) );
#3049 =( NAMED_UNIT ( * ) PLANE_ANGLE_UNIT ( ) SI_UNIT ( $, .RADIAN. ) );
#3050 =( LENGTH_UNIT ( ) NAMED_UNIT ( * ) SI_UNIT ( $, .METRE. ) );
#3051 = DIRECTION ( 'NONE',  ( 0.0000000000000000000, 1.000000000000000000, 0.0000000000000000000 ) ) ;
#3052 = ORIENTED_EDGE ( 'NONE', *, *, #2408, .F. ) ;
#3053 = SURFACE_STYLE_FILL_AREA ( #1067 ) ;
#3054 = DIRECTION ( 'NONE',  ( 0.0000000000000000000, 0.0000000000000000000, 1.000000000000000000 ) ) ;
#3055 = SURFACE_SIDE_STYLE ('',( #2067 ) ) ;
#3056 =( NAMED_UNIT ( * ) PLANE_ANGLE_UNIT ( ) SI_UNIT ( $, .RADIAN. ) );
#3057 = FACE_OUTER_BOUND ( 'NONE', #2806, .T. ) ;
#3058 = UNCERTAINTY_MEASURE_WITH_UNIT (LENGTH_MEASURE( 1.000000000000000082E-05 ), #1959, 'distance_accuracy_value', 'NONE');
#3059 = ORIENTED_EDGE ( 'NONE', *, *, #1277, .T. ) ;
#3060 = ORIENTED_EDGE ( 'NONE', *, *, #1248, .T. ) ;
#3061 = CARTESIAN_POINT ( 'NONE',  ( -0.1279527559055118335, -0.1794716001481374557, -0.02952755905511811330 ) ) ;
#3062 = CARTESIAN_POINT ( 'NONE',  ( 0.1614173228346456601, -0.1975434019262204965, -0.1456692913385826404 ) ) ;
#3063 = SURFACE_SIDE_STYLE ('',( #1559 ) ) ;
#3064 = ORIENTED_EDGE ( 'NONE', *, *, #530, .F. ) ;
#3065 = CYLINDRICAL_SURFACE ( 'NONE', #829, 0.1692913385826771699 ) ;
#3066 = ADVANCED_FACE ( 'NONE', ( #1263 ), #1014, .F. ) ;
#3067 = LINE ( 'NONE', #1804, #3145 ) ;
#3068 = CARTESIAN_POINT ( 'NONE',  ( 0.1476377952755905387, -0.1781496062992126150, 0.03543307086614173873 ) ) ;
#3069 = ORIENTED_EDGE ( 'NONE', *, *, #4, .T. ) ;
#3070 = CARTESIAN_POINT ( 'NONE',  ( 0.0000000000000000000, -0.1751968503937007815, -0.04133858267716536417 ) ) ;
#3071 =( NAMED_UNIT ( * ) PLANE_ANGLE_UNIT ( ) SI_UNIT ( $, .RADIAN. ) );
#3072 = FACE_OUTER_BOUND ( 'NONE', #590, .T. ) ;
#3073 =( NAMED_UNIT ( * ) SI_UNIT ( $, .STERADIAN. ) SOLID_ANGLE_UNIT ( ) );
#3074 = EDGE_LOOP ( 'NONE', ( #1140, #1618, #1374, #2423, #339, #361, #931, #2198 ) ) ;
#3075 = SURFACE_STYLE_USAGE ( .BOTH. , #2574 ) ;
#3076 = DIRECTION ( 'NONE',  ( 0.0000000000000000000, 0.0000000000000000000, -1.000000000000000000 ) ) ;
#3077 = CARTESIAN_POINT ( 'NONE',  ( 0.1377952755905511861, -0.1761811023622047168, 0.04133858267716536417 ) ) ;
#3078 = ORIENTED_EDGE ( 'NONE', *, *, #2881, .T. ) ;
#3079 = STYLED_ITEM ( 'NONE', ( #2553 ), #464 ) ;
#3080 = ADVANCED_FACE ( 'NONE', ( #2528 ), #13, .F. ) ;
#3081 = CARTESIAN_POINT ( 'NONE',  ( 0.1476377952755905387, -0.1751968503937007815, -0.04133858267716536417 ) ) ;
#3082 = APPLICATION_CONTEXT ( 'automotive_design' ) ;
#3083 = LINE ( 'NONE', #1879, #2871 ) ;
#3084 =( GEOMETRIC_REPRESENTATION_CONTEXT ( 3 ) GLOBAL_UNCERTAINTY_ASSIGNED_CONTEXT ( ( #3058 ) ) GLOBAL_UNIT_ASSIGNED_CONTEXT ( ( #1959, #3199, #2960 ) ) REPRESENTATION_CONTEXT ( 'NONE', 'WORKASPACE' ) );
#3085 = ADVANCED_FACE ( 'NONE', ( #231, #1798 ), #1474, .F. ) ;
#3086 = ORIENTED_EDGE ( 'NONE', *, *, #3179, .T. ) ;
#3087 = PRESENTATION_STYLE_ASSIGNMENT (( #1811 ) ) ;
#3088 = MECHANICAL_DESIGN_GEOMETRIC_PRESENTATION_REPRESENTATION (  '', ( #1839 ), #3091 ) ;
#3089 = VECTOR ( 'NONE', #2575, 39.37007874015748143 ) ;
#3090 = CARTESIAN_POINT ( 'NONE',  ( 0.1889763779527559029, -0.1771653543307087075, -0.1889763779527559029 ) ) ;
#3091 =( GEOMETRIC_REPRESENTATION_CONTEXT ( 3 ) GLOBAL_UNCERTAINTY_ASSIGNED_CONTEXT ( ( #555 ) ) GLOBAL_UNIT_ASSIGNED_CONTEXT ( ( #2555, #1806, #1048 ) ) REPRESENTATION_CONTEXT ( 'NONE', 'WORKASPACE' ) );
#3092 =( GEOMETRIC_REPRESENTATION_CONTEXT ( 3 ) GLOBAL_UNCERTAINTY_ASSIGNED_CONTEXT ( ( #825 ) ) GLOBAL_UNIT_ASSIGNED_CONTEXT ( ( #34, #3056, #1332 ) ) REPRESENTATION_CONTEXT ( 'NONE', 'WORKASPACE' ) );
#3093 = UNCERTAINTY_MEASURE_WITH_UNIT (LENGTH_MEASURE( 1.000000000000000082E-05 ), #123, 'distance_accuracy_value', 'NONE');
#3094 = ORIENTED_EDGE ( 'NONE', *, *, #1684, .T. ) ;
#3095 = DIRECTION ( 'NONE',  ( 0.0000000000000000000, 0.0000000000000000000, 1.000000000000000000 ) ) ;
#3096 = AXIS2_PLACEMENT_3D ( 'NONE', #2122, #3115, #1302 ) ;
#3097 =( GEOMETRIC_REPRESENTATION_CONTEXT ( 3 ) GLOBAL_UNCERTAINTY_ASSIGNED_CONTEXT ( ( #2050 ) ) GLOBAL_UNIT_ASSIGNED_CONTEXT ( ( #838, #1512, #767 ) ) REPRESENTATION_CONTEXT ( 'NONE', 'WORKASPACE' ) );
#3098 = CIRCLE ( 'NONE', #520, 0.003937007874015745375 ) ;
#3099 = EDGE_CURVE ( 'NONE', #1645, #2744, #1245, .T. ) ;
#3100 = ORIENTED_EDGE ( 'NONE', *, *, #2334, .T. ) ;
#3101 = DIRECTION ( 'NONE',  ( -0.0000000000000000000, -1.000000000000000000, -0.0000000000000000000 ) ) ;
#3102 = PRESENTATION_LAYER_ASSIGNMENT (  '', '', ( #1529 ) ) ;
#3103 = LINE ( 'NONE', #3169, #304 ) ;
#3104 = CARTESIAN_POINT ( 'NONE',  ( -0.1161417322834645688, -0.1771653543307087075, -0.02952755905511811330 ) ) ;
#3105 = ORIENTED_EDGE ( 'NONE', *, *, #1137, .F. ) ;
#3106 = LINE ( 'NONE', #821, #1619 ) ;
#3107 = LENGTH_MEASURE_WITH_UNIT ( LENGTH_MEASURE( 0.02539999999999999897 ), #143 );
#3108 = EDGE_CURVE ( 'NONE', #2342, #912, #1549, .T. ) ;
#3109 = CYLINDRICAL_SURFACE ( 'NONE', #2669, 0.003937007874015741038 ) ;
#3110 = ADVANCED_FACE ( 'NONE', ( #2261 ), #2823, .T. ) ;
#3111 = ORIENTED_EDGE ( 'NONE', *, *, #1598, .F. ) ;
#3112 = VERTEX_POINT ( 'NONE', #610 ) ;
#3113 =( CONVERSION_BASED_UNIT ( 'INCH', #102 ) LENGTH_UNIT ( ) NAMED_UNIT ( #3275 ) );
#3114 = VERTEX_POINT ( 'NONE', #33 ) ;
#3115 = DIRECTION ( 'NONE',  ( 0.0000000000000000000, 0.0000000000000000000, 1.000000000000000000 ) ) ;
#3116 = FILL_AREA_STYLE ('',( #2346 ) ) ;
#3117 = MANIFOLD_SOLID_BREP ( 'Boss-Extrude3', #1711 ) ;
#3118 = CARTESIAN_POINT ( 'NONE',  ( -0.1476377952755905387, -0.1781496062992126150, 0.04133858267716536417 ) ) ;
#3119 = EDGE_CURVE ( 'NONE', #2629, #1677, #2937, .T. ) ;
#3120 = DIRECTION ( 'NONE',  ( -1.000000000000000000, 0.0000000000000000000, 0.0000000000000000000 ) ) ;
#3121 =( CONVERSION_BASED_UNIT ( 'INCH', #589 ) LENGTH_UNIT ( ) NAMED_UNIT ( #539 ) );
#3122 = ORIENTED_EDGE ( 'NONE', *, *, #2599, .T. ) ;
#3123 = CARTESIAN_POINT ( 'NONE',  ( -0.1614173228346456601, -0.1870078740157480324, -0.1614173228346456601 ) ) ;
#3124 = FILL_AREA_STYLE ('',( #2114 ) ) ;
#3125 = LINE ( 'NONE', #611, #686 ) ;
#3126 = CARTESIAN_POINT ( 'NONE',  ( -0.1663356706636126559, -0.1771653543307087075, 0.03149606299212598381 ) ) ;
#3127 = ORIENTED_EDGE ( 'NONE', *, *, #643, .T. ) ;
#3128 = CARTESIAN_POINT ( 'NONE',  ( -0.1318897637795275746, -0.1811023622047244208, -0.03740157480314960925 ) ) ;
#3129 = CARTESIAN_POINT ( 'NONE',  ( 0.1614173228346456601, -0.1771653543307087075, -0.1456692913385826404 ) ) ;
#3130 = ADVANCED_FACE ( 'NONE', ( #106 ), #2396, .T. ) ;
#3131 = ORIENTED_EDGE ( 'NONE', *, *, #2962, .F. ) ;
#3132 = FILL_AREA_STYLE ('',( #1729 ) ) ;
#3133 = PRESENTATION_STYLE_ASSIGNMENT (( #603 ) ) ;
#3134 = LINE ( 'NONE', #3118, #2201 ) ;
#3135 = CARTESIAN_POINT ( 'NONE',  ( 0.1318897637795275746, -0.1811023622047244208, 0.02559055118110236879 ) ) ;
#3136 = AXIS2_PLACEMENT_3D ( 'NONE', #114, #1438, #2192 ) ;
#3137 = CARTESIAN_POINT ( 'NONE',  ( 0.0000000000000000000, -0.08031496062992127261, 0.03937007874015747977 ) ) ;
#3138 = CARTESIAN_POINT ( 'NONE',  ( 0.0000000000000000000, -0.07874015748031495954, 0.0000000000000000000 ) ) ;
#3139 = COLOUR_RGB ( '',0.7529411764705882248, 0.7529411764705882248, 0.0000000000000000000 ) ;
#3140 = VERTEX_POINT ( 'NONE', #137 ) ;
#3141 = EDGE_CURVE ( 'NONE', #1540, #2542, #869, .T. ) ;
#3142 = LENGTH_MEASURE_WITH_UNIT ( LENGTH_MEASURE( 0.02539999999999999897 ), #1882 );
#3143 = DIRECTION ( 'NONE',  ( 1.000000000000000000, 0.0000000000000000000, 0.0000000000000000000 ) ) ;
#3144 = CARTESIAN_POINT ( 'NONE',  ( -0.1718068038523621888, -0.1791338582677165503, -0.05019685039370078150 ) ) ;
#3145 = VECTOR ( 'NONE', #1275, 39.37007874015748143 ) ;
#3146 = AXIS2_PLACEMENT_3D ( 'NONE', #2909, #1666, #3217 ) ;
#3147 = ORIENTED_EDGE ( 'NONE', *, *, #2348, .F. ) ;
#3148 = CIRCLE ( 'NONE', #2303, 0.01574803149606299885 ) ;
#3149 = EDGE_LOOP ( 'NONE', ( #667, #447, #1315, #2633 ) ) ;
#3150 = VECTOR ( 'NONE', #3216, 39.37007874015748143 ) ;
#3151 = ORIENTED_EDGE ( 'NONE', *, *, #1372, .T. ) ;
#3152 = CIRCLE ( 'NONE', #103, 0.01574803149606299885 ) ;
#3153 =( CONVERSION_BASED_UNIT ( 'INCH', #903 ) LENGTH_UNIT ( ) NAMED_UNIT ( #2713 ) );
#3154 = DIRECTION ( 'NONE',  ( 0.0000000000000000000, -1.000000000000000000, 0.0000000000000000000 ) ) ;
#3155 = DIRECTION ( 'NONE',  ( 0.0000000000000000000, 0.0000000000000000000, 1.000000000000000000 ) ) ;
#3156 = STYLED_ITEM ( 'NONE', ( #707 ), #3003 ) ;
#3157 = EDGE_CURVE ( 'NONE', #1, #1795, #2520, .T. ) ;
#3158 = CARTESIAN_POINT ( 'NONE',  ( 0.1318897637795275746, -0.1811023622047244208, 0.0000000000000000000 ) ) ;
#3159 = CARTESIAN_POINT ( 'NONE',  ( -0.1889763779527559029, -0.1771653543307087075, -0.03149606299212402011 ) ) ;
#3160 = ORIENTED_EDGE ( 'NONE', *, *, #2009, .F. ) ;
#3161 = CARTESIAN_POINT ( 'NONE',  ( 0.1535433070866141780, -0.1771653543307087630, 0.1535433070866141780 ) ) ;
#3162 = VERTEX_POINT ( 'NONE', #832 ) ;
#3163 = ORIENTED_EDGE ( 'NONE', *, *, #867, .T. ) ;
#3164 = FACE_OUTER_BOUND ( 'NONE', #1634, .T. ) ;
#3165 = ORIENTED_EDGE ( 'NONE', *, *, #715, .F. ) ;
#3166 = DIRECTION ( 'NONE',  ( 0.0000000000000000000, -1.000000000000000000, 0.0000000000000000000 ) ) ;
#3167 = CARTESIAN_POINT ( 'NONE',  ( -0.1712598425196850405, -0.1811023622047244208, 0.02952755905511811330 ) ) ;
#3168 = CARTESIAN_POINT ( 'NONE',  ( 0.1712598425196850405, -0.1338582677165354173, 0.02952755905511811330 ) ) ;
#3169 = CARTESIAN_POINT ( 'NONE',  ( -0.1614173228346456601, -0.1975434019262204965, 0.1456692913385826404 ) ) ;
#3170 = EDGE_CURVE ( 'NONE', #2052, #2994, #1610, .T. ) ;
#3171 = VERTEX_POINT ( 'NONE', #2173 ) ;
#3172 = SURFACE_STYLE_USAGE ( .BOTH. , #673 ) ;
#3173 = SURFACE_STYLE_FILL_AREA ( #1930 ) ;
#3174 = VERTEX_POINT ( 'NONE', #2413 ) ;
#3175 = VERTEX_POINT ( 'NONE', #158 ) ;
#3176 =( NAMED_UNIT ( * ) PLANE_ANGLE_UNIT ( ) SI_UNIT ( $, .RADIAN. ) );
#3177 = ORIENTED_EDGE ( 'NONE', *, *, #700, .T. ) ;
#3178 = DIRECTION ( 'NONE',  ( 1.000000000000000000, 0.0000000000000000000, 0.0000000000000000000 ) ) ;
#3179 = EDGE_CURVE ( 'NONE', #2630, #488, #1236, .T. ) ;
#3180 = CARTESIAN_POINT ( 'NONE',  ( 0.0000000000000000000, -0.1751968503937007815, -0.02952755905511811330 ) ) ;
#3181 = DIRECTION ( 'NONE',  ( 0.0000000000000000000, 1.000000000000000000, 0.0000000000000000000 ) ) ;
#3182 = FILL_AREA_STYLE ('',( #2189 ) ) ;
#3183 = EDGE_CURVE ( 'NONE', #1849, #1918, #814, .T. ) ;
#3184 = EDGE_LOOP ( 'NONE', ( #806, #1175 ) ) ;
#3185 = MECHANICAL_DESIGN_GEOMETRIC_PRESENTATION_REPRESENTATION (  '', ( #78 ), #3242 ) ;
#3186 = CARTESIAN_POINT ( 'NONE',  ( 0.1377952755905511861, -0.1761811023622047168, -0.04133858267716536417 ) ) ;
#3187 = CARTESIAN_POINT ( 'NONE',  ( -0.1318897637795275746, -0.1811023622047244208, 0.02559055118110236879 ) ) ;
#3188 = CARTESIAN_POINT ( 'NONE',  ( -0.1476377952755905387, -0.1811023622047244208, 0.02952755905511811330 ) ) ;
#3189 = VECTOR ( 'NONE', #790, 39.37007874015748143 ) ;
#3190 = ADVANCED_FACE ( 'NONE', ( #1636 ), #1346, .F. ) ;
#3191 = EDGE_CURVE ( 'NONE', #488, #1034, #1383, .T. ) ;
#3192 = ORIENTED_EDGE ( 'NONE', *, *, #765, .F. ) ;
#3193 = VERTEX_POINT ( 'NONE', #599 ) ;
#3194 = DIRECTION ( 'NONE',  ( 0.0000000000000000000, -1.000000000000000000, 0.0000000000000000000 ) ) ;
#3195 = VECTOR ( 'NONE', #3120, 39.37007874015748143 ) ;
#3196 = CIRCLE ( 'NONE', #1160, 0.01574803149606299885 ) ;
#3197 = ORIENTED_EDGE ( 'NONE', *, *, #2851, .T. ) ;
#3198 = STYLED_ITEM ( 'NONE', ( #2394 ), #1178 ) ;
#3199 =( NAMED_UNIT ( * ) PLANE_ANGLE_UNIT ( ) SI_UNIT ( $, .RADIAN. ) );
#3200 = DIRECTION ( 'NONE',  ( 0.0000000000000000000, 0.0000000000000000000, 1.000000000000000000 ) ) ;
#3201 = CARTESIAN_POINT ( 'NONE',  ( 0.0000000000000000000, -0.1771653543307087075, 0.0000000000000000000 ) ) ;
#3202 = AXIS2_PLACEMENT_3D ( 'NONE', #1499, #785, #1808 ) ;
#3203 = AXIS2_PLACEMENT_3D ( 'NONE', #1044, #3016, #2494 ) ;
#3204 = ORIENTED_EDGE ( 'NONE', *, *, #175, .T. ) ;
#3205 =( NAMED_UNIT ( * ) SI_UNIT ( $, .STERADIAN. ) SOLID_ANGLE_UNIT ( ) );
#3206 = LINE ( 'NONE', #911, #468 ) ;
#3207 = DIRECTION ( 'NONE',  ( 0.0000000000000000000, 0.0000000000000000000, -1.000000000000000000 ) ) ;
#3208 = FACE_OUTER_BOUND ( 'NONE', #233, .T. ) ;
#3209 = ORIENTED_EDGE ( 'NONE', *, *, #2660, .T. ) ;
#3210 = PRESENTATION_STYLE_ASSIGNMENT (( #1489 ) ) ;
#3211 =( GEOMETRIC_REPRESENTATION_CONTEXT ( 3 ) GLOBAL_UNCERTAINTY_ASSIGNED_CONTEXT ( ( #465 ) ) GLOBAL_UNIT_ASSIGNED_CONTEXT ( ( #1294, #1025, #2288 ) ) REPRESENTATION_CONTEXT ( 'NONE', 'WORKASPACE' ) );
#3212 = CARTESIAN_POINT ( 'NONE',  ( 0.0000000000000000000, -0.1751968503937007815, 0.02952755905511811330 ) ) ;
#3213 = DIRECTION ( 'NONE',  ( 1.000000000000000000, 0.0000000000000000000, 0.0000000000000000000 ) ) ;
#3214 = EDGE_CURVE ( 'NONE', #3175, #2184, #982, .T. ) ;
#3215 = VERTEX_POINT ( 'NONE', #2807 ) ;
#3216 = DIRECTION ( 'NONE',  ( 0.0000000000000000000, 0.0000000000000000000, -1.000000000000000000 ) ) ;
#3217 = DIRECTION ( 'NONE',  ( 0.0000000000000000000, 0.0000000000000000000, 1.000000000000000000 ) ) ;
#3218 = SURFACE_STYLE_FILL_AREA ( #3182 ) ;
#3219 = VERTEX_POINT ( 'NONE', #1574 ) ;
#3220 = DIRECTION ( 'NONE',  ( 0.0000000000000000000, -1.000000000000000000, 0.0000000000000000000 ) ) ;
#3221 = DIRECTION ( 'NONE',  ( 1.000000000000000000, 0.0000000000000000000, 0.0000000000000000000 ) ) ;
#3222 = CARTESIAN_POINT ( 'NONE',  ( -0.1889763779527559029, -0.08661417322834646937, 0.02952755905511811330 ) ) ;
#3223 = CARTESIAN_POINT ( 'NONE',  ( 0.1318897637795275746, -0.1771653543307087075, -0.02489754295566535755 ) ) ;
#3224 = EDGE_LOOP ( 'NONE', ( #3064, #1585 ) ) ;
#3225 = DIRECTION ( 'NONE',  ( 0.0000000000000000000, 1.000000000000000000, 0.0000000000000000000 ) ) ;
#3226 = CARTESIAN_POINT ( 'NONE',  ( -0.1638944438849187224, -0.1797452566028490406, 0.04438856620993997942 ) ) ;
#3227 = EDGE_CURVE ( 'NONE', #2403, #2542, #1364, .T. ) ;
#3228 = ORIENTED_EDGE ( 'NONE', *, *, #1826, .T. ) ;
#3229 = CARTESIAN_POINT ( 'NONE',  ( 0.1318897637795275746, -0.1811023622047244208, 0.02559055118110236879 ) ) ;
#3230 = DIMENSIONAL_EXPONENTS ( 1.000000000000000000, 0.0000000000000000000, 0.0000000000000000000, 0.0000000000000000000, 0.0000000000000000000, 0.0000000000000000000, 0.0000000000000000000 ) ;
#3231 = ORIENTED_EDGE ( 'NONE', *, *, #1680, .T. ) ;
#3232 = SURFACE_STYLE_FILL_AREA ( #1988 ) ;
#3233 = FACE_OUTER_BOUND ( 'NONE', #680, .T. ) ;
#3234 = DIRECTION ( 'NONE',  ( 0.0000000000000000000, 0.0000000000000000000, 1.000000000000000000 ) ) ;
#3235 = CARTESIAN_POINT ( 'NONE',  ( 0.0000000000000000000, 0.0000000000000000000, 0.0000000000000000000 ) ) ;
#3236 = VECTOR ( 'NONE', #2429, 39.37007874015748143 ) ;
#3237 = EDGE_CURVE ( 'NONE', #2229, #2342, #2319, .T. ) ;
#3238 = ORIENTED_EDGE ( 'NONE', *, *, #2608, .T. ) ;
#3239 =( NAMED_UNIT ( * ) SI_UNIT ( $, .STERADIAN. ) SOLID_ANGLE_UNIT ( ) );
#3240 = LINE ( 'NONE', #1938, #2371 ) ;
#3241 = DIRECTION ( 'NONE',  ( 0.0000000000000000000, 0.0000000000000000000, 1.000000000000000000 ) ) ;
#3242 =( GEOMETRIC_REPRESENTATION_CONTEXT ( 3 ) GLOBAL_UNCERTAINTY_ASSIGNED_CONTEXT ( ( #269 ) ) GLOBAL_UNIT_ASSIGNED_CONTEXT ( ( #1515, #1214, #2473 ) ) REPRESENTATION_CONTEXT ( 'NONE', 'WORKASPACE' ) );
#3243 = VECTOR ( 'NONE', #836, 39.37007874015748143 ) ;
#3244 = VERTEX_POINT ( 'NONE', #2169 ) ;
#3245 = PRESENTATION_STYLE_ASSIGNMENT (( #2550 ) ) ;
#3246 = VECTOR ( 'NONE', #1766, 39.37007874015748143 ) ;
#3247 = AXIS2_PLACEMENT_3D ( 'NONE', #469, #2248, #1509 ) ;
#3248 = AXIS2_PLACEMENT_3D ( 'NONE', #3168, #954, #2946 ) ;
#3249 = DIRECTION ( 'NONE',  ( 1.000000000000000000, 0.0000000000000000000, 0.0000000000000000000 ) ) ;
#3250 = EDGE_CURVE ( 'NONE', #280, #3114, #1706, .T. ) ;
#3251 = AXIS2_PLACEMENT_3D ( 'NONE', #55, #246, #3041 ) ;
#3252 = DIMENSIONAL_EXPONENTS ( 1.000000000000000000, 0.0000000000000000000, 0.0000000000000000000, 0.0000000000000000000, 0.0000000000000000000, 0.0000000000000000000, 0.0000000000000000000 ) ;
#3253 = ORIENTED_EDGE ( 'NONE', *, *, #2211, .F. ) ;
#3254 = CARTESIAN_POINT ( 'NONE',  ( -0.1476377952755905387, -0.1771653543307087075, -0.03740157480314960925 ) ) ;
#3255 = COLOUR_RGB ( '',0.7529411764705882248, 0.7529411764705882248, 0.0000000000000000000 ) ;
#3256 = COLOUR_RGB ( '',0.7529411764705882248, 0.7529411764705882248, 0.0000000000000000000 ) ;
#3257 = DIRECTION ( 'NONE',  ( 0.0000000000000000000, 0.0000000000000000000, -1.000000000000000000 ) ) ;
#3258 = LINE ( 'NONE', #1010, #2576 ) ;
#3259 = VERTEX_POINT ( 'NONE', #1965 ) ;
#3260 = DIRECTION ( 'NONE',  ( 1.000000000000000000, 0.0000000000000000000, 0.0000000000000000000 ) ) ;
#3261 = CARTESIAN_POINT ( 'NONE',  ( 0.1599774133302843404, -0.1784270142616034838, -0.05691186845177701598 ) ) ;
#3262 = DIRECTION ( 'NONE',  ( 0.0000000000000000000, 0.0000000000000000000, 1.000000000000000000 ) ) ;
#3263 = VECTOR ( 'NONE', #866, 39.37007874015748143 ) ;
#3264 = VERTEX_POINT ( 'NONE', #652 ) ;
#3265 = CARTESIAN_POINT ( 'NONE',  ( 0.1889763779527559029, -0.1771653543307087075, -0.02952755905511811330 ) ) ;
#3266 = CARTESIAN_POINT ( 'NONE',  ( -0.1546372297519104932, -0.1771653543307087075, -0.06889763779527924292 ) ) ;
#3267 = EDGE_CURVE ( 'NONE', #3175, #179, #1678, .T. ) ;
#3268 = CYLINDRICAL_SURFACE ( 'NONE', #3023, 0.01574803149606299885 ) ;
#3269 = SURFACE_STYLE_FILL_AREA ( #498 ) ;
#3270 = PLANE ( 'NONE',  #206 ) ;
#3271 = ORIENTED_EDGE ( 'NONE', *, *, #2799, .T. ) ;
#3272 = DIRECTION ( 'NONE',  ( 0.0000000000000000000, 0.0000000000000000000, 1.000000000000000000 ) ) ;
#3273 = FILL_AREA_STYLE_COLOUR ( '', #2475 ) ;
#3274 = CARTESIAN_POINT ( 'NONE',  ( -0.1889763779527559029, -0.08858267716535435377, -0.1889763779527559029 ) ) ;
#3275 = DIMENSIONAL_EXPONENTS ( 1.000000000000000000, 0.0000000000000000000, 0.0000000000000000000, 0.0000000000000000000, 0.0000000000000000000, 0.0000000000000000000, 0.0000000000000000000 ) ;
#3276 = CARTESIAN_POINT ( 'NONE',  ( -0.1889763779527559029, -0.1771653543307087075, 0.0000000000000000000 ) ) ;
ENDSEC;
END-ISO-10303-21;
