ISO-10303-21;
HEADER;
FILE_DESCRIPTION (( 'STEP AP214' ),
    '1' );
FILE_NAME ('S6B-XH-SM4-TB-LFSN.STEP',
    '2024-01-04T06:47:43',
    ( '' ),
    ( '' ),
    'SwSTEP 2.0',
    'SolidWorks 2021',
    '' );
FILE_SCHEMA (( 'AUTOMOTIVE_DESIGN' ));
ENDSEC;

DATA;
#1 = DIRECTION ( 'NONE',  ( 1.000000000000000000, 0.000000000000000000, 0.000000000000000000 ) ) ;
#2 = CLOSED_SHELL ( 'NONE', ( #4367, #4060, #4631, #2850, #2318, #869, #3071, #859, #2139, #2249 ) ) ;
#3 = VECTOR ( 'NONE', #2615, 1000.000000000000000 ) ;
#4 = CARTESIAN_POINT ( 'NONE',  ( -8.774999999999996803, 0.1249999999999990563, 4.999999999999996447 ) ) ;
#5 = DIRECTION ( 'NONE',  ( 0.000000000000000000, 1.000000000000000000, 3.771137991253929066E-16 ) ) ;
#6 = ORIENTED_EDGE ( 'NONE', *, *, #3591, .T. ) ;
#7 = DIRECTION ( 'NONE',  ( -0.000000000000000000, -0.9396926207859086499, -0.3420201433256682688 ) ) ;
#8 = CARTESIAN_POINT ( 'NONE',  ( -19.86055906122973980, 0.1249999999999990563, 4.999999999999996447 ) ) ;
#9 = DIRECTION ( 'NONE',  ( -2.602085213965210642E-15, -2.891205793294678326E-16, 1.000000000000000000 ) ) ;
#10 = DIRECTION ( 'NONE',  ( 0.000000000000000000, -1.000000000000000000, 2.710505431213761085E-15 ) ) ;
#11 = CARTESIAN_POINT ( 'NONE',  ( 3.429999999999997939, 0.1249999999999992506, -2.625000000000004441 ) ) ;
#12 = EDGE_LOOP ( 'NONE', ( #5477, #2143, #1270, #4254 ) ) ;
#13 = CARTESIAN_POINT ( 'NONE',  ( 6.769999999999999574, 4.099417034833817475, -2.825000000000004619 ) ) ;
#14 = DIRECTION ( 'NONE',  ( 1.000000000000000000, -0.000000000000000000, -0.000000000000000000 ) ) ;
#15 = CARTESIAN_POINT ( 'NONE',  ( -1.570000000000002061, 3.479999999999999982, -2.000000000000004441 ) ) ;
#16 = EDGE_CURVE ( 'NONE', #951, #5401, #4896, .T. ) ;
#17 = AXIS2_PLACEMENT_3D ( 'NONE', #2639, #1893, #4915 ) ;
#18 = VERTEX_POINT ( 'NONE', #1579 ) ;
#19 = VECTOR ( 'NONE', #1348, 1000.000000000000114 ) ;
#20 = ORIENTED_EDGE ( 'NONE', *, *, #16, .T. ) ;
#21 = CARTESIAN_POINT ( 'NONE',  ( -14.00249930594108783, 0.1849999999999999978, 4.999999999999996447 ) ) ;
#22 = ORIENTED_EDGE ( 'NONE', *, *, #3994, .T. ) ;
#23 = DIRECTION ( 'NONE',  ( -1.000000000000000000, 0.000000000000000000, 0.000000000000000000 ) ) ;
#24 = ORIENTED_EDGE ( 'NONE', *, *, #4600, .T. ) ;
#25 = AXIS2_PLACEMENT_3D ( 'NONE', #1424, #3026, #3594 ) ;
#26 = ADVANCED_FACE ( 'NONE', ( #4550 ), #4139, .F. ) ;
#27 = PRODUCT_RELATED_PRODUCT_CATEGORY ( 'part', '', ( #4474 ) ) ;
#28 = ORIENTED_EDGE ( 'NONE', *, *, #724, .F. ) ;
#29 = DIRECTION ( 'NONE',  ( 0.000000000000000000, 1.000000000000000000, 0.000000000000000000 ) ) ;
#30 = CARTESIAN_POINT ( 'NONE',  ( -10.00000000000000000, 0.000000000000000000, 0.000000000000000000 ) ) ;
#31 = EDGE_LOOP ( 'NONE', ( #4536, #4998, #5041, #4462 ) ) ;
#32 = DIRECTION ( 'NONE',  ( 0.000000000000000000, -0.5372996083468246642, -0.8433914458128851654 ) ) ;
#33 = EDGE_CURVE ( 'NONE', #3748, #717, #5032, .T. ) ;
#34 = CARTESIAN_POINT ( 'NONE',  ( 9.499999999999998224, 0.000000000000000000, 4.814999999999998614 ) ) ;
#35 = DIRECTION ( 'NONE',  ( 1.000000000000000000, 0.000000000000000000, 0.000000000000000000 ) ) ;
#36 = ORIENTED_EDGE ( 'NONE', *, *, #1805, .F. ) ;
#37 = CARTESIAN_POINT ( 'NONE',  ( 6.395165060747992847, 0.9249999999999991562, 1.099999999999994982 ) ) ;
#38 = CARTESIAN_POINT ( 'NONE',  ( 6.569999999999997620, 0.4099999999999990319, -2.625000000000004441 ) ) ;
#39 = LINE ( 'NONE', #2192, #564 ) ;
#40 = DIRECTION ( 'NONE',  ( 0.000000000000000000, 1.247005693593550945E-16, -1.000000000000000000 ) ) ;
#41 = CARTESIAN_POINT ( 'NONE',  ( 1.769999999999999796, 0.1249999999999992506, -2.825000000000004619 ) ) ;
#42 = ORIENTED_EDGE ( 'NONE', *, *, #721, .T. ) ;
#43 = CARTESIAN_POINT ( 'NONE',  ( -4.070000000000002061, 3.479999999999999982, -4.400000000000003908 ) ) ;
#44 = DIRECTION ( 'NONE',  ( -1.000000000000000000, -0.000000000000000000, -0.000000000000000000 ) ) ;
#45 = AXIS2_PLACEMENT_3D ( 'NONE', #2554, #1572, #3371 ) ;
#46 = CARTESIAN_POINT ( 'NONE',  ( 5.929999999999997939, 1.165000000000000036, -6.090000000000007851 ) ) ;
#47 = ORIENTED_EDGE ( 'NONE', *, *, #3267, .T. ) ;
#48 = VERTEX_POINT ( 'NONE', #4087 ) ;
#49 = VECTOR ( 'NONE', #2005, 1000.000000000000000 ) ;
#50 = CARTESIAN_POINT ( 'NONE',  ( 0.9299999999999977174, 4.120000000000000107, -0.5000000000000038858 ) ) ;
#51 = ORIENTED_EDGE ( 'NONE', *, *, #5328, .T. ) ;
#52 = FACE_OUTER_BOUND ( 'NONE', #2268, .T. ) ;
#53 = AXIS2_PLACEMENT_3D ( 'NONE', #3781, #2909, #1530 ) ;
#54 = EDGE_CURVE ( 'NONE', #5351, #4118, #269, .T. ) ;
#55 = ORIENTED_EDGE ( 'NONE', *, *, #5420, .F. ) ;
#56 = CARTESIAN_POINT ( 'NONE',  ( 1.569999999999997620, 0.4099999999999990319, -2.825000000000005063 ) ) ;
#57 = DIRECTION ( 'NONE',  ( 0.000000000000000000, 0.000000000000000000, 1.000000000000000000 ) ) ;
#58 = EDGE_CURVE ( 'NONE', #4023, #1210, #2002, .T. ) ;
#59 = CARTESIAN_POINT ( 'NONE',  ( -6.770000000000004903, 4.099417034833815698, -2.825000000000004619 ) ) ;
#60 = AXIS2_PLACEMENT_3D ( 'NONE', #1781, #4339, #3496 ) ;
#61 = EDGE_CURVE ( 'NONE', #4759, #1417, #3237, .T. ) ;
#62 = ADVANCED_FACE ( 'NONE', ( #3268 ), #1551, .F. ) ;
#63 = PLANE ( 'NONE',  #2074 ) ;
#64 = CARTESIAN_POINT ( 'NONE',  ( -9.999999999999996447, 1.174999999999999378, 4.099999999999996092 ) ) ;
#65 = VERTEX_POINT ( 'NONE', #1523 ) ;
#66 = CARTESIAN_POINT ( 'NONE',  ( 19.86055906122973980, 6.125000000000000000, -2.000000000000004441 ) ) ;
#67 = ADVANCED_FACE ( 'NONE', ( #1952 ), #3296, .F. ) ;
#68 = CARTESIAN_POINT ( 'NONE',  ( 6.054999999999997939, 3.994999999999999218, 1.649999999999993916 ) ) ;
#69 = DIRECTION ( 'NONE',  ( 1.000000000000000000, 2.351315273210297824E-32, 2.932103533126717211E-48 ) ) ;
#70 = CARTESIAN_POINT ( 'NONE',  ( -4.070000000000002061, 3.479999999999999982, -4.400000000000003908 ) ) ;
#71 = CARTESIAN_POINT ( 'NONE',  ( 9.049999999999997158, 0.6749999999999989342, 1.099999999999996758 ) ) ;
#72 = VERTEX_POINT ( 'NONE', #725 ) ;
#73 = CARTESIAN_POINT ( 'NONE',  ( 5.021051876504147385E-16, 1.225000000000000311, 4.749999999999997335 ) ) ;
#74 = LINE ( 'NONE', #1346, #2619 ) ;
#75 = CARTESIAN_POINT ( 'NONE',  ( -6.749999999999997335, 0.03531900772834901253, 4.108963702891828440 ) ) ;
#76 = EDGE_LOOP ( 'NONE', ( #2818, #4401, #426, #2990 ) ) ;
#77 = AXIS2_PLACEMENT_3D ( 'NONE', #4771, #5569, #2952 ) ;
#78 = VERTEX_POINT ( 'NONE', #1099 ) ;
#79 = ORIENTED_EDGE ( 'NONE', *, *, #2238, .T. ) ;
#80 = CARTESIAN_POINT ( 'NONE',  ( -6.570000000000002949, 4.120000000000000107, -0.5000000000000038858 ) ) ;
#81 = EDGE_LOOP ( 'NONE', ( #4923, #2663, #152, #4634 ) ) ;
#82 = SURFACE_STYLE_USAGE ( .BOTH. , #5266 ) ;
#83 = ORIENTED_EDGE ( 'NONE', *, *, #987, .F. ) ;
#84 = VECTOR ( 'NONE', #3218, 1000.000000000000000 ) ;
#85 = EDGE_CURVE ( 'NONE', #1565, #1336, #3746, .T. ) ;
#86 = ORIENTED_EDGE ( 'NONE', *, *, #4494, .F. ) ;
#87 = CARTESIAN_POINT ( 'NONE',  ( -9.049999999999997158, 2.249999999999999556, 3.849999999999995648 ) ) ;
#88 = AXIS2_PLACEMENT_3D ( 'NONE', #5312, #918, #521 ) ;
#89 = LINE ( 'NONE', #5238, #905 ) ;
#90 = EDGE_CURVE ( 'NONE', #1254, #3670, #1974, .T. ) ;
#91 = AXIS2_PLACEMENT_3D ( 'NONE', #1689, #5537, #5101 ) ;
#92 = DIRECTION ( 'NONE',  ( 0.7071067811865513475, 0.000000000000000000, 0.7071067811865436870 ) ) ;
#93 = DIRECTION ( 'NONE',  ( 0.000000000000000000, 0.000000000000000000, -1.000000000000000000 ) ) ;
#94 = EDGE_LOOP ( 'NONE', ( #5522, #254, #2726, #2929 ) ) ;
#95 = DIRECTION ( 'NONE',  ( 0.000000000000000000, -1.000000000000000000, 0.000000000000000000 ) ) ;
#96 = LINE ( 'NONE', #8, #2808 ) ;
#97 = LINE ( 'NONE', #2692, #368 ) ;
#98 = VECTOR ( 'NONE', #5196, 1000.000000000000000 ) ;
#99 = EDGE_CURVE ( 'NONE', #3163, #4297, #303, .T. ) ;
#100 = VECTOR ( 'NONE', #2834, 1000.000000000000000 ) ;
#101 = ADVANCED_FACE ( 'NONE', ( #2844 ), #5374, .T. ) ;
#102 = FACE_BOUND ( 'NONE', #2289, .T. ) ;
#103 = VECTOR ( 'NONE', #750, 1000.000000000000000 ) ;
#104 = DIRECTION ( 'NONE',  ( -0.000000000000000000, -1.000000000000000000, -0.000000000000000000 ) ) ;
#105 = ORIENTED_EDGE ( 'NONE', *, *, #4420, .T. ) ;
#106 = DIRECTION ( 'NONE',  ( 1.000000000000000000, -0.000000000000000000, -0.000000000000000000 ) ) ;
#107 = PLANE ( 'NONE',  #2355 ) ;
#108 = FACE_OUTER_BOUND ( 'NONE', #3255, .T. ) ;
#109 = EDGE_CURVE ( 'NONE', #171, #4788, #2902, .T. ) ;
#110 = ORIENTED_EDGE ( 'NONE', *, *, #3759, .T. ) ;
#111 = ORIENTED_EDGE ( 'NONE', *, *, #883, .F. ) ;
#112 = EDGE_LOOP ( 'NONE', ( #2061, #3587, #4237, #2255 ) ) ;
#113 = DIRECTION ( 'NONE',  ( -0.000000000000000000, 1.000000000000000000, 0.000000000000000000 ) ) ;
#114 = FILL_AREA_STYLE ('',( #2321 ) ) ;
#115 = VERTEX_POINT ( 'NONE', #1126 ) ;
#116 = VERTEX_POINT ( 'NONE', #4196 ) ;
#117 = VECTOR ( 'NONE', #466, 1000.000000000000000 ) ;
#118 = ORIENTED_EDGE ( 'NONE', *, *, #4178, .F. ) ;
#119 = AXIS2_PLACEMENT_3D ( 'NONE', #87, #120, #1860 ) ;
#120 = DIRECTION ( 'NONE',  ( 0.000000000000000000, -0.7071067811865475727, 0.7071067811865475727 ) ) ;
#121 = DIRECTION ( 'NONE',  ( 0.000000000000000000, 0.000000000000000000, 1.000000000000000000 ) ) ;
#122 = FACE_OUTER_BOUND ( 'NONE', #1205, .T. ) ;
#123 = VECTOR ( 'NONE', #1870, 1000.000000000000000 ) ;
#124 = DIRECTION ( 'NONE',  ( 0.7071067811865436870, 0.000000000000000000, 0.7071067811865513475 ) ) ;
#125 = VERTEX_POINT ( 'NONE', #1928 ) ;
#126 = LINE ( 'NONE', #4909, #1073 ) ;
#127 = CARTESIAN_POINT ( 'NONE',  ( -6.570000000000002949, 3.479999999999999982, -2.000000000000004441 ) ) ;
#128 = LINE ( 'NONE', #3997, #549 ) ;
#129 = VECTOR ( 'NONE', #3502, 999.9999999999998863 ) ;
#130 = EDGE_CURVE ( 'NONE', #3138, #4625, #3642, .T. ) ;
#131 = EDGE_CURVE ( 'NONE', #628, #4973, #5345, .T. ) ;
#132 = FACE_BOUND ( 'NONE', #1751, .T. ) ;
#133 = LINE ( 'NONE', #71, #3160 ) ;
#134 = ORIENTED_EDGE ( 'NONE', *, *, #2828, .F. ) ;
#135 = CARTESIAN_POINT ( 'NONE',  ( 19.86055906122973980, 4.099417034833817475, -2.825000000000004619 ) ) ;
#136 = DIRECTION ( 'NONE',  ( 0.000000000000000000, 0.000000000000000000, -1.000000000000000000 ) ) ;
#137 = DIRECTION ( 'NONE',  ( -0.000000000000000000, 1.000000000000000000, 0.000000000000000000 ) ) ;
#138 = ORIENTED_EDGE ( 'NONE', *, *, #447, .T. ) ;
#139 = ORIENTED_EDGE ( 'NONE', *, *, #204, .T. ) ;
#140 = VECTOR ( 'NONE', #2725, 1000.000000000000000 ) ;
#141 = ORIENTED_EDGE ( 'NONE', *, *, #5322, .F. ) ;
#142 = ADVANCED_FACE ( 'NONE', ( #2370 ), #3669, .F. ) ;
#143 = LINE ( 'NONE', #5318, #5483 ) ;
#144 =( LENGTH_UNIT ( ) NAMED_UNIT ( * ) SI_UNIT ( .MILLI., .METRE. ) );
#145 = ORIENTED_EDGE ( 'NONE', *, *, #5148, .F. ) ;
#146 = VECTOR ( 'NONE', #2706, 1000.000000000000000 ) ;
#147 = ORIENTED_EDGE ( 'NONE', *, *, #4620, .F. ) ;
#148 = FACE_OUTER_BOUND ( 'NONE', #5572, .T. ) ;
#149 = APPLICATION_PROTOCOL_DEFINITION ( 'draft international standard', 'automotive_design', 1998, #3308 ) ;
#150 = DIRECTION ( 'NONE',  ( 0.000000000000000000, 0.000000000000000000, 1.000000000000000000 ) ) ;
#151 = FACE_OUTER_BOUND ( 'NONE', #1889, .T. ) ;
#152 = ORIENTED_EDGE ( 'NONE', *, *, #4558, .F. ) ;
#153 = DIRECTION ( 'NONE',  ( -1.000000000000000000, -0.000000000000000000, -0.000000000000000000 ) ) ;
#154 = LINE ( 'NONE', #660, #3920 ) ;
#155 = CARTESIAN_POINT ( 'NONE',  ( -6.574999999999998401, 5.325000000000000178, 4.410000000000014353 ) ) ;
#156 = DIRECTION ( 'NONE',  ( 0.000000000000000000, -1.668003342285391304E-16, 1.000000000000000000 ) ) ;
#157 = CARTESIAN_POINT ( 'NONE',  ( 19.86055906122973980, 0.1250000000000000278, -2.825000000000005063 ) ) ;
#158 = VERTEX_POINT ( 'NONE', #1697 ) ;
#159 = DIRECTION ( 'NONE',  ( 1.000000000000000000, 0.000000000000000000, 0.000000000000000000 ) ) ;
#160 = CARTESIAN_POINT ( 'NONE',  ( -8.774999999999996803, 5.325000000000001066, 2.699999999999996625 ) ) ;
#161 = CARTESIAN_POINT ( 'NONE',  ( 0.9299999999999977174, 4.120000000000000107, -4.400000000000003908 ) ) ;
#162 = ORIENTED_EDGE ( 'NONE', *, *, #2652, .F. ) ;
#163 = ORIENTED_EDGE ( 'NONE', *, *, #5329, .T. ) ;
#164 = ORIENTED_EDGE ( 'NONE', *, *, #2516, .F. ) ;
#165 = CARTESIAN_POINT ( 'NONE',  ( 8.774999999999996803, 4.099417034833817475, -2.825000000000004619 ) ) ;
#166 = CARTESIAN_POINT ( 'NONE',  ( 6.569999999999997620, 1.165000000000000036, 1.306565322568166598 ) ) ;
#167 = ORIENTED_EDGE ( 'NONE', *, *, #2237, .T. ) ;
#168 = EDGE_CURVE ( 'NONE', #5262, #4119, #890, .T. ) ;
#169 = ADVANCED_FACE ( 'NONE', ( #1316 ), #4723, .F. ) ;
#170 = ADVANCED_FACE ( 'NONE', ( #5595 ), #5163, .F. ) ;
#171 = VERTEX_POINT ( 'NONE', #3379 ) ;
#172 = VERTEX_POINT ( 'NONE', #5574 ) ;
#173 = DIRECTION ( 'NONE',  ( 1.000000000000000000, 0.000000000000000000, 0.000000000000000000 ) ) ;
#174 = ITEM_DEFINED_TRANSFORMATION ( 'NONE', 'NONE', #4376,  #671 ) ;
#175 = LINE ( 'NONE', #3095, #3072 ) ;
#176 = EDGE_CURVE ( 'NONE', #2128, #970, #2610, .T. ) ;
#177 = DIRECTION ( 'NONE',  ( -0.000000000000000000, 1.000000000000000000, -0.000000000000000000 ) ) ;
#178 = ORIENTED_EDGE ( 'NONE', *, *, #199, .T. ) ;
#179 = CARTESIAN_POINT ( 'NONE',  ( 6.569999999999997620, 0.1249999999999998890, -6.090000000000007851 ) ) ;
#180 = DIRECTION ( 'NONE',  ( 0.000000000000000000, 0.000000000000000000, -1.000000000000000000 ) ) ;
#181 = DIRECTION ( 'NONE',  ( 1.000000000000000000, 0.000000000000000000, 0.000000000000000000 ) ) ;
#182 = LINE ( 'NONE', #5366, #5190 ) ;
#183 = LINE ( 'NONE', #237, #2214 ) ;
#184 = EDGE_LOOP ( 'NONE', ( #457, #4786, #178, #3526 ) ) ;
#185 = CARTESIAN_POINT ( 'NONE',  ( 8.024999999999993250, 5.325000000000000178, -0.5000000000000038858 ) ) ;
#186 = DIRECTION ( 'NONE',  ( -4.336808689942025625E-15, -0.000000000000000000, -1.000000000000000000 ) ) ;
#187 = VECTOR ( 'NONE', #3436, 1000.000000000000000 ) ;
#188 = LINE ( 'NONE', #4395, #5086 ) ;
#189 = VECTOR ( 'NONE', #5213, 1000.000000000000000 ) ;
#190 = ORIENTED_EDGE ( 'NONE', *, *, #1846, .T. ) ;
#191 = VECTOR ( 'NONE', #3428, 1000.000000000000000 ) ;
#192 = VERTEX_POINT ( 'NONE', #1233 ) ;
#193 = ORIENTED_EDGE ( 'NONE', *, *, #3275, .T. ) ;
#194 = LINE ( 'NONE', #3950, #4832 ) ;
#195 = ORIENTED_EDGE ( 'NONE', *, *, #370, .T. ) ;
#196 = ORIENTED_EDGE ( 'NONE', *, *, #3374, .T. ) ;
#197 = EDGE_CURVE ( 'NONE', #4047, #1217, #4286, .T. ) ;
#198 = CARTESIAN_POINT ( 'NONE',  ( 8.774999999999996803, 5.325000000000000178, 4.999999999999996447 ) ) ;
#199 = EDGE_CURVE ( 'NONE', #739, #628, #3884, .T. ) ;
#200 = LINE ( 'NONE', #1504, #2548 ) ;
#201 = DIRECTION ( 'NONE',  ( -1.000000000000000000, 0.000000000000000000, 0.000000000000000000 ) ) ;
#202 = VECTOR ( 'NONE', #4920, 1000.000000000000000 ) ;
#203 = ORIENTED_EDGE ( 'NONE', *, *, #2624, .T. ) ;
#204 = EDGE_CURVE ( 'NONE', #2201, #4608, #4777, .T. ) ;
#205 = CARTESIAN_POINT ( 'NONE',  ( -8.324999999999999289, 0.1249999999999990563, 4.999999999999996447 ) ) ;
#206 = LINE ( 'NONE', #1941, #2928 ) ;
#207 = CARTESIAN_POINT ( 'NONE',  ( -8.024999999999993250, 5.324999999999999289, -0.5000000000000038858 ) ) ;
#208 = CIRCLE ( 'NONE', #2294, 0.2999999999999997113 ) ;
#209 = LINE ( 'NONE', #5394, #1020 ) ;
#210 = CARTESIAN_POINT ( 'NONE',  ( 5.299999999999997158, 6.125000000000000000, 4.999999999999995559 ) ) ;
#211 = ORIENTED_EDGE ( 'NONE', *, *, #1912, .F. ) ;
#212 = DIRECTION ( 'NONE',  ( 1.000000000000000000, 1.495451272393802994E-16, 0.000000000000000000 ) ) ;
#213 = LINE ( 'NONE', #2391, #908 ) ;
#214 = CARTESIAN_POINT ( 'NONE',  ( -8.774999999999996803, 0.1250000000000000278, -2.825000000000005063 ) ) ;
#215 = ORIENTED_EDGE ( 'NONE', *, *, #4098, .F. ) ;
#216 = DIRECTION ( 'NONE',  ( -1.000000000000000000, -2.351315273210297824E-32, 1.885568995626964287E-16 ) ) ;
#217 = VERTEX_POINT ( 'NONE', #2502 ) ;
#218 = CARTESIAN_POINT ( 'NONE',  ( 9.049999999999997158, 0.6749999999999989342, 4.769247601426241268 ) ) ;
#219 = DIRECTION ( 'NONE',  ( 0.000000000000000000, 0.000000000000000000, 1.000000000000000000 ) ) ;
#220 = VECTOR ( 'NONE', #3819, 1000.000000000000000 ) ;
#221 = VECTOR ( 'NONE', #293, 1000.000000000000000 ) ;
#222 = VERTEX_POINT ( 'NONE', #1287 ) ;
#223 = DIRECTION ( 'NONE',  ( -0.000000000000000000, 0.000000000000000000, 1.000000000000000000 ) ) ;
#224 = LINE ( 'NONE', #2740, #566 ) ;
#225 = VECTOR ( 'NONE', #5502, 1000.000000000000227 ) ;
#226 = VERTEX_POINT ( 'NONE', #3803 ) ;
#227 = DIRECTION ( 'NONE',  ( 0.000000000000000000, 1.000000000000000000, 0.000000000000000000 ) ) ;
#228 = EDGE_CURVE ( 'NONE', #4728, #2465, #5192, .T. ) ;
#229 = EDGE_CURVE ( 'NONE', #872, #1480, #208, .T. ) ;
#230 = ORIENTED_EDGE ( 'NONE', *, *, #4804, .T. ) ;
#231 = DIRECTION ( 'NONE',  ( 0.000000000000000000, 0.000000000000000000, -1.000000000000000000 ) ) ;
#232 = CARTESIAN_POINT ( 'NONE',  ( 19.86055906122973980, 4.325000000000001066, 1.999999999999996669 ) ) ;
#233 = CARTESIAN_POINT ( 'NONE',  ( 19.86055906122973980, 3.479999999999999982, -2.000000000000004441 ) ) ;
#234 = EDGE_CURVE ( 'NONE', #2900, #2479, #4661, .T. ) ;
#235 = ADVANCED_FACE ( 'NONE', ( #2117 ), #2560, .T. ) ;
#236 = LINE ( 'NONE', #5453, #4177 ) ;
#237 = CARTESIAN_POINT ( 'NONE',  ( -9.499999999999998224, 0.6749999999999989342, 1.099999999999996758 ) ) ;
#238 = ORIENTED_EDGE ( 'NONE', *, *, #4071, .T. ) ;
#239 = CARTESIAN_POINT ( 'NONE',  ( -0.9300000000000020473, 0.1249999999999992506, -2.000000000000004441 ) ) ;
#240 = CARTESIAN_POINT ( 'NONE',  ( 6.569999999999997620, 0.7650000000000010125, -7.706565322568175169 ) ) ;
#241 = CARTESIAN_POINT ( 'NONE',  ( -0.9300000000000020473, 0.1249999999999992506, -2.000000000000004441 ) ) ;
#242 = ORIENTED_EDGE ( 'NONE', *, *, #1231, .T. ) ;
#243 = CARTESIAN_POINT ( 'NONE',  ( 3.749999999999997335, 6.125000000000000000, 2.316596043929709303 ) ) ;
#244 = ORIENTED_EDGE ( 'NONE', *, *, #3124, .T. ) ;
#245 = CARTESIAN_POINT ( 'NONE',  ( 5.929999999999997939, 1.165000000000000036, 1.306565322568166598 ) ) ;
#246 = LINE ( 'NONE', #1956, #4063 ) ;
#247 = VERTEX_POINT ( 'NONE', #4259 ) ;
#248 = ORIENTED_EDGE ( 'NONE', *, *, #3860, .T. ) ;
#249 = DIRECTION ( 'NONE',  ( 0.000000000000000000, 0.000000000000000000, 1.000000000000000000 ) ) ;
#250 = ORIENTED_EDGE ( 'NONE', *, *, #2601, .T. ) ;
#251 = CARTESIAN_POINT ( 'NONE',  ( -9.499999999999998224, 0.000000000000000000, 4.814999999999998614 ) ) ;
#252 = VERTEX_POINT ( 'NONE', #5084 ) ;
#253 = VECTOR ( 'NONE', #5306, 1000.000000000000227 ) ;
#254 = ORIENTED_EDGE ( 'NONE', *, *, #3620, .T. ) ;
#255 = DIRECTION ( 'NONE',  ( 0.000000000000000000, -1.000000000000000000, -0.000000000000000000 ) ) ;
#256 = CARTESIAN_POINT ( 'NONE',  ( -4.070000000000002061, 0.1249999999999992506, -2.625000000000004441 ) ) ;
#257 = DIRECTION ( 'NONE',  ( 0.000000000000000000, -1.215023599085311306E-16, 1.000000000000000000 ) ) ;
#258 = DIRECTION ( 'NONE',  ( -0.000000000000000000, 1.000000000000000000, -0.000000000000000000 ) ) ;
#259 = LINE ( 'NONE', #5367, #2304 ) ;
#260 = EDGE_LOOP ( 'NONE', ( #4735, #5360, #3222, #469 ) ) ;
#261 = DIRECTION ( 'NONE',  ( 0.000000000000000000, -1.000000000000000000, -0.000000000000000000 ) ) ;
#262 = DIRECTION ( 'NONE',  ( -1.000000000000000000, 0.000000000000000000, 0.000000000000000000 ) ) ;
#263 = FACE_OUTER_BOUND ( 'NONE', #1652, .T. ) ;
#264 = EDGE_CURVE ( 'NONE', #2201, #4466, #416, .T. ) ;
#265 = VECTOR ( 'NONE', #4999, 1000.000000000000000 ) ;
#266 = VERTEX_POINT ( 'NONE', #4225 ) ;
#267 = VECTOR ( 'NONE', #3311, 1000.000000000000000 ) ;
#268 = ADVANCED_FACE ( 'NONE', ( #3459 ), #781, .T. ) ;
#269 = LINE ( 'NONE', #5404, #1358 ) ;
#270 = ORIENTED_EDGE ( 'NONE', *, *, #4494, .T. ) ;
#271 = DIRECTION ( 'NONE',  ( -1.000000000000000000, 0.000000000000000000, -0.000000000000000000 ) ) ;
#272 = VECTOR ( 'NONE', #1195, 999.9999999999998863 ) ;
#273 = DIRECTION ( 'NONE',  ( -1.000000000000000000, -0.000000000000000000, -0.000000000000000000 ) ) ;
#274 = EDGE_CURVE ( 'NONE', #4047, #2846, #2142, .T. ) ;
#275 = VERTEX_POINT ( 'NONE', #4309 ) ;
#276 = VECTOR ( 'NONE', #1154, 1000.000000000000000 ) ;
#277 = CIRCLE ( 'NONE', #3621, 0.7000000000000000666 ) ;
#278 = VECTOR ( 'NONE', #2220, 1000.000000000000000 ) ;
#279 = ORIENTED_EDGE ( 'NONE', *, *, #1194, .F. ) ;
#280 = CARTESIAN_POINT ( 'NONE',  ( -8.324999999999999289, 0.6749999999999990452, 1.099999999999996758 ) ) ;
#281 = ORIENTED_EDGE ( 'NONE', *, *, #415, .T. ) ;
#282 = DIRECTION ( 'NONE',  ( -1.000000000000000000, -0.000000000000000000, -0.000000000000000000 ) ) ;
#283 = CARTESIAN_POINT ( 'NONE',  ( -9.499999999999998224, 2.249999999999999556, 4.999999999999996447 ) ) ;
#284 = VERTEX_POINT ( 'NONE', #437 ) ;
#285 = EDGE_LOOP ( 'NONE', ( #911, #3356, #110, #2513 ) ) ;
#286 = DIRECTION ( 'NONE',  ( -1.000000000000000000, 0.000000000000000000, 0.000000000000000000 ) ) ;
#287 =( LENGTH_UNIT ( ) NAMED_UNIT ( * ) SI_UNIT ( .MILLI., .METRE. ) );
#288 = UNCERTAINTY_MEASURE_WITH_UNIT (LENGTH_MEASURE( 1.000000000000000082E-05 ), #932, 'distance_accuracy_value', 'NONE');
#289 = AXIS2_PLACEMENT_3D ( 'NONE', #70, #3940, #2307 ) ;
#290 = LINE ( 'NONE', #4567, #2357 ) ;
#291 = VECTOR ( 'NONE', #3234, 1000.000000000000000 ) ;
#292 = DIRECTION ( 'NONE',  ( -0.7071067811865584529, -0.000000000000000000, -0.7071067811865365815 ) ) ;
#293 = DIRECTION ( 'NONE',  ( 0.000000000000000000, -1.000000000000000000, 0.000000000000000000 ) ) ;
#294 = VERTEX_POINT ( 'NONE', #2163 ) ;
#295 = PLANE ( 'NONE',  #537 ) ;
#296 = CARTESIAN_POINT ( 'NONE',  ( -0.9300000000000020473, 0.4099999999999989209, -2.625000000000004441 ) ) ;
#297 = CARTESIAN_POINT ( 'NONE',  ( 5.021051876504147385E-16, 1.225000000000000311, -0.5000000000000038858 ) ) ;
#298 = VECTOR ( 'NONE', #2350, 1000.000000000000000 ) ;
#299 = EDGE_CURVE ( 'NONE', #2561, #2900, #4862, .T. ) ;
#300 = EDGE_CURVE ( 'NONE', #2168, #5311, #4453, .T. ) ;
#301 = ADVANCED_FACE ( 'NONE', ( #999 ), #4360, .T. ) ;
#302 = VECTOR ( 'NONE', #3834, 1000.000000000000000 ) ;
#303 = LINE ( 'NONE', #2817, #2180 ) ;
#304 = ORIENTED_EDGE ( 'NONE', *, *, #2998, .T. ) ;
#305 = DIRECTION ( 'NONE',  ( -1.000000000000000000, -0.000000000000000000, -0.000000000000000000 ) ) ;
#306 = LINE ( 'NONE', #1071, #548 ) ;
#307 = ORIENTED_EDGE ( 'NONE', *, *, #5295, .T. ) ;
#308 = ADVANCED_FACE ( 'NONE', ( #2194 ), #4335, .F. ) ;
#309 = EDGE_CURVE ( 'NONE', #4533, #4094, #1461, .T. ) ;
#310 = VERTEX_POINT ( 'NONE', #3969 ) ;
#311 = LINE ( 'NONE', #762, #5393 ) ;
#312 = EDGE_CURVE ( 'NONE', #854, #3511, #1433, .T. ) ;
#313 = DIRECTION ( 'NONE',  ( 0.000000000000000000, 1.000000000000000000, -1.084202172485504040E-15 ) ) ;
#314 = DIRECTION ( 'NONE',  ( 0.000000000000000000, 0.000000000000000000, -1.000000000000000000 ) ) ;
#315 = VECTOR ( 'NONE', #2363, 1000.000000000000000 ) ;
#316 = AXIS2_PLACEMENT_3D ( 'NONE', #994, #5334, #1024 ) ;
#317 = VERTEX_POINT ( 'NONE', #2222 ) ;
#318 = VECTOR ( 'NONE', #1590, 1000.000000000000000 ) ;
#319 = ORIENTED_EDGE ( 'NONE', *, *, #4496, .T. ) ;
#320 = CARTESIAN_POINT ( 'NONE',  ( 3.229999999999995541, 0.4099999999999989209, -2.825000000000004619 ) ) ;
#321 = SURFACE_SIDE_STYLE ('',( #799 ) ) ;
#322 = DIRECTION ( 'NONE',  ( 0.000000000000000000, -1.000000000000000000, 0.000000000000000000 ) ) ;
#323 = VECTOR ( 'NONE', #2453, 1000.000000000000114 ) ;
#324 = CARTESIAN_POINT ( 'NONE',  ( 6.569999999999997620, 3.480000000000000426, -5.690000000000007496 ) ) ;
#325 = CARTESIAN_POINT ( 'NONE',  ( 0.000000000000000000, 0.4099999999999990319, -2.825000000000005063 ) ) ;
#326 = VERTEX_POINT ( 'NONE', #5251 ) ;
#327 = LINE ( 'NONE', #5424, #4703 ) ;
#328 = CARTESIAN_POINT ( 'NONE',  ( -5.930000000000003268, 3.479999999999999982, -4.400000000000003908 ) ) ;
#329 = DIRECTION ( 'NONE',  ( 0.000000000000000000, -1.000000000000000000, -0.000000000000000000 ) ) ;
#330 = AXIS2_PLACEMENT_3D ( 'NONE', #2568, #2595, #3048 ) ;
#331 = CARTESIAN_POINT ( 'NONE',  ( 6.749999999999997335, 6.125000000000000000, 2.316596043929708859 ) ) ;
#332 = ORIENTED_EDGE ( 'NONE', *, *, #3451, .T. ) ;
#333 = CARTESIAN_POINT ( 'NONE',  ( -9.999999999999996447, 0.9249999999999991562, 1.099999999999995648 ) ) ;
#334 = CARTESIAN_POINT ( 'NONE',  ( 9.049999999999997158, 0.000000000000000000, 4.814999999999998614 ) ) ;
#335 = ORIENTED_EDGE ( 'NONE', *, *, #4042, .F. ) ;
#336 = ADVANCED_FACE ( 'NONE', ( #102, #3913, #5224, #132, #2667, #574, #1342 ), #4887, .F. ) ;
#337 = VECTOR ( 'NONE', #2166, 1000.000000000000000 ) ;
#338 = EDGE_LOOP ( 'NONE', ( #3580, #1429, #230, #731 ) ) ;
#339 = ORIENTED_EDGE ( 'NONE', *, *, #16, .F. ) ;
#340 = PLANE ( 'NONE',  #4758 ) ;
#341 = DIRECTION ( 'NONE',  ( -0.000000000000000000, 1.000000000000000000, -0.000000000000000000 ) ) ;
#342 = ORIENTED_EDGE ( 'NONE', *, *, #688, .F. ) ;
#343 = ADVANCED_FACE ( 'NONE', ( #3064 ), #3999, .F. ) ;
#344 = ADVANCED_FACE ( 'NONE', ( #4028 ), #3147, .F. ) ;
#345 = ORIENTED_EDGE ( 'NONE', *, *, #5436, .F. ) ;
#346 = ORIENTED_EDGE ( 'NONE', *, *, #1965, .T. ) ;
#347 = DIRECTION ( 'NONE',  ( 0.000000000000000000, 3.771137991253929066E-16, -1.000000000000000000 ) ) ;
#348 = CARTESIAN_POINT ( 'NONE',  ( 8.774999999999996803, 4.325000000000001066, 1.999999999999996669 ) ) ;
#349 = UNCERTAINTY_MEASURE_WITH_UNIT (LENGTH_MEASURE( 1.000000000000000082E-05 ), #2344, 'distance_accuracy_value', 'NONE');
#350 = FACE_OUTER_BOUND ( 'NONE', #5018, .T. ) ;
#351 = EDGE_CURVE ( 'NONE', #2234, #1632, #4805, .T. ) ;
#352 = FACE_OUTER_BOUND ( 'NONE', #4894, .T. ) ;
#353 = CARTESIAN_POINT ( 'NONE',  ( 0.9299999999999968292, 4.625000000000000888, -2.000000000000004441 ) ) ;
#354 = EDGE_LOOP ( 'NONE', ( #2506, #1067, #1623, #1793, #3949, #3768 ) ) ;
#355 = DIRECTION ( 'NONE',  ( 1.000000000000000000, 0.000000000000000000, -0.000000000000000000 ) ) ;
#356 = CARTESIAN_POINT ( 'NONE',  ( 6.574999999999996625, 6.125000000000000000, 4.210000000000014175 ) ) ;
#357 = CARTESIAN_POINT ( 'NONE',  ( 3.749999999999997335, 5.325000000000001066, 2.316596043929709303 ) ) ;
#358 = VECTOR ( 'NONE', #4066, 1000.000000000000000 ) ;
#359 = DIRECTION ( 'NONE',  ( 1.000000000000000000, 0.000000000000000000, 0.000000000000000000 ) ) ;
#360 = ORIENTED_EDGE ( 'NONE', *, *, #5017, .T. ) ;
#361 = LINE ( 'NONE', #846, #4677 ) ;
#362 = CARTESIAN_POINT ( 'NONE',  ( 4.069999999999997620, 4.120000000000000107, -2.000000000000004441 ) ) ;
#363 = VECTOR ( 'NONE', #5106, 1000.000000000000000 ) ;
#364 = VECTOR ( 'NONE', #1862, 1000.000000000000000 ) ;
#365 = ORIENTED_EDGE ( 'NONE', *, *, #4451, .F. ) ;
#366 = FACE_OUTER_BOUND ( 'NONE', #4685, .T. ) ;
#367 = ORIENTED_EDGE ( 'NONE', *, *, #540, .F. ) ;
#368 = VECTOR ( 'NONE', #1432, 1000.000000000000227 ) ;
#369 = ADVANCED_FACE ( 'NONE', ( #915 ), #2253, .F. ) ;
#370 = EDGE_CURVE ( 'NONE', #2645, #1501, #491, .T. ) ;
#371 = VECTOR ( 'NONE', #778, 1000.000000000000000 ) ;
#372 = VERTEX_POINT ( 'NONE', #551 ) ;
#373 = ORIENTED_EDGE ( 'NONE', *, *, #4794, .T. ) ;
#374 = DIRECTION ( 'NONE',  ( -1.000000000000000000, -0.000000000000000000, -0.000000000000000000 ) ) ;
#375 = ORIENTED_EDGE ( 'NONE', *, *, #378, .T. ) ;
#376 = DIRECTION ( 'NONE',  ( 0.000000000000000000, 0.000000000000000000, -1.000000000000000000 ) ) ;
#377 = ADVANCED_FACE ( 'NONE', ( #4390 ), #1839, .F. ) ;
#378 = EDGE_CURVE ( 'NONE', #5384, #5456, #2281, .T. ) ;
#379 = CARTESIAN_POINT ( 'NONE',  ( -5.930000000000005045, 4.625000000000000888, -2.000000000000004441 ) ) ;
#380 = LINE ( 'NONE', #5540, #2571 ) ;
#381 = ORIENTED_EDGE ( 'NONE', *, *, #54, .F. ) ;
#382 = FACE_OUTER_BOUND ( 'NONE', #4643, .T. ) ;
#383 = LINE ( 'NONE', #4388, #642 ) ;
#384 = CARTESIAN_POINT ( 'NONE',  ( 8.324999999999999289, 0.1249999999999990563, 4.999999999999996447 ) ) ;
#385 = VECTOR ( 'NONE', #5095, 1000.000000000000000 ) ;
#386 = CARTESIAN_POINT ( 'NONE',  ( -6.749999999999997335, 5.325000000000001066, 2.316596043929711080 ) ) ;
#387 = ORIENTED_EDGE ( 'NONE', *, *, #2098, .T. ) ;
#388 = VECTOR ( 'NONE', #4273, 1000.000000000000000 ) ;
#389 = CARTESIAN_POINT ( 'NONE',  ( 9.049999999999997158, 2.974999999999999201, 4.099999999999996092 ) ) ;
#390 = FACE_OUTER_BOUND ( 'NONE', #3707, .T. ) ;
#391 = ORIENTED_EDGE ( 'NONE', *, *, #5510, .T. ) ;
#392 = VECTOR ( 'NONE', #5052, 1000.000000000000000 ) ;
#393 = VECTOR ( 'NONE', #1030, 1000.000000000000000 ) ;
#394 = EDGE_CURVE ( 'NONE', #1336, #5020, #2751, .T. ) ;
#395 = ORIENTED_EDGE ( 'NONE', *, *, #2585, .T. ) ;
#396 = LINE ( 'NONE', #2123, #1391 ) ;
#397 = DIRECTION ( 'NONE',  ( 0.000000000000000000, 0.000000000000000000, 1.000000000000000000 ) ) ;
#398 = VERTEX_POINT ( 'NONE', #3229 ) ;
#399 = VECTOR ( 'NONE', #4400, 1000.000000000000000 ) ;
#400 = EDGE_LOOP ( 'NONE', ( #5254, #5584, #1435, #4764 ) ) ;
#401 = ORIENTED_EDGE ( 'NONE', *, *, #1704, .F. ) ;
#402 = FACE_OUTER_BOUND ( 'NONE', #2546, .T. ) ;
#403 = LINE ( 'NONE', #5563, #5343 ) ;
#404 = EDGE_CURVE ( 'NONE', #4754, #1234, #1539, .T. ) ;
#405 = ADVANCED_FACE ( 'NONE', ( #2387 ), #4965, .F. ) ;
#406 = VECTOR ( 'NONE', #690, 1000.000000000000000 ) ;
#407 = DIRECTION ( 'NONE',  ( -0.000000000000000000, 0.5372996083468246642, 0.8433914458128851654 ) ) ;
#408 = LINE ( 'NONE', #2922, #1769 ) ;
#409 = VERTEX_POINT ( 'NONE', #2416 ) ;
#410 = DIRECTION ( 'NONE',  ( -0.000000000000000000, 1.000000000000000000, -0.000000000000000000 ) ) ;
#411 = LINE ( 'NONE', #1665, #5252 ) ;
#412 = DIRECTION ( 'NONE',  ( 1.000000000000000000, -0.000000000000000000, -0.000000000000000000 ) ) ;
#413 = EDGE_CURVE ( 'NONE', #48, #3948, #1058, .T. ) ;
#414 = EDGE_CURVE ( 'NONE', #2389, #3557, #3634, .T. ) ;
#415 = EDGE_CURVE ( 'NONE', #1413, #3698, #1148, .T. ) ;
#416 = LINE ( 'NONE', #4751, #4549 ) ;
#417 = VERTEX_POINT ( 'NONE', #4569 ) ;
#418 = DIRECTION ( 'NONE',  ( 0.8660254037844367092, -1.885568995626977352E-16, 0.5000000000000034417 ) ) ;
#419 = CARTESIAN_POINT ( 'NONE',  ( 4.069999999999997620, 3.479999999999999094, -2.000000000000004441 ) ) ;
#420 = EDGE_CURVE ( 'NONE', #4402, #2234, #1856, .T. ) ;
#421 = ORIENTED_EDGE ( 'NONE', *, *, #3060, .F. ) ;
#422 = CARTESIAN_POINT ( 'NONE',  ( -6.770000000000004903, 0.4099999999999989209, -2.825000000000004619 ) ) ;
#423 = VERTEX_POINT ( 'NONE', #1992 ) ;
#424 = LINE ( 'NONE', #2597, #3840 ) ;
#425 = VERTEX_POINT ( 'NONE', #3712 ) ;
#426 = ORIENTED_EDGE ( 'NONE', *, *, #655, .T. ) ;
#427 = PLANE ( 'NONE',  #5336 ) ;
#428 = SURFACE_SIDE_STYLE ('',( #2999 ) ) ;
#429 = DIRECTION ( 'NONE',  ( 0.7071067811865513475, 0.000000000000000000, 0.7071067811865436870 ) ) ;
#430 = ADVANCED_FACE ( 'NONE', ( #1486 ), #4484, .F. ) ;
#431 = PLANE ( 'NONE',  #4510 ) ;
#432 = CARTESIAN_POINT ( 'NONE',  ( 6.054999999999997939, 3.604999999999999982, 1.649999999999993916 ) ) ;
#433 = ORIENTED_EDGE ( 'NONE', *, *, #4868, .F. ) ;
#434 = CARTESIAN_POINT ( 'NONE',  ( 8.774999999999996803, 2.974999999999999645, -0.5000000000000035527 ) ) ;
#435 = DIRECTION ( 'NONE',  ( 0.000000000000000000, -1.000000000000000000, 0.000000000000000000 ) ) ;
#436 = DIRECTION ( 'NONE',  ( -1.000000000000000000, 1.495451272393802994E-16, -0.000000000000000000 ) ) ;
#437 = CARTESIAN_POINT ( 'NONE',  ( -4.070000000000002061, 3.479999999999999982, -2.000000000000004441 ) ) ;
#438 = LINE ( 'NONE', #1405, #1824 ) ;
#439 = ORIENTED_EDGE ( 'NONE', *, *, #3628, .F. ) ;
#440 = EDGE_CURVE ( 'NONE', #738, #1090, #4996, .T. ) ;
#441 = CYLINDRICAL_SURFACE ( 'NONE', #604, 0.2999999999999997113 ) ;
#442 = LINE ( 'NONE', #4262, #187 ) ;
#443 = CARTESIAN_POINT ( 'NONE',  ( 8.324999999999999289, 0.6749999999999990452, 1.099999999999996758 ) ) ;
#444 = ADVANCED_FACE ( 'NONE', ( #3680 ), #4051, .F. ) ;
#445 = VERTEX_POINT ( 'NONE', #2810 ) ;
#446 = ORIENTED_EDGE ( 'NONE', *, *, #197, .T. ) ;
#447 = EDGE_CURVE ( 'NONE', #2853, #4321, #209, .T. ) ;
#448 = FACE_OUTER_BOUND ( 'NONE', #4586, .T. ) ;
#449 = ORIENTED_EDGE ( 'NONE', *, *, #1372, .F. ) ;
#450 = CARTESIAN_POINT ( 'NONE',  ( 5.929999999999997939, 0.000000000000000000, -2.000000000000004441 ) ) ;
#451 = ORIENTED_EDGE ( 'NONE', *, *, #3412, .T. ) ;
#452 = VECTOR ( 'NONE', #4564, 1000.000000000000000 ) ;
#453 = ORIENTED_EDGE ( 'NONE', *, *, #5391, .F. ) ;
#454 = LINE ( 'NONE', #4439, #4547 ) ;
#455 = AXIS2_PLACEMENT_3D ( 'NONE', #2588, #1808, #5284 ) ;
#456 = DIRECTION ( 'NONE',  ( 1.000000000000000000, 0.000000000000000000, 0.000000000000000000 ) ) ;
#457 = ORIENTED_EDGE ( 'NONE', *, *, #440, .T. ) ;
#458 = CARTESIAN_POINT ( 'NONE',  ( 5.929999999999997939, 3.479999999999999982, -4.400000000000003908 ) ) ;
#459 = CLOSED_SHELL ( 'NONE', ( #3851, #3534, #1658, #5330, #26, #4639, #2279, #2716, #1527, #235 ) ) ;
#460 = VECTOR ( 'NONE', #4172, 1000.000000000000000 ) ;
#461 = CARTESIAN_POINT ( 'NONE',  ( 6.569999999999997620, 4.120000000000000107, -4.400000000000003908 ) ) ;
#462 = PLANE ( 'NONE',  #4099 ) ;
#463 = ORIENTED_EDGE ( 'NONE', *, *, #1670, .T. ) ;
#464 = PLANE ( 'NONE',  #1804 ) ;
#465 = DIRECTION ( 'NONE',  ( -0.000000000000000000, 1.000000000000000000, -0.000000000000000000 ) ) ;
#466 = DIRECTION ( 'NONE',  ( -0.000000000000000000, 1.000000000000000000, -0.000000000000000000 ) ) ;
#467 = DIRECTION ( 'NONE',  ( 0.000000000000000000, 1.247005693593550945E-16, -1.000000000000000000 ) ) ;
#468 = LINE ( 'NONE', #41, #989 ) ;
#469 = ORIENTED_EDGE ( 'NONE', *, *, #4410, .T. ) ;
#470 = LINE ( 'NONE', #4780, #4666 ) ;
#471 = DIRECTION ( 'NONE',  ( 0.000000000000000000, 1.668003342285391797E-16, -1.000000000000000000 ) ) ;
#472 = DIRECTION ( 'NONE',  ( -0.000000000000000000, -1.000000000000000000, -1.247005693593550945E-16 ) ) ;
#473 = ORIENTED_EDGE ( 'NONE', *, *, #1179, .F. ) ;
#474 = EDGE_CURVE ( 'NONE', #4371, #2168, #236, .T. ) ;
#475 = VECTOR ( 'NONE', #5198, 1000.000000000000000 ) ;
#476 = ORIENTED_EDGE ( 'NONE', *, *, #1333, .T. ) ;
#477 = CARTESIAN_POINT ( 'NONE',  ( -0.9300000000000020473, 0.1249999999999992506, -2.625000000000004441 ) ) ;
#478 = VERTEX_POINT ( 'NONE', #4594 ) ;
#479 = LINE ( 'NONE', #5377, #2896 ) ;
#480 = EDGE_CURVE ( 'NONE', #1008, #2849, #2441, .T. ) ;
#481 = EDGE_CURVE ( 'NONE', #1493, #3236, #182, .T. ) ;
#482 = ORIENTED_EDGE ( 'NONE', *, *, #3628, .T. ) ;
#483 = CARTESIAN_POINT ( 'NONE',  ( -6.570000000000002949, 0.1249999999999992506, -2.000000000000004441 ) ) ;
#484 = LINE ( 'NONE', #1018, #4150 ) ;
#485 = CARTESIAN_POINT ( 'NONE',  ( -1.570000000000002061, 4.120000000000000107, -0.5000000000000038858 ) ) ;
#486 = CARTESIAN_POINT ( 'NONE',  ( -1.570000000000002061, 0.1249999999999992506, -2.000000000000004441 ) ) ;
#487 = VERTEX_POINT ( 'NONE', #1602 ) ;
#488 = DIRECTION ( 'NONE',  ( -1.000000000000000000, 2.351315273210297824E-32, 2.932103533126717211E-48 ) ) ;
#489 = CARTESIAN_POINT ( 'NONE',  ( 0.9299999999999968292, 3.479999999999999982, -0.5000000000000034417 ) ) ;
#490 = CARTESIAN_POINT ( 'NONE',  ( 8.774999999999996803, 4.325000000000001066, 4.999999999999996447 ) ) ;
#491 = LINE ( 'NONE', #1807, #4903 ) ;
#492 = VECTOR ( 'NONE', #3549, 1000.000000000000000 ) ;
#493 = CARTESIAN_POINT ( 'NONE',  ( -9.049999999999997158, 0.1849999999999999978, 1.429999999999996829 ) ) ;
#494 = VERTEX_POINT ( 'NONE', #3315 ) ;
#495 = CARTESIAN_POINT ( 'NONE',  ( 5.805555555555552694, 5.325000000000001954, 0.1314893284522495875 ) ) ;
#496 = DIRECTION ( 'NONE',  ( 0.000000000000000000, 1.000000000000000000, 0.000000000000000000 ) ) ;
#497 = AXIS2_PLACEMENT_3D ( 'NONE', #5158, #1832, #3486 ) ;
#498 = DIRECTION ( 'NONE',  ( 1.000000000000000000, 0.000000000000000000, 0.000000000000000000 ) ) ;
#499 = ORIENTED_EDGE ( 'NONE', *, *, #2006, .T. ) ;
#500 = VERTEX_POINT ( 'NONE', #3205 ) ;
#501 = ORIENTED_EDGE ( 'NONE', *, *, #2760, .T. ) ;
#502 = PLANE ( 'NONE',  #1123 ) ;
#503 = ORIENTED_EDGE ( 'NONE', *, *, #2516, .T. ) ;
#504 = SURFACE_SIDE_STYLE ('',( #3081 ) ) ;
#505 = VERTEX_POINT ( 'NONE', #2781 ) ;
#506 = ORIENTED_EDGE ( 'NONE', *, *, #714, .F. ) ;
#507 = EDGE_CURVE ( 'NONE', #3948, #1211, #4511, .T. ) ;
#508 = DIRECTION ( 'NONE',  ( -1.000000000000000000, -0.000000000000000000, -0.000000000000000000 ) ) ;
#509 = CARTESIAN_POINT ( 'NONE',  ( 8.774999999999996803, 5.325000000000001066, 2.699999999999996625 ) ) ;
#510 = ADVANCED_FACE ( 'NONE', ( #3424 ), #746, .F. ) ;
#511 = SURFACE_SIDE_STYLE ('',( #2349 ) ) ;
#512 = FACE_OUTER_BOUND ( 'NONE', #1318, .T. ) ;
#513 = ORIENTED_EDGE ( 'NONE', *, *, #5038, .F. ) ;
#514 = ADVANCED_FACE ( 'NONE', ( #3342 ), #2524, .F. ) ;
#515 = DIRECTION ( 'NONE',  ( -0.000000000000000000, 1.000000000000000000, -0.000000000000000000 ) ) ;
#516 = CARTESIAN_POINT ( 'NONE',  ( 6.749999999999997335, 0.03531900772834901253, 2.316596043929709303 ) ) ;
#517 = CARTESIAN_POINT ( 'NONE',  ( -9.049999999999997158, 0.000000000000000000, 1.614999999999998881 ) ) ;
#518 = CARTESIAN_POINT ( 'NONE',  ( -6.770000000000004903, 0.1249999999999992506, -2.825000000000004619 ) ) ;
#519 = DIRECTION ( 'NONE',  ( 0.000000000000000000, -1.000000000000000000, -1.091181084403578030E-16 ) ) ;
#520 = VERTEX_POINT ( 'NONE', #3796 ) ;
#521 = DIRECTION ( 'NONE',  ( 0.000000000000000000, 0.000000000000000000, -1.000000000000000000 ) ) ;
#522 = CARTESIAN_POINT ( 'NONE',  ( 8.024999999999993250, 5.325000000000000178, -9.511693791957203103 ) ) ;
#523 = DIRECTION ( 'NONE',  ( 0.000000000000000000, -0.000000000000000000, 1.000000000000000000 ) ) ;
#524 = ORIENTED_EDGE ( 'NONE', *, *, #2398, .F. ) ;
#525 = AXIS2_PLACEMENT_3D ( 'NONE', #3878, #7, #5591 ) ;
#526 = VERTEX_POINT ( 'NONE', #2049 ) ;
#527 = VERTEX_POINT ( 'NONE', #5076 ) ;
#528 = LINE ( 'NONE', #3980, #3555 ) ;
#529 = DIRECTION ( 'NONE',  ( -0.000000000000000000, 1.000000000000000000, 0.000000000000000000 ) ) ;
#530 = ORIENTED_EDGE ( 'NONE', *, *, #2205, .T. ) ;
#531 = VECTOR ( 'NONE', #5183, 1000.000000000000000 ) ;
#532 = ORIENTED_EDGE ( 'NONE', *, *, #4876, .F. ) ;
#533 = ORIENTED_EDGE ( 'NONE', *, *, #4784, .T. ) ;
#534 = FACE_OUTER_BOUND ( 'NONE', #2565, .T. ) ;
#535 =( NAMED_UNIT ( * ) PLANE_ANGLE_UNIT ( ) SI_UNIT ( $, .RADIAN. ) );
#536 = ORIENTED_EDGE ( 'NONE', *, *, #229, .T. ) ;
#537 = AXIS2_PLACEMENT_3D ( 'NONE', #4572, #2784, #4626 ) ;
#538 = DIRECTION ( 'NONE',  ( 0.000000000000000000, -0.000000000000000000, 1.000000000000000000 ) ) ;
#539 = ADVANCED_FACE ( 'NONE', ( #3453 ), #4683, .F. ) ;
#540 = EDGE_CURVE ( 'NONE', #1234, #1417, #5157, .T. ) ;
#541 = VECTOR ( 'NONE', #2020, 1000.000000000000000 ) ;
#542 = CARTESIAN_POINT ( 'NONE',  ( 19.86055906122973980, 4.099417034833817475, -2.825000000000004619 ) ) ;
#543 = ORIENTED_EDGE ( 'NONE', *, *, #1068, .F. ) ;
#544 = PLANE ( 'NONE',  #1911 ) ;
#545 = PLANE ( 'NONE',  #1682 ) ;
#546 = VECTOR ( 'NONE', #216, 1000.000000000000000 ) ;
#547 = CARTESIAN_POINT ( 'NONE',  ( 6.569999999999997620, 0.000000000000000000, -2.000000000000004441 ) ) ;
#548 = VECTOR ( 'NONE', #2793, 999.9999999999998863 ) ;
#549 = VECTOR ( 'NONE', #5248, 1000.000000000000114 ) ;
#550 = ADVANCED_FACE ( 'NONE', ( #1197 ), #2949, .F. ) ;
#551 = CARTESIAN_POINT ( 'NONE',  ( -4.070000000000002061, 4.120000000000000107, -0.5000000000000038858 ) ) ;
#552 = VECTOR ( 'NONE', #5543, 1000.000000000000000 ) ;
#553 = CARTESIAN_POINT ( 'NONE',  ( -1.570000000000002061, 4.120000000000000107, -2.000000000000004441 ) ) ;
#554 = VERTEX_POINT ( 'NONE', #4278 ) ;
#555 = DIRECTION ( 'NONE',  ( 0.000000000000000000, -6.914554671463685469E-17, 1.000000000000000000 ) ) ;
#556 = LINE ( 'NONE', #2311, #5437 ) ;
#557 = DIRECTION ( 'NONE',  ( 0.000000000000000000, 0.000000000000000000, -1.000000000000000000 ) ) ;
#558 = VERTEX_POINT ( 'NONE', #4301 ) ;
#559 = ORIENTED_EDGE ( 'NONE', *, *, #420, .T. ) ;
#560 = ORIENTED_EDGE ( 'NONE', *, *, #3303, .T. ) ;
#561 = DIRECTION ( 'NONE',  ( 0.000000000000000000, 0.000000000000000000, -1.000000000000000000 ) ) ;
#562 = ORIENTED_EDGE ( 'NONE', *, *, #5469, .F. ) ;
#563 = ORIENTED_EDGE ( 'NONE', *, *, #2585, .F. ) ;
#564 = VECTOR ( 'NONE', #4688, 1000.000000000000000 ) ;
#565 = ORIENTED_EDGE ( 'NONE', *, *, #2686, .F. ) ;
#566 = VECTOR ( 'NONE', #2378, 1000.000000000000000 ) ;
#567 = CARTESIAN_POINT ( 'NONE',  ( 19.86055906122973980, 5.325000000000000178, 4.999999999999996447 ) ) ;
#568 = FACE_OUTER_BOUND ( 'NONE', #354, .T. ) ;
#569 = CARTESIAN_POINT ( 'NONE',  ( 4.269999999999999574, 4.099417034833815698, -2.825000000000004619 ) ) ;
#570 = VERTEX_POINT ( 'NONE', #4188 ) ;
#571 = CARTESIAN_POINT ( 'NONE',  ( -0.7299999999999997602, 4.099417034833815698, -2.825000000000004619 ) ) ;
#572 = CARTESIAN_POINT ( 'NONE',  ( -5.299999999999997158, 5.325000000000001954, 0.3499999999999952593 ) ) ;
#573 = CARTESIAN_POINT ( 'NONE',  ( -1.570000000000002061, 4.624999999999999112, -2.000000000000005329 ) ) ;
#574 = FACE_BOUND ( 'NONE', #977, .T. ) ;
#575 = CARTESIAN_POINT ( 'NONE',  ( 9.499999999999998224, 0.4749999999999999778, 1.429999999999996829 ) ) ;
#576 = ORIENTED_EDGE ( 'NONE', *, *, #5329, .F. ) ;
#577 = DIRECTION ( 'NONE',  ( 0.000000000000000000, -0.8433914458128850544, 0.5372996083468247752 ) ) ;
#578 = AXIS2_PLACEMENT_3D ( 'NONE', #2578, #1280, #4219 ) ;
#579 = CARTESIAN_POINT ( 'NONE',  ( 9.499999999999998224, 2.249999999999999556, 1.099999999999996758 ) ) ;
#580 =( GEOMETRIC_REPRESENTATION_CONTEXT ( 3 ) GLOBAL_UNCERTAINTY_ASSIGNED_CONTEXT ( ( #288 ) ) GLOBAL_UNIT_ASSIGNED_CONTEXT ( ( #932, #535, #3053 ) ) REPRESENTATION_CONTEXT ( 'NONE', 'WORKASPACE' ) );
#581 = CARTESIAN_POINT ( 'NONE',  ( 14.00249930594108783, 0.000000000000000000, 1.614999999999998881 ) ) ;
#582 = EDGE_CURVE ( 'NONE', #4202, #4402, #5511, .T. ) ;
#583 = ADVANCED_FACE ( 'NONE', ( #352 ), #4653, .F. ) ;
#584 = ORIENTED_EDGE ( 'NONE', *, *, #5419, .F. ) ;
#585 = EDGE_CURVE ( 'NONE', #247, #875, #4252, .T. ) ;
#586 = EDGE_LOOP ( 'NONE', ( #319, #809, #3616, #1615, #5339, #2858, #2555, #4397 ) ) ;
#587 = VECTOR ( 'NONE', #3425, 1000.000000000000000 ) ;
#588 = ORIENTED_EDGE ( 'NONE', *, *, #2032, .F. ) ;
#589 = CARTESIAN_POINT ( 'NONE',  ( 5.729999999999995097, 0.000000000000000000, -2.825000000000004619 ) ) ;
#590 = DIRECTION ( 'NONE',  ( -0.000000000000000000, -0.000000000000000000, 1.000000000000000000 ) ) ;
#591 = EDGE_LOOP ( 'NONE', ( #584, #2966, #5551, #1014 ) ) ;
#592 = EDGE_CURVE ( 'NONE', #616, #3131, #2157, .T. ) ;
#593 = AXIS2_PLACEMENT_3D ( 'NONE', #1206, #2058, #1182 ) ;
#594 = ORIENTED_EDGE ( 'NONE', *, *, #1991, .F. ) ;
#595 = ORIENTED_EDGE ( 'NONE', *, *, #5244, .F. ) ;
#596 = DIRECTION ( 'NONE',  ( 0.7071067811865513475, 0.000000000000000000, 0.7071067811865436870 ) ) ;
#597 = VECTOR ( 'NONE', #4235, 1000.000000000000000 ) ;
#598 = DIRECTION ( 'NONE',  ( 0.7071067811865513475, 0.000000000000000000, -0.7071067811865436870 ) ) ;
#599 = LINE ( 'NONE', #3731, #3473 ) ;
#600 = VERTEX_POINT ( 'NONE', #1172 ) ;
#601 = DIRECTION ( 'NONE',  ( 4.336808689942025625E-15, -3.771137991253929066E-16, 1.000000000000000000 ) ) ;
#602 = CARTESIAN_POINT ( 'NONE',  ( 5.599999999999996980, 6.125000000000000000, 0.3499999999999952593 ) ) ;
#603 = DIRECTION ( 'NONE',  ( 0.000000000000000000, -1.000000000000000000, 0.000000000000000000 ) ) ;
#604 = AXIS2_PLACEMENT_3D ( 'NONE', #2504, #1235, #5549 ) ;
#605 = ADVANCED_FACE ( 'NONE', ( #2077 ), #431, .F. ) ;
#606 = DIRECTION ( 'NONE',  ( 0.000000000000000000, -1.000000000000000000, -1.247005693593550945E-16 ) ) ;
#607 = FACE_OUTER_BOUND ( 'NONE', #1141, .T. ) ;
#608 = ORIENTED_EDGE ( 'NONE', *, *, #2138, .T. ) ;
#609 = DIRECTION ( 'NONE',  ( -0.000000000000000000, 1.000000000000000000, -0.000000000000000000 ) ) ;
#610 = DIRECTION ( 'NONE',  ( -1.000000000000000000, -0.000000000000000000, -0.000000000000000000 ) ) ;
#611 = DIRECTION ( 'NONE',  ( 0.000000000000000000, -1.237404653380195321E-16, 1.000000000000000000 ) ) ;
#612 = ORIENTED_EDGE ( 'NONE', *, *, #5186, .T. ) ;
#613 = ADVANCED_FACE ( 'NONE', ( #802 ), #3370, .F. ) ;
#614 = EDGE_CURVE ( 'NONE', #4311, #172, #4623, .T. ) ;
#615 = EDGE_LOOP ( 'NONE', ( #921, #1788, #164, #2856 ) ) ;
#616 = VERTEX_POINT ( 'NONE', #5566 ) ;
#617 = CARTESIAN_POINT ( 'NONE',  ( 19.86055906122973980, 4.325000000000001066, 1.999999999999996669 ) ) ;
#618 = EDGE_CURVE ( 'NONE', #247, #5234, #2890, .T. ) ;
#619 = DIRECTION ( 'NONE',  ( -1.000000000000000000, -0.000000000000000000, -0.000000000000000000 ) ) ;
#620 = EDGE_LOOP ( 'NONE', ( #1044, #3722, #3455, #1140, #5232, #1706, #2746, #3277 ) ) ;
#621 = EDGE_CURVE ( 'NONE', #4881, #2882, #835, .T. ) ;
#622 = EDGE_CURVE ( 'NONE', #1648, #3835, #2772, .T. ) ;
#623 = ORIENTED_EDGE ( 'NONE', *, *, #5258, .F. ) ;
#624 = FILL_AREA_STYLE_COLOUR ( '', #4696 ) ;
#625 = CARTESIAN_POINT ( 'NONE',  ( 5.299999999999997158, 0.03531900772834901253, 4.999999999999995559 ) ) ;
#626 = DIRECTION ( 'NONE',  ( 1.000000000000000000, -0.000000000000000000, -0.000000000000000000 ) ) ;
#627 = VECTOR ( 'NONE', #2468, 1000.000000000000000 ) ;
#628 = VERTEX_POINT ( 'NONE', #1934 ) ;
#629 = LINE ( 'NONE', #4048, #986 ) ;
#630 = LINE ( 'NONE', #2360, #3652 ) ;
#631 = DIRECTION ( 'NONE',  ( 0.000000000000000000, -1.215023599085311306E-16, 1.000000000000000000 ) ) ;
#632 = AXIS2_PLACEMENT_3D ( 'NONE', #3028, #3337, #429 ) ;
#633 = CARTESIAN_POINT ( 'NONE',  ( 7.624999999999996447, 0.1250000000000000278, -2.825000000000005063 ) ) ;
#634 = CARTESIAN_POINT ( 'NONE',  ( 9.049999999999997158, 0.000000000000000000, 1.614999999999998881 ) ) ;
#635 = EDGE_LOOP ( 'NONE', ( #730, #2104, #4734, #111 ) ) ;
#636 = CARTESIAN_POINT ( 'NONE',  ( -4.070000000000002061, 0.4099999999999990319, -2.625000000000004885 ) ) ;
#637 = LINE ( 'NONE', #4944, #2269 ) ;
#638 = AXIS2_PLACEMENT_3D ( 'NONE', #166, #3615, #529 ) ;
#639 = DIRECTION ( 'NONE',  ( 0.000000000000000000, -1.000000000000000000, -1.091181084403578030E-16 ) ) ;
#640 = VECTOR ( 'NONE', #257, 1000.000000000000000 ) ;
#641 = VERTEX_POINT ( 'NONE', #198 ) ;
#642 = VECTOR ( 'NONE', #4800, 1000.000000000000000 ) ;
#643 = DIRECTION ( 'NONE',  ( 0.000000000000000000, 0.000000000000000000, -1.000000000000000000 ) ) ;
#644 = ORIENTED_EDGE ( 'NONE', *, *, #3312, .F. ) ;
#645 = DIRECTION ( 'NONE',  ( -0.000000000000000000, -0.000000000000000000, 1.000000000000000000 ) ) ;
#646 = PLANE ( 'NONE',  #3338 ) ;
#647 = ADVANCED_FACE ( 'NONE', ( #2797 ), #1958, .F. ) ;
#648 = ADVANCED_FACE ( 'NONE', ( #4501 ), #3055, .F. ) ;
#649 = ORIENTED_EDGE ( 'NONE', *, *, #1133, .F. ) ;
#650 = CARTESIAN_POINT ( 'NONE',  ( -4.070000000000002061, 4.120000000000000107, -0.5000000000000038858 ) ) ;
#651 = CARTESIAN_POINT ( 'NONE',  ( 9.049999999999997158, 2.249999999999999556, 3.849999999999995648 ) ) ;
#652 = ORIENTED_EDGE ( 'NONE', *, *, #1657, .T. ) ;
#653 = LINE ( 'NONE', #5385, #4246 ) ;
#654 = EDGE_CURVE ( 'NONE', #2057, #372, #4530, .T. ) ;
#655 = EDGE_CURVE ( 'NONE', #4575, #3890, #1831, .T. ) ;
#656 = EDGE_CURVE ( 'NONE', #4264, #4202, #5381, .T. ) ;
#657 = AXIS2_PLACEMENT_3D ( 'NONE', #4123, #3648, #4957 ) ;
#658 = ORIENTED_EDGE ( 'NONE', *, *, #5468, .T. ) ;
#659 = CARTESIAN_POINT ( 'NONE',  ( 5.021051876504147385E-16, 1.225000000000000311, -9.511693791957203103 ) ) ;
#660 = CARTESIAN_POINT ( 'NONE',  ( -6.658333333333324333, 2.591666666666668561, 3.383333333333332860 ) ) ;
#661 = LINE ( 'NONE', #5450, #640 ) ;
#662 = DIRECTION ( 'NONE',  ( 0.7071067811865436870, 0.000000000000000000, 0.7071067811865513475 ) ) ;
#663 = LINE ( 'NONE', #1059, #4757 ) ;
#664 = EDGE_LOOP ( 'NONE', ( #3501, #5547, #3664, #2065 ) ) ;
#665 = CARTESIAN_POINT ( 'NONE',  ( 5.805555555555552694, 0.03531900772834901253, 0.1314893284522494488 ) ) ;
#666 = LINE ( 'NONE', #4598, #4713 ) ;
#667 = DIRECTION ( 'NONE',  ( -1.000000000000000000, -0.000000000000000000, 0.000000000000000000 ) ) ;
#668 = VECTOR ( 'NONE', #5171, 1000.000000000000000 ) ;
#669 = ORIENTED_EDGE ( 'NONE', *, *, #585, .F. ) ;
#670 = CARTESIAN_POINT ( 'NONE',  ( -6.570000000000002949, 0.1249999999999992506, -2.000000000000004441 ) ) ;
#671 = AXIS2_PLACEMENT_3D ( 'NONE', #2947, #712, #5508 ) ;
#672 = ORIENTED_EDGE ( 'NONE', *, *, #1764, .T. ) ;
#673 = DIRECTION ( 'NONE',  ( 0.000000000000000000, -0.8433914458128850544, 0.5372996083468247752 ) ) ;
#674 = EDGE_CURVE ( 'NONE', #4875, #3217, #1075, .T. ) ;
#675 = VECTOR ( 'NONE', #4611, 1000.000000000000000 ) ;
#676 = EDGE_CURVE ( 'NONE', #641, #5267, #2215, .T. ) ;
#677 = ORIENTED_EDGE ( 'NONE', *, *, #2609, .T. ) ;
#678 = LINE ( 'NONE', #4121, #2765 ) ;
#679 = ORIENTED_EDGE ( 'NONE', *, *, #5208, .F. ) ;
#680 = CARTESIAN_POINT ( 'NONE',  ( 0.9299999999999972733, 4.226831086995316511, -2.625000000000003997 ) ) ;
#681 = APPLICATION_PROTOCOL_DEFINITION ( 'draft international standard', 'automotive_design', 1998, #2727 ) ;
#682 = ADVANCED_FACE ( 'NONE', ( #1307 ), #909, .F. ) ;
#683 = ORIENTED_EDGE ( 'NONE', *, *, #656, .F. ) ;
#684 = CARTESIAN_POINT ( 'NONE',  ( -3.430000000000002380, 4.625000000000000888, -2.000000000000004441 ) ) ;
#685 = EDGE_CURVE ( 'NONE', #1632, #5262, #4768, .T. ) ;
#686 = LINE ( 'NONE', #1567, #1491 ) ;
#687 = CARTESIAN_POINT ( 'NONE',  ( -8.024999999999993250, 4.325000000000001066, 4.749999999999997335 ) ) ;
#688 = EDGE_CURVE ( 'NONE', #5319, #1883, #884, .T. ) ;
#689 = DIRECTION ( 'NONE',  ( 1.000000000000000000, 0.000000000000000000, -0.000000000000000000 ) ) ;
#690 = DIRECTION ( 'NONE',  ( -0.000000000000000000, 1.000000000000000000, -0.000000000000000000 ) ) ;
#691 = ORIENTED_EDGE ( 'NONE', *, *, #2172, .F. ) ;
#692 = CARTESIAN_POINT ( 'NONE',  ( -9.499999999999998224, 0.1849999999999999978, 4.999999999999996447 ) ) ;
#693 = DIRECTION ( 'NONE',  ( -0.000000000000000000, -0.000000000000000000, 1.000000000000000000 ) ) ;
#694 = CARTESIAN_POINT ( 'NONE',  ( 6.054999999999997939, 0.7650000000000000133, -8.050000000000006040 ) ) ;
#695 = ORIENTED_EDGE ( 'NONE', *, *, #1396, .F. ) ;
#696 = DIRECTION ( 'NONE',  ( 0.000000000000000000, 0.000000000000000000, -1.000000000000000000 ) ) ;
#697 = ORIENTED_EDGE ( 'NONE', *, *, #228, .T. ) ;
#698 = CARTESIAN_POINT ( 'NONE',  ( 8.324999999999999289, 0.6749999999999990452, 1.099999999999996758 ) ) ;
#699 = LINE ( 'NONE', #3216, #460 ) ;
#700 = ORIENTED_EDGE ( 'NONE', *, *, #2243, .T. ) ;
#701 = ORIENTED_EDGE ( 'NONE', *, *, #4234, .T. ) ;
#702 = ORIENTED_EDGE ( 'NONE', *, *, #4983, .F. ) ;
#703 = LINE ( 'NONE', #5501, #4667 ) ;
#704 = ORIENTED_EDGE ( 'NONE', *, *, #2860, .F. ) ;
#705 = LINE ( 'NONE', #1864, #5109 ) ;
#706 = CARTESIAN_POINT ( 'NONE',  ( 6.569999999999997620, 3.479999999999999982, -2.000000000000004441 ) ) ;
#707 = ORIENTED_EDGE ( 'NONE', *, *, #1972, .T. ) ;
#708 = ORIENTED_EDGE ( 'NONE', *, *, #3517, .F. ) ;
#709 = EDGE_LOOP ( 'NONE', ( #3533, #1352, #3364, #804 ) ) ;
#710 = EDGE_CURVE ( 'NONE', #500, #72, #2187, .T. ) ;
#711 = LINE ( 'NONE', #179, #3156 ) ;
#712 = DIRECTION ( 'NONE',  ( 0.000000000000000000, 0.000000000000000000, 1.000000000000000000 ) ) ;
#713 = LINE ( 'NONE', #4104, #4795 ) ;
#714 = EDGE_CURVE ( 'NONE', #2479, #4770, #1397, .T. ) ;
#715 = CARTESIAN_POINT ( 'NONE',  ( -9.499999999999998224, 0.000000000000000000, 4.814999999999998614 ) ) ;
#716 = CARTESIAN_POINT ( 'NONE',  ( 3.429999999999997939, 4.120000000000000107, -0.5000000000000038858 ) ) ;
#717 = VERTEX_POINT ( 'NONE', #485 ) ;
#718 = DIRECTION ( 'NONE',  ( 0.000000000000000000, 0.000000000000000000, 1.000000000000000000 ) ) ;
#719 = DIRECTION ( 'NONE',  ( 1.000000000000000000, 0.000000000000000000, -0.000000000000000000 ) ) ;
#720 = DIRECTION ( 'NONE',  ( 0.000000000000000000, 1.247005693593550945E-16, -1.000000000000000000 ) ) ;
#721 = EDGE_CURVE ( 'NONE', #65, #4226, #3933, .T. ) ;
#722 = VECTOR ( 'NONE', #231, 1000.000000000000000 ) ;
#723 = ADVANCED_FACE ( 'NONE', ( #3118 ), #63, .F. ) ;
#724 = EDGE_CURVE ( 'NONE', #217, #4214, #3508, .T. ) ;
#725 = CARTESIAN_POINT ( 'NONE',  ( -9.049999999999997158, 2.249999999999999556, 1.099999999999996758 ) ) ;
#726 = ORIENTED_EDGE ( 'NONE', *, *, #2173, .T. ) ;
#727 = CARTESIAN_POINT ( 'NONE',  ( 8.324999999999999289, 0.1249999999999990563, 1.099999999999996758 ) ) ;
#728 = AXIS2_PLACEMENT_3D ( 'NONE', #2361, #5023, #4590 ) ;
#729 = LINE ( 'NONE', #4522, #4524 ) ;
#730 = ORIENTED_EDGE ( 'NONE', *, *, #2076, .F. ) ;
#731 = ORIENTED_EDGE ( 'NONE', *, *, #4234, .F. ) ;
#732 = MANIFOLD_SOLID_BREP ( 'Chamfer1', #4712 ) ;
#733 = VECTOR ( 'NONE', #3750, 999.9999999999998863 ) ;
#734 = ORIENTED_EDGE ( 'NONE', *, *, #3023, .F. ) ;
#735 = FACE_OUTER_BOUND ( 'NONE', #1380, .T. ) ;
#736 = LINE ( 'NONE', #4644, #3387 ) ;
#737 = FACE_OUTER_BOUND ( 'NONE', #5378, .T. ) ;
#738 = VERTEX_POINT ( 'NONE', #4582 ) ;
#739 = VERTEX_POINT ( 'NONE', #2510 ) ;
#740 = CARTESIAN_POINT ( 'NONE',  ( 5.021051876504147385E-16, 1.225000000000000311, 4.749999999999997335 ) ) ;
#741 = CARTESIAN_POINT ( 'NONE',  ( -5.299999999999997158, 5.325000000000000178, 4.999999999999997335 ) ) ;
#742 = VECTOR ( 'NONE', #3175, 1000.000000000000000 ) ;
#743 = CARTESIAN_POINT ( 'NONE',  ( 6.054999999999997939, 4.119999999999999218, 1.649999999999993916 ) ) ;
#744 = VECTOR ( 'NONE', #5489, 1000.000000000000000 ) ;
#745 = EDGE_CURVE ( 'NONE', #1275, #4881, #1321, .T. ) ;
#746 = PLANE ( 'NONE',  #4749 ) ;
#747 = DIRECTION ( 'NONE',  ( -0.6447108186924361828, -0.4107260894097992665, -0.6447108186924291884 ) ) ;
#748 = EDGE_LOOP ( 'NONE', ( #503, #4543, #5265, #1158, #138, #957, #649, #3761 ) ) ;
#749 = LINE ( 'NONE', #239, #4240 ) ;
#750 = DIRECTION ( 'NONE',  ( -1.000000000000000000, -0.000000000000000000, -0.000000000000000000 ) ) ;
#751 = DIRECTION ( 'NONE',  ( 0.000000000000000000, 0.000000000000000000, -1.000000000000000000 ) ) ;
#752 = VECTOR ( 'NONE', #3956, 1000.000000000000000 ) ;
#753 = DIRECTION ( 'NONE',  ( 0.000000000000000000, 0.000000000000000000, -1.000000000000000000 ) ) ;
#754 = VERTEX_POINT ( 'NONE', #2937 ) ;
#755 = EDGE_CURVE ( 'NONE', #3694, #554, #4609, .T. ) ;
#756 = CARTESIAN_POINT ( 'NONE',  ( -8.774999999999996803, 5.325000000000000178, 4.999999999999996447 ) ) ;
#757 = CARTESIAN_POINT ( 'NONE',  ( -9.049999999999997158, 2.249999999999999556, 4.999999999999996447 ) ) ;
#758 = ORIENTED_EDGE ( 'NONE', *, *, #1443, .T. ) ;
#759 = EDGE_CURVE ( 'NONE', #5351, #976, #703, .T. ) ;
#760 = ORIENTED_EDGE ( 'NONE', *, *, #1341, .T. ) ;
#761 = EDGE_CURVE ( 'NONE', #2295, #4645, #4146, .T. ) ;
#762 = CARTESIAN_POINT ( 'NONE',  ( -8.774999999999996803, 6.125000000000000000, 4.999999999999995559 ) ) ;
#763 = CARTESIAN_POINT ( 'NONE',  ( -0.9300000000000020473, 0.1249999999999992506, -2.625000000000004441 ) ) ;
#764 = LINE ( 'NONE', #3330, #2193 ) ;
#765 = MECHANICAL_DESIGN_GEOMETRIC_PRESENTATION_REPRESENTATION (  '', ( #4926 ), #855 ) ;
#766 = DIRECTION ( 'NONE',  ( 2.351315273210297824E-32, 1.000000000000000000, 0.000000000000000000 ) ) ;
#767 = ORIENTED_EDGE ( 'NONE', *, *, #1170, .T. ) ;
#768 = VECTOR ( 'NONE', #4029, 1000.000000000000000 ) ;
#769 = ORIENTED_EDGE ( 'NONE', *, *, #3572, .F. ) ;
#770 = DIRECTION ( 'NONE',  ( 0.000000000000000000, -1.000000000000000000, 2.710505431213761085E-15 ) ) ;
#771 = FACE_OUTER_BOUND ( 'NONE', #3593, .T. ) ;
#772 = CARTESIAN_POINT ( 'NONE',  ( -8.324999999999999289, 0.6749999999999990452, 4.999999999999996447 ) ) ;
#773 = AXIS2_PLACEMENT_3D ( 'NONE', #5165, #4663, #2563 ) ;
#774 = DIRECTION ( 'NONE',  ( 0.000000000000000000, -1.000000000000000000, 0.000000000000000000 ) ) ;
#775 = CARTESIAN_POINT ( 'NONE',  ( -9.049999999999997158, 0.000000000000000000, 4.814999999999998614 ) ) ;
#776 = ORIENTED_EDGE ( 'NONE', *, *, #2011, .F. ) ;
#777 = PLANE ( 'NONE',  #3235 ) ;
#778 = DIRECTION ( 'NONE',  ( -1.000000000000000000, -0.000000000000000000, -0.000000000000000000 ) ) ;
#779 = DIRECTION ( 'NONE',  ( -0.000000000000000000, -0.000000000000000000, 1.000000000000000000 ) ) ;
#780 = PRESENTATION_LAYER_ASSIGNMENT (  '', '', ( #3961 ) ) ;
#781 = PLANE ( 'NONE',  #4086 ) ;
#782 = ORIENTED_EDGE ( 'NONE', *, *, #2320, .T. ) ;
#783 = LINE ( 'NONE', #2958, #4491 ) ;
#784 = DIRECTION ( 'NONE',  ( 1.000000000000000000, -0.000000000000000000, -0.000000000000000000 ) ) ;
#785 = ORIENTED_EDGE ( 'NONE', *, *, #1411, .F. ) ;
#786 = EDGE_CURVE ( 'NONE', #3983, #4057, #3357, .T. ) ;
#787 = VECTOR ( 'NONE', #3637, 1000.000000000000000 ) ;
#788 = EDGE_CURVE ( 'NONE', #310, #1573, #2429, .T. ) ;
#789 = ORIENTED_EDGE ( 'NONE', *, *, #987, .T. ) ;
#790 =( NAMED_UNIT ( * ) PLANE_ANGLE_UNIT ( ) SI_UNIT ( $, .RADIAN. ) );
#791 = ORIENTED_EDGE ( 'NONE', *, *, #1857, .F. ) ;
#792 = DIRECTION ( 'NONE',  ( 0.7071067811865436870, 0.000000000000000000, 0.7071067811865513475 ) ) ;
#793 = LINE ( 'NONE', #2169, #2913 ) ;
#794 = ORIENTED_EDGE ( 'NONE', *, *, #99, .F. ) ;
#795 = ADVANCED_FACE ( 'NONE', ( #735 ), #5040, .F. ) ;
#796 = ORIENTED_EDGE ( 'NONE', *, *, #755, .T. ) ;
#797 = EDGE_LOOP ( 'NONE', ( #524, #4647, #5199, #4610, #3182, #560, #2769 ) ) ;
#798 = DIRECTION ( 'NONE',  ( -0.000000000000000000, 0.000000000000000000, 1.000000000000000000 ) ) ;
#799 = SURFACE_STYLE_FILL_AREA ( #3791 ) ;
#800 = DIRECTION ( 'NONE',  ( 0.000000000000000000, -1.084202172485504040E-15, -1.000000000000000000 ) ) ;
#801 = VECTOR ( 'NONE', #3993, 1000.000000000000000 ) ;
#802 = FACE_OUTER_BOUND ( 'NONE', #4460, .T. ) ;
#803 = LINE ( 'NONE', #5104, #4844 ) ;
#804 = ORIENTED_EDGE ( 'NONE', *, *, #4936, .F. ) ;
#805 = DIRECTION ( 'NONE',  ( -0.000000000000000000, -0.000000000000000000, 1.000000000000000000 ) ) ;
#806 = DIRECTION ( 'NONE',  ( -1.000000000000000000, 0.000000000000000000, 0.000000000000000000 ) ) ;
#807 = LINE ( 'NONE', #1285, #3270 ) ;
#808 = EDGE_CURVE ( 'NONE', #4140, #1038, #2458, .T. ) ;
#809 = ORIENTED_EDGE ( 'NONE', *, *, #404, .T. ) ;
#810 = AXIS2_PLACEMENT_3D ( 'NONE', #2376, #223, #4328 ) ;
#811 = DIRECTION ( 'NONE',  ( 0.000000000000000000, 0.000000000000000000, -1.000000000000000000 ) ) ;
#812 = ORIENTED_EDGE ( 'NONE', *, *, #1549, .T. ) ;
#813 = CARTESIAN_POINT ( 'NONE',  ( -0.9300000000000020473, 3.479999999999999982, -4.400000000000003908 ) ) ;
#814 = PLANE ( 'NONE',  #5155 ) ;
#815 = VECTOR ( 'NONE', #3373, 1000.000000000000000 ) ;
#816 = VECTOR ( 'NONE', #3650, 1000.000000000000000 ) ;
#817 = EDGE_LOOP ( 'NONE', ( #1440, #3619, #2097, #2231 ) ) ;
#818 = EDGE_CURVE ( 'NONE', #417, #2993, #311, .T. ) ;
#819 = DIRECTION ( 'NONE',  ( -0.000000000000000000, 1.000000000000000000, -0.000000000000000000 ) ) ;
#820 = EDGE_CURVE ( 'NONE', #1648, #3670, #1161, .T. ) ;
#821 = ORIENTED_EDGE ( 'NONE', *, *, #3039, .T. ) ;
#822 = CARTESIAN_POINT ( 'NONE',  ( 6.569999999999997620, 4.119999999999999218, 1.306565322568165266 ) ) ;
#823 =( GEOMETRIC_REPRESENTATION_CONTEXT ( 3 ) GLOBAL_UNCERTAINTY_ASSIGNED_CONTEXT ( ( #349 ) ) GLOBAL_UNIT_ASSIGNED_CONTEXT ( ( #2344, #5466, #1931 ) ) REPRESENTATION_CONTEXT ( 'NONE', 'WORKASPACE' ) );
#824 = ORIENTED_EDGE ( 'NONE', *, *, #2901, .T. ) ;
#825 = VECTOR ( 'NONE', #3458, 1000.000000000000000 ) ;
#826 = AXIS2_PLACEMENT_3D ( 'NONE', #2219, #4416, #3513 ) ;
#827 = ORIENTED_EDGE ( 'NONE', *, *, #1669, .T. ) ;
#828 = VERTEX_POINT ( 'NONE', #2036 ) ;
#829 = ADVANCED_FACE ( 'NONE', ( #4208 ), #3755, .F. ) ;
#830 = CARTESIAN_POINT ( 'NONE',  ( 0.9299999999999977174, 0.4099999999999989209, -2.000000000000004441 ) ) ;
#831 = EDGE_CURVE ( 'NONE', #3557, #1413, #5525, .T. ) ;
#832 = DIRECTION ( 'NONE',  ( -0.7071067811865473507, -8.817661821182341427E-17, 0.7071067811865476838 ) ) ;
#833 = LINE ( 'NONE', #1741, #4978 ) ;
#834 = EDGE_CURVE ( 'NONE', #423, #4297, #4986, .T. ) ;
#835 = LINE ( 'NONE', #2553, #2520 ) ;
#836 = CARTESIAN_POINT ( 'NONE',  ( -9.499999999999998224, 0.4749999999999999778, 1.099999999999996758 ) ) ;
#837 = ORIENTED_EDGE ( 'NONE', *, *, #2522, .F. ) ;
#838 = EDGE_CURVE ( 'NONE', #5115, #1951, #678, .T. ) ;
#839 = DIRECTION ( 'NONE',  ( -1.000000000000000000, -0.000000000000000000, -0.000000000000000000 ) ) ;
#840 = CARTESIAN_POINT ( 'NONE',  ( 3.429999999999997939, 4.120000000000000107, -0.5000000000000038858 ) ) ;
#841 = PLANE ( 'NONE',  #1095 ) ;
#842 = VECTOR ( 'NONE', #4773, 1000.000000000000000 ) ;
#843 = CARTESIAN_POINT ( 'NONE',  ( -8.774999999999996803, 4.099417034833817475, -2.825000000000004619 ) ) ;
#844 = EDGE_LOOP ( 'NONE', ( #4513, #1640, #1007, #4176, #2165, #1245 ) ) ;
#845 = CIRCLE ( 'NONE', #3998, 1.040000000000000036 ) ;
#846 = CARTESIAN_POINT ( 'NONE',  ( 6.569999999999997620, 3.479999999999999982, 1.306565322568164822 ) ) ;
#847 = CARTESIAN_POINT ( 'NONE',  ( -1.570000000000002061, 0.4099999999999990319, -2.625000000000004885 ) ) ;
#848 = ORIENTED_EDGE ( 'NONE', *, *, #99, .T. ) ;
#849 = ADVANCED_FACE ( 'NONE', ( #1557 ), #876, .F. ) ;
#850 = LINE ( 'NONE', #589, #3283 ) ;
#851 = VERTEX_POINT ( 'NONE', #1325 ) ;
#852 = CARTESIAN_POINT ( 'NONE',  ( -0.9300000000000020473, 0.1249999999999992506, -2.000000000000004441 ) ) ;
#853 = AXIS2_PLACEMENT_3D ( 'NONE', #21, #1678, #4293 ) ;
#854 = VERTEX_POINT ( 'NONE', #422 ) ;
#855 =( GEOMETRIC_REPRESENTATION_CONTEXT ( 3 ) GLOBAL_UNCERTAINTY_ASSIGNED_CONTEXT ( ( #5212 ) ) GLOBAL_UNIT_ASSIGNED_CONTEXT ( ( #2684, #4381, #4737 ) ) REPRESENTATION_CONTEXT ( 'NONE', 'WORKASPACE' ) );
#856 = EDGE_LOOP ( 'NONE', ( #700, #2151, #2871, #3326 ) ) ;
#857 = CYLINDRICAL_SURFACE ( 'NONE', #3002, 3.000000000000000000 ) ;
#858 = DIRECTION ( 'NONE',  ( 0.000000000000000000, -1.247005693593550945E-16, 1.000000000000000000 ) ) ;
#859 = ADVANCED_FACE ( 'NONE', ( #2623 ), #3865, .F. ) ;
#860 = AXIS2_PLACEMENT_3D ( 'NONE', #4684, #2892, #1173 ) ;
#861 = EDGE_CURVE ( 'NONE', #5027, #294, #1050, .T. ) ;
#862 = DIRECTION ( 'NONE',  ( -1.000000000000000000, 0.000000000000000000, 0.000000000000000000 ) ) ;
#863 = LINE ( 'NONE', #4769, #2934 ) ;
#864 = ORIENTED_EDGE ( 'NONE', *, *, #3651, .T. ) ;
#865 = LINE ( 'NONE', #3769, #363 ) ;
#866 = PLANE ( 'NONE',  #3082 ) ;
#867 = CARTESIAN_POINT ( 'NONE',  ( -0.9300000000000028244, 4.226831086995314735, -2.625000000000004885 ) ) ;
#868 = VECTOR ( 'NONE', #954, 1000.000000000000000 ) ;
#869 = ADVANCED_FACE ( 'NONE', ( #4320 ), #1758, .F. ) ;
#870 = DIRECTION ( 'NONE',  ( 0.7071067811865513475, 0.000000000000000000, 0.7071067811865436870 ) ) ;
#871 = CARTESIAN_POINT ( 'NONE',  ( -9.499999999999998224, 0.1849999999999999978, 4.999999999999996447 ) ) ;
#872 = VERTEX_POINT ( 'NONE', #4345 ) ;
#873 = DIRECTION ( 'NONE',  ( 0.000000000000000000, 0.5372996083468247752, 0.8433914458128850544 ) ) ;
#874 = LINE ( 'NONE', #5166, #1997 ) ;
#875 = VERTEX_POINT ( 'NONE', #4729 ) ;
#876 = PLANE ( 'NONE',  #3753 ) ;
#877 = ORIENTED_EDGE ( 'NONE', *, *, #1882, .T. ) ;
#878 = CARTESIAN_POINT ( 'NONE',  ( -9.499999999999998224, 2.249999999999999556, 4.099999999999996092 ) ) ;
#879 = ORIENTED_EDGE ( 'NONE', *, *, #3171, .T. ) ;
#880 = CARTESIAN_POINT ( 'NONE',  ( 5.929999999999997939, 1.165000000000000036, -5.690000000000006608 ) ) ;
#881 = DIRECTION ( 'NONE',  ( 1.000000000000000000, 0.000000000000000000, 0.000000000000000000 ) ) ;
#882 = DIRECTION ( 'NONE',  ( -0.000000000000000000, 1.000000000000000000, -0.000000000000000000 ) ) ;
#883 = EDGE_CURVE ( 'NONE', #445, #2459, #3411, .T. ) ;
#884 = LINE ( 'NONE', #461, #3779 ) ;
#885 = PLANE ( 'NONE',  #3745 ) ;
#886 = ORIENTED_EDGE ( 'NONE', *, *, #4984, .F. ) ;
#887 = LINE ( 'NONE', #3855, #1251 ) ;
#888 = CARTESIAN_POINT ( 'NONE',  ( 3.229999999999995541, 0.1249999999999992506, -2.825000000000004619 ) ) ;
#889 = DIRECTION ( 'NONE',  ( -0.000000000000000000, 0.000000000000000000, 1.000000000000000000 ) ) ;
#890 = LINE ( 'NONE', #1259, #2891 ) ;
#891 = CARTESIAN_POINT ( 'NONE',  ( 9.049999999999997158, 0.4749999999999999778, 1.099999999999996758 ) ) ;
#892 = ORIENTED_EDGE ( 'NONE', *, *, #2229, .T. ) ;
#893 = CARTESIAN_POINT ( 'NONE',  ( 6.569999999999997620, 1.165000000000000258, -5.050000000000007816 ) ) ;
#894 = PLANE ( 'NONE',  #3527 ) ;
#895 = LINE ( 'NONE', #4366, #1379 ) ;
#896 = ORIENTED_EDGE ( 'NONE', *, *, #788, .T. ) ;
#897 = EDGE_CURVE ( 'NONE', #5090, #3020, #5602, .T. ) ;
#898 = EDGE_LOOP ( 'NONE', ( #1192, #4379, #1288, #3328 ) ) ;
#899 = DIRECTION ( 'NONE',  ( 0.000000000000000000, 0.000000000000000000, -1.000000000000000000 ) ) ;
#900 = VERTEX_POINT ( 'NONE', #5554 ) ;
#901 = DIRECTION ( 'NONE',  ( -0.000000000000000000, 1.000000000000000000, -0.000000000000000000 ) ) ;
#902 = ORIENTED_EDGE ( 'NONE', *, *, #351, .F. ) ;
#903 = VECTOR ( 'NONE', #2226, 1000.000000000000000 ) ;
#904 = FACE_OUTER_BOUND ( 'NONE', #4922, .T. ) ;
#905 = VECTOR ( 'NONE', #4824, 1000.000000000000000 ) ;
#906 = CARTESIAN_POINT ( 'NONE',  ( -12.50000000000000000, 0.000000000000000000, 0.000000000000000000 ) ) ;
#907 = LINE ( 'NONE', #4409, #2800 ) ;
#908 = VECTOR ( 'NONE', #5341, 1000.000000000000000 ) ;
#909 = PLANE ( 'NONE',  #810 ) ;
#910 = FACE_OUTER_BOUND ( 'NONE', #2967, .T. ) ;
#911 = ORIENTED_EDGE ( 'NONE', *, *, #1629, .F. ) ;
#912 = DIRECTION ( 'NONE',  ( 1.000000000000000000, -2.351315273210297824E-32, 1.885568995626964287E-16 ) ) ;
#913 = DIRECTION ( 'NONE',  ( -0.000000000000000000, 1.000000000000000000, -0.000000000000000000 ) ) ;
#914 = FACE_OUTER_BOUND ( 'NONE', #2906, .T. ) ;
#915 = FACE_OUTER_BOUND ( 'NONE', #3868, .T. ) ;
#916 = FACE_OUTER_BOUND ( 'NONE', #2291, .T. ) ;
#917 = VERTEX_POINT ( 'NONE', #2094 ) ;
#918 = DIRECTION ( 'NONE',  ( -1.000000000000000000, -0.000000000000000000, -0.000000000000000000 ) ) ;
#919 = CARTESIAN_POINT ( 'NONE',  ( 0.9299999999999977174, 0.1249999999999992506, -2.000000000000004441 ) ) ;
#920 = PLANE ( 'NONE',  #1748 ) ;
#921 = ORIENTED_EDGE ( 'NONE', *, *, #2899, .T. ) ;
#922 = VECTOR ( 'NONE', #1607, 1000.000000000000000 ) ;
#923 = EDGE_CURVE ( 'NONE', #4319, #1174, #1354, .T. ) ;
#924 = EDGE_LOOP ( 'NONE', ( #1109, #3016, #4828, #1096, #5344, #623, #5150, #4162 ) ) ;
#925 = ORIENTED_EDGE ( 'NONE', *, *, #1938, .F. ) ;
#926 = DIRECTION ( 'NONE',  ( -0.000000000000000000, 1.000000000000000000, -0.000000000000000000 ) ) ;
#927 = LINE ( 'NONE', #4374, #3885 ) ;
#928 = VECTOR ( 'NONE', #1749, 1000.000000000000000 ) ;
#929 = EDGE_CURVE ( 'NONE', #1090, #3391, #5141, .T. ) ;
#930 = VERTEX_POINT ( 'NONE', #3810 ) ;
#931 = CARTESIAN_POINT ( 'NONE',  ( 6.569999999999997620, 1.165000000000000036, -6.090000000000007851 ) ) ;
#932 =( LENGTH_UNIT ( ) NAMED_UNIT ( * ) SI_UNIT ( .MILLI., .METRE. ) );
#933 = LINE ( 'NONE', #2242, #1642 ) ;
#934 = CARTESIAN_POINT ( 'NONE',  ( -7.624999999999996447, 0.000000000000000000, -2.825000000000005063 ) ) ;
#935 = DIRECTION ( 'NONE',  ( 1.000000000000000000, 0.000000000000000000, 0.000000000000000000 ) ) ;
#936 = ORIENTED_EDGE ( 'NONE', *, *, #5038, .T. ) ;
#937 = DIRECTION ( 'NONE',  ( 0.7071067811865513475, 0.000000000000000000, -0.7071067811865436870 ) ) ;
#938 = FACE_OUTER_BOUND ( 'NONE', #4955, .T. ) ;
#939 = DIRECTION ( 'NONE',  ( 1.000000000000000000, 0.000000000000000000, 0.000000000000000000 ) ) ;
#940 = AXIS2_PLACEMENT_3D ( 'NONE', #4884, #435, #2582 ) ;
#941 = VECTOR ( 'NONE', #1692, 1000.000000000000000 ) ;
#942 = CARTESIAN_POINT ( 'NONE',  ( -4.070000000000002061, 0.1249999999999992506, -2.000000000000004441 ) ) ;
#943 = ORIENTED_EDGE ( 'NONE', *, *, #5083, .F. ) ;
#944 = DIRECTION ( 'NONE',  ( 0.000000000000000000, 0.000000000000000000, -1.000000000000000000 ) ) ;
#945 = ORIENTED_EDGE ( 'NONE', *, *, #4206, .T. ) ;
#946 = CARTESIAN_POINT ( 'NONE',  ( -4.070000000000002061, 3.479999999999999982, -0.5000000000000034417 ) ) ;
#947 = FACE_OUTER_BOUND ( 'NONE', #2718, .T. ) ;
#948 =( GEOMETRIC_REPRESENTATION_CONTEXT ( 3 ) GLOBAL_UNCERTAINTY_ASSIGNED_CONTEXT ( ( #1837 ) ) GLOBAL_UNIT_ASSIGNED_CONTEXT ( ( #144, #2235, #1789 ) ) REPRESENTATION_CONTEXT ( 'NONE', 'WORKASPACE' ) );
#949 = DIRECTION ( 'NONE',  ( 0.7071067811865513475, 0.000000000000000000, -0.7071067811865436870 ) ) ;
#950 = VERTEX_POINT ( 'NONE', #3439 ) ;
#951 = VERTEX_POINT ( 'NONE', #2202 ) ;
#952 = EDGE_LOOP ( 'NONE', ( #1106, #2455, #3542, #2903 ) ) ;
#953 = DIRECTION ( 'NONE',  ( 0.000000000000000000, 0.000000000000000000, 1.000000000000000000 ) ) ;
#954 = DIRECTION ( 'NONE',  ( 1.000000000000000000, -0.000000000000000000, -0.000000000000000000 ) ) ;
#955 = ORIENTED_EDGE ( 'NONE', *, *, #474, .T. ) ;
#956 = EDGE_CURVE ( 'NONE', #983, #5316, #5204, .T. ) ;
#957 = ORIENTED_EDGE ( 'NONE', *, *, #3276, .F. ) ;
#958 = VERTEX_POINT ( 'NONE', #1787 ) ;
#959 = PLANE ( 'NONE',  #25 ) ;
#960 = FILL_AREA_STYLE ('',( #2210 ) ) ;
#961 = LINE ( 'NONE', #2659, #3790 ) ;
#962 = EDGE_CURVE ( 'NONE', #3073, #4264, #2380, .T. ) ;
#963 = PLANE ( 'NONE',  #3022 ) ;
#964 = ORIENTED_EDGE ( 'NONE', *, *, #5498, .F. ) ;
#965 = CARTESIAN_POINT ( 'NONE',  ( 6.574999999999997513, 5.325000000000000178, 4.410000000000013465 ) ) ;
#966 = DIRECTION ( 'NONE',  ( 1.000000000000000000, 0.000000000000000000, -0.000000000000000000 ) ) ;
#967 = PLANE ( 'NONE',  #3706 ) ;
#968 = DIRECTION ( 'NONE',  ( 0.000000000000000000, 0.000000000000000000, -1.000000000000000000 ) ) ;
#969 = CARTESIAN_POINT ( 'NONE',  ( 1.569999999999998064, 4.226831086995314735, -2.625000000000004885 ) ) ;
#970 = VERTEX_POINT ( 'NONE', #3017 ) ;
#971 = DIRECTION ( 'NONE',  ( -0.000000000000000000, -0.000000000000000000, 1.000000000000000000 ) ) ;
#972 = DIRECTION ( 'NONE',  ( 1.000000000000000000, 0.000000000000000000, 0.000000000000000000 ) ) ;
#973 = CARTESIAN_POINT ( 'NONE',  ( 1.769999999999999796, 4.099417034833815698, -2.825000000000004619 ) ) ;
#974 = VERTEX_POINT ( 'NONE', #1266 ) ;
#975 = VECTOR ( 'NONE', #1774, 1000.000000000000000 ) ;
#976 = VERTEX_POINT ( 'NONE', #2649 ) ;
#977 = EDGE_LOOP ( 'NONE', ( #1383, #563, #4138, #3627 ) ) ;
#978 = CARTESIAN_POINT ( 'NONE',  ( -9.049999999999997158, 0.1849999999999999978, 1.429999999999996829 ) ) ;
#979 = ORIENTED_EDGE ( 'NONE', *, *, #4879, .F. ) ;
#980 = ORIENTED_EDGE ( 'NONE', *, *, #5215, .T. ) ;
#981 = ADVANCED_FACE ( 'NONE', ( #448 ), #4817, .F. ) ;
#982 = ORIENTED_EDGE ( 'NONE', *, *, #3719, .T. ) ;
#983 = VERTEX_POINT ( 'NONE', #4698 ) ;
#984 = DIRECTION ( 'NONE',  ( -0.000000000000000000, 1.000000000000000000, 0.000000000000000000 ) ) ;
#985 = DIRECTION ( 'NONE',  ( 0.000000000000000000, 0.000000000000000000, 1.000000000000000000 ) ) ;
#986 = VECTOR ( 'NONE', #1917, 1000.000000000000000 ) ;
#987 = EDGE_CURVE ( 'NONE', #2464, #275, #4761, .T. ) ;
#988 = EDGE_CURVE ( 'NONE', #527, #2688, #396, .T. ) ;
#989 = VECTOR ( 'NONE', #1779, 1000.000000000000000 ) ;
#990 = LINE ( 'NONE', #4907, #225 ) ;
#991 = ORIENTED_EDGE ( 'NONE', *, *, #1601, .F. ) ;
#992 = LINE ( 'NONE', #2664, #801 ) ;
#993 = EDGE_CURVE ( 'NONE', #717, #526, #3842, .T. ) ;
#994 = CARTESIAN_POINT ( 'NONE',  ( 6.569999999999997620, 3.480000000000000426, -5.050000000000007816 ) ) ;
#995 = LINE ( 'NONE', #3123, #3794 ) ;
#996 = AXIS2_PLACEMENT_3D ( 'NONE', #1977, #4553, #3693 ) ;
#997 = VECTOR ( 'NONE', #1230, 999.9999999999998863 ) ;
#998 = EDGE_CURVE ( 'NONE', #5521, #423, #850, .T. ) ;
#999 = FACE_OUTER_BOUND ( 'NONE', #3433, .T. ) ;
#1000 = PLANE ( 'NONE',  #4290 ) ;
#1001 = ORIENTED_EDGE ( 'NONE', *, *, #264, .T. ) ;
#1002 = DIRECTION ( 'NONE',  ( -1.000000000000000000, -0.000000000000000000, -0.000000000000000000 ) ) ;
#1003 = CARTESIAN_POINT ( 'NONE',  ( -5.299999999999997158, 0.03531900772834901253, 4.999999999999995559 ) ) ;
#1004 = ADVANCED_BREP_SHAPE_REPRESENTATION ( '', ( #732, #671 ), #580 ) ;
#1005 = CARTESIAN_POINT ( 'NONE',  ( 5.929999999999997939, 1.164999999999995595, -7.706565322568176057 ) ) ;
#1006 = ORIENTED_EDGE ( 'NONE', *, *, #2354, .F. ) ;
#1007 = ORIENTED_EDGE ( 'NONE', *, *, #2398, .T. ) ;
#1008 = VERTEX_POINT ( 'NONE', #1009 ) ;
#1009 = CARTESIAN_POINT ( 'NONE',  ( 7.164999999999997371, 6.125000000000000000, 4.999999999999995559 ) ) ;
#1010 = CARTESIAN_POINT ( 'NONE',  ( -19.86055906122973980, 4.325000000000001066, 4.999999999999996447 ) ) ;
#1011 = ORIENTED_EDGE ( 'NONE', *, *, #5570, .F. ) ;
#1012 = VECTOR ( 'NONE', #156, 1000.000000000000000 ) ;
#1013 = VECTOR ( 'NONE', #2115, 1000.000000000000000 ) ;
#1014 = ORIENTED_EDGE ( 'NONE', *, *, #5506, .T. ) ;
#1015 = AXIS2_PLACEMENT_3D ( 'NONE', #2493, #1277, #4244 ) ;
#1016 = DIRECTION ( 'NONE',  ( 0.000000000000000000, -1.000000000000000000, 0.000000000000000000 ) ) ;
#1017 =( NAMED_UNIT ( * ) PLANE_ANGLE_UNIT ( ) SI_UNIT ( $, .RADIAN. ) );
#1018 = CARTESIAN_POINT ( 'NONE',  ( 6.569999999999997620, 0.6399999999999992362, -8.050000000000006040 ) ) ;
#1019 = EDGE_CURVE ( 'NONE', #2295, #217, #1470, .T. ) ;
#1020 = VECTOR ( 'NONE', #5421, 1000.000000000000000 ) ;
#1021 = CARTESIAN_POINT ( 'NONE',  ( 3.429999999999997939, 4.120000000000000107, -4.400000000000003908 ) ) ;
#1022 = ORIENTED_EDGE ( 'NONE', *, *, #131, .F. ) ;
#1023 = CARTESIAN_POINT ( 'NONE',  ( -8.774999999999996803, 4.625000000000000888, -2.000000000000004441 ) ) ;
#1024 = DIRECTION ( 'NONE',  ( 0.000000000000000000, 0.000000000000000000, 1.000000000000000000 ) ) ;
#1025 = UNCERTAINTY_MEASURE_WITH_UNIT (LENGTH_MEASURE( 1.000000000000000082E-05 ), #5296, 'distance_accuracy_value', 'NONE');
#1026 = DIRECTION ( 'NONE',  ( -0.7071067811865584529, -2.666597246405827230E-16, 0.7071067811865365815 ) ) ;
#1027 = EDGE_CURVE ( 'NONE', #487, #1663, #2736, .T. ) ;
#1028 = ADVANCED_FACE ( 'NONE', ( #3105 ), #4924, .F. ) ;
#1029 = EDGE_CURVE ( 'NONE', #4118, #950, #194, .T. ) ;
#1030 = DIRECTION ( 'NONE',  ( 0.000000000000000000, -1.000000000000000000, 0.000000000000000000 ) ) ;
#1031 = CARTESIAN_POINT ( 'NONE',  ( 8.807290706605009234, -0.3838315910011450005, -9.862290706604937895 ) ) ;
#1032 = VERTEX_POINT ( 'NONE', #4495 ) ;
#1033 = CARTESIAN_POINT ( 'NONE',  ( 4.069999999999997620, 4.120000000000000107, -0.5000000000000038858 ) ) ;
#1034 = VECTOR ( 'NONE', #2495, 1000.000000000000000 ) ;
#1035 = LINE ( 'NONE', #2895, #5533 ) ;
#1036 = LINE ( 'NONE', #3946, #3092 ) ;
#1037 = EDGE_CURVE ( 'NONE', #558, #1160, #3157, .T. ) ;
#1038 = VERTEX_POINT ( 'NONE', #165 ) ;
#1039 = VERTEX_POINT ( 'NONE', #1818 ) ;
#1040 = VECTOR ( 'NONE', #3853, 1000.000000000000000 ) ;
#1041 = ORIENTED_EDGE ( 'NONE', *, *, #420, .F. ) ;
#1042 = CARTESIAN_POINT ( 'NONE',  ( 6.569999999999997620, 4.119999999999999218, 1.649999999999993916 ) ) ;
#1043 = DIRECTION ( 'NONE',  ( 0.7071067811865513475, 0.000000000000000000, -0.7071067811865436870 ) ) ;
#1044 = ORIENTED_EDGE ( 'NONE', *, *, #1660, .T. ) ;
#1045 = VECTOR ( 'NONE', #1525, 1000.000000000000000 ) ;
#1046 = ORIENTED_EDGE ( 'NONE', *, *, #5412, .T. ) ;
#1047 = DIRECTION ( 'NONE',  ( -1.000000000000000000, 0.000000000000000000, -4.336808689942025625E-15 ) ) ;
#1048 = LINE ( 'NONE', #3701, #5460 ) ;
#1049 = CONTEXT_DEPENDENT_SHAPE_REPRESENTATION ( #5373, #2356 ) ;
#1050 = CIRCLE ( 'NONE', #3482, 0.7000000000000000666 ) ;
#1051 = CARTESIAN_POINT ( 'NONE',  ( 8.774999999999996803, 4.625000000000000888, -2.000000000000004441 ) ) ;
#1052 = ORIENTED_EDGE ( 'NONE', *, *, #1135, .T. ) ;
#1053 = CARTESIAN_POINT ( 'NONE',  ( 5.929999999999997939, 0.4099999999999990319, -2.000000000000004441 ) ) ;
#1054 = DIRECTION ( 'NONE',  ( -1.000000000000000000, -0.000000000000000000, -0.000000000000000000 ) ) ;
#1055 = DIRECTION ( 'NONE',  ( -0.000000000000000000, -0.000000000000000000, 1.000000000000000000 ) ) ;
#1056 = VECTOR ( 'NONE', #3067, 1000.000000000000000 ) ;
#1057 = ADVANCED_FACE ( 'NONE', ( #1384 ), #4433, .F. ) ;
#1058 = LINE ( 'NONE', #2835, #3189 ) ;
#1059 = CARTESIAN_POINT ( 'NONE',  ( 9.499999999999998224, 0.000000000000000000, 1.614999999999998881 ) ) ;
#1060 = ORIENTED_EDGE ( 'NONE', *, *, #5476, .T. ) ;
#1061 = FACE_OUTER_BOUND ( 'NONE', #1644, .T. ) ;
#1062 = CARTESIAN_POINT ( 'NONE',  ( 0.000000000000000000, 0.4099999999999990319, -2.825000000000005063 ) ) ;
#1063 = FACE_OUTER_BOUND ( 'NONE', #1497, .T. ) ;
#1064 = EDGE_CURVE ( 'NONE', #1355, #5456, #1903, .T. ) ;
#1065 = ORIENTED_EDGE ( 'NONE', *, *, #4212, .F. ) ;
#1066 = DIRECTION ( 'NONE',  ( -1.000000000000000000, -0.000000000000000000, -0.000000000000000000 ) ) ;
#1067 = ORIENTED_EDGE ( 'NONE', *, *, #3572, .T. ) ;
#1068 = EDGE_CURVE ( 'NONE', #2679, #1174, #5349, .T. ) ;
#1069 = FACE_OUTER_BOUND ( 'NONE', #4821, .T. ) ;
#1070 = ADVANCED_FACE ( 'NONE', ( #2767 ), #3186, .F. ) ;
#1071 = CARTESIAN_POINT ( 'NONE',  ( 6.108934426503068948, 3.658934426503070547, 1.798183618948415496 ) ) ;
#1072 = EDGE_CURVE ( 'NONE', #4092, #5262, #4061, .T. ) ;
#1073 = VECTOR ( 'NONE', #2190, 999.9999999999998863 ) ;
#1074 = ORIENTED_EDGE ( 'NONE', *, *, #5216, .T. ) ;
#1075 = LINE ( 'NONE', #4384, #3509 ) ;
#1076 = ORIENTED_EDGE ( 'NONE', *, *, #394, .T. ) ;
#1077 = CARTESIAN_POINT ( 'NONE',  ( -6.570000000000006501, 4.625000000000000888, -2.000000000000004441 ) ) ;
#1078 = APPLICATION_PROTOCOL_DEFINITION ( 'draft international standard', 'automotive_design', 1998, #3333 ) ;
#1079 = DIRECTION ( 'NONE',  ( -1.000000000000000000, 0.000000000000000000, 0.000000000000000000 ) ) ;
#1080 = VECTOR ( 'NONE', #1770, 1000.000000000000000 ) ;
#1081 = AXIS2_PLACEMENT_3D ( 'NONE', #73, #1376, #2225 ) ;
#1082 = ORIENTED_EDGE ( 'NONE', *, *, #592, .T. ) ;
#1083 = LINE ( 'NONE', #1168, #3423 ) ;
#1084 = DIRECTION ( 'NONE',  ( 0.000000000000000000, 0.000000000000000000, -1.000000000000000000 ) ) ;
#1085 = CARTESIAN_POINT ( 'NONE',  ( 19.86055906122973980, 4.099417034833817475, -2.825000000000004619 ) ) ;
#1086 = VECTOR ( 'NONE', #376, 1000.000000000000000 ) ;
#1087 = CARTESIAN_POINT ( 'NONE',  ( 6.749999999999997335, 5.325000000000001066, 2.316596043929711080 ) ) ;
#1088 = AXIS2_PLACEMENT_3D ( 'NONE', #670, #2396, #3405 ) ;
#1089 = CARTESIAN_POINT ( 'NONE',  ( 9.833333333333330373, 1.258333333333331971, 4.183333333333329129 ) ) ;
#1090 = VERTEX_POINT ( 'NONE', #1930 ) ;
#1091 = DIRECTION ( 'NONE',  ( -1.000000000000000000, 0.000000000000000000, 0.000000000000000000 ) ) ;
#1092 = CARTESIAN_POINT ( 'NONE',  ( 19.86055906122973980, 4.120000000000000107, -2.000000000000004441 ) ) ;
#1093 = VECTOR ( 'NONE', #4811, 1000.000000000000000 ) ;
#1094 = DIRECTION ( 'NONE',  ( -1.000000000000000000, -0.000000000000000000, -0.000000000000000000 ) ) ;
#1095 = AXIS2_PLACEMENT_3D ( 'NONE', #3857, #5593, #1720 ) ;
#1096 = ORIENTED_EDGE ( 'NONE', *, *, #1478, .T. ) ;
#1097 = EDGE_CURVE ( 'NONE', #500, #976, #528, .T. ) ;
#1098 = VECTOR ( 'NONE', #1370, 1000.000000000000000 ) ;
#1099 = CARTESIAN_POINT ( 'NONE',  ( 6.444999999999997620, 0.2499999999999992506, -8.050000000000004263 ) ) ;
#1100 = ORIENTED_EDGE ( 'NONE', *, *, #1622, .F. ) ;
#1101 = FACE_OUTER_BOUND ( 'NONE', #1933, .T. ) ;
#1102 = PRESENTATION_STYLE_ASSIGNMENT (( #3952 ) ) ;
#1103 = ORIENTED_EDGE ( 'NONE', *, *, #3305, .F. ) ;
#1104 = ADVANCED_FACE ( 'NONE', ( #5376 ), #502, .F. ) ;
#1105 = ADVANCED_FACE ( 'NONE', ( #1069 ), #2264, .F. ) ;
#1106 = ORIENTED_EDGE ( 'NONE', *, *, #299, .F. ) ;
#1107 = CARTESIAN_POINT ( 'NONE',  ( 19.86055906122973980, 4.099417034833817475, -2.825000000000004619 ) ) ;
#1108 = LINE ( 'NONE', #4149, #2463 ) ;
#1109 = ORIENTED_EDGE ( 'NONE', *, *, #4816, .F. ) ;
#1110 = VECTOR ( 'NONE', #2926, 1000.000000000000000 ) ;
#1111 = EDGE_CURVE ( 'NONE', #520, #2062, #5294, .T. ) ;
#1112 = VECTOR ( 'NONE', #508, 1000.000000000000000 ) ;
#1113 = ORIENTED_EDGE ( 'NONE', *, *, #4375, .T. ) ;
#1114 = LINE ( 'NONE', #2383, #2437 ) ;
#1115 = CARTESIAN_POINT ( 'NONE',  ( 8.774999999999996803, 0.1249999999999990563, 4.999999999999996447 ) ) ;
#1116 = CARTESIAN_POINT ( 'NONE',  ( 3.429999999999997939, 3.479999999999999982, -4.400000000000003908 ) ) ;
#1117 = CARTESIAN_POINT ( 'NONE',  ( 6.569999999999997620, 0.000000000000000000, -2.625000000000004441 ) ) ;
#1118 = CARTESIAN_POINT ( 'NONE',  ( 6.569999999999997620, 1.165000000000000036, -5.690000000000006608 ) ) ;
#1119 = ORIENTED_EDGE ( 'NONE', *, *, #3686, .F. ) ;
#1120 = PLANE ( 'NONE',  #5145 ) ;
#1121 = DIRECTION ( 'NONE',  ( -1.000000000000000000, -0.000000000000000000, -0.000000000000000000 ) ) ;
#1122 = CARTESIAN_POINT ( 'NONE',  ( -6.749999999999997335, 5.325000000000000178, 4.108963702891829328 ) ) ;
#1123 = AXIS2_PLACEMENT_3D ( 'NONE', #5264, #1498, #4951 ) ;
#1124 = ORIENTED_EDGE ( 'NONE', *, *, #1479, .T. ) ;
#1125 = EDGE_CURVE ( 'NONE', #3698, #3814, #4872, .T. ) ;
#1126 = CARTESIAN_POINT ( 'NONE',  ( -9.499999999999998224, 2.249999999999999556, 1.099999999999996758 ) ) ;
#1127 = VECTOR ( 'NONE', #2861, 1000.000000000000000 ) ;
#1128 = ORIENTED_EDGE ( 'NONE', *, *, #1484, .T. ) ;
#1129 = DIRECTION ( 'NONE',  ( 0.000000000000000000, -0.5372996083468247752, -0.8433914458128850544 ) ) ;
#1130 = CARTESIAN_POINT ( 'NONE',  ( 14.00249930594108783, 0.1849999999999999978, 4.999999999999996447 ) ) ;
#1131 = VECTOR ( 'NONE', #2752, 1000.000000000000000 ) ;
#1132 = ORIENTED_EDGE ( 'NONE', *, *, #2646, .T. ) ;
#1133 = EDGE_CURVE ( 'NONE', #2634, #3733, #143, .T. ) ;
#1134 =( NAMED_UNIT ( * ) SI_UNIT ( $, .STERADIAN. ) SOLID_ANGLE_UNIT ( ) );
#1135 = EDGE_CURVE ( 'NONE', #5289, #3654, #2847, .T. ) ;
#1136 = ORIENTED_EDGE ( 'NONE', *, *, #2888, .T. ) ;
#1137 = DIRECTION ( 'NONE',  ( 0.000000000000000000, -1.000000000000000000, 1.084202172485504040E-15 ) ) ;
#1138 = CARTESIAN_POINT ( 'NONE',  ( 8.774999999999996803, 4.325000000000001066, 1.999999999999996669 ) ) ;
#1139 = PRESENTATION_LAYER_ASSIGNMENT (  '', '', ( #2845 ) ) ;
#1140 = ORIENTED_EDGE ( 'NONE', *, *, #2996, .F. ) ;
#1141 = EDGE_LOOP ( 'NONE', ( #1074, #848, #4037, #2300 ) ) ;
#1142 = EDGE_LOOP ( 'NONE', ( #4296, #1899, #683, #3273 ) ) ;
#1143 = EDGE_CURVE ( 'NONE', #2491, #505, #5493, .T. ) ;
#1144 = DIRECTION ( 'NONE',  ( 0.000000000000000000, -0.000000000000000000, -1.000000000000000000 ) ) ;
#1145 = EDGE_CURVE ( 'NONE', #4092, #4226, #5432, .T. ) ;
#1146 = LINE ( 'NONE', #2047, #4187 ) ;
#1147 = LINE ( 'NONE', #5509, #4251 ) ;
#1148 = LINE ( 'NONE', #1944, #392 ) ;
#1149 = CARTESIAN_POINT ( 'NONE',  ( 3.429999999999997939, 3.479999999999999982, -0.5000000000000038858 ) ) ;
#1150 = EDGE_LOOP ( 'NONE', ( #4641, #4498, #4088, #2159 ) ) ;
#1151 = CARTESIAN_POINT ( 'NONE',  ( -8.324999999999999289, 0.6749999999999990452, 1.099999999999996758 ) ) ;
#1152 = LINE ( 'NONE', #1465, #4531 ) ;
#1153 = CARTESIAN_POINT ( 'NONE',  ( 6.569999999999997620, 1.165000000000000036, -6.090000000000007851 ) ) ;
#1154 = DIRECTION ( 'NONE',  ( -0.000000000000000000, -0.7071067811865520136, -0.7071067811865431318 ) ) ;
#1155 = ORIENTED_EDGE ( 'NONE', *, *, #4375, .F. ) ;
#1156 = CARTESIAN_POINT ( 'NONE',  ( -9.999999999999996447, 2.974999999999999645, -0.5000000000000035527 ) ) ;
#1157 = DIRECTION ( 'NONE',  ( -1.000000000000000000, -0.000000000000000000, -0.000000000000000000 ) ) ;
#1158 = ORIENTED_EDGE ( 'NONE', *, *, #3227, .F. ) ;
#1159 = ORIENTED_EDGE ( 'NONE', *, *, #2004, .T. ) ;
#1160 = VERTEX_POINT ( 'NONE', #5465 ) ;
#1161 = LINE ( 'NONE', #3327, #2944 ) ;
#1162 = ORIENTED_EDGE ( 'NONE', *, *, #2475, .F. ) ;
#1163 = DIRECTION ( 'NONE',  ( 0.000000000000000000, -1.247005693593550945E-16, 1.000000000000000000 ) ) ;
#1164 = CARTESIAN_POINT ( 'NONE',  ( 9.499999999999998224, 2.249999999999999556, 4.999999999999996447 ) ) ;
#1165 = ADVANCED_FACE ( 'NONE', ( #1101 ), #3749, .F. ) ;
#1166 = EDGE_LOOP ( 'NONE', ( #5348, #4699, #513, #5172 ) ) ;
#1167 = EDGE_LOOP ( 'NONE', ( #4120, #2544, #2962, #3500 ) ) ;
#1168 = CARTESIAN_POINT ( 'NONE',  ( 6.569999999999997620, 0.000000000000000000, -2.000000000000004441 ) ) ;
#1169 = LINE ( 'NONE', #3764, #1362 ) ;
#1170 = EDGE_CURVE ( 'NONE', #65, #2234, #2426, .T. ) ;
#1171 = EDGE_CURVE ( 'NONE', #2791, #4080, #3692, .T. ) ;
#1172 = CARTESIAN_POINT ( 'NONE',  ( 4.069999999999997620, 4.624999999999999112, -2.000000000000004441 ) ) ;
#1173 = DIRECTION ( 'NONE',  ( 0.7071067811865513475, 0.000000000000000000, -0.7071067811865436870 ) ) ;
#1174 = VERTEX_POINT ( 'NONE', #2399 ) ;
#1175 = CARTESIAN_POINT ( 'NONE',  ( 4.069999999999997620, 0.4099999999999989209, -2.625000000000004441 ) ) ;
#1176 = DIRECTION ( 'NONE',  ( 1.000000000000000000, 0.000000000000000000, 0.000000000000000000 ) ) ;
#1177 = DIRECTION ( 'NONE',  ( 0.000000000000000000, 1.000000000000000000, 0.000000000000000000 ) ) ;
#1178 = VECTOR ( 'NONE', #286, 1000.000000000000000 ) ;
#1179 = EDGE_CURVE ( 'NONE', #2260, #4402, #5519, .T. ) ;
#1180 = DIRECTION ( 'NONE',  ( -1.000000000000000000, 2.351315273210297824E-32, 2.932103533126717211E-48 ) ) ;
#1181 = ORIENTED_EDGE ( 'NONE', *, *, #4243, .F. ) ;
#1182 = DIRECTION ( 'NONE',  ( -0.000000000000000000, 0.000000000000000000, 1.000000000000000000 ) ) ;
#1183 = AXIS2_PLACEMENT_3D ( 'NONE', #5274, #3624, #227 ) ;
#1184 = DIRECTION ( 'NONE',  ( 0.000000000000000000, 0.000000000000000000, 1.000000000000000000 ) ) ;
#1185 = VECTOR ( 'NONE', #3408, 1000.000000000000000 ) ;
#1186 = ORIENTED_EDGE ( 'NONE', *, *, #4343, .F. ) ;
#1187 = DIRECTION ( 'NONE',  ( -1.000000000000000000, -0.000000000000000000, -0.000000000000000000 ) ) ;
#1188 = ORIENTED_EDGE ( 'NONE', *, *, #4404, .T. ) ;
#1189 = FACE_OUTER_BOUND ( 'NONE', #4436, .T. ) ;
#1190 = CARTESIAN_POINT ( 'NONE',  ( 5.929999999999997939, 4.120000000000000107, -0.5000000000000038858 ) ) ;
#1191 = EDGE_LOOP ( 'NONE', ( #3935, #2322, #2470, #1103 ) ) ;
#1192 = ORIENTED_EDGE ( 'NONE', *, *, #5015, .T. ) ;
#1193 = FACE_OUTER_BOUND ( 'NONE', #4355, .T. ) ;
#1194 = EDGE_CURVE ( 'NONE', #3083, #1632, #5034, .T. ) ;
#1195 = DIRECTION ( 'NONE',  ( 0.8660254037844367092, -0.000000000000000000, -0.5000000000000034417 ) ) ;
#1196 = VECTOR ( 'NONE', #314, 1000.000000000000000 ) ;
#1197 = FACE_OUTER_BOUND ( 'NONE', #2012, .T. ) ;
#1198 = CARTESIAN_POINT ( 'NONE',  ( 9.049999999999997158, 0.1849999999999999978, 4.999999999999996447 ) ) ;
#1199 = ORIENTED_EDGE ( 'NONE', *, *, #3566, .F. ) ;
#1200 = FACE_OUTER_BOUND ( 'NONE', #1604, .T. ) ;
#1201 = LINE ( 'NONE', #4747, #552 ) ;
#1202 = CARTESIAN_POINT ( 'NONE',  ( -5.730000000000000426, 0.1249999999999992506, -2.825000000000004619 ) ) ;
#1203 = ADVANCED_FACE ( 'NONE', ( #2031 ), #4089, .F. ) ;
#1204 = CARTESIAN_POINT ( 'NONE',  ( 9.999999999999996447, 2.974999999999999645, -0.5000000000000035527 ) ) ;
#1205 = EDGE_LOOP ( 'NONE', ( #5149, #1872, #2703, #1509 ) ) ;
#1206 = CARTESIAN_POINT ( 'NONE',  ( 0.9299999999999977174, 0.1249999999999992506, -2.000000000000004441 ) ) ;
#1207 = FACE_OUTER_BOUND ( 'NONE', #2149, .T. ) ;
#1208 = VERTEX_POINT ( 'NONE', #4198 ) ;
#1209 = EDGE_CURVE ( 'NONE', #4724, #4435, #5406, .T. ) ;
#1210 = VERTEX_POINT ( 'NONE', #333 ) ;
#1211 = VERTEX_POINT ( 'NONE', #4520 ) ;
#1212 = VERTEX_POINT ( 'NONE', #756 ) ;
#1213 = DIRECTION ( 'NONE',  ( -1.000000000000000000, -0.000000000000000000, -0.000000000000000000 ) ) ;
#1214 = EDGE_LOOP ( 'NONE', ( #559, #3415, #562, #2823 ) ) ;
#1215 = DIRECTION ( 'NONE',  ( 0.000000000000000000, 0.000000000000000000, -1.000000000000000000 ) ) ;
#1216 = LINE ( 'NONE', #4612, #5548 ) ;
#1217 = VERTEX_POINT ( 'NONE', #2480 ) ;
#1218 = ORIENTED_EDGE ( 'NONE', *, *, #759, .T. ) ;
#1219 = AXIS2_PLACEMENT_3D ( 'NONE', #1454, #3598, #313 ) ;
#1220 = ORIENTED_EDGE ( 'NONE', *, *, #4882, .F. ) ;
#1221 = EDGE_CURVE ( 'NONE', #4852, #48, #1976, .T. ) ;
#1222 = LINE ( 'NONE', #4736, #4449 ) ;
#1223 =( LENGTH_UNIT ( ) NAMED_UNIT ( * ) SI_UNIT ( .MILLI., .METRE. ) );
#1224 = PLANE ( 'NONE',  #3430 ) ;
#1225 = DIRECTION ( 'NONE',  ( 0.000000000000000000, 1.000000000000000000, 0.000000000000000000 ) ) ;
#1226 = LINE ( 'NONE', #2525, #4194 ) ;
#1227 = ORIENTED_EDGE ( 'NONE', *, *, #2653, .T. ) ;
#1228 = LINE ( 'NONE', #4686, #3957 ) ;
#1229 = DIRECTION ( 'NONE',  ( 1.000000000000000000, 0.000000000000000000, 0.000000000000000000 ) ) ;
#1230 = DIRECTION ( 'NONE',  ( -0.5773502691896258421, 0.5773502691896257311, 0.5773502691896257311 ) ) ;
#1231 = EDGE_CURVE ( 'NONE', #754, #1359, #2372, .T. ) ;
#1232 = EDGE_CURVE ( 'NONE', #1738, #3915, #4603, .T. ) ;
#1233 = CARTESIAN_POINT ( 'NONE',  ( 3.429999999999997939, 3.479999999999999982, -2.000000000000004441 ) ) ;
#1234 = VERTEX_POINT ( 'NONE', #4116 ) ;
#1235 = DIRECTION ( 'NONE',  ( -0.000000000000000000, 1.000000000000000000, -0.000000000000000000 ) ) ;
#1236 = DIRECTION ( 'NONE',  ( 0.000000000000000000, 0.000000000000000000, 1.000000000000000000 ) ) ;
#1237 = EDGE_CURVE ( 'NONE', #2427, #1583, #3240, .T. ) ;
#1238 = ADVANCED_FACE ( 'NONE', ( #3724 ), #2820, .F. ) ;
#1239 = ORIENTED_EDGE ( 'NONE', *, *, #4592, .T. ) ;
#1240 = CARTESIAN_POINT ( 'NONE',  ( 3.429999999999997939, 0.1249999999999992506, -2.000000000000004441 ) ) ;
#1241 = EDGE_CURVE ( 'NONE', #1578, #4317, #4579, .T. ) ;
#1242 = ORIENTED_EDGE ( 'NONE', *, *, #4535, .T. ) ;
#1243 = DIRECTION ( 'NONE',  ( -0.000000000000000000, 0.7071067811865474617, 0.7071067811865474617 ) ) ;
#1244 = ORIENTED_EDGE ( 'NONE', *, *, #2758, .F. ) ;
#1245 = ORIENTED_EDGE ( 'NONE', *, *, #838, .F. ) ;
#1246 = ORIENTED_EDGE ( 'NONE', *, *, #1385, .F. ) ;
#1247 = CARTESIAN_POINT ( 'NONE',  ( 9.999999999999996447, 2.974999999999999645, -0.5000000000000035527 ) ) ;
#1248 = SHAPE_REPRESENTATION_RELATIONSHIP ( 'NONE' , 'NONE' ,  #4744, #5454 ) ;
#1249 = VERTEX_POINT ( 'NONE', #1582 ) ;
#1250 = FACE_OUTER_BOUND ( 'NONE', #400, .T. ) ;
#1251 = VECTOR ( 'NONE', #2160, 1000.000000000000000 ) ;
#1252 = DIRECTION ( 'NONE',  ( -1.000000000000000000, 0.000000000000000000, 0.000000000000000000 ) ) ;
#1253 = CARTESIAN_POINT ( 'NONE',  ( -5.930000000000003268, 0.4099999999999989209, -2.625000000000004441 ) ) ;
#1254 = VERTEX_POINT ( 'NONE', #2590 ) ;
#1255 = LINE ( 'NONE', #2975, #4959 ) ;
#1256 = CARTESIAN_POINT ( 'NONE',  ( -9.499999999999998224, 0.9249999999999991562, 4.099999999999995204 ) ) ;
#1257 = CARTESIAN_POINT ( 'NONE',  ( 0.9299999999999977174, 0.1249999999999992506, -2.000000000000004441 ) ) ;
#1258 = EDGE_CURVE ( 'NONE', #1413, #4765, #4725, .T. ) ;
#1259 = CARTESIAN_POINT ( 'NONE',  ( 6.054999999999997939, 4.119999999999999218, 1.649999999999993916 ) ) ;
#1260 = ORIENTED_EDGE ( 'NONE', *, *, #4410, .F. ) ;
#1261 = CARTESIAN_POINT ( 'NONE',  ( 19.86055906122973980, 4.625000000000000888, -2.000000000000004441 ) ) ;
#1262 = CARTESIAN_POINT ( 'NONE',  ( 8.024999999999993250, 4.625000000000000888, 2.699999999999996625 ) ) ;
#1263 = VECTOR ( 'NONE', #3318, 1000.000000000000000 ) ;
#1264 = VECTOR ( 'NONE', #4352, 1000.000000000000000 ) ;
#1265 = ORIENTED_EDGE ( 'NONE', *, *, #5148, .T. ) ;
#1266 = CARTESIAN_POINT ( 'NONE',  ( 8.774999999999996803, 6.125000000000000000, -2.000000000000004441 ) ) ;
#1267 = ORIENTED_EDGE ( 'NONE', *, *, #168, .F. ) ;
#1268 = CARTESIAN_POINT ( 'NONE',  ( 8.774999999999996803, 0.1250000000000000278, -2.825000000000005063 ) ) ;
#1269 = AXIS2_PLACEMENT_3D ( 'NONE', #4289, #4756, #1291 ) ;
#1270 = ORIENTED_EDGE ( 'NONE', *, *, #1660, .F. ) ;
#1271 = ADVANCED_FACE ( 'NONE', ( #4755 ), #2144, .F. ) ;
#1272 = VECTOR ( 'NONE', #1026, 1000.000000000000000 ) ;
#1273 = EDGE_CURVE ( 'NONE', #2465, #1762, #1723, .T. ) ;
#1274 = VECTOR ( 'NONE', #3607, 1000.000000000000000 ) ;
#1275 = VERTEX_POINT ( 'NONE', #2120 ) ;
#1276 = VERTEX_POINT ( 'NONE', #1290 ) ;
#1277 = DIRECTION ( 'NONE',  ( -0.000000000000000000, 1.000000000000000000, 0.000000000000000000 ) ) ;
#1278 = CARTESIAN_POINT ( 'NONE',  ( 6.569999999999997620, 0.000000000000000000, -2.000000000000004441 ) ) ;
#1279 = EDGE_CURVE ( 'NONE', #526, #1708, #470, .T. ) ;
#1280 = DIRECTION ( 'NONE',  ( 1.000000000000000000, 0.000000000000000000, 0.000000000000000000 ) ) ;
#1281 = DIRECTION ( 'NONE',  ( -1.000000000000000000, 0.000000000000000000, -0.000000000000000000 ) ) ;
#1282 = ORIENTED_EDGE ( 'NONE', *, *, #622, .T. ) ;
#1283 = DIRECTION ( 'NONE',  ( -0.7071067811865584529, 0.000000000000000000, -0.7071067811865365815 ) ) ;
#1284 = CARTESIAN_POINT ( 'NONE',  ( 6.569999999999997620, 3.479999999999999982, -0.5000000000000038858 ) ) ;
#1285 = CARTESIAN_POINT ( 'NONE',  ( -0.9300000000000037126, 4.625000000000000888, -2.000000000000004441 ) ) ;
#1286 = AXIS2_PLACEMENT_3D ( 'NONE', #357, #1339, #9 ) ;
#1287 = CARTESIAN_POINT ( 'NONE',  ( -8.024999999999993250, 4.325000000000001066, 1.999999999999996669 ) ) ;
#1288 = ORIENTED_EDGE ( 'NONE', *, *, #621, .F. ) ;
#1289 = AXIS2_PLACEMENT_3D ( 'NONE', #4853, #2658, #5210 ) ;
#1290 = CARTESIAN_POINT ( 'NONE',  ( 9.049999999999997158, 0.000000000000000000, 4.814999999999998614 ) ) ;
#1291 = DIRECTION ( 'NONE',  ( 0.000000000000000000, 0.000000000000000000, -1.000000000000000000 ) ) ;
#1292 = ORIENTED_EDGE ( 'NONE', *, *, #4211, .F. ) ;
#1293 = CARTESIAN_POINT ( 'NONE',  ( -3.430000000000002380, 0.1249999999999992506, -2.625000000000004441 ) ) ;
#1294 = ORIENTED_EDGE ( 'NONE', *, *, #5391, .T. ) ;
#1295 = CARTESIAN_POINT ( 'NONE',  ( 9.049999999999997158, 2.249999999999999556, 3.849999999999995648 ) ) ;
#1296 = ORIENTED_EDGE ( 'NONE', *, *, #676, .F. ) ;
#1297 = EDGE_CURVE ( 'NONE', #3190, #2030, #2197, .T. ) ;
#1298 = ORIENTED_EDGE ( 'NONE', *, *, #5420, .T. ) ;
#1299 = VECTOR ( 'NONE', #1225, 1000.000000000000000 ) ;
#1300 = VECTOR ( 'NONE', #4772, 1000.000000000000000 ) ;
#1301 = CARTESIAN_POINT ( 'NONE',  ( 14.00249930594108783, 0.1849999999999999978, 4.999999999999996447 ) ) ;
#1302 = UNCERTAINTY_MEASURE_WITH_UNIT (LENGTH_MEASURE( 1.000000000000000082E-05 ), #1223, 'distance_accuracy_value', 'NONE');
#1303 = VERTEX_POINT ( 'NONE', #5195 ) ;
#1304 = CARTESIAN_POINT ( 'NONE',  ( 0.7299999999999954303, 4.099417034833815698, -2.825000000000004619 ) ) ;
#1305 = CIRCLE ( 'NONE', #2033, 0.2999999999999997113 ) ;
#1306 = EDGE_CURVE ( 'NONE', #1249, #116, #783, .T. ) ;
#1307 = FACE_OUTER_BOUND ( 'NONE', #4200, .T. ) ;
#1308 = CARTESIAN_POINT ( 'NONE',  ( -1.570000000000002061, 0.1249999999999992506, -2.625000000000004441 ) ) ;
#1309 = ORIENTED_EDGE ( 'NONE', *, *, #710, .T. ) ;
#1310 = DIRECTION ( 'NONE',  ( 0.000000000000000000, 0.000000000000000000, -1.000000000000000000 ) ) ;
#1311 = EDGE_CURVE ( 'NONE', #2217, #5115, #4261, .T. ) ;
#1312 = CARTESIAN_POINT ( 'NONE',  ( 0.9299999999999972733, 4.624999999999999112, -2.000000000000005329 ) ) ;
#1313 = CARTESIAN_POINT ( 'NONE',  ( 5.299999999999997158, 0.03531900772834901253, 4.999999999999995559 ) ) ;
#1314 = STYLED_ITEM ( 'NONE', ( #4820 ), #4461 ) ;
#1315 = VECTOR ( 'NONE', #3774, 1000.000000000000114 ) ;
#1316 = FACE_OUTER_BOUND ( 'NONE', #3244, .T. ) ;
#1317 = LINE ( 'NONE', #5310, #1453 ) ;
#1318 = EDGE_LOOP ( 'NONE', ( #2916, #4648, #2825, #4347, #5492 ) ) ;
#1319 = LINE ( 'NONE', #43, #337 ) ;
#1320 = PLANE ( 'NONE',  #1544 ) ;
#1321 = CIRCLE ( 'NONE', #5490, 0.7000000000000000666 ) ;
#1322 = DIRECTION ( 'NONE',  ( 0.7660444431189767922, 1.145582137172476124E-16, 0.6427876096865409172 ) ) ;
#1323 = VERTEX_POINT ( 'NONE', #3888 ) ;
#1324 = ORIENTED_EDGE ( 'NONE', *, *, #4527, .F. ) ;
#1325 = CARTESIAN_POINT ( 'NONE',  ( 9.499999999999998224, 0.9249999999999991562, 1.099999999999996758 ) ) ;
#1326 = ORIENTED_EDGE ( 'NONE', *, *, #1258, .T. ) ;
#1327 = CARTESIAN_POINT ( 'NONE',  ( -1.770000000000004237, 0.1249999999999992506, -2.825000000000004619 ) ) ;
#1328 = VECTOR ( 'NONE', #2256, 1000.000000000000000 ) ;
#1329 = ORIENTED_EDGE ( 'NONE', *, *, #1258, .F. ) ;
#1330 = FACE_OUTER_BOUND ( 'NONE', #1646, .T. ) ;
#1331 = DIRECTION ( 'NONE',  ( 1.000000000000000000, 0.000000000000000000, 0.000000000000000000 ) ) ;
#1332 = CARTESIAN_POINT ( 'NONE',  ( 5.929999999999997939, 0.4099999999999990319, -2.825000000000005063 ) ) ;
#1333 = EDGE_CURVE ( 'NONE', #2846, #4875, #4288, .T. ) ;
#1334 = CARTESIAN_POINT ( 'NONE',  ( -6.574999999999996625, 0.03531900772834901253, 4.210000000000014175 ) ) ;
#1335 = FACE_OUTER_BOUND ( 'NONE', #4156, .T. ) ;
#1336 = VERTEX_POINT ( 'NONE', #3012 ) ;
#1337 = LINE ( 'NONE', #3059, #2515 ) ;
#1338 = DIRECTION ( 'NONE',  ( 1.000000000000000000, -0.000000000000000000, -0.000000000000000000 ) ) ;
#1339 = DIRECTION ( 'NONE',  ( 0.000000000000000000, -1.000000000000000000, -3.771137991253929066E-16 ) ) ;
#1340 = ADVANCED_FACE ( 'NONE', ( #5136 ), #441, .F. ) ;
#1341 = EDGE_CURVE ( 'NONE', #284, #1493, #1319, .T. ) ;
#1342 = FACE_OUTER_BOUND ( 'NONE', #260, .T. ) ;
#1343 = DIRECTION ( 'NONE',  ( -0.000000000000000000, 1.000000000000000000, -0.000000000000000000 ) ) ;
#1344 = EDGE_LOOP ( 'NONE', ( #2831, #4062, #139, #4665 ) ) ;
#1345 = PLANE ( 'NONE',  #5403 ) ;
#1346 = CARTESIAN_POINT ( 'NONE',  ( 5.929999999999997939, 3.479999999999999982, -3.550000000000006484 ) ) ;
#1347 = VERTEX_POINT ( 'NONE', #389 ) ;
#1348 = DIRECTION ( 'NONE',  ( 0.7660444431189766812, -7.550427722273093548E-17, 0.6427876096865408062 ) ) ;
#1349 = VECTOR ( 'NONE', #3907, 1000.000000000000000 ) ;
#1350 = ADVANCED_FACE ( 'NONE', ( #1673 ), #3916, .F. ) ;
#1351 = ORIENTED_EDGE ( 'NONE', *, *, #3795, .F. ) ;
#1352 = ORIENTED_EDGE ( 'NONE', *, *, #3566, .T. ) ;
#1353 = ORIENTED_EDGE ( 'NONE', *, *, #4868, .T. ) ;
#1354 = LINE ( 'NONE', #1293, #2562 ) ;
#1355 = VERTEX_POINT ( 'NONE', #13 ) ;
#1356 = LINE ( 'NONE', #2737, #2802 ) ;
#1357 = VECTOR ( 'NONE', #1600, 1000.000000000000000 ) ;
#1358 = VECTOR ( 'NONE', #3690, 1000.000000000000000 ) ;
#1359 = VERTEX_POINT ( 'NONE', #4227 ) ;
#1360 = VECTOR ( 'NONE', #1043, 1000.000000000000000 ) ;
#1361 = FACE_OUTER_BOUND ( 'NONE', #1651, .T. ) ;
#1362 = VECTOR ( 'NONE', #4622, 1000.000000000000000 ) ;
#1363 = ORIENTED_EDGE ( 'NONE', *, *, #2415, .T. ) ;
#1364 = DIRECTION ( 'NONE',  ( 0.000000000000000000, 0.000000000000000000, -1.000000000000000000 ) ) ;
#1365 = AXIS2_PLACEMENT_3D ( 'NONE', #3770, #2953, #1606 ) ;
#1366 = CARTESIAN_POINT ( 'NONE',  ( 8.774999999999996803, 4.625000000000000888, 2.699999999999996625 ) ) ;
#1367 = CARTESIAN_POINT ( 'NONE',  ( 5.929999999999997939, 1.165000000000000036, -6.090000000000007851 ) ) ;
#1368 = ORIENTED_EDGE ( 'NONE', *, *, #4171, .F. ) ;
#1369 = CARTESIAN_POINT ( 'NONE',  ( 6.569999999999997620, 4.120000000000000107, -0.5000000000000038858 ) ) ;
#1370 = DIRECTION ( 'NONE',  ( -0.000000000000000000, -1.000000000000000000, -0.000000000000000000 ) ) ;
#1371 = LINE ( 'NONE', #3091, #5250 ) ;
#1372 = EDGE_CURVE ( 'NONE', #2122, #1703, #361, .T. ) ;
#1373 = CARTESIAN_POINT ( 'NONE',  ( 9.499999999999998224, 2.249999999999999556, 4.999999999999996447 ) ) ;
#1374 = LINE ( 'NONE', #3970, #1728 ) ;
#1375 = ORIENTED_EDGE ( 'NONE', *, *, #761, .T. ) ;
#1376 = DIRECTION ( 'NONE',  ( 0.000000000000000000, -0.7071067811865464625, -0.7071067811865486830 ) ) ;
#1377 = CARTESIAN_POINT ( 'NONE',  ( 0.000000000000000000, 0.4099999999999990319, -2.000000000000004441 ) ) ;
#1378 = CARTESIAN_POINT ( 'NONE',  ( -8.324999999999999289, 0.1249999999999990563, 1.099999999999996758 ) ) ;
#1379 = VECTOR ( 'NONE', #1591, 1000.000000000000000 ) ;
#1380 = EDGE_LOOP ( 'NONE', ( #3295, #2371, #2485, #886, #4762, #837 ) ) ;
#1381 = AXIS2_PLACEMENT_3D ( 'NONE', #5001, #2473, #5057 ) ;
#1382 = ORIENTED_EDGE ( 'NONE', *, *, #956, .T. ) ;
#1383 = ORIENTED_EDGE ( 'NONE', *, *, #3720, .F. ) ;
#1384 = FACE_OUTER_BOUND ( 'NONE', #856, .T. ) ;
#1385 = EDGE_CURVE ( 'NONE', #275, #1708, #3043, .T. ) ;
#1386 = ORIENTED_EDGE ( 'NONE', *, *, #1456, .T. ) ;
#1387 = ORIENTED_EDGE ( 'NONE', *, *, #3560, .T. ) ;
#1388 = ORIENTED_EDGE ( 'NONE', *, *, #4007, .F. ) ;
#1389 = AXIS2_PLACEMENT_3D ( 'NONE', #5546, #359, #811 ) ;
#1390 = ORIENTED_EDGE ( 'NONE', *, *, #655, .F. ) ;
#1391 = VECTOR ( 'NONE', #5579, 1000.000000000000000 ) ;
#1392 = CARTESIAN_POINT ( 'NONE',  ( 6.569999999999997620, 0.7650000000000000133, -7.706565322568175169 ) ) ;
#1393 = CARTESIAN_POINT ( 'NONE',  ( 0.000000000000000000, 0.000000000000000000, 0.000000000000000000 ) ) ;
#1394 = CARTESIAN_POINT ( 'NONE',  ( 19.86055906122973980, 4.099417034833817475, -2.825000000000004619 ) ) ;
#1395 = MECHANICAL_DESIGN_GEOMETRIC_PRESENTATION_REPRESENTATION (  '', ( #4652 ), #4561 ) ;
#1396 = EDGE_CURVE ( 'NONE', #4034, #5005, #2983, .T. ) ;
#1397 = LINE ( 'NONE', #34, #4964 ) ;
#1398 = DIRECTION ( 'NONE',  ( -0.000000000000000000, 0.000000000000000000, 1.000000000000000000 ) ) ;
#1399 = VERTEX_POINT ( 'NONE', #893 ) ;
#1400 = LINE ( 'NONE', #3170, #1528 ) ;
#1401 = FACE_OUTER_BOUND ( 'NONE', #4100, .T. ) ;
#1402 = DIRECTION ( 'NONE',  ( 0.000000000000000000, 0.7071067811865436870, -0.7071067811865513475 ) ) ;
#1403 = AXIS2_PLACEMENT_3D ( 'NONE', #1462, #3176, #4052 ) ;
#1404 = DIRECTION ( 'NONE',  ( 1.000000000000000000, 0.000000000000000000, 0.000000000000000000 ) ) ;
#1405 = CARTESIAN_POINT ( 'NONE',  ( -0.9300000000000020473, 3.479999999999999982, -0.5000000000000038858 ) ) ;
#1406 = ORIENTED_EDGE ( 'NONE', *, *, #2415, .F. ) ;
#1407 = PLANE ( 'NONE',  #3941 ) ;
#1408 = CARTESIAN_POINT ( 'NONE',  ( 3.429999999999997939, 0.4099999999999990319, -2.825000000000005063 ) ) ;
#1409 = CARTESIAN_POINT ( 'NONE',  ( -6.570000000000002949, 0.4099999999999990319, -2.625000000000004885 ) ) ;
#1410 = ORIENTED_EDGE ( 'NONE', *, *, #3515, .F. ) ;
#1411 = EDGE_CURVE ( 'NONE', #1217, #409, #3219, .T. ) ;
#1412 = EDGE_CURVE ( 'NONE', #3049, #172, #3407, .T. ) ;
#1413 = VERTEX_POINT ( 'NONE', #3128 ) ;
#1414 = ORIENTED_EDGE ( 'NONE', *, *, #3204, .T. ) ;
#1415 = DIRECTION ( 'NONE',  ( -0.000000000000000000, -0.000000000000000000, 1.000000000000000000 ) ) ;
#1416 = LINE ( 'NONE', #1820, #146 ) ;
#1417 = VERTEX_POINT ( 'NONE', #1033 ) ;
#1418 = ORIENTED_EDGE ( 'NONE', *, *, #3442, .T. ) ;
#1419 = ADVANCED_FACE ( 'NONE', ( #3097 ), #1345, .F. ) ;
#1420 = ADVANCED_FACE ( 'NONE', ( #3944 ), #1407, .F. ) ;
#1421 = ADVANCED_FACE ( 'NONE', ( #4487 ), #4865, .F. ) ;
#1422 = EDGE_LOOP ( 'NONE', ( #2224, #360, #1841, #2594, #86, #1082, #5064, #4551, #3668, #1445, #1375, #5526, #1186, #3135, #4502, #3817, #3399, #3284 ) ) ;
#1423 = ORIENTED_EDGE ( 'NONE', *, *, #1522, .T. ) ;
#1424 = CARTESIAN_POINT ( 'NONE',  ( 6.569999999999997620, 0.7650000000000000133, -6.090000000000007851 ) ) ;
#1425 = CONTEXT_DEPENDENT_SHAPE_REPRESENTATION ( #3632, #2851 ) ;
#1426 = CARTESIAN_POINT ( 'NONE',  ( -8.774999999999996803, 4.325000000000001066, 1.999999999999996669 ) ) ;
#1427 = EDGE_CURVE ( 'NONE', #3132, #326, #2336, .T. ) ;
#1428 = CARTESIAN_POINT ( 'NONE',  ( 6.569999999999997620, 4.120000000000000107, 1.306565322568166598 ) ) ;
#1429 = ORIENTED_EDGE ( 'NONE', *, *, #3174, .T. ) ;
#1430 = PLANE ( 'NONE',  #4228 ) ;
#1431 = CARTESIAN_POINT ( 'NONE',  ( 14.00249930594108783, 0.1849999999999999978, 1.429999999999996829 ) ) ;
#1432 = DIRECTION ( 'NONE',  ( 0.000000000000000000, -0.5372996083468246642, -0.8433914458128851654 ) ) ;
#1433 = LINE ( 'NONE', #518, #742 ) ;
#1434 = LINE ( 'NONE', #4337, #4708 ) ;
#1435 = ORIENTED_EDGE ( 'NONE', *, *, #2476, .F. ) ;
#1436 = LINE ( 'NONE', #4002, #1328 ) ;
#1437 = CARTESIAN_POINT ( 'NONE',  ( 8.324999999999999289, 0.1249999999999990563, 1.099999999999996758 ) ) ;
#1438 = DIRECTION ( 'NONE',  ( 0.000000000000000000, 1.000000000000000000, 0.000000000000000000 ) ) ;
#1439 = EDGE_CURVE ( 'NONE', #5159, #900, #4031, .T. ) ;
#1440 = ORIENTED_EDGE ( 'NONE', *, *, #3275, .F. ) ;
#1441 = ORIENTED_EDGE ( 'NONE', *, *, #3936, .T. ) ;
#1442 = ORIENTED_EDGE ( 'NONE', *, *, #3200, .F. ) ;
#1443 = EDGE_CURVE ( 'NONE', #1468, #2000, #5340, .T. ) ;
#1444 = CARTESIAN_POINT ( 'NONE',  ( 8.324999999999999289, 0.1249999999999990563, 1.099999999999996758 ) ) ;
#1445 = ORIENTED_EDGE ( 'NONE', *, *, #5258, .T. ) ;
#1446 = ORIENTED_EDGE ( 'NONE', *, *, #3832, .T. ) ;
#1447 = EDGE_CURVE ( 'NONE', #5078, #4625, #1464, .T. ) ;
#1448 = DIRECTION ( 'NONE',  ( -0.000000000000000000, 0.000000000000000000, 1.000000000000000000 ) ) ;
#1449 = CONTEXT_DEPENDENT_SHAPE_REPRESENTATION ( #2943, #4932 ) ;
#1450 = CARTESIAN_POINT ( 'NONE',  ( -9.499999999999998224, 0.000000000000000000, 1.614999999999998881 ) ) ;
#1451 = VECTOR ( 'NONE', #2436, 1000.000000000000000 ) ;
#1452 = EDGE_CURVE ( 'NONE', #4900, #4371, #1436, .T. ) ;
#1453 = VECTOR ( 'NONE', #4391, 1000.000000000000000 ) ;
#1454 = CARTESIAN_POINT ( 'NONE',  ( 19.86055906122973980, 5.325000000000000178, 4.999999999999996447 ) ) ;
#1455 = ORIENTED_EDGE ( 'NONE', *, *, #4904, .T. ) ;
#1456 = EDGE_CURVE ( 'NONE', #116, #2732, #4363, .T. ) ;
#1457 = CARTESIAN_POINT ( 'NONE',  ( 4.069999999999997620, 4.625000000000000888, -2.000000000000004441 ) ) ;
#1458 = LINE ( 'NONE', #1918, #1763 ) ;
#1459 = LINE ( 'NONE', #4389, #3435 ) ;
#1460 = VECTOR ( 'NONE', #2400, 1000.000000000000000 ) ;
#1461 = LINE ( 'NONE', #5309, #3900 ) ;
#1462 = CARTESIAN_POINT ( 'NONE',  ( 14.00249930594108783, 0.1849999999999999978, 1.429999999999996829 ) ) ;
#1463 = ORIENTED_EDGE ( 'NONE', *, *, #2686, .T. ) ;
#1464 = LINE ( 'NONE', #4393, #3493 ) ;
#1465 = CARTESIAN_POINT ( 'NONE',  ( 5.929999999999997939, 4.120000000000000107, -4.400000000000003908 ) ) ;
#1466 = CARTESIAN_POINT ( 'NONE',  ( -9.499999999999998224, 2.249999999999999556, 1.099999999999996758 ) ) ;
#1467 = ORIENTED_EDGE ( 'NONE', *, *, #4396, .F. ) ;
#1468 = VERTEX_POINT ( 'NONE', #185 ) ;
#1469 = EDGE_LOOP ( 'NONE', ( #1596, #3816, #2232, #401 ) ) ;
#1470 = LINE ( 'NONE', #2293, #5282 ) ;
#1471 = ORIENTED_EDGE ( 'NONE', *, *, #1478, .F. ) ;
#1472 = VECTOR ( 'NONE', #2798, 1000.000000000000227 ) ;
#1473 = ORIENTED_EDGE ( 'NONE', *, *, #3484, .F. ) ;
#1474 = DIRECTION ( 'NONE',  ( 0.7071067811865473507, -8.817661821182341427E-17, 0.7071067811865476838 ) ) ;
#1475 = SHAPE_DEFINITION_REPRESENTATION ( #2759, #5320 ) ;
#1476 = DIRECTION ( 'NONE',  ( -1.000000000000000000, -0.000000000000000000, -0.000000000000000000 ) ) ;
#1477 = EDGE_CURVE ( 'NONE', #3529, #4267, #2754, .T. ) ;
#1478 = EDGE_CURVE ( 'NONE', #4728, #217, #4810, .T. ) ;
#1479 = EDGE_CURVE ( 'NONE', #326, #2260, #4948, .T. ) ;
#1480 = VERTEX_POINT ( 'NONE', #495 ) ;
#1481 = LINE ( 'NONE', #3197, #4327 ) ;
#1482 = DIRECTION ( 'NONE',  ( 0.000000000000000000, 0.000000000000000000, -1.000000000000000000 ) ) ;
#1483 = CARTESIAN_POINT ( 'NONE',  ( 9.999999999999996447, 0.9249999999999991562, 1.099999999999995648 ) ) ;
#1484 = EDGE_CURVE ( 'NONE', #3100, #3188, #4918, .T. ) ;
#1485 = ADVANCED_FACE ( 'NONE', ( #4836 ), #4890, .F. ) ;
#1486 = FACE_OUTER_BOUND ( 'NONE', #112, .T. ) ;
#1487 = DIRECTION ( 'NONE',  ( 0.7071067811865513475, 0.000000000000000000, -0.7071067811865436870 ) ) ;
#1488 = ORIENTED_EDGE ( 'NONE', *, *, #5118, .F. ) ;
#1489 = CARTESIAN_POINT ( 'NONE',  ( 9.999999999999996447, 2.974999999999999645, -0.5000000000000035527 ) ) ;
#1490 = DIRECTION ( 'NONE',  ( 0.000000000000000000, -0.000000000000000000, -1.000000000000000000 ) ) ;
#1491 = VECTOR ( 'NONE', #4049, 1000.000000000000000 ) ;
#1492 = CARTESIAN_POINT ( 'NONE',  ( 3.384999999999963372, 0.4099999999999990319, 0.5599999999999953904 ) ) ;
#1493 = VERTEX_POINT ( 'NONE', #946 ) ;
#1494 = PRODUCT_DEFINITION_FORMATION_WITH_SPECIFIED_SOURCE ( 'ANY', '', #3349, .NOT_KNOWN. ) ;
#1495 = CARTESIAN_POINT ( 'NONE',  ( 14.00249930594108783, 2.249999999999999556, 4.999999999999996447 ) ) ;
#1496 = VECTOR ( 'NONE', #2603, 1000.000000000000000 ) ;
#1497 = EDGE_LOOP ( 'NONE', ( #3487, #3609, #1676, #28, #1471, #697 ) ) ;
#1498 = DIRECTION ( 'NONE',  ( -0.000000000000000000, 1.000000000000000000, 0.000000000000000000 ) ) ;
#1499 = DIRECTION ( 'NONE',  ( -0.000000000000000000, 1.000000000000000000, -0.000000000000000000 ) ) ;
#1500 = VECTOR ( 'NONE', #873, 1000.000000000000114 ) ;
#1501 = VERTEX_POINT ( 'NONE', #1810 ) ;
#1502 = CARTESIAN_POINT ( 'NONE',  ( 19.86055906122973980, 5.325000000000000178, 4.999999999999996447 ) ) ;
#1503 = ORIENTED_EDGE ( 'NONE', *, *, #4245, .T. ) ;
#1504 = CARTESIAN_POINT ( 'NONE',  ( 6.569999999999997620, 4.625000000000000888, -2.000000000000004441 ) ) ;
#1505 =( REPRESENTATION_RELATIONSHIP ('NONE','NONE', #5320, #2631 ) REPRESENTATION_RELATIONSHIP_WITH_TRANSFORMATION ( #174 )SHAPE_REPRESENTATION_RELATIONSHIP( ) );
#1506 = APPLICATION_PROTOCOL_DEFINITION ( 'draft international standard', 'automotive_design', 1998, #4793 ) ;
#1507 = VECTOR ( 'NONE', #2404, 1000.000000000000114 ) ;
#1508 = FACE_OUTER_BOUND ( 'NONE', #1214, .T. ) ;
#1509 = ORIENTED_EDGE ( 'NONE', *, *, #3202, .F. ) ;
#1510 = LINE ( 'NONE', #2359, #722 ) ;
#1511 = DIRECTION ( 'NONE',  ( -0.000000000000000000, -1.000000000000000000, -1.247005693593550945E-16 ) ) ;
#1512 = DIRECTION ( 'NONE',  ( -0.000000000000000000, -0.000000000000000000, 1.000000000000000000 ) ) ;
#1513 = VECTOR ( 'NONE', #3382, 1000.000000000000000 ) ;
#1514 = DIRECTION ( 'NONE',  ( 0.000000000000000000, -0.000000000000000000, 1.000000000000000000 ) ) ;
#1515 = PLANE ( 'NONE',  #5565 ) ;
#1516 = ORIENTED_EDGE ( 'NONE', *, *, #3314, .T. ) ;
#1517 = DIRECTION ( 'NONE',  ( 0.000000000000000000, 1.000000000000000000, 0.000000000000000000 ) ) ;
#1518 = LINE ( 'NONE', #1543, #3801 ) ;
#1519 = CARTESIAN_POINT ( 'NONE',  ( -14.00249930594108783, 2.249999999999999556, 4.099999999999996092 ) ) ;
#1520 = ADVANCED_FACE ( 'NONE', ( #3521 ), #3972, .F. ) ;
#1521 = VERTEX_POINT ( 'NONE', #5286 ) ;
#1522 = EDGE_CURVE ( 'NONE', #372, #1493, #2728, .T. ) ;
#1523 = CARTESIAN_POINT ( 'NONE',  ( 6.569999999999997620, 4.120000000000000107, -5.050000000000007816 ) ) ;
#1524 = EDGE_LOOP ( 'NONE', ( #3418, #1390, #1880, #1022, #3266, #3149, #2070, #3358, #1351, #345, #2177, #1552, #4618, #2345, #250, #4059, #3919, #4701, #2457, #2777 ) ) ;
#1525 = DIRECTION ( 'NONE',  ( 0.000000000000000000, 1.000000000000000000, 0.000000000000000000 ) ) ;
#1526 = PLANE ( 'NONE',  #996 ) ;
#1527 = ADVANCED_FACE ( 'NONE', ( #4191 ), #5028, .T. ) ;
#1528 = VECTOR ( 'NONE', #515, 1000.000000000000000 ) ;
#1529 = ORIENTED_EDGE ( 'NONE', *, *, #309, .T. ) ;
#1530 = DIRECTION ( 'NONE',  ( 0.000000000000000000, 1.232047923278982692E-16, -1.000000000000000000 ) ) ;
#1531 = CARTESIAN_POINT ( 'NONE',  ( -6.570000000000002949, 0.1249999999999992506, -2.625000000000004441 ) ) ;
#1532 = VECTOR ( 'NONE', #774, 1000.000000000000000 ) ;
#1533 = AXIS2_PLACEMENT_3D ( 'NONE', #2605, #5514, #1283 ) ;
#1534 = ORIENTED_EDGE ( 'NONE', *, *, #3267, .F. ) ;
#1535 = DIRECTION ( 'NONE',  ( 0.000000000000000000, 0.000000000000000000, 1.000000000000000000 ) ) ;
#1536 = DIRECTION ( 'NONE',  ( -0.000000000000000000, 1.000000000000000000, -0.000000000000000000 ) ) ;
#1537 = DIRECTION ( 'NONE',  ( 0.000000000000000000, -1.000000000000000000, 1.084202172485504040E-15 ) ) ;
#1538 = VECTOR ( 'NONE', #2494, 1000.000000000000000 ) ;
#1539 = LINE ( 'NONE', #4078, #2112 ) ;
#1540 = DIRECTION ( 'NONE',  ( 1.000000000000000000, 0.000000000000000000, 0.000000000000000000 ) ) ;
#1541 = ORIENTED_EDGE ( 'NONE', *, *, #1306, .T. ) ;
#1542 = PLANE ( 'NONE',  #4418 ) ;
#1543 = CARTESIAN_POINT ( 'NONE',  ( 6.461083876576322105, 0.2339161234236742937, -8.005809912289256758 ) ) ;
#1544 = AXIS2_PLACEMENT_3D ( 'NONE', #3945, #3522, #2839 ) ;
#1545 = LINE ( 'NONE', #241, #744 ) ;
#1546 = PRODUCT_DEFINITION_SHAPE ( 'NONE', 'NONE',  #5606 ) ;
#1547 = VECTOR ( 'NONE', #5189, 1000.000000000000000 ) ;
#1548 = ORIENTED_EDGE ( 'NONE', *, *, #4669, .F. ) ;
#1549 = EDGE_CURVE ( 'NONE', #5005, #4925, #5055, .T. ) ;
#1550 = VECTOR ( 'NONE', #4256, 1000.000000000000000 ) ;
#1551 = PLANE ( 'NONE',  #3162 ) ;
#1552 = ORIENTED_EDGE ( 'NONE', *, *, #818, .T. ) ;
#1553 = DIRECTION ( 'NONE',  ( 0.000000000000000000, 0.000000000000000000, -1.000000000000000000 ) ) ;
#1554 = FACE_OUTER_BOUND ( 'NONE', #1785, .T. ) ;
#1555 = ORIENTED_EDGE ( 'NONE', *, *, #3276, .T. ) ;
#1556 = ORIENTED_EDGE ( 'NONE', *, *, #4592, .F. ) ;
#1557 = FACE_OUTER_BOUND ( 'NONE', #2358, .T. ) ;
#1558 = ORIENTED_EDGE ( 'NONE', *, *, #1735, .F. ) ;
#1559 = DIRECTION ( 'NONE',  ( -1.000000000000000000, -0.000000000000000000, -0.000000000000000000 ) ) ;
#1560 = PLANE ( 'NONE',  #2733 ) ;
#1561 = ORIENTED_EDGE ( 'NONE', *, *, #1396, .T. ) ;
#1562 = AXIS2_PLACEMENT_3D ( 'NONE', #694, #5516, #3744 ) ;
#1563 = VECTOR ( 'NONE', #4791, 1000.000000000000000 ) ;
#1564 = ORIENTED_EDGE ( 'NONE', *, *, #3995, .F. ) ;
#1565 = VERTEX_POINT ( 'NONE', #3683 ) ;
#1566 = LINE ( 'NONE', #4101, #2885 ) ;
#1567 = CARTESIAN_POINT ( 'NONE',  ( -5.930000000000003268, 0.1249999999999992506, -2.625000000000004441 ) ) ;
#1568 = LINE ( 'NONE', #5389, #4982 ) ;
#1569 = AXIS2_PLACEMENT_3D ( 'NONE', #4940, #1966, #1514 ) ;
#1570 = AXIS2_PLACEMENT_3D ( 'NONE', #3578, #467, #3125 ) ;
#1571 = DIRECTION ( 'NONE',  ( -0.000000000000000000, 0.000000000000000000, 1.000000000000000000 ) ) ;
#1572 = DIRECTION ( 'NONE',  ( 0.000000000000000000, 1.000000000000000000, 0.000000000000000000 ) ) ;
#1573 = VERTEX_POINT ( 'NONE', #4968 ) ;
#1574 = LINE ( 'NONE', #1489, #265 ) ;
#1575 = CARTESIAN_POINT ( 'NONE',  ( 9.049999999999997158, 0.6749999999999989342, 1.099999999999996758 ) ) ;
#1576 = DIRECTION ( 'NONE',  ( 0.000000000000000000, 0.000000000000000000, 1.000000000000000000 ) ) ;
#1577 = AXIS2_PLACEMENT_3D ( 'NONE', #4372, #5233, #3079 ) ;
#1578 = VERTEX_POINT ( 'NONE', #636 ) ;
#1579 = CARTESIAN_POINT ( 'NONE',  ( -3.430000000000002380, 0.4099999999999989209, -2.000000000000004441 ) ) ;
#1580 = VECTOR ( 'NONE', #180, 1000.000000000000000 ) ;
#1581 = ORIENTED_EDGE ( 'NONE', *, *, #3585, .F. ) ;
#1582 = CARTESIAN_POINT ( 'NONE',  ( 3.429999999999997939, 4.226831086995315623, -2.625000000000004885 ) ) ;
#1583 = VERTEX_POINT ( 'NONE', #1175 ) ;
#1584 = ORIENTED_EDGE ( 'NONE', *, *, #2306, .F. ) ;
#1585 =( GEOMETRIC_REPRESENTATION_CONTEXT ( 3 ) GLOBAL_UNCERTAINTY_ASSIGNED_CONTEXT ( ( #2103 ) ) GLOBAL_UNIT_ASSIGNED_CONTEXT ( ( #4351, #1017, #3250 ) ) REPRESENTATION_CONTEXT ( 'NONE', 'WORKASPACE' ) );
#1586 = CIRCLE ( 'NONE', #4471, 3.000000000000000000 ) ;
#1587 = ORIENTED_EDGE ( 'NONE', *, *, #4212, .T. ) ;
#1588 = AXIS2_PLACEMENT_3D ( 'NONE', #1444, #4464, #953 ) ;
#1589 = ORIENTED_EDGE ( 'NONE', *, *, #1847, .T. ) ;
#1590 = DIRECTION ( 'NONE',  ( -0.000000000000000000, 1.000000000000000000, -0.000000000000000000 ) ) ;
#1591 = DIRECTION ( 'NONE',  ( -0.000000000000000000, 1.000000000000000000, -0.000000000000000000 ) ) ;
#1592 = AXIS2_PLACEMENT_3D ( 'NONE', #852, #5094, #1215 ) ;
#1593 = EDGE_CURVE ( 'NONE', #2675, #2397, #327, .T. ) ;
#1594 = ADVANCED_FACE ( 'NONE', ( #1605 ), #2445, .F. ) ;
#1595 = EDGE_CURVE ( 'NONE', #3776, #2389, #2052, .T. ) ;
#1596 = ORIENTED_EDGE ( 'NONE', *, *, #3166, .F. ) ;
#1597 = ORIENTED_EDGE ( 'NONE', *, *, #3312, .T. ) ;
#1598 = DIRECTION ( 'NONE',  ( 0.000000000000000000, 1.000000000000000000, 0.000000000000000000 ) ) ;
#1599 = PLANE ( 'NONE',  #4750 ) ;
#1600 = DIRECTION ( 'NONE',  ( -0.000000000000000000, -0.000000000000000000, 1.000000000000000000 ) ) ;
#1601 = EDGE_CURVE ( 'NONE', #2128, #1032, #1574, .T. ) ;
#1602 = CARTESIAN_POINT ( 'NONE',  ( 8.774999999999996803, 2.974999999999999201, 4.999999999999994671 ) ) ;
#1603 = DIRECTION ( 'NONE',  ( 1.000000000000000000, 0.000000000000000000, 0.000000000000000000 ) ) ;
#1604 = EDGE_LOOP ( 'NONE', ( #2261, #4221, #3231, #4399 ) ) ;
#1605 = FACE_OUTER_BOUND ( 'NONE', #3786, .T. ) ;
#1606 = DIRECTION ( 'NONE',  ( 0.000000000000000000, 0.000000000000000000, 1.000000000000000000 ) ) ;
#1607 = DIRECTION ( 'NONE',  ( -0.000000000000000000, -0.000000000000000000, 1.000000000000000000 ) ) ;
#1608 = DIRECTION ( 'NONE',  ( -0.000000000000000000, 1.000000000000000000, -0.000000000000000000 ) ) ;
#1609 = ORIENTED_EDGE ( 'NONE', *, *, #2593, .F. ) ;
#1610 = DIRECTION ( 'NONE',  ( -0.000000000000000000, 1.000000000000000000, -0.000000000000000000 ) ) ;
#1611 = CARTESIAN_POINT ( 'NONE',  ( 5.299999999999997158, 6.125000000000000000, 0.3499999999999952593 ) ) ;
#1612 = ORIENTED_EDGE ( 'NONE', *, *, #2288, .F. ) ;
#1613 = ORIENTED_EDGE ( 'NONE', *, *, #1273, .T. ) ;
#1614 = ADVANCED_FACE ( 'NONE', ( #1969 ), #4943, .F. ) ;
#1615 = ORIENTED_EDGE ( 'NONE', *, *, #61, .F. ) ;
#1616 =( LENGTH_UNIT ( ) NAMED_UNIT ( * ) SI_UNIT ( .MILLI., .METRE. ) );
#1617 = CARTESIAN_POINT ( 'NONE',  ( -5.930000000000004157, 4.226831086995314735, -2.625000000000004885 ) ) ;
#1618 = CARTESIAN_POINT ( 'NONE',  ( 6.574999999999998401, 5.325000000000000178, 4.410000000000014353 ) ) ;
#1619 = ADVANCED_FACE ( 'NONE', ( #1061 ), #295, .F. ) ;
#1620 = ADVANCED_FACE ( 'NONE', ( #3715 ), #3742, .F. ) ;
#1621 = ORIENTED_EDGE ( 'NONE', *, *, #4558, .T. ) ;
#1622 = EDGE_CURVE ( 'NONE', #310, #2645, #2366, .T. ) ;
#1623 = ORIENTED_EDGE ( 'NONE', *, *, #1902, .T. ) ;
#1624 = LINE ( 'NONE', #2917, #4268 ) ;
#1625 = ADVANCED_FACE ( 'NONE', ( #2894 ), #1542, .F. ) ;
#1626 = CARTESIAN_POINT ( 'NONE',  ( -5.930000000000003268, 4.120000000000000107, -0.5000000000000038858 ) ) ;
#1627 = LINE ( 'NONE', #1714, #1990 ) ;
#1628 = EDGE_CURVE ( 'NONE', #1825, #3654, #749, .T. ) ;
#1629 = EDGE_CURVE ( 'NONE', #5185, #2679, #3665, .T. ) ;
#1630 = DIRECTION ( 'NONE',  ( 0.000000000000000000, 1.000000000000000000, 1.247005693593550945E-16 ) ) ;
#1631 = DIRECTION ( 'NONE',  ( 0.000000000000000000, -0.000000000000000000, 1.000000000000000000 ) ) ;
#1632 = VERTEX_POINT ( 'NONE', #3232 ) ;
#1633 = CARTESIAN_POINT ( 'NONE',  ( 19.86055906122973980, 4.099417034833817475, -2.825000000000004619 ) ) ;
#1634 = LINE ( 'NONE', #840, #2986 ) ;
#1635 = PLANE ( 'NONE',  #4906 ) ;
#1636 = ORIENTED_EDGE ( 'NONE', *, *, #831, .F. ) ;
#1637 = VECTOR ( 'NONE', #201, 1000.000000000000000 ) ;
#1638 = DIRECTION ( 'NONE',  ( 0.000000000000000000, 1.000000000000000000, 1.091181084403578030E-16 ) ) ;
#1639 = VECTOR ( 'NONE', #4425, 1000.000000000000000 ) ;
#1640 = ORIENTED_EDGE ( 'NONE', *, *, #3597, .F. ) ;
#1641 = DIRECTION ( 'NONE',  ( -0.000000000000000000, -0.000000000000000000, 1.000000000000000000 ) ) ;
#1642 = VECTOR ( 'NONE', #3958, 1000.000000000000000 ) ;
#1643 = CARTESIAN_POINT ( 'NONE',  ( -9.049999999999997158, 2.249999999999999556, 4.099999999999996092 ) ) ;
#1644 = EDGE_LOOP ( 'NONE', ( #3207, #3943, #1155, #701 ) ) ;
#1645 = AXIS2_PLACEMENT_3D ( 'NONE', #4134, #2337, #1490 ) ;
#1646 = EDGE_LOOP ( 'NONE', ( #5486, #4571, #4581, #2335 ) ) ;
#1647 = DIRECTION ( 'NONE',  ( 0.000000000000000000, 1.000000000000000000, 0.000000000000000000 ) ) ;
#1648 = VERTEX_POINT ( 'NONE', #2813 ) ;
#1649 = PLANE ( 'NONE',  #5482 ) ;
#1650 = DIRECTION ( 'NONE',  ( 1.000000000000000000, 0.000000000000000000, 0.000000000000000000 ) ) ;
#1651 = EDGE_LOOP ( 'NONE', ( #5097, #3461, #4398, #193, #5386, #824 ) ) ;
#1652 = EDGE_LOOP ( 'NONE', ( #945, #2405, #2625, #501 ) ) ;
#1653 = ORIENTED_EDGE ( 'NONE', *, *, #1241, .F. ) ;
#1654 = CARTESIAN_POINT ( 'NONE',  ( 6.395165060747992847, 0.9249999999999991562, 4.099999999999995204 ) ) ;
#1655 = PRODUCT_DEFINITION_CONTEXT ( 'detailed design', #3333, 'design' ) ;
#1656 = LINE ( 'NONE', #3369, #1086 ) ;
#1657 = EDGE_CURVE ( 'NONE', #1480, #4973, #4544, .T. ) ;
#1658 = ADVANCED_FACE ( 'NONE', ( #4110 ), #1120, .F. ) ;
#1659 = AXIS2_PLACEMENT_3D ( 'NONE', #1153, #5399, #751 ) ;
#1660 = EDGE_CURVE ( 'NONE', #18, #3847, #5160, .T. ) ;
#1661 = CARTESIAN_POINT ( 'NONE',  ( 0.000000000000000000, 0.000000000000000000, 1.099999999999996758 ) ) ;
#1662 = FACE_OUTER_BOUND ( 'NONE', #2734, .T. ) ;
#1663 = VERTEX_POINT ( 'NONE', #434 ) ;
#1664 = PLANE ( 'NONE',  #77 ) ;
#1665 = CARTESIAN_POINT ( 'NONE',  ( 19.86055906122973980, 4.120000000000000107, -2.000000000000004441 ) ) ;
#1666 = VECTOR ( 'NONE', #3858, 1000.000000000000000 ) ;
#1667 = LINE ( 'NONE', #4283, #1013 ) ;
#1668 = EDGE_CURVE ( 'NONE', #4476, #2688, #865, .T. ) ;
#1669 = EDGE_CURVE ( 'NONE', #5234, #570, #2557, .T. ) ;
#1670 = EDGE_CURVE ( 'NONE', #2675, #5209, #2581, .T. ) ;
#1671 = CARTESIAN_POINT ( 'NONE',  ( 6.569999999999997620, 0.7650000000000000133, -8.050000000000006040 ) ) ;
#1672 = ORIENTED_EDGE ( 'NONE', *, *, #614, .T. ) ;
#1673 = FACE_OUTER_BOUND ( 'NONE', #1142, .T. ) ;
#1674 = CARTESIAN_POINT ( 'NONE',  ( -7.624999999999996447, 0.4099999999999990319, 4.999999999999997335 ) ) ;
#1675 = VERTEX_POINT ( 'NONE', #4281 ) ;
#1676 = ORIENTED_EDGE ( 'NONE', *, *, #4620, .T. ) ;
#1677 = VERTEX_POINT ( 'NONE', #2137 ) ;
#1678 = DIRECTION ( 'NONE',  ( 0.000000000000000000, 0.7071067811865431318, -0.7071067811865520136 ) ) ;
#1679 = ORIENTED_EDGE ( 'NONE', *, *, #2173, .F. ) ;
#1680 = CARTESIAN_POINT ( 'NONE',  ( 8.024999999999993250, 5.324999999999999289, -0.5000000000000038858 ) ) ;
#1681 = ORIENTED_EDGE ( 'NONE', *, *, #2433, .F. ) ;
#1682 = AXIS2_PLACEMENT_3D ( 'NONE', #2191, #3996, #2691 ) ;
#1683 = VECTOR ( 'NONE', #1398, 1000.000000000000000 ) ;
#1684 = PRODUCT_DEFINITION_FORMATION_WITH_SPECIFIED_SOURCE ( 'ANY', '', #4474, .NOT_KNOWN. ) ;
#1685 = EDGE_LOOP ( 'NONE', ( #506, #24, #3103, #595 ) ) ;
#1686 = VECTOR ( 'NONE', #4022, 1000.000000000000000 ) ;
#1687 = ORIENTED_EDGE ( 'NONE', *, *, #204, .F. ) ;
#1688 = DIRECTION ( 'NONE',  ( 1.000000000000000000, 0.000000000000000000, -0.000000000000000000 ) ) ;
#1689 = CARTESIAN_POINT ( 'NONE',  ( 9.049999999999997158, 2.974999999999999201, 4.769247601426241268 ) ) ;
#1690 = ADVANCED_FACE ( 'NONE', ( #3036 ), #3456, .F. ) ;
#1691 = CARTESIAN_POINT ( 'NONE',  ( 0.000000000000000000, 0.4099999999999990319, -2.825000000000005063 ) ) ;
#1692 = DIRECTION ( 'NONE',  ( -1.000000000000000000, -0.000000000000000000, -0.000000000000000000 ) ) ;
#1693 = ORIENTED_EDGE ( 'NONE', *, *, #2474, .F. ) ;
#1694 = FACE_OUTER_BOUND ( 'NONE', #3643, .T. ) ;
#1695 = CARTESIAN_POINT ( 'NONE',  ( -8.024999999999993250, 1.225000000000000311, 4.749999999999993783 ) ) ;
#1696 = CARTESIAN_POINT ( 'NONE',  ( -9.349999999999997868, 2.099999999999999201, 3.699999999999995293 ) ) ;
#1697 = CARTESIAN_POINT ( 'NONE',  ( 9.999999999999996447, 0.1249999999999991673, 1.099999999999995648 ) ) ;
#1698 = ORIENTED_EDGE ( 'NONE', *, *, #2041, .T. ) ;
#1699 = ADVANCED_FACE ( 'NONE', ( #1200 ), #4656, .F. ) ;
#1700 = DIRECTION ( 'NONE',  ( -0.6447108186924361828, -0.4107260894097992665, -0.6447108186924291884 ) ) ;
#1701 = CARTESIAN_POINT ( 'NONE',  ( 19.86055906122973980, 4.625000000000000888, -2.000000000000004441 ) ) ;
#1702 = ADVANCED_FACE ( 'NONE', ( #1745 ), #4255, .T. ) ;
#1703 = VERTEX_POINT ( 'NONE', #3799 ) ;
#1704 = EDGE_CURVE ( 'NONE', #5414, #4476, #887, .T. ) ;
#1705 = CARTESIAN_POINT ( 'NONE',  ( -1.570000000000002061, 4.120000000000000107, -0.5000000000000038858 ) ) ;
#1706 = ORIENTED_EDGE ( 'NONE', *, *, #2009, .F. ) ;
#1707 = CARTESIAN_POINT ( 'NONE',  ( -7.164999999999997371, 6.125000000000000000, 4.999999999999995559 ) ) ;
#1708 = VERTEX_POINT ( 'NONE', #5542 ) ;
#1709 = ORIENTED_EDGE ( 'NONE', *, *, #1835, .F. ) ;
#1710 = ORIENTED_EDGE ( 'NONE', *, *, #3350, .T. ) ;
#1711 = ORIENTED_EDGE ( 'NONE', *, *, #2474, .T. ) ;
#1712 = LINE ( 'NONE', #4619, #4607 ) ;
#1713 = SURFACE_STYLE_USAGE ( .BOTH. , #321 ) ;
#1714 = CARTESIAN_POINT ( 'NONE',  ( -9.499999999999998224, 2.249999999999999556, 4.999999999999996447 ) ) ;
#1715 = CARTESIAN_POINT ( 'NONE',  ( 19.86055906122973980, 4.099417034833817475, -2.825000000000004619 ) ) ;
#1716 = DIRECTION ( 'NONE',  ( 0.000000000000000000, -1.000000000000000000, -1.091181084403578030E-16 ) ) ;
#1717 = ORIENTED_EDGE ( 'NONE', *, *, #507, .T. ) ;
#1718 = CARTESIAN_POINT ( 'NONE',  ( -8.024999999999993250, 1.225000000000000311, -0.5000000000000073275 ) ) ;
#1719 = CARTESIAN_POINT ( 'NONE',  ( -5.930000000000003268, 3.479999999999999982, -0.5000000000000038858 ) ) ;
#1720 = DIRECTION ( 'NONE',  ( 0.000000000000000000, -0.000000000000000000, -1.000000000000000000 ) ) ;
#1721 = DIRECTION ( 'NONE',  ( 0.000000000000000000, 1.000000000000000000, 0.000000000000000000 ) ) ;
#1722 = ORIENTED_EDGE ( 'NONE', *, *, #3228, .F. ) ;
#1723 = LINE ( 'NONE', #4312, #1500 ) ;
#1724 = DIRECTION ( 'NONE',  ( -0.7071067811865365815, 0.000000000000000000, -0.7071067811865584529 ) ) ;
#1725 = VECTOR ( 'NONE', #5178, 1000.000000000000000 ) ;
#1726 = ADVANCED_FACE ( 'NONE', ( #5079 ), #1664, .T. ) ;
#1727 = EDGE_CURVE ( 'NONE', #5445, #2576, #1228, .T. ) ;
#1728 = VECTOR ( 'NONE', #2195, 1000.000000000000000 ) ;
#1729 = ORIENTED_EDGE ( 'NONE', *, *, #1143, .T. ) ;
#1730 = CARTESIAN_POINT ( 'NONE',  ( 19.86055906122973980, 4.625000000000000888, -2.000000000000004441 ) ) ;
#1731 = VERTEX_POINT ( 'NONE', #1718 ) ;
#1732 = LINE ( 'NONE', #1680, #4473 ) ;
#1733 = VECTOR ( 'NONE', #3321, 1000.000000000000000 ) ;
#1734 = MECHANICAL_DESIGN_GEOMETRIC_PRESENTATION_REPRESENTATION (  '', ( #3793 ), #823 ) ;
#1735 = EDGE_CURVE ( 'NONE', #3472, #4122, #3427, .T. ) ;
#1736 = ADVANCED_FACE ( 'NONE', ( #1694 ), #464, .F. ) ;
#1737 = ADVANCED_FACE ( 'NONE', ( #382 ), #777, .F. ) ;
#1738 = VERTEX_POINT ( 'NONE', #3400 ) ;
#1739 = CARTESIAN_POINT ( 'NONE',  ( 6.444999999999997620, 3.604999999999999982, 1.649999999999993916 ) ) ;
#1740 = CARTESIAN_POINT ( 'NONE',  ( -5.000000000000000000, 0.000000000000000000, 0.000000000000000000 ) ) ;
#1741 = CARTESIAN_POINT ( 'NONE',  ( 4.781133260407218089, 11.45830051366349345, 8.726133260407092251 ) ) ;
#1742 = DIRECTION ( 'NONE',  ( 0.000000000000000000, 0.000000000000000000, -1.000000000000000000 ) ) ;
#1743 = LINE ( 'NONE', #2188, #4929 ) ;
#1744 = ORIENTED_EDGE ( 'NONE', *, *, #4627, .T. ) ;
#1745 = FACE_OUTER_BOUND ( 'NONE', #4392, .T. ) ;
#1746 = LINE ( 'NONE', #2250, #1098 ) ;
#1747 = LINE ( 'NONE', #3038, #5438 ) ;
#1748 = AXIS2_PLACEMENT_3D ( 'NONE', #5229, #3307, #2038 ) ;
#1749 = DIRECTION ( 'NONE',  ( 0.000000000000000000, -0.7071067811865520136, -0.7071067811865431318 ) ) ;
#1750 = FACE_OUTER_BOUND ( 'NONE', #817, .T. ) ;
#1751 = EDGE_LOOP ( 'NONE', ( #4370, #2951, #4280, #2263 ) ) ;
#1752 = AXIS2_PLACEMENT_3D ( 'NONE', #1392, #2209, #3052 ) ;
#1753 = DIRECTION ( 'NONE',  ( -0.000000000000000000, 7.493405943744306946E-16, 1.000000000000000000 ) ) ;
#1754 = LINE ( 'NONE', #2698, #2085 ) ;
#1755 = DIRECTION ( 'NONE',  ( -0.000000000000000000, -0.000000000000000000, 1.000000000000000000 ) ) ;
#1756 = VERTEX_POINT ( 'NONE', #5131 ) ;
#1757 = ORIENTED_EDGE ( 'NONE', *, *, #3758, .F. ) ;
#1758 = PLANE ( 'NONE',  #853 ) ;
#1759 = ORIENTED_EDGE ( 'NONE', *, *, #3166, .T. ) ;
#1760 = DIRECTION ( 'NONE',  ( -1.000000000000000000, 0.000000000000000000, 0.000000000000000000 ) ) ;
#1761 = EDGE_CURVE ( 'NONE', #3196, #5033, #1255, .T. ) ;
#1762 = VERTEX_POINT ( 'NONE', #1023 ) ;
#1763 = VECTOR ( 'NONE', #1482, 1000.000000000000000 ) ;
#1764 = EDGE_CURVE ( 'NONE', #4362, #2030, #126, .T. ) ;
#1765 = CARTESIAN_POINT ( 'NONE',  ( -9.999999999999996447, 0.1249999999999991673, 1.099999999999995648 ) ) ;
#1766 = DIRECTION ( 'NONE',  ( 0.000000000000000000, 0.000000000000000000, 1.000000000000000000 ) ) ;
#1767 = PLANE ( 'NONE',  #5239 ) ;
#1768 = EDGE_CURVE ( 'NONE', #5011, #754, #2301, .T. ) ;
#1769 = VECTOR ( 'NONE', #3289, 999.9999999999998863 ) ;
#1770 = DIRECTION ( 'NONE',  ( -0.000000000000000000, -0.000000000000000000, 1.000000000000000000 ) ) ;
#1771 = LINE ( 'NONE', #1308, #1496 ) ;
#1772 = ORIENTED_EDGE ( 'NONE', *, *, #4203, .T. ) ;
#1773 = EDGE_CURVE ( 'NONE', #226, #1355, #1400, .T. ) ;
#1774 = DIRECTION ( 'NONE',  ( -1.000000000000000000, 0.000000000000000000, 0.000000000000000000 ) ) ;
#1775 = CARTESIAN_POINT ( 'NONE',  ( 6.569999999999997620, 4.120000000000000107, -2.000000000000004441 ) ) ;
#1776 = DIRECTION ( 'NONE',  ( 0.000000000000000000, 0.000000000000000000, -1.000000000000000000 ) ) ;
#1777 = VECTOR ( 'NONE', #1641, 1000.000000000000000 ) ;
#1778 = CARTESIAN_POINT ( 'NONE',  ( 4.069999999999997620, 0.1249999999999992506, -2.000000000000004441 ) ) ;
#1779 = DIRECTION ( 'NONE',  ( -0.000000000000000000, 1.000000000000000000, -0.000000000000000000 ) ) ;
#1780 = ORIENTED_EDGE ( 'NONE', *, *, #1209, .T. ) ;
#1781 = CARTESIAN_POINT ( 'NONE',  ( -3.749999999999997335, 6.125000000000000000, 2.316596043929709303 ) ) ;
#1782 = DIRECTION ( 'NONE',  ( 1.000000000000000000, 0.000000000000000000, 0.000000000000000000 ) ) ;
#1783 = VECTOR ( 'NONE', #1647, 1000.000000000000000 ) ;
#1784 = CARTESIAN_POINT ( 'NONE',  ( 9.049999999999997158, 0.6749999999999989342, 1.099999999999996758 ) ) ;
#1785 = EDGE_LOOP ( 'NONE', ( #3440, #530, #4596, #5230 ) ) ;
#1786 = EDGE_LOOP ( 'NONE', ( #2086, #5260, #365, #3971 ) ) ;
#1787 = CARTESIAN_POINT ( 'NONE',  ( 9.049999999999997158, 0.1849999999999999978, 4.999999999999996447 ) ) ;
#1788 = ORIENTED_EDGE ( 'NONE', *, *, #3228, .T. ) ;
#1789 =( NAMED_UNIT ( * ) SI_UNIT ( $, .STERADIAN. ) SOLID_ANGLE_UNIT ( ) );
#1790 = AXIS2_PLACEMENT_3D ( 'NONE', #2284, #159, #2310 ) ;
#1791 = ORIENTED_EDGE ( 'NONE', *, *, #2146, .T. ) ;
#1792 = DIRECTION ( 'NONE',  ( 0.000000000000000000, 0.000000000000000000, -1.000000000000000000 ) ) ;
#1793 = ORIENTED_EDGE ( 'NONE', *, *, #1629, .T. ) ;
#1794 = LINE ( 'NONE', #509, #1264 ) ;
#1795 = ADVANCED_FACE ( 'NONE', ( #4356 ), #1430, .F. ) ;
#1796 = EDGE_CURVE ( 'NONE', #3298, #2960, #3144, .T. ) ;
#1797 =( REPRESENTATION_RELATIONSHIP ('NONE','NONE', #5320, #2631 ) REPRESENTATION_RELATIONSHIP_WITH_TRANSFORMATION ( #3568 )SHAPE_REPRESENTATION_RELATIONSHIP( ) );
#1798 = DIRECTION ( 'NONE',  ( 0.3236155771181853935, -0.3236155771181841168, 0.8891264907159882602 ) ) ;
#1799 = DIRECTION ( 'NONE',  ( 0.000000000000000000, -1.091181084403578030E-16, 1.000000000000000000 ) ) ;
#1800 = ORIENTED_EDGE ( 'NONE', *, *, #4936, .T. ) ;
#1801 = LINE ( 'NONE', #5333, #3416 ) ;
#1802 = DIRECTION ( 'NONE',  ( 0.7071067811865513475, 0.000000000000000000, 0.7071067811865436870 ) ) ;
#1803 = DIRECTION ( 'NONE',  ( 1.000000000000000000, 0.000000000000000000, 0.000000000000000000 ) ) ;
#1804 = AXIS2_PLACEMENT_3D ( 'NONE', #2924, #5187, #1310 ) ;
#1805 = EDGE_CURVE ( 'NONE', #5174, #930, #992, .T. ) ;
#1806 = EDGE_CURVE ( 'NONE', #851, #3190, #3121, .T. ) ;
#1807 = CARTESIAN_POINT ( 'NONE',  ( -8.324999999999999289, 0.1249999999999990563, 1.099999999999996758 ) ) ;
#1808 = DIRECTION ( 'NONE',  ( 0.7071067811865462405, 0.000000000000000000, -0.7071067811865489050 ) ) ;
#1809 = ORIENTED_EDGE ( 'NONE', *, *, #3001, .F. ) ;
#1810 = CARTESIAN_POINT ( 'NONE',  ( -8.324999999999999289, 0.1249999999999990563, 4.999999999999996447 ) ) ;
#1811 = DIRECTION ( 'NONE',  ( -0.7071067811865489050, -0.000000000000000000, 0.7071067811865462405 ) ) ;
#1812 = PLANE ( 'NONE',  #4263 ) ;
#1813 = AXIS2_PLACEMENT_3D ( 'NONE', #3033, #3960, #92 ) ;
#1814 = ORIENTED_EDGE ( 'NONE', *, *, #3141, .F. ) ;
#1815 = ORIENTED_EDGE ( 'NONE', *, *, #3759, .F. ) ;
#1816 = VECTOR ( 'NONE', #5397, 1000.000000000000000 ) ;
#1817 = EDGE_LOOP ( 'NONE', ( #2526, #4115, #3863, #4294, #3777, #4745, #5031, #2239, #2572, #5285, #134, #5037, #2794 ) ) ;
#1818 = CARTESIAN_POINT ( 'NONE',  ( 8.024999999999993250, 4.325000000000001066, 4.749999999999997335 ) ) ;
#1819 = ORIENTED_EDGE ( 'NONE', *, *, #5112, .F. ) ;
#1820 = CARTESIAN_POINT ( 'NONE',  ( 9.999999999999996447, 0.1249999999999991673, 1.099999999999995648 ) ) ;
#1821 = VERTEX_POINT ( 'NONE', #965 ) ;
#1822 = EDGE_LOOP ( 'NONE', ( #2655, #1916, #238, #342, #1698, #1681, #4967, #964 ) ) ;
#1823 = EDGE_CURVE ( 'NONE', #5319, #1939, #2218, .T. ) ;
#1824 = VECTOR ( 'NONE', #4310, 1000.000000000000000 ) ;
#1825 = VERTEX_POINT ( 'NONE', #4446 ) ;
#1826 = VECTOR ( 'NONE', #4032, 1000.000000000000000 ) ;
#1827 = DIRECTION ( 'NONE',  ( 1.000000000000000000, 0.000000000000000000, 0.000000000000000000 ) ) ;
#1828 = AXIS2_PLACEMENT_3D ( 'NONE', #1116, #3710, #4993 ) ;
#1829 = FACE_OUTER_BOUND ( 'NONE', #591, .T. ) ;
#1830 = AXIS2_PLACEMENT_3D ( 'NONE', #3292, #610, #1925 ) ;
#1831 = LINE ( 'NONE', #4856, #1080 ) ;
#1832 = DIRECTION ( 'NONE',  ( 0.000000000000000000, -0.8433914458128850544, 0.5372996083468247752 ) ) ;
#1833 = EDGE_LOOP ( 'NONE', ( #2696, #1503, #1294, #4173 ) ) ;
#1834 = DIRECTION ( 'NONE',  ( 0.000000000000000000, -0.000000000000000000, -1.000000000000000000 ) ) ;
#1835 = EDGE_CURVE ( 'NONE', #4319, #3730, #2635, .T. ) ;
#1836 = DIRECTION ( 'NONE',  ( 1.000000000000000000, -0.000000000000000000, -0.000000000000000000 ) ) ;
#1837 = UNCERTAINTY_MEASURE_WITH_UNIT (LENGTH_MEASURE( 1.000000000000000082E-05 ), #144, 'distance_accuracy_value', 'NONE');
#1838 = LINE ( 'NONE', #3602, #2713 ) ;
#1839 = PLANE ( 'NONE',  #4632 ) ;
#1840 = PLANE ( 'NONE',  #455 ) ;
#1841 = ORIENTED_EDGE ( 'NONE', *, *, #3625, .T. ) ;
#1842 = CARTESIAN_POINT ( 'NONE',  ( 0.000000000000000000, 2.974999999999999645, 3.707972217151492568E-16 ) ) ;
#1843 = DIRECTION ( 'NONE',  ( 0.000000000000000000, 0.000000000000000000, -1.000000000000000000 ) ) ;
#1844 = DIRECTION ( 'NONE',  ( -0.5000000000000034417, 0.000000000000000000, 0.8660254037844367092 ) ) ;
#1845 = VECTOR ( 'NONE', #667, 1000.000000000000000 ) ;
#1846 = EDGE_CURVE ( 'NONE', #5011, #487, #4859, .T. ) ;
#1847 = EDGE_CURVE ( 'NONE', #5541, #600, #2719, .T. ) ;
#1848 = ORIENTED_EDGE ( 'NONE', *, *, #674, .F. ) ;
#1849 = EDGE_CURVE ( 'NONE', #2030, #2079, #1337, .T. ) ;
#1850 = VECTOR ( 'NONE', #770, 1000.000000000000000 ) ;
#1851 = ORIENTED_EDGE ( 'NONE', *, *, #3476, .F. ) ;
#1852 = ORIENTED_EDGE ( 'NONE', *, *, #1452, .F. ) ;
#1853 = DIRECTION ( 'NONE',  ( 0.000000000000000000, -0.000000000000000000, 1.000000000000000000 ) ) ;
#1854 = VERTEX_POINT ( 'NONE', #571 ) ;
#1855 = ORIENTED_EDGE ( 'NONE', *, *, #1439, .T. ) ;
#1856 = CIRCLE ( 'NONE', #2556, 0.6399999999999999023 ) ;
#1857 = EDGE_CURVE ( 'NONE', #3155, #1762, #3937, .T. ) ;
#1858 = ORIENTED_EDGE ( 'NONE', *, *, #1669, .F. ) ;
#1859 = AXIS2_PLACEMENT_3D ( 'NONE', #1240, #2961, #2175 ) ;
#1860 = DIRECTION ( 'NONE',  ( -1.000000000000000000, 0.000000000000000000, 0.000000000000000000 ) ) ;
#1861 = CONTEXT_DEPENDENT_SHAPE_REPRESENTATION ( #1505, #3752 ) ;
#1862 = DIRECTION ( 'NONE',  ( 1.000000000000000000, -0.000000000000000000, -0.000000000000000000 ) ) ;
#1863 = PRESENTATION_LAYER_ASSIGNMENT (  '', '', ( #4926 ) ) ;
#1864 = CARTESIAN_POINT ( 'NONE',  ( 14.00249930594108783, 2.249999999999999556, 4.999999999999996447 ) ) ;
#1865 = ORIENTED_EDGE ( 'NONE', *, *, #4277, .F. ) ;
#1866 = CARTESIAN_POINT ( 'NONE',  ( 19.86055906122973980, 4.120000000000000107, -2.000000000000004441 ) ) ;
#1867 = LINE ( 'NONE', #2161, #3380 ) ;
#1868 = LINE ( 'NONE', #2862, #1999 ) ;
#1869 = VECTOR ( 'NONE', #4189, 1000.000000000000000 ) ;
#1870 = DIRECTION ( 'NONE',  ( 1.000000000000000000, 0.000000000000000000, -0.000000000000000000 ) ) ;
#1871 = CARTESIAN_POINT ( 'NONE',  ( -3.230000000000000426, 0.4099999999999989209, -2.825000000000004619 ) ) ;
#1872 = ORIENTED_EDGE ( 'NONE', *, *, #58, .F. ) ;
#1873 = DIRECTION ( 'NONE',  ( -1.000000000000000000, -0.000000000000000000, -0.000000000000000000 ) ) ;
#1874 = LINE ( 'NONE', #4364, #3075 ) ;
#1875 =( GEOMETRIC_REPRESENTATION_CONTEXT ( 3 ) GLOBAL_UNCERTAINTY_ASSIGNED_CONTEXT ( ( #1025 ) ) GLOBAL_UNIT_ASSIGNED_CONTEXT ( ( #5296, #4899, #5350 ) ) REPRESENTATION_CONTEXT ( 'NONE', 'WORKASPACE' ) );
#1876 = LINE ( 'NONE', #1898, #5168 ) ;
#1877 = ORIENTED_EDGE ( 'NONE', *, *, #4669, .T. ) ;
#1878 = ADVANCED_FACE ( 'NONE', ( #3964 ), #1890, .F. ) ;
#1879 = ORIENTED_EDGE ( 'NONE', *, *, #4591, .T. ) ;
#1880 = ORIENTED_EDGE ( 'NONE', *, *, #5412, .F. ) ;
#1881 = DIRECTION ( 'NONE',  ( 0.000000000000000000, -1.000000000000000000, 0.000000000000000000 ) ) ;
#1882 = EDGE_CURVE ( 'NONE', #5027, #4094, #1801, .T. ) ;
#1883 = VERTEX_POINT ( 'NONE', #1369 ) ;
#1884 = ADVANCED_FACE ( 'NONE', ( #3089 ), #4829, .F. ) ;
#1885 = ORIENTED_EDGE ( 'NONE', *, *, #85, .F. ) ;
#1886 = FACE_OUTER_BOUND ( 'NONE', #1685, .T. ) ;
#1887 = DIRECTION ( 'NONE',  ( 0.000000000000000000, -0.8433914458128850544, 0.5372996083468247752 ) ) ;
#1888 = CARTESIAN_POINT ( 'NONE',  ( -9.049999999999997158, 0.000000000000000000, 1.614999999999998881 ) ) ;
#1889 = EDGE_LOOP ( 'NONE', ( #391, #2866, #1076, #1441, #3641, #5117 ) ) ;
#1890 = PLANE ( 'NONE',  #1978 ) ;
#1891 = LINE ( 'NONE', #3224, #2208 ) ;
#1892 = CARTESIAN_POINT ( 'NONE',  ( -8.774999999999996803, 2.974999999999999201, 4.999999999999994671 ) ) ;
#1893 = DIRECTION ( 'NONE',  ( 0.000000000000000000, 1.000000000000000000, 0.000000000000000000 ) ) ;
#1894 = DIRECTION ( 'NONE',  ( 0.000000000000000000, 0.7071067811865437980, -0.7071067811865513475 ) ) ;
#1895 = ORIENTED_EDGE ( 'NONE', *, *, #1412, .T. ) ;
#1896 = DIRECTION ( 'NONE',  ( -0.000000000000000000, 1.000000000000000000, 6.914554671463685469E-17 ) ) ;
#1897 = CARTESIAN_POINT ( 'NONE',  ( -8.774999999999996803, 4.325000000000001066, 4.999999999999996447 ) ) ;
#1898 = CARTESIAN_POINT ( 'NONE',  ( 8.324999999999999289, 0.6749999999999990452, 1.099999999999996758 ) ) ;
#1899 = ORIENTED_EDGE ( 'NONE', *, *, #582, .F. ) ;
#1900 = ORIENTED_EDGE ( 'NONE', *, *, #4404, .F. ) ;
#1901 = ORIENTED_EDGE ( 'NONE', *, *, #2229, .F. ) ;
#1902 = EDGE_CURVE ( 'NONE', #2648, #5185, #3543, .T. ) ;
#1903 = LINE ( 'NONE', #3614, #3101 ) ;
#1904 = SURFACE_STYLE_FILL_AREA ( #114 ) ;
#1905 = ORIENTED_EDGE ( 'NONE', *, *, #4346, .T. ) ;
#1906 = ADVANCED_FACE ( 'NONE', ( #4414 ), #544, .F. ) ;
#1907 = ORIENTED_EDGE ( 'NONE', *, *, #1806, .T. ) ;
#1908 = DIRECTION ( 'NONE',  ( 0.000000000000000000, -1.000000000000000000, -1.091181084403578030E-16 ) ) ;
#1909 = ITEM_DEFINED_TRANSFORMATION ( 'NONE', 'NONE', #2213,  #671 ) ;
#1910 = CARTESIAN_POINT ( 'NONE',  ( -19.86055906122973980, 4.325000000000001066, 1.999999999999996669 ) ) ;
#1911 = AXIS2_PLACEMENT_3D ( 'NONE', #659, #3677, #1144 ) ;
#1912 = EDGE_CURVE ( 'NONE', #1573, #1501, #4537, .T. ) ;
#1913 = PRODUCT_DEFINITION_SHAPE ( 'NONE', 'NONE',  #2108 ) ;
#1914 = AXIS2_PLACEMENT_3D ( 'NONE', #2133, #858, #2186 ) ;
#1915 = CARTESIAN_POINT ( 'NONE',  ( -3.430000000000002380, 0.4099999999999989209, -2.625000000000004441 ) ) ;
#1916 = ORIENTED_EDGE ( 'NONE', *, *, #2476, .T. ) ;
#1917 = DIRECTION ( 'NONE',  ( -0.000000000000000000, -1.000000000000000000, -1.247005693593550945E-16 ) ) ;
#1918 = CARTESIAN_POINT ( 'NONE',  ( 6.569999999999997620, 0.4099999999999990319, -2.825000000000005063 ) ) ;
#1919 = CARTESIAN_POINT ( 'NONE',  ( 8.774999999999996803, 0.1249999999999997363, -0.5000000000000034417 ) ) ;
#1920 = VECTOR ( 'NONE', #5256, 1000.000000000000000 ) ;
#1921 = DIRECTION ( 'NONE',  ( 1.000000000000000000, 0.000000000000000000, 0.000000000000000000 ) ) ;
#1922 = DIRECTION ( 'NONE',  ( 0.000000000000000000, -1.091181084403578030E-16, 1.000000000000000000 ) ) ;
#1923 = VERTEX_POINT ( 'NONE', #4125 ) ;
#1924 = CARTESIAN_POINT ( 'NONE',  ( 19.86055906122973980, 4.625000000000000888, -2.000000000000004441 ) ) ;
#1925 = DIRECTION ( 'NONE',  ( 0.000000000000000000, 0.000000000000000000, 1.000000000000000000 ) ) ;
#1926 = FACE_OUTER_BOUND ( 'NONE', #31, .T. ) ;
#1927 = ORIENTED_EDGE ( 'NONE', *, *, #415, .F. ) ;
#1928 = CARTESIAN_POINT ( 'NONE',  ( 9.049999999999997158, 2.249999999999999556, 4.999999999999996447 ) ) ;
#1929 = ORIENTED_EDGE ( 'NONE', *, *, #3597, .T. ) ;
#1930 = CARTESIAN_POINT ( 'NONE',  ( 6.749999999999997335, 5.325000000000000178, 4.108963702891829328 ) ) ;
#1931 =( NAMED_UNIT ( * ) SI_UNIT ( $, .STERADIAN. ) SOLID_ANGLE_UNIT ( ) );
#1932 = VECTOR ( 'NONE', #2672, 1000.000000000000000 ) ;
#1933 = EDGE_LOOP ( 'NONE', ( #2341, #2923, #979, #3887, #1382, #5495, #5442, #3979 ) ) ;
#1934 = CARTESIAN_POINT ( 'NONE',  ( 6.749999999999997335, 6.125000000000000000, 2.316596043929709303 ) ) ;
#1935 = FACE_OUTER_BOUND ( 'NONE', #3468, .T. ) ;
#1936 = ITEM_DEFINED_TRANSFORMATION ( 'NONE', 'NONE', #2029,  #671 ) ;
#1937 = LINE ( 'NONE', #4096, #816 ) ;
#1938 = EDGE_CURVE ( 'NONE', #3902, #5115, #5387, .T. ) ;
#1939 = VERTEX_POINT ( 'NONE', #3629 ) ;
#1940 = LINE ( 'NONE', #5361, #1178 ) ;
#1941 = CARTESIAN_POINT ( 'NONE',  ( 9.049999999999997158, 2.974999999999999201, 4.099999999999996092 ) ) ;
#1942 = DIRECTION ( 'NONE',  ( 0.000000000000000000, 1.000000000000000000, 0.000000000000000000 ) ) ;
#1943 = EDGE_CURVE ( 'NONE', #1762, #417, #5480, .T. ) ;
#1944 = CARTESIAN_POINT ( 'NONE',  ( -14.00249930594108783, 0.1849999999999999978, 1.429999999999996829 ) ) ;
#1945 = CARTESIAN_POINT ( 'NONE',  ( 9.049999999999997158, 2.249999999999999556, 3.849999999999995648 ) ) ;
#1946 = EDGE_LOOP ( 'NONE', ( #1711, #2422, #2403, #3035 ) ) ;
#1947 = DIRECTION ( 'NONE',  ( -0.000000000000000000, 1.000000000000000000, -0.000000000000000000 ) ) ;
#1948 = LINE ( 'NONE', #1970, #5249 ) ;
#1949 = VECTOR ( 'NONE', #1963, 1000.000000000000000 ) ;
#1950 = CARTESIAN_POINT ( 'NONE',  ( 5.929999999999997939, 1.165000000000000258, -5.050000000000007816 ) ) ;
#1951 = VERTEX_POINT ( 'NONE', #2832 ) ;
#1952 = FACE_OUTER_BOUND ( 'NONE', #1166, .T. ) ;
#1953 = VECTOR ( 'NONE', #1603, 1000.000000000000000 ) ;
#1954 = ORIENTED_EDGE ( 'NONE', *, *, #4672, .F. ) ;
#1955 = CARTESIAN_POINT ( 'NONE',  ( 9.499999999999998224, 0.1849999999999999978, 1.429999999999996829 ) ) ;
#1956 = CARTESIAN_POINT ( 'NONE',  ( 0.000000000000000000, 0.4099999999999990319, -2.825000000000005063 ) ) ;
#1957 = ORIENTED_EDGE ( 'NONE', *, *, #4343, .T. ) ;
#1958 = PLANE ( 'NONE',  #2969 ) ;
#1959 = DIRECTION ( 'NONE',  ( -0.000000000000000000, 0.000000000000000000, 1.000000000000000000 ) ) ;
#1960 = ORIENTED_EDGE ( 'NONE', *, *, #1796, .F. ) ;
#1961 = ORIENTED_EDGE ( 'NONE', *, *, #3927, .T. ) ;
#1962 = CARTESIAN_POINT ( 'NONE',  ( -3.430000000000002380, 4.120000000000000107, -0.5000000000000038858 ) ) ;
#1963 = DIRECTION ( 'NONE',  ( -1.000000000000000000, -0.000000000000000000, -0.000000000000000000 ) ) ;
#1964 = DIRECTION ( 'NONE',  ( -1.000000000000000000, -0.000000000000000000, -0.000000000000000000 ) ) ;
#1965 = EDGE_CURVE ( 'NONE', #554, #3132, #1940, .T. ) ;
#1966 = DIRECTION ( 'NONE',  ( -0.000000000000000000, 1.000000000000000000, 0.000000000000000000 ) ) ;
#1967 = DIRECTION ( 'NONE',  ( 0.000000000000000000, 1.000000000000000000, 3.771137991253929066E-16 ) ) ;
#1968 = ORIENTED_EDGE ( 'NONE', *, *, #3385, .T. ) ;
#1969 = FACE_OUTER_BOUND ( 'NONE', #3854, .T. ) ;
#1970 = CARTESIAN_POINT ( 'NONE',  ( 0.000000000000000000, 0.4099999999999990319, -2.000000000000004441 ) ) ;
#1971 = CARTESIAN_POINT ( 'NONE',  ( 6.041909119780806137, 0.6530908802191911500, -8.014033102196989944 ) ) ;
#1972 = EDGE_CURVE ( 'NONE', #4679, #3529, #1481, .T. ) ;
#1973 = ORIENTED_EDGE ( 'NONE', *, *, #264, .F. ) ;
#1974 = LINE ( 'NONE', #4166, #4151 ) ;
#1975 = ORIENTED_EDGE ( 'NONE', *, *, #5594, .T. ) ;
#1976 = LINE ( 'NONE', #727, #2761 ) ;
#1977 = CARTESIAN_POINT ( 'NONE',  ( -9.049999999999997158, 2.974999999999999201, 4.769247601426241268 ) ) ;
#1978 = AXIS2_PLACEMENT_3D ( 'NONE', #66, #3512, #3600 ) ;
#1979 = ORIENTED_EDGE ( 'NONE', *, *, #2586, .T. ) ;
#1980 = CARTESIAN_POINT ( 'NONE',  ( -3.430000000000002380, 0.1249999999999992506, -2.625000000000004441 ) ) ;
#1981 = ORIENTED_EDGE ( 'NONE', *, *, #33, .T. ) ;
#1982 = LINE ( 'NONE', #1077, #1472 ) ;
#1983 = EDGE_CURVE ( 'NONE', #252, #425, #711, .T. ) ;
#1984 = VECTOR ( 'NONE', #1002, 1000.000000000000000 ) ;
#1985 = ORIENTED_EDGE ( 'NONE', *, *, #3061, .F. ) ;
#1986 = CARTESIAN_POINT ( 'NONE',  ( -1.570000000000002061, 4.120000000000000107, -4.400000000000003908 ) ) ;
#1987 = VECTOR ( 'NONE', #3735, 1000.000000000000114 ) ;
#1988 = CARTESIAN_POINT ( 'NONE',  ( 6.569999999999997620, 4.226831086995315623, -2.625000000000004885 ) ) ;
#1989 = FACE_OUTER_BOUND ( 'NONE', #3532, .T. ) ;
#1990 = VECTOR ( 'NONE', #3450, 1000.000000000000000 ) ;
#1991 = EDGE_CURVE ( 'NONE', #3391, #1821, #1114, .T. ) ;
#1992 = CARTESIAN_POINT ( 'NONE',  ( 5.729999999999995097, 4.099417034833817475, -2.825000000000004619 ) ) ;
#1993 = FACE_OUTER_BOUND ( 'NONE', #2957, .T. ) ;
#1994 = ORIENTED_EDGE ( 'NONE', *, *, #3431, .T. ) ;
#1995 = DIRECTION ( 'NONE',  ( 0.000000000000000000, 0.000000000000000000, -1.000000000000000000 ) ) ;
#1996 = LINE ( 'NONE', #1897, #3711 ) ;
#1997 = VECTOR ( 'NONE', #4199, 1000.000000000000000 ) ;
#1998 = DIRECTION ( 'NONE',  ( -0.000000000000000000, 0.000000000000000000, -1.000000000000000000 ) ) ;
#1999 = VECTOR ( 'NONE', #1512, 1000.000000000000000 ) ;
#2000 = VERTEX_POINT ( 'NONE', #3708 ) ;
#2001 = VECTOR ( 'NONE', #2053, 1000.000000000000000 ) ;
#2002 = LINE ( 'NONE', #2870, #546 ) ;
#2003 = ORIENTED_EDGE ( 'NONE', *, *, #4318, .F. ) ;
#2004 = EDGE_CURVE ( 'NONE', #3785, #717, #4935, .T. ) ;
#2005 = DIRECTION ( 'NONE',  ( 0.000000000000000000, 0.000000000000000000, 1.000000000000000000 ) ) ;
#2006 = EDGE_CURVE ( 'NONE', #2846, #2669, #1566, .T. ) ;
#2007 = CARTESIAN_POINT ( 'NONE',  ( 19.86055906122973980, 0.1250000000000000278, -2.825000000000005063 ) ) ;
#2008 = VERTEX_POINT ( 'NONE', #1053 ) ;
#2009 = EDGE_CURVE ( 'NONE', #1174, #4625, #3285, .T. ) ;
#2010 = ORIENTED_EDGE ( 'NONE', *, *, #2487, .F. ) ;
#2011 = EDGE_CURVE ( 'NONE', #4759, #600, #2410, .T. ) ;
#2012 = EDGE_LOOP ( 'NONE', ( #5596, #5375, #449, #2992 ) ) ;
#2013 = DIRECTION ( 'NONE',  ( 0.000000000000000000, -1.000000000000000000, -1.247005693593550945E-16 ) ) ;
#2014 = CARTESIAN_POINT ( 'NONE',  ( 9.049999999999997158, 2.249999999999999556, 1.099999999999996758 ) ) ;
#2015 = VECTOR ( 'NONE', #2699, 1000.000000000000000 ) ;
#2016 = AXIS2_PLACEMENT_3D ( 'NONE', #567, #2712, #5272 ) ;
#2017 = ORIENTED_EDGE ( 'NONE', *, *, #1902, .F. ) ;
#2018 = EDGE_LOOP ( 'NONE', ( #2580, #3393, #1488, #1609 ) ) ;
#2019 = DIRECTION ( 'NONE',  ( -0.000000000000000000, 0.5372996083468246642, 0.8433914458128851654 ) ) ;
#2020 = DIRECTION ( 'NONE',  ( 0.000000000000000000, 1.000000000000000000, 1.247005693593550945E-16 ) ) ;
#2021 = CARTESIAN_POINT ( 'NONE',  ( 9.749999999999998224, 0.9249999999999991562, 4.099999999999996092 ) ) ;
#2022 = FACE_OUTER_BOUND ( 'NONE', #4854, .T. ) ;
#2023 = ORIENTED_EDGE ( 'NONE', *, *, #1484, .F. ) ;
#2024 = DIRECTION ( 'NONE',  ( -1.000000000000000000, 0.000000000000000000, 0.000000000000000000 ) ) ;
#2025 = LINE ( 'NONE', #2528, #1550 ) ;
#2026 = FACE_OUTER_BOUND ( 'NONE', #3381, .T. ) ;
#2027 = EDGE_CURVE ( 'NONE', #266, #4645, #2859, .T. ) ;
#2028 = CARTESIAN_POINT ( 'NONE',  ( 5.929999999999997939, 4.120000000000000107, -4.400000000000003908 ) ) ;
#2029 = AXIS2_PLACEMENT_3D ( 'NONE', #3113, #57, #4325 ) ;
#2030 = VERTEX_POINT ( 'NONE', #2778 ) ;
#2031 = FACE_OUTER_BOUND ( 'NONE', #1422, .T. ) ;
#2032 = EDGE_CURVE ( 'NONE', #2079, #851, #1510, .T. ) ;
#2033 = AXIS2_PLACEMENT_3D ( 'NONE', #3034, #5, #4354 ) ;
#2034 = PRODUCT_DEFINITION ( 'UNKNOWN', '', #1494, #1655 ) ;
#2035 = EDGE_LOOP ( 'NONE', ( #1858, #2739, #4043, #3947 ) ) ;
#2036 = CARTESIAN_POINT ( 'NONE',  ( -8.274999999999995026, 0.9750000000000003109, 4.999999999999996447 ) ) ;
#2037 = LINE ( 'NONE', #3329, #4378 ) ;
#2038 = DIRECTION ( 'NONE',  ( 0.000000000000000000, 0.000000000000000000, -1.000000000000000000 ) ) ;
#2039 = VECTOR ( 'NONE', #4209, 1000.000000000000000 ) ;
#2040 = VECTOR ( 'NONE', #5061, 1000.000000000000000 ) ;
#2041 = EDGE_CURVE ( 'NONE', #5319, #4431, #1083, .T. ) ;
#2042 = ORIENTED_EDGE ( 'NONE', *, *, #3765, .T. ) ;
#2043 = PRODUCT_DEFINITION_SHAPE ( 'NONE', 'NONE',  #5610 ) ;
#2044 = AXIS2_PLACEMENT_3D ( 'NONE', #1980, #3699, #2486 ) ;
#2045 = ORIENTED_EDGE ( 'NONE', *, *, #4593, .T. ) ;
#2046 = CARTESIAN_POINT ( 'NONE',  ( 9.499999999999998224, 0.9249999999999991562, 3.849999999999995204 ) ) ;
#2047 = CARTESIAN_POINT ( 'NONE',  ( 6.569999999999997620, 3.479999999999999982, 1.306565322568166598 ) ) ;
#2048 = DIRECTION ( 'NONE',  ( 1.000000000000000000, 1.495451272393802994E-16, 0.000000000000000000 ) ) ;
#2049 = CARTESIAN_POINT ( 'NONE',  ( -1.570000000000002061, 3.479999999999999982, -0.5000000000000034417 ) ) ;
#2050 = CARTESIAN_POINT ( 'NONE',  ( 9.049999999999997158, 2.499999999999999556, 4.099999999999996092 ) ) ;
#2051 = VERTEX_POINT ( 'NONE', #2884 ) ;
#2052 = LINE ( 'NONE', #692, #5427 ) ;
#2053 = DIRECTION ( 'NONE',  ( 0.000000000000000000, 1.000000000000000000, 0.000000000000000000 ) ) ;
#2054 = VECTOR ( 'NONE', #1873, 1000.000000000000000 ) ;
#2055 = LINE ( 'NONE', #1971, #4994 ) ;
#2056 = CARTESIAN_POINT ( 'NONE',  ( 0.000000000000000000, 0.4099999999999990319, -2.825000000000005063 ) ) ;
#2057 = VERTEX_POINT ( 'NONE', #1962 ) ;
#2058 = DIRECTION ( 'NONE',  ( -1.000000000000000000, 0.000000000000000000, -0.000000000000000000 ) ) ;
#2059 = DIRECTION ( 'NONE',  ( 0.000000000000000000, 0.7071067811865431318, -0.7071067811865520136 ) ) ;
#2060 = ORIENTED_EDGE ( 'NONE', *, *, #5177, .F. ) ;
#2061 = ORIENTED_EDGE ( 'NONE', *, *, #2936, .T. ) ;
#2062 = VERTEX_POINT ( 'NONE', #2330 ) ;
#2063 = EDGE_CURVE ( 'NONE', #1951, #4118, #629, .T. ) ;
#2064 = EDGE_CURVE ( 'NONE', #5135, #3325, #4075, .T. ) ;
#2065 = ORIENTED_EDGE ( 'NONE', *, *, #4305, .F. ) ;
#2066 = LINE ( 'NONE', #450, #2039 ) ;
#2067 = CARTESIAN_POINT ( 'NONE',  ( -9.049999999999997158, 2.974999999999999201, 4.769247601426241268 ) ) ;
#2068 = EDGE_LOOP ( 'NONE', ( #1636, #3728, #5315, #4953, #1467, #4813, #421, #1329 ) ) ;
#2069 = VERTEX_POINT ( 'NONE', #3655 ) ;
#2070 = ORIENTED_EDGE ( 'NONE', *, *, #4954, .F. ) ;
#2071 = ADVANCED_FACE ( 'NONE', ( #3223 ), #4961, .F. ) ;
#2072 = PLANE ( 'NONE',  #3274 ) ;
#2073 = ADVANCED_FACE ( 'NONE', ( #3789 ), #2519, .F. ) ;
#2074 = AXIS2_PLACEMENT_3D ( 'NONE', #1334, #1047, #4956 ) ;
#2075 = LINE ( 'NONE', #3792, #4064 ) ;
#2076 = EDGE_CURVE ( 'NONE', #5135, #445, #2997, .T. ) ;
#2077 = FACE_OUTER_BOUND ( 'NONE', #4814, .T. ) ;
#2078 = PLANE ( 'NONE',  #860 ) ;
#2079 = VERTEX_POINT ( 'NONE', #2046 ) ;
#2080 = DIRECTION ( 'NONE',  ( 0.000000000000000000, -1.000000000000000000, 2.710505431213761085E-15 ) ) ;
#2081 = LINE ( 'NONE', #1256, #191 ) ;
#2082 = LINE ( 'NONE', #384, #825 ) ;
#2083 = CIRCLE ( 'NONE', #4893, 0.2999999999999997113 ) ;
#2084 = CARTESIAN_POINT ( 'NONE',  ( -8.774999999999996803, 2.974999999999999645, -0.5000000000000035527 ) ) ;
#2085 = VECTOR ( 'NONE', #4340, 1000.000000000000000 ) ;
#2086 = ORIENTED_EDGE ( 'NONE', *, *, #85, .T. ) ;
#2087 = CARTESIAN_POINT ( 'NONE',  ( -6.749999999999996447, 5.325000000000000178, 4.108963702891829328 ) ) ;
#2088 = VECTOR ( 'NONE', #889, 1000.000000000000000 ) ;
#2089 = DIRECTION ( 'NONE',  ( 0.000000000000000000, 0.7071067811865520136, 0.7071067811865431318 ) ) ;
#2090 = EDGE_LOOP ( 'NONE', ( #4017, #3599, #1851, #5461, #1879, #1455 ) ) ;
#2091 = ORIENTED_EDGE ( 'NONE', *, *, #3795, .T. ) ;
#2092 = VECTOR ( 'NONE', #5398, 1000.000000000000000 ) ;
#2093 = ORIENTED_EDGE ( 'NONE', *, *, #2863, .F. ) ;
#2094 = CARTESIAN_POINT ( 'NONE',  ( -6.570000000000002949, 4.120000000000000107, -2.000000000000004441 ) ) ;
#2095 = ORIENTED_EDGE ( 'NONE', *, *, #1037, .F. ) ;
#2096 = CARTESIAN_POINT ( 'NONE',  ( -4.070000000000001172, 4.226831086995315623, -2.625000000000005773 ) ) ;
#2097 = ORIENTED_EDGE ( 'NONE', *, *, #5112, .T. ) ;
#2098 = EDGE_CURVE ( 'NONE', #1212, #5027, #1712, .T. ) ;
#2099 = EDGE_LOOP ( 'NONE', ( #1757, #1473, #3584, #5105 ) ) ;
#2100 = ORIENTED_EDGE ( 'NONE', *, *, #3060, .T. ) ;
#2101 = VECTOR ( 'NONE', #1177, 1000.000000000000000 ) ;
#2102 = DIRECTION ( 'NONE',  ( 0.000000000000000000, 0.000000000000000000, 1.000000000000000000 ) ) ;
#2103 = UNCERTAINTY_MEASURE_WITH_UNIT (LENGTH_MEASURE( 1.000000000000000082E-05 ), #4351, 'distance_accuracy_value', 'NONE');
#2104 = ORIENTED_EDGE ( 'NONE', *, *, #5419, .T. ) ;
#2105 = PLANE ( 'NONE',  #1914 ) ;
#2106 = AXIS2_PLACEMENT_3D ( 'NONE', #4766, #5324, #2270 ) ;
#2107 = ADVANCED_FACE ( 'NONE', ( #4649 ), #3871, .F. ) ;
#2108 = PRODUCT_DEFINITION ( 'UNKNOWN', '', #3021, #3449 ) ;
#2109 = DIRECTION ( 'NONE',  ( 0.000000000000000000, -1.091181084403578030E-16, 1.000000000000000000 ) ) ;
#2110 = CARTESIAN_POINT ( 'NONE',  ( 0.9299999999999977174, 3.479999999999999982, -2.000000000000004441 ) ) ;
#2111 = VERTEX_POINT ( 'NONE', #3335 ) ;
#2112 = VECTOR ( 'NONE', #3288, 1000.000000000000000 ) ;
#2113 = CARTESIAN_POINT ( 'NONE',  ( -5.299999999999997158, 0.03531900772834901253, 4.999999999999995559 ) ) ;
#2114 = DIRECTION ( 'NONE',  ( -1.000000000000000000, -0.000000000000000000, -0.000000000000000000 ) ) ;
#2115 = DIRECTION ( 'NONE',  ( -0.000000000000000000, 1.000000000000000000, -0.000000000000000000 ) ) ;
#2116 = ADVANCED_FACE ( 'NONE', ( #1193 ), #427, .T. ) ;
#2117 = FACE_OUTER_BOUND ( 'NONE', #4006, .T. ) ;
#2118 = ORIENTED_EDGE ( 'NONE', *, *, #274, .F. ) ;
#2119 = VECTOR ( 'NONE', #4898, 1000.000000000000000 ) ;
#2120 = CARTESIAN_POINT ( 'NONE',  ( 8.774999999999996803, 5.325000000000001066, 2.699999999999996625 ) ) ;
#2121 = PLANE ( 'NONE',  #2447 ) ;
#2122 = VERTEX_POINT ( 'NONE', #1739 ) ;
#2123 = CARTESIAN_POINT ( 'NONE',  ( -6.574999999999997513, 0.03531900772834901253, 4.410000000000013465 ) ) ;
#2124 = EDGE_LOOP ( 'NONE', ( #4722, #3563, #2762, #3107 ) ) ;
#2125 = CARTESIAN_POINT ( 'NONE',  ( -9.999999999999996447, 2.974999999999999201, 4.099999999999996092 ) ) ;
#2126 = EDGE_LOOP ( 'NONE', ( #2100, #1561, #2179, #1324 ) ) ;
#2127 = VECTOR ( 'NONE', #2865, 1000.000000000000000 ) ;
#2128 = VERTEX_POINT ( 'NONE', #1247 ) ;
#2129 = VECTOR ( 'NONE', #3050, 1000.000000000000000 ) ;
#2130 = ORIENTED_EDGE ( 'NONE', *, *, #2408, .F. ) ;
#2131 = DIRECTION ( 'NONE',  ( -0.000000000000000000, 1.000000000000000000, -0.000000000000000000 ) ) ;
#2132 =( NAMED_UNIT ( * ) PLANE_ANGLE_UNIT ( ) SI_UNIT ( $, .RADIAN. ) );
#2133 = CARTESIAN_POINT ( 'NONE',  ( -9.999999999999996447, 2.974999999999999201, 4.099999999999996092 ) ) ;
#2134 = CARTESIAN_POINT ( 'NONE',  ( -19.86055906122973980, 0.1250000000000000278, -2.825000000000005063 ) ) ;
#2135 = DIRECTION ( 'NONE',  ( 0.000000000000000000, -0.5372996083468246642, -0.8433914458128851654 ) ) ;
#2136 = ORIENTED_EDGE ( 'NONE', *, *, #3547, .F. ) ;
#2137 = CARTESIAN_POINT ( 'NONE',  ( 5.929999999999997939, 0.4099999999999990319, -2.625000000000004441 ) ) ;
#2138 = EDGE_CURVE ( 'NONE', #2008, #4843, #1222, .T. ) ;
#2139 = ADVANCED_FACE ( 'NONE', ( #402 ), #2072, .T. ) ;
#2140 = CARTESIAN_POINT ( 'NONE',  ( -9.049999999999997158, 2.499999999999999556, 4.099999999999996092 ) ) ;
#2141 = LINE ( 'NONE', #3009, #1547 ) ;
#2142 = LINE ( 'NONE', #386, #1666 ) ;
#2143 = ORIENTED_EDGE ( 'NONE', *, *, #3437, .T. ) ;
#2144 = PLANE ( 'NONE',  #773 ) ;
#2145 = DIRECTION ( 'NONE',  ( 0.000000000000000000, -0.8433914458128850544, 0.5372996083468247752 ) ) ;
#2146 = EDGE_CURVE ( 'NONE', #854, #2675, #4298, .T. ) ;
#2147 = ORIENTED_EDGE ( 'NONE', *, *, #834, .T. ) ;
#2148 = CARTESIAN_POINT ( 'NONE',  ( 6.658333333333324333, 2.591666666666668561, 3.383333333333332860 ) ) ;
#2149 = EDGE_LOOP ( 'NONE', ( #1162, #2492, #5121, #925, #5332, #2816, #4330 ) ) ;
#2150 = LINE ( 'NONE', #2570, #2573 ) ;
#2151 = ORIENTED_EDGE ( 'NONE', *, *, #1072, .T. ) ;
#2152 = ORIENTED_EDGE ( 'NONE', *, *, #5594, .F. ) ;
#2153 = DIRECTION ( 'NONE',  ( 0.000000000000000000, 1.000000000000000000, 0.000000000000000000 ) ) ;
#2154 = PRODUCT_DEFINITION_CONTEXT ( 'detailed design', #4793, 'design' ) ;
#2155 = ORIENTED_EDGE ( 'NONE', *, *, #4711, .F. ) ;
#2156 = CARTESIAN_POINT ( 'NONE',  ( -19.86055906122973980, 5.325000000000000178, 4.999999999999996447 ) ) ;
#2157 = LINE ( 'NONE', #4, #1532 ) ;
#2158 = FACE_OUTER_BOUND ( 'NONE', #4779, .T. ) ;
#2159 = ORIENTED_EDGE ( 'NONE', *, *, #4535, .F. ) ;
#2160 = DIRECTION ( 'NONE',  ( 0.000000000000000000, 1.000000000000000000, 0.000000000000000000 ) ) ;
#2161 = CARTESIAN_POINT ( 'NONE',  ( -9.049999999999997158, 2.249999999999999556, 4.999999999999996447 ) ) ;
#2162 = CARTESIAN_POINT ( 'NONE',  ( -3.430000000000002380, 4.120000000000000107, -4.400000000000003908 ) ) ;
#2163 = CARTESIAN_POINT ( 'NONE',  ( -8.774999999999996803, 4.625000000000000888, 1.999999999999996669 ) ) ;
#2164 = PLANE ( 'NONE',  #3975 ) ;
#2165 = ORIENTED_EDGE ( 'NONE', *, *, #2063, .F. ) ;
#2166 = DIRECTION ( 'NONE',  ( -0.000000000000000000, -0.000000000000000000, 1.000000000000000000 ) ) ;
#2167 = DIRECTION ( 'NONE',  ( 1.000000000000000000, 0.000000000000000000, 0.000000000000000000 ) ) ;
#2168 = VERTEX_POINT ( 'NONE', #830 ) ;
#2169 = CARTESIAN_POINT ( 'NONE',  ( 5.929999999999997939, 4.120000000000000107, -0.5000000000000038858 ) ) ;
#2170 = AXIS2_PLACEMENT_3D ( 'NONE', #1654, #766, #4707 ) ;
#2171 = ORIENTED_EDGE ( 'NONE', *, *, #3474, .F. ) ;
#2172 = EDGE_CURVE ( 'NONE', #3100, #872, #2549, .T. ) ;
#2173 = EDGE_CURVE ( 'NONE', #3694, #78, #5125, .T. ) ;
#2174 = ORIENTED_EDGE ( 'NONE', *, *, #413, .T. ) ;
#2175 = DIRECTION ( 'NONE',  ( -0.000000000000000000, 0.000000000000000000, 1.000000000000000000 ) ) ;
#2176 = ADVANCED_FACE ( 'NONE', ( #5536 ), #3366, .F. ) ;
#2177 = ORIENTED_EDGE ( 'NONE', *, *, #3660, .T. ) ;
#2178 = CARTESIAN_POINT ( 'NONE',  ( 6.569999999999997620, 0.2499999999999991396, -8.050000000000004263 ) ) ;
#2179 = ORIENTED_EDGE ( 'NONE', *, *, #4851, .F. ) ;
#2180 = VECTOR ( 'NONE', #1608, 1000.000000000000000 ) ;
#2181 = VECTOR ( 'NONE', #619, 1000.000000000000000 ) ;
#2182 = ADVANCED_FACE ( 'NONE', ( #3447 ), #857, .F. ) ;
#2183 = ORIENTED_EDGE ( 'NONE', *, *, #4482, .F. ) ;
#2184 = PLANE ( 'NONE',  #1289 ) ;
#2185 = CARTESIAN_POINT ( 'NONE',  ( -7.500000000000000000, 0.000000000000000000, 0.000000000000000000 ) ) ;
#2186 = DIRECTION ( 'NONE',  ( -0.000000000000000000, -1.000000000000000000, -1.247005693593550945E-16 ) ) ;
#2187 = LINE ( 'NONE', #2632, #1349 ) ;
#2188 = CARTESIAN_POINT ( 'NONE',  ( 7.346420805952687871, -1.045830474405481159, -10.90142080595260232 ) ) ;
#2189 = EDGE_LOOP ( 'NONE', ( #1298, #5091, #3896, #3301, #1423, #4858, #2003, #1653 ) ) ;
#2190 = DIRECTION ( 'NONE',  ( 0.000000000000000000, -0.7071067811865469066, -0.7071067811865482389 ) ) ;
#2191 = CARTESIAN_POINT ( 'NONE',  ( 14.00249930594108783, 2.249999999999999556, 4.099999999999996092 ) ) ;
#2192 = CARTESIAN_POINT ( 'NONE',  ( -9.049999999999997158, 0.6749999999999989342, 1.099999999999996758 ) ) ;
#2193 = VECTOR ( 'NONE', #2489, 1000.000000000000000 ) ;
#2194 = FACE_OUTER_BOUND ( 'NONE', #586, .T. ) ;
#2195 = DIRECTION ( 'NONE',  ( -1.000000000000000000, -0.000000000000000000, -0.000000000000000000 ) ) ;
#2196 = ORIENTED_EDGE ( 'NONE', *, *, #2682, .F. ) ;
#2197 = LINE ( 'NONE', #3861, #2221 ) ;
#2198 = DIRECTION ( 'NONE',  ( 0.000000000000000000, 0.000000000000000000, -1.000000000000000000 ) ) ;
#2199 = LINE ( 'NONE', #2644, #4443 ) ;
#2200 = ORIENTED_EDGE ( 'NONE', *, *, #3592, .F. ) ;
#2201 = VERTEX_POINT ( 'NONE', #320 ) ;
#2202 = CARTESIAN_POINT ( 'NONE',  ( -9.049999999999997158, 0.1849999999999999978, 4.999999999999996447 ) ) ;
#2203 = EDGE_LOOP ( 'NONE', ( #536, #652, #1046, #3841 ) ) ;
#2204 = FILL_AREA_STYLE ('',( #4434 ) ) ;
#2205 = EDGE_CURVE ( 'NONE', #2900, #958, #5507, .T. ) ;
#2206 = EDGE_CURVE ( 'NONE', #4724, #1521, #1624, .T. ) ;
#2207 = VERTEX_POINT ( 'NONE', #2946 ) ;
#2208 = VECTOR ( 'NONE', #1511, 1000.000000000000000 ) ;
#2209 = DIRECTION ( 'NONE',  ( 0.000000000000000000, -0.9396926207859086499, 0.3420201433256681023 ) ) ;
#2210 = FILL_AREA_STYLE_COLOUR ( '', #4284 ) ;
#2211 = CARTESIAN_POINT ( 'NONE',  ( -6.395165060747992847, 0.9249999999999991562, 4.099999999999995204 ) ) ;
#2212 = ADVANCED_FACE ( 'NONE', ( #3818 ), #959, .F. ) ;
#2213 = AXIS2_PLACEMENT_3D ( 'NONE', #1740, #5180, #456 ) ;
#2214 = VECTOR ( 'NONE', #5422, 1000.000000000000000 ) ;
#2215 = LINE ( 'NONE', #1502, #3056 ) ;
#2216 = FACE_OUTER_BOUND ( 'NONE', #2641, .T. ) ;
#2217 = VERTEX_POINT ( 'NONE', #2683 ) ;
#2218 = LINE ( 'NONE', #1866, #975 ) ;
#2219 = CARTESIAN_POINT ( 'NONE',  ( 5.929999999999997939, 0.000000000000000000, -2.625000000000004441 ) ) ;
#2220 = DIRECTION ( 'NONE',  ( -0.000000000000000000, -0.000000000000000000, 1.000000000000000000 ) ) ;
#2221 = VECTOR ( 'NONE', #2931, 1000.000000000000000 ) ;
#2222 = CARTESIAN_POINT ( 'NONE',  ( -8.024999999999993250, 4.625000000000000888, 1.999999999999996669 ) ) ;
#2223 = DIRECTION ( 'NONE',  ( -1.000000000000000000, -0.000000000000000000, -0.000000000000000000 ) ) ;
#2224 = ORIENTED_EDGE ( 'NONE', *, *, #1761, .T. ) ;
#2225 = DIRECTION ( 'NONE',  ( 1.000000000000000000, 0.000000000000000000, 0.000000000000000000 ) ) ;
#2226 = DIRECTION ( 'NONE',  ( 1.000000000000000000, 0.000000000000000000, -0.000000000000000000 ) ) ;
#2227 = VECTOR ( 'NONE', #4179, 1000.000000000000000 ) ;
#2228 = LINE ( 'NONE', #2879, #385 ) ;
#2229 = EDGE_CURVE ( 'NONE', #5496, #494, #3139, .T. ) ;
#2230 = ORIENTED_EDGE ( 'NONE', *, *, #820, .F. ) ;
#2231 = ORIENTED_EDGE ( 'NONE', *, *, #3831, .T. ) ;
#2232 = ORIENTED_EDGE ( 'NONE', *, *, #1668, .F. ) ;
#2233 = DIRECTION ( 'NONE',  ( 0.000000000000000000, 0.000000000000000000, 1.000000000000000000 ) ) ;
#2234 = VERTEX_POINT ( 'NONE', #4877 ) ;
#2235 =( NAMED_UNIT ( * ) PLANE_ANGLE_UNIT ( ) SI_UNIT ( $, .RADIAN. ) );
#2236 = AXIS2_PLACEMENT_3D ( 'NONE', #4692, #1753, #2614 ) ;
#2237 = EDGE_CURVE ( 'NONE', #1399, #252, #845, .T. ) ;
#2238 = EDGE_CURVE ( 'NONE', #5311, #2634, #4350, .T. ) ;
#2239 = ORIENTED_EDGE ( 'NONE', *, *, #1943, .F. ) ;
#2240 = ORIENTED_EDGE ( 'NONE', *, *, #4774, .F. ) ;
#2241 = PLANE ( 'NONE',  #119 ) ;
#2242 = CARTESIAN_POINT ( 'NONE',  ( -9.999999999999996447, 2.974999999999999201, 4.099999999999996092 ) ) ;
#2243 = EDGE_CURVE ( 'NONE', #2122, #4092, #454, .T. ) ;
#2244 = ADVANCED_FACE ( 'NONE', ( #148 ), #3904, .F. ) ;
#2245 = DIRECTION ( 'NONE',  ( 0.000000000000000000, 0.000000000000000000, 1.000000000000000000 ) ) ;
#2246 = CARTESIAN_POINT ( 'NONE',  ( 6.574999999999996625, 0.03531900772834901253, 4.210000000000014175 ) ) ;
#2247 = EDGE_LOOP ( 'NONE', ( #2240, #3120, #2482, #2230 ) ) ;
#2248 = DIRECTION ( 'NONE',  ( -0.7660444431189766812, -7.550427722273093548E-17, 0.6427876096865408062 ) ) ;
#2249 = ADVANCED_FACE ( 'NONE', ( #2296 ), #4018, .T. ) ;
#2250 = CARTESIAN_POINT ( 'NONE',  ( 8.324999999999999289, 0.1249999999999990563, 1.099999999999996758 ) ) ;
#2251 = DIRECTION ( 'NONE',  ( 0.000000000000000000, 0.000000000000000000, -1.000000000000000000 ) ) ;
#2252 = VECTOR ( 'NONE', #912, 1000.000000000000000 ) ;
#2253 = CYLINDRICAL_SURFACE ( 'NONE', #17, 0.2999999999999997113 ) ;
#2254 = CARTESIAN_POINT ( 'NONE',  ( 6.444999999999997620, 0.6399999999999992362, -8.050000000000006040 ) ) ;
#2255 = ORIENTED_EDGE ( 'NONE', *, *, #2689, .F. ) ;
#2256 = DIRECTION ( 'NONE',  ( 0.7071067811865513475, 0.000000000000000000, 0.7071067811865436870 ) ) ;
#2257 = CARTESIAN_POINT ( 'NONE',  ( 8.774999999999996803, 4.625000000000000888, 1.999999999999996669 ) ) ;
#2258 = LINE ( 'NONE', #4426, #3181 ) ;
#2259 = AXIS2_PLACEMENT_3D ( 'NONE', #2972, #4742, #5103 ) ;
#2260 = VERTEX_POINT ( 'NONE', #880 ) ;
#2261 = ORIENTED_EDGE ( 'NONE', *, *, #1145, .T. ) ;
#2262 = AXIS2_PLACEMENT_3D ( 'NONE', #4597, #1091, #2471 ) ;
#2263 = ORIENTED_EDGE ( 'NONE', *, *, #3030, .F. ) ;
#2264 = PLANE ( 'NONE',  #4760 ) ;
#2265 = LINE ( 'NONE', #2626, #3704 ) ;
#2266 = ORIENTED_EDGE ( 'NONE', *, *, #4383, .F. ) ;
#2267 = VECTOR ( 'NONE', #4045, 1000.000000000000000 ) ;
#2268 = EDGE_LOOP ( 'NONE', ( #5226, #4492, #3565, #4493 ) ) ;
#2269 = VECTOR ( 'NONE', #186, 1000.000000000000000 ) ;
#2270 = DIRECTION ( 'NONE',  ( 0.000000000000000000, 0.000000000000000000, -1.000000000000000000 ) ) ;
#2271 = AXIS2_PLACEMENT_3D ( 'NONE', #5222, #3912, #3491 ) ;
#2272 = SHAPE_REPRESENTATION_RELATIONSHIP ( 'NONE' , 'NONE' ,  #2631, #1004 ) ;
#2273 = DIRECTION ( 'NONE',  ( -1.000000000000000000, -0.000000000000000000, -0.000000000000000000 ) ) ;
#2274 = CARTESIAN_POINT ( 'NONE',  ( 8.774999999999996803, 0.1250000000000000278, -2.825000000000005063 ) ) ;
#2275 = ORIENTED_EDGE ( 'NONE', *, *, #1549, .F. ) ;
#2276 = CARTESIAN_POINT ( 'NONE',  ( -1.614999999999982228, 0.4099999999999990319, -4.440000000000004832 ) ) ;
#2277 = CARTESIAN_POINT ( 'NONE',  ( -9.499999999999998224, 0.9249999999999991562, 3.849999999999995204 ) ) ;
#2278 = CARTESIAN_POINT ( 'NONE',  ( -6.570000000000002949, 3.479999999999999982, -4.400000000000003908 ) ) ;
#2279 = ADVANCED_FACE ( 'NONE', ( #1886 ), #5302, .F. ) ;
#2280 = ADVANCED_FACE ( 'NONE', ( #1361 ), #2184, .F. ) ;
#2281 = LINE ( 'NONE', #1117, #5356 ) ;
#2282 = LINE ( 'NONE', #3041, #5152 ) ;
#2283 = ORIENTED_EDGE ( 'NONE', *, *, #4704, .T. ) ;
#2284 = CARTESIAN_POINT ( 'NONE',  ( 1.569999999999997620, 0.1249999999999992506, -2.000000000000004441 ) ) ;
#2285 = LINE ( 'NONE', #1377, #903 ) ;
#2286 = LINE ( 'NONE', #4004, #4168 ) ;
#2287 = VECTOR ( 'NONE', #1576, 1000.000000000000000 ) ;
#2288 = EDGE_CURVE ( 'NONE', #1323, #1210, #4380, .T. ) ;
#2289 = EDGE_LOOP ( 'NONE', ( #1564, #215, #4053, #367 ) ) ;
#2290 = VECTOR ( 'NONE', #1016, 1000.000000000000000 ) ;
#2291 = EDGE_LOOP ( 'NONE', ( #2821, #672, #5124, #2183, #3047, #991, #3184 ) ) ;
#2292 = ORIENTED_EDGE ( 'NONE', *, *, #4818, .F. ) ;
#2293 = CARTESIAN_POINT ( 'NONE',  ( -7.624999999999996447, 0.1250000000000000278, -2.825000000000005063 ) ) ;
#2294 = AXIS2_PLACEMENT_3D ( 'NONE', #3010, #2956, #3351 ) ;
#2295 = VERTEX_POINT ( 'NONE', #3084 ) ;
#2296 = FACE_OUTER_BOUND ( 'NONE', #2068, .T. ) ;
#2297 = CARTESIAN_POINT ( 'NONE',  ( 6.569999999999997620, 0.7650000000000000133, -6.090000000000007851 ) ) ;
#2298 = AXIS2_PLACEMENT_3D ( 'NONE', #602, #2833, #1084 ) ;
#2299 = CARTESIAN_POINT ( 'NONE',  ( 7.624999999999996447, 0.000000000000000000, 4.999999999999997335 ) ) ;
#2300 = ORIENTED_EDGE ( 'NONE', *, *, #998, .F. ) ;
#2301 = LINE ( 'NONE', #3575, #2693 ) ;
#2302 = CARTESIAN_POINT ( 'NONE',  ( -9.049999999999997158, 0.000000000000000000, 4.814999999999998614 ) ) ;
#2303 = LINE ( 'NONE', #155, #1272 ) ;
#2304 = VECTOR ( 'NONE', #1487, 1000.000000000000000 ) ;
#2305 = ADVANCED_FACE ( 'NONE', ( #1330 ), #3537, .F. ) ;
#2306 = EDGE_CURVE ( 'NONE', #917, #3155, #3567, .T. ) ;
#2307 = DIRECTION ( 'NONE',  ( 0.000000000000000000, -0.000000000000000000, -1.000000000000000000 ) ) ;
#2308 = CARTESIAN_POINT ( 'NONE',  ( 9.999999999999996447, 1.174999999999999156, 4.099999999999996092 ) ) ;
#2309 = ORIENTED_EDGE ( 'NONE', *, *, #4014, .T. ) ;
#2310 = DIRECTION ( 'NONE',  ( 0.000000000000000000, 0.000000000000000000, -1.000000000000000000 ) ) ;
#2311 = CARTESIAN_POINT ( 'NONE',  ( -9.049999999999997158, 0.4749999999999999778, 1.429999999999996829 ) ) ;
#2312 = VECTOR ( 'NONE', #4674, 1000.000000000000000 ) ;
#2313 = CARTESIAN_POINT ( 'NONE',  ( 1.569999999999997620, 0.4099999999999989209, -2.625000000000004441 ) ) ;
#2314 = VECTOR ( 'NONE', #2705, 1000.000000000000000 ) ;
#2315 = ORIENTED_EDGE ( 'NONE', *, *, #5321, .F. ) ;
#2316 = ORIENTED_EDGE ( 'NONE', *, *, #2006, .F. ) ;
#2317 = ORIENTED_EDGE ( 'NONE', *, *, #480, .T. ) ;
#2318 = ADVANCED_FACE ( 'NONE', ( #904 ), #2629, .F. ) ;
#2319 = DIRECTION ( 'NONE',  ( 0.000000000000000000, 0.000000000000000000, -1.000000000000000000 ) ) ;
#2320 = EDGE_CURVE ( 'NONE', #3636, #4431, #3112, .T. ) ;
#2321 = FILL_AREA_STYLE_COLOUR ( '', #4105 ) ;
#2322 = ORIENTED_EDGE ( 'NONE', *, *, #956, .F. ) ;
#2323 = ADVANCED_FACE ( 'NONE', ( #534 ), #2241, .T. ) ;
#2324 = EDGE_LOOP ( 'NONE', ( #677, #5305, #2317, #1556 ) ) ;
#2325 = PLANE ( 'NONE',  #3726 ) ;
#2326 = DIRECTION ( 'NONE',  ( 0.000000000000000000, 0.000000000000000000, 1.000000000000000000 ) ) ;
#2327 = DIRECTION ( 'NONE',  ( -1.000000000000000000, -0.000000000000000000, -0.000000000000000000 ) ) ;
#2328 = CARTESIAN_POINT ( 'NONE',  ( 6.569999999999997620, 3.479999999999999982, -5.050000000000007816 ) ) ;
#2329 = ORIENTED_EDGE ( 'NONE', *, *, #440, .F. ) ;
#2330 = CARTESIAN_POINT ( 'NONE',  ( 1.569999999999997620, 3.479999999999999982, -0.5000000000000038858 ) ) ;
#2331 = LINE ( 'NONE', #256, #2566 ) ;
#2332 = CARTESIAN_POINT ( 'NONE',  ( 5.929999999999997939, 3.479999999999999982, 1.306565322568166598 ) ) ;
#2333 = CARTESIAN_POINT ( 'NONE',  ( 19.86055906122973980, 6.125000000000000000, -2.000000000000004441 ) ) ;
#2334 = PLANE ( 'NONE',  #2483 ) ;
#2335 = ORIENTED_EDGE ( 'NONE', *, *, #3560, .F. ) ;
#2336 = LINE ( 'NONE', #2670, #787 ) ;
#2337 = DIRECTION ( 'NONE',  ( 0.000000000000000000, -1.000000000000000000, 0.000000000000000000 ) ) ;
#2338 = CARTESIAN_POINT ( 'NONE',  ( -3.230000000000000426, 4.099417034833815698, -2.825000000000004619 ) ) ;
#2339 = ORIENTED_EDGE ( 'NONE', *, *, #5051, .F. ) ;
#2340 = ADVANCED_FACE ( 'NONE', ( #3220 ), #4470, .F. ) ;
#2341 = ORIENTED_EDGE ( 'NONE', *, *, #3661, .T. ) ;
#2342 = EDGE_LOOP ( 'NONE', ( #2093, #5583, #2753, #2130 ) ) ;
#2343 = DIRECTION ( 'NONE',  ( -1.000000000000000000, 0.000000000000000000, -0.000000000000000000 ) ) ;
#2344 =( LENGTH_UNIT ( ) NAMED_UNIT ( * ) SI_UNIT ( .MILLI., .METRE. ) );
#2345 = ORIENTED_EDGE ( 'NONE', *, *, #1668, .T. ) ;
#2346 = EDGE_CURVE ( 'NONE', #872, #4575, #5013, .T. ) ;
#2347 = EDGE_CURVE ( 'NONE', #4881, #5580, #4988, .T. ) ;
#2348 = ORIENTED_EDGE ( 'NONE', *, *, #1097, .F. ) ;
#2349 = SURFACE_STYLE_FILL_AREA ( #2661 ) ;
#2350 = DIRECTION ( 'NONE',  ( -0.000000000000000000, -0.000000000000000000, 1.000000000000000000 ) ) ;
#2351 = DIRECTION ( 'NONE',  ( 1.000000000000000000, 0.000000000000000000, 0.000000000000000000 ) ) ;
#2352 = LINE ( 'NONE', #1910, #2353 ) ;
#2353 = VECTOR ( 'NONE', #626, 1000.000000000000000 ) ;
#2354 = EDGE_CURVE ( 'NONE', #1923, #372, #1048, .T. ) ;
#2355 = AXIS2_PLACEMENT_3D ( 'NONE', #522, #1782, #136 ) ;
#2356 = PRODUCT_DEFINITION_SHAPE ( 'NONE', 'NONE',  #5608 ) ;
#2357 = VECTOR ( 'NONE', #631, 1000.000000000000000 ) ;
#2358 = EDGE_LOOP ( 'NONE', ( #2674, #2837, #3413, #827, #2701, #1672 ) ) ;
#2359 = CARTESIAN_POINT ( 'NONE',  ( 9.499999999999998224, 0.9249999999999991562, 4.099999999999995204 ) ) ;
#2360 = CARTESIAN_POINT ( 'NONE',  ( -8.274999999999995026, 0.1249999999999990563, 4.999999999999996447 ) ) ;
#2361 = CARTESIAN_POINT ( 'NONE',  ( -19.86055906122973980, 4.625000000000000888, 2.699999999999996625 ) ) ;
#2362 = VECTOR ( 'NONE', #4082, 1000.000000000000000 ) ;
#2363 = DIRECTION ( 'NONE',  ( 0.000000000000000000, 1.247005693593550945E-16, -1.000000000000000000 ) ) ;
#2364 = LINE ( 'NONE', #1089, #1869 ) ;
#2365 = VERTEX_POINT ( 'NONE', #5410 ) ;
#2366 = LINE ( 'NONE', #2419, #1263 ) ;
#2367 = CARTESIAN_POINT ( 'NONE',  ( 5.805555555555552694, 6.125000000000000000, 0.1314893284522494488 ) ) ;
#2368 = DIRECTION ( 'NONE',  ( -0.000000000000000000, 0.000000000000000000, 1.000000000000000000 ) ) ;
#2369 = ORIENTED_EDGE ( 'NONE', *, *, #1231, .F. ) ;
#2370 = FACE_OUTER_BOUND ( 'NONE', #4010, .T. ) ;
#2371 = ORIENTED_EDGE ( 'NONE', *, *, #1846, .F. ) ;
#2372 = LINE ( 'NONE', #218, #3481 ) ;
#2373 = CARTESIAN_POINT ( 'NONE',  ( -14.00249930594108783, 0.6749999999999989342, 1.099999999999996758 ) ) ;
#2374 = VECTOR ( 'NONE', #498, 1000.000000000000000 ) ;
#2375 = EDGE_LOOP ( 'NONE', ( #5046, #3898, #4870, #5236 ) ) ;
#2376 = CARTESIAN_POINT ( 'NONE',  ( 19.86055906122973980, 6.125000000000000000, -2.000000000000004441 ) ) ;
#2377 = ORIENTED_EDGE ( 'NONE', *, *, #2920, .T. ) ;
#2378 = DIRECTION ( 'NONE',  ( -0.6447108186924361828, 0.4107260894097992665, 0.6447108186924291884 ) ) ;
#2379 = DIRECTION ( 'NONE',  ( 0.000000000000000000, 0.000000000000000000, 1.000000000000000000 ) ) ;
#2380 = CIRCLE ( 'NONE', #1577, 0.4000000000000001887 ) ;
#2381 = VERTEX_POINT ( 'NONE', #283 ) ;
#2382 = ADVANCED_FACE ( 'NONE', ( #5444 ), #2432, .F. ) ;
#2383 = CARTESIAN_POINT ( 'NONE',  ( 6.574999999999996625, 5.325000000000000178, 4.210000000000015952 ) ) ;
#2384 = LINE ( 'NONE', #232, #1949 ) ;
#2385 = DIRECTION ( 'NONE',  ( 0.000000000000000000, 0.000000000000000000, 1.000000000000000000 ) ) ;
#2386 = VECTOR ( 'NONE', #5363, 1000.000000000000000 ) ;
#2387 = FACE_OUTER_BOUND ( 'NONE', #709, .T. ) ;
#2388 = DIRECTION ( 'NONE',  ( 2.602085213965210642E-15, -2.891205793294678326E-16, 1.000000000000000000 ) ) ;
#2389 = VERTEX_POINT ( 'NONE', #251 ) ;
#2390 = DIRECTION ( 'NONE',  ( -0.000000000000000000, 1.000000000000000000, -0.000000000000000000 ) ) ;
#2391 = CARTESIAN_POINT ( 'NONE',  ( 19.86055906122973980, 5.325000000000001066, 2.699999999999996625 ) ) ;
#2392 = DIRECTION ( 'NONE',  ( 0.3236155771181821739, -0.3236155771181843388, -0.8891264907159893705 ) ) ;
#2393 = VERTEX_POINT ( 'NONE', #706 ) ;
#2394 = VECTOR ( 'NONE', #747, 1000.000000000000000 ) ;
#2395 = ORIENTED_EDGE ( 'NONE', *, *, #2789, .F. ) ;
#2396 = DIRECTION ( 'NONE',  ( -1.000000000000000000, 0.000000000000000000, -0.000000000000000000 ) ) ;
#2397 = VERTEX_POINT ( 'NONE', #4901 ) ;
#2398 = EDGE_CURVE ( 'NONE', #4435, #950, #1108, .T. ) ;
#2399 = CARTESIAN_POINT ( 'NONE',  ( -3.430000000000002380, 4.226831086995314735, -2.625000000000004885 ) ) ;
#2400 = DIRECTION ( 'NONE',  ( 1.000000000000000000, 0.000000000000000000, -0.000000000000000000 ) ) ;
#2401 = EDGE_LOOP ( 'NONE', ( #211, #3605, #5561, #195 ) ) ;
#2402 = ORIENTED_EDGE ( 'NONE', *, *, #4578, .T. ) ;
#2403 = ORIENTED_EDGE ( 'NONE', *, *, #2586, .F. ) ;
#2404 = DIRECTION ( 'NONE',  ( 0.3236155771181821739, 0.3236155771181843388, 0.8891264907159893705 ) ) ;
#2405 = ORIENTED_EDGE ( 'NONE', *, *, #5440, .F. ) ;
#2406 = PLANE ( 'NONE',  #657 ) ;
#2407 = CONTEXT_DEPENDENT_SHAPE_REPRESENTATION ( #3226, #4154 ) ;
#2408 = EDGE_CURVE ( 'NONE', #570, #4311, #224, .T. ) ;
#2409 = ORIENTED_EDGE ( 'NONE', *, *, #4809, .F. ) ;
#2410 = LINE ( 'NONE', #5021, #267 ) ;
#2411 = CARTESIAN_POINT ( 'NONE',  ( 0.9299999999999977174, 4.120000000000000107, -0.5000000000000038858 ) ) ;
#2412 = LINE ( 'NONE', #4186, #5156 ) ;
#2413 = ADVANCED_FACE ( 'NONE', ( #2826 ), #2325, .F. ) ;
#2414 = ADVANCED_FACE ( 'NONE', ( #3164 ), #1560, .F. ) ;
#2415 = EDGE_CURVE ( 'NONE', #4563, #266, #3674, .T. ) ;
#2416 = CARTESIAN_POINT ( 'NONE',  ( -5.805555555555552694, 6.125000000000000000, 0.1314893284522494488 ) ) ;
#2417 = CARTESIAN_POINT ( 'NONE',  ( -9.049999999999997158, 2.249999999999999556, 3.849999999999995648 ) ) ;
#2418 = ORIENTED_EDGE ( 'NONE', *, *, #2514, .F. ) ;
#2419 = CARTESIAN_POINT ( 'NONE',  ( -8.324999999999999289, 0.1249999999999990563, 1.099999999999996758 ) ) ;
#2420 = PLANE ( 'NONE',  #1645 ) ;
#2421 = CARTESIAN_POINT ( 'NONE',  ( -9.049999999999997158, 2.249999999999999556, 1.099999999999996758 ) ) ;
#2422 = ORIENTED_EDGE ( 'NONE', *, *, #5392, .F. ) ;
#2423 = ADVANCED_FACE ( 'NONE', ( #4928 ), #4585, .T. ) ;
#2424 = CARTESIAN_POINT ( 'NONE',  ( -9.049999999999997158, 0.1849999999999999978, 4.999999999999996447 ) ) ;
#2425 = ORIENTED_EDGE ( 'NONE', *, *, #2883, .T. ) ;
#2426 = LINE ( 'NONE', #4170, #3751 ) ;
#2427 = VERTEX_POINT ( 'NONE', #4503 ) ;
#2428 = VERTEX_POINT ( 'NONE', #680 ) ;
#2429 = LINE ( 'NONE', #280, #3031 ) ;
#2430 = EDGE_LOOP ( 'NONE', ( #760, #3953, #4835, #3700 ) ) ;
#2431 = LINE ( 'NONE', #2328, #675 ) ;
#2432 = PLANE ( 'NONE',  #4912 ) ;
#2433 = EDGE_CURVE ( 'NONE', #5456, #4431, #200, .T. ) ;
#2434 = VERTEX_POINT ( 'NONE', #2014 ) ;
#2435 = ORIENTED_EDGE ( 'NONE', *, *, #4042, .T. ) ;
#2436 = DIRECTION ( 'NONE',  ( -1.000000000000000000, -0.000000000000000000, -0.000000000000000000 ) ) ;
#2437 = VECTOR ( 'NONE', #601, 1000.000000000000000 ) ;
#2438 = CARTESIAN_POINT ( 'NONE',  ( 4.069999999999997620, 4.226831086995314735, -2.625000000000004885 ) ) ;
#2439 = LINE ( 'NONE', #4158, #1357 ) ;
#2440 = VECTOR ( 'NONE', #985, 1000.000000000000000 ) ;
#2441 = LINE ( 'NONE', #4541, #4015 ) ;
#2442 = AXIS2_PLACEMENT_3D ( 'NONE', #5059, #5004, #1180 ) ;
#2443 = LINE ( 'NONE', #353, #4562 ) ;
#2444 = ORIENTED_EDGE ( 'NONE', *, *, #3689, .T. ) ;
#2445 = PLANE ( 'NONE',  #3246 ) ;
#2446 = CARTESIAN_POINT ( 'NONE',  ( -9.049999999999997158, 0.4749999999999999778, 1.099999999999996758 ) ) ;
#2447 = AXIS2_PLACEMENT_3D ( 'NONE', #5138, #4837, #471 ) ;
#2448 = CARTESIAN_POINT ( 'NONE',  ( 6.569999999999997620, 1.165000000000000258, -5.050000000000007816 ) ) ;
#2449 = ADVANCED_FACE ( 'NONE', ( #1935 ), #2406, .F. ) ;
#2450 = EDGE_CURVE ( 'NONE', #3155, #5209, #1982, .T. ) ;
#2451 = CARTESIAN_POINT ( 'NONE',  ( 9.349999999999997868, 2.099999999999999201, 3.699999999999995293 ) ) ;
#2452 = ORIENTED_EDGE ( 'NONE', *, *, #5431, .T. ) ;
#2453 = DIRECTION ( 'NONE',  ( 0.3236155771181853935, 0.3236155771181841168, -0.8891264907159882602 ) ) ;
#2454 = CARTESIAN_POINT ( 'NONE',  ( 14.00249930594108783, 0.000000000000000000, 4.814999999999998614 ) ) ;
#2455 = ORIENTED_EDGE ( 'NONE', *, *, #4277, .T. ) ;
#2456 = EDGE_CURVE ( 'NONE', #1565, #2069, #4532, .T. ) ;
#2457 = ORIENTED_EDGE ( 'NONE', *, *, #3483, .T. ) ;
#2458 = LINE ( 'NONE', #3248, #2227 ) ;
#2459 = VERTEX_POINT ( 'NONE', #3891 ) ;
#2460 = LINE ( 'NONE', #3306, #318 ) ;
#2461 = CARTESIAN_POINT ( 'NONE',  ( 6.569999999999997620, 3.479999999999999982, 1.649999999999993916 ) ) ;
#2462 = VECTOR ( 'NONE', #341, 1000.000000000000000 ) ;
#2463 = VECTOR ( 'NONE', #4068, 1000.000000000000000 ) ;
#2464 = VERTEX_POINT ( 'NONE', #15 ) ;
#2465 = VERTEX_POINT ( 'NONE', #2912 ) ;
#2466 = CARTESIAN_POINT ( 'NONE',  ( 9.049999999999997158, 2.974999999999999201, 4.099999999999996092 ) ) ;
#2467 = DIRECTION ( 'NONE',  ( -0.000000000000000000, 0.5372996083468246642, 0.8433914458128851654 ) ) ;
#2468 = DIRECTION ( 'NONE',  ( -0.000000000000000000, 1.000000000000000000, -0.000000000000000000 ) ) ;
#2469 = PLANE ( 'NONE',  #5292 ) ;
#2470 = ORIENTED_EDGE ( 'NONE', *, *, #5468, .F. ) ;
#2471 = DIRECTION ( 'NONE',  ( 0.000000000000000000, 0.000000000000000000, 1.000000000000000000 ) ) ;
#2472 = CARTESIAN_POINT ( 'NONE',  ( -9.999999999999996447, 2.974999999999999645, -0.5000000000000035527 ) ) ;
#2473 = DIRECTION ( 'NONE',  ( -1.000000000000000000, -0.000000000000000000, -0.000000000000000000 ) ) ;
#2474 = EDGE_CURVE ( 'NONE', #2207, #398, #2199, .T. ) ;
#2475 = EDGE_CURVE ( 'NONE', #5368, #2207, #5529, .T. ) ;
#2476 = EDGE_CURVE ( 'NONE', #2393, #5140, #3464, .T. ) ;
#2477 = DIRECTION ( 'NONE',  ( -0.000000000000000000, -1.000000000000000000, -1.247005693593550945E-16 ) ) ;
#2478 = VECTOR ( 'NONE', #5449, 1000.000000000000000 ) ;
#2479 = VERTEX_POINT ( 'NONE', #5043 ) ;
#2480 = CARTESIAN_POINT ( 'NONE',  ( -6.749999999999997335, 6.125000000000000000, 2.316596043929709303 ) ) ;
#2481 = LINE ( 'NONE', #334, #2711 ) ;
#2482 = ORIENTED_EDGE ( 'NONE', *, *, #90, .T. ) ;
#2483 = AXIS2_PLACEMENT_3D ( 'NONE', #2811, #1922, #3635 ) ;
#2484 = ADVANCED_FACE ( 'NONE', ( #737 ), #3784, .F. ) ;
#2485 = ORIENTED_EDGE ( 'NONE', *, *, #3241, .F. ) ;
#2486 = DIRECTION ( 'NONE',  ( 0.7071067811865513475, 0.000000000000000000, -0.7071067811865436870 ) ) ;
#2487 = EDGE_CURVE ( 'NONE', #3670, #2434, #4210, .T. ) ;
#2488 = FACE_OUTER_BOUND ( 'NONE', #2099, .T. ) ;
#2489 = DIRECTION ( 'NONE',  ( 0.7071067811865513475, 0.000000000000000000, 0.7071067811865436870 ) ) ;
#2490 = AXIS2_PLACEMENT_3D ( 'NONE', #4552, #673, #1129 ) ;
#2491 = VERTEX_POINT ( 'NONE', #443 ) ;
#2492 = ORIENTED_EDGE ( 'NONE', *, *, #3239, .F. ) ;
#2493 = CARTESIAN_POINT ( 'NONE',  ( -1.570000000000002061, 4.120000000000000107, -4.400000000000003908 ) ) ;
#2494 = DIRECTION ( 'NONE',  ( 1.000000000000000000, 1.495451272393802994E-16, 0.000000000000000000 ) ) ;
#2495 = DIRECTION ( 'NONE',  ( -1.000000000000000000, -0.000000000000000000, -0.000000000000000000 ) ) ;
#2496 = LINE ( 'NONE', #3797, #3294 ) ;
#2497 = ORIENTED_EDGE ( 'NONE', *, *, #1306, .F. ) ;
#2498 = DIRECTION ( 'NONE',  ( 1.000000000000000000, 0.000000000000000000, -0.000000000000000000 ) ) ;
#2499 = DIRECTION ( 'NONE',  ( -0.000000000000000000, 0.000000000000000000, 1.000000000000000000 ) ) ;
#2500 = VECTOR ( 'NONE', #4054, 1000.000000000000000 ) ;
#2501 = LINE ( 'NONE', #4224, #5451 ) ;
#2502 = CARTESIAN_POINT ( 'NONE',  ( -7.624999999999996447, 0.1250000000000001110, -2.825000000000005063 ) ) ;
#2503 = ORIENTED_EDGE ( 'NONE', *, *, #3167, .F. ) ;
#2504 = CARTESIAN_POINT ( 'NONE',  ( 5.599999999999996980, 0.03531900772834901253, 0.3499999999999952593 ) ) ;
#2505 = LINE ( 'NONE', #4229, #1185 ) ;
#2506 = ORIENTED_EDGE ( 'NONE', *, *, #130, .F. ) ;
#2507 = ORIENTED_EDGE ( 'NONE', *, *, #5139, .F. ) ;
#2508 = ORIENTED_EDGE ( 'NONE', *, *, #1805, .T. ) ;
#2509 = ORIENTED_EDGE ( 'NONE', *, *, #4098, .T. ) ;
#2510 = CARTESIAN_POINT ( 'NONE',  ( 6.749999999999997335, 6.125000000000000000, 4.108963702891828440 ) ) ;
#2511 = ORIENTED_EDGE ( 'NONE', *, *, #130, .T. ) ;
#2512 = LINE ( 'NONE', #5556, #3117 ) ;
#2513 = ORIENTED_EDGE ( 'NONE', *, *, #5051, .T. ) ;
#2514 = EDGE_CURVE ( 'NONE', #4606, #192, #4646, .T. ) ;
#2515 = VECTOR ( 'NONE', #488, 1000.000000000000000 ) ;
#2516 = EDGE_CURVE ( 'NONE', #5311, #520, #895, .T. ) ;
#2517 = ORIENTED_EDGE ( 'NONE', *, *, #3821, .T. ) ;
#2518 = VERTEX_POINT ( 'NONE', #1190 ) ;
#2519 = PLANE ( 'NONE',  #3874 ) ;
#2520 = VECTOR ( 'NONE', #3852, 1000.000000000000000 ) ;
#2521 = DIRECTION ( 'NONE',  ( 0.000000000000000000, 0.000000000000000000, -1.000000000000000000 ) ) ;
#2522 = EDGE_CURVE ( 'NONE', #1663, #2128, #3360, .T. ) ;
#2523 = VECTOR ( 'NONE', #410, 1000.000000000000000 ) ;
#2524 = PLANE ( 'NONE',  #3015 ) ;
#2525 = CARTESIAN_POINT ( 'NONE',  ( 7.164999999999997371, 0.03531900772834901253, 4.999999999999995559 ) ) ;
#2526 = ORIENTED_EDGE ( 'NONE', *, *, #592, .F. ) ;
#2527 = DIRECTION ( 'NONE',  ( -1.000000000000000000, -0.000000000000000000, -0.000000000000000000 ) ) ;
#2528 = CARTESIAN_POINT ( 'NONE',  ( 14.00249930594108783, 0.000000000000000000, 1.614999999999998881 ) ) ;
#2529 = CARTESIAN_POINT ( 'NONE',  ( -5.930000000000003268, 0.1249999999999992506, -2.000000000000004441 ) ) ;
#2530 = AXIS2_PLACEMENT_3D ( 'NONE', #5181, #3850, #2521 ) ;
#2531 = VECTOR ( 'NONE', #5110, 1000.000000000000000 ) ;
#2532 = DIRECTION ( 'NONE',  ( 0.000000000000000000, 1.000000000000000000, 1.247005693593550945E-16 ) ) ;
#2533 = VECTOR ( 'NONE', #1184, 1000.000000000000000 ) ;
#2534 = EDGE_LOOP ( 'NONE', ( #55, #2315, #4167, #4469 ) ) ;
#2535 = CARTESIAN_POINT ( 'NONE',  ( -14.00249930594108783, 0.4749999999999999778, 1.099999999999996758 ) ) ;
#2536 = VECTOR ( 'NONE', #1776, 1000.000000000000000 ) ;
#2537 = DIRECTION ( 'NONE',  ( 0.7071067811865584529, 0.000000000000000000, -0.7071067811865365815 ) ) ;
#2538 = VECTOR ( 'NONE', #465, 1000.000000000000000 ) ;
#2539 = ORIENTED_EDGE ( 'NONE', *, *, #4106, .F. ) ;
#2540 = CARTESIAN_POINT ( 'NONE',  ( 19.86055906122973980, 3.479999999999999982, -2.000000000000004441 ) ) ;
#2541 = ORIENTED_EDGE ( 'NONE', *, *, #3341, .T. ) ;
#2542 = LINE ( 'NONE', #878, #2312 ) ;
#2543 = ORIENTED_EDGE ( 'NONE', *, *, #1427, .T. ) ;
#2544 = ORIENTED_EDGE ( 'NONE', *, *, #3202, .T. ) ;
#2545 = EDGE_CURVE ( 'NONE', #5521, #1677, #764, .T. ) ;
#2546 = EDGE_LOOP ( 'NONE', ( #5504, #4085, #812, #4013, #163, #20, #4074, #5428 ) ) ;
#2547 = VERTEX_POINT ( 'NONE', #4812 ) ;
#2548 = VECTOR ( 'NONE', #3191, 1000.000000000000114 ) ;
#2549 = LINE ( 'NONE', #3848, #388 ) ;
#2550 = LINE ( 'NONE', #4589, #4097 ) ;
#2551 = DIRECTION ( 'NONE',  ( -0.6447108186924361828, -0.4107260894097992665, -0.6447108186924291884 ) ) ;
#2552 = VECTOR ( 'NONE', #4044, 1000.000000000000000 ) ;
#2553 = CARTESIAN_POINT ( 'NONE',  ( 19.86055906122973980, 4.625000000000000888, 1.999999999999996669 ) ) ;
#2554 = CARTESIAN_POINT ( 'NONE',  ( -14.00249930594108783, 0.4749999999999999778, 1.429999999999996829 ) ) ;
#2555 = ORIENTED_EDGE ( 'NONE', *, *, #5462, .F. ) ;
#2556 = AXIS2_PLACEMENT_3D ( 'NONE', #3662, #689, #3260 ) ;
#2557 = LINE ( 'NONE', #1633, #4972 ) ;
#2558 = LINE ( 'NONE', #5080, #4806 ) ;
#2559 = DIRECTION ( 'NONE',  ( -0.000000000000000000, 0.5372996083468246642, 0.8433914458128851654 ) ) ;
#2560 = PLANE ( 'NONE',  #1389 ) ;
#2561 = VERTEX_POINT ( 'NONE', #1164 ) ;
#2562 = VECTOR ( 'NONE', #819, 1000.000000000000000 ) ;
#2563 = DIRECTION ( 'NONE',  ( -0.000000000000000000, 0.000000000000000000, -1.000000000000000000 ) ) ;
#2564 = PLANE ( 'NONE',  #1269 ) ;
#2565 = EDGE_LOOP ( 'NONE', ( #1985, #2708, #2766, #5130 ) ) ;
#2566 = VECTOR ( 'NONE', #4479, 1000.000000000000000 ) ;
#2567 = EDGE_LOOP ( 'NONE', ( #1855, #864, #3504, #3869 ) ) ;
#2568 = CARTESIAN_POINT ( 'NONE',  ( -14.00249930594108783, 0.000000000000000000, 1.614999999999998881 ) ) ;
#2569 = ORIENTED_EDGE ( 'NONE', *, *, #299, .T. ) ;
#2570 = CARTESIAN_POINT ( 'NONE',  ( -9.999999999999996447, -0.2250000000000016709, 2.699999999999992628 ) ) ;
#2571 = VECTOR ( 'NONE', #4161, 1000.000000000000000 ) ;
#2572 = ORIENTED_EDGE ( 'NONE', *, *, #1273, .F. ) ;
#2573 = VECTOR ( 'NONE', #5120, 999.9999999999998863 ) ;
#2574 = ORIENTED_EDGE ( 'NONE', *, *, #4818, .T. ) ;
#2575 = CARTESIAN_POINT ( 'NONE',  ( -3.749999999999997335, 0.03531900772834901253, 2.316596043929709303 ) ) ;
#2576 = VERTEX_POINT ( 'NONE', #2616 ) ;
#2577 = DIRECTION ( 'NONE',  ( -1.000000000000000000, 0.000000000000000000, 0.000000000000000000 ) ) ;
#2578 = CARTESIAN_POINT ( 'NONE',  ( -3.430000000000002380, 0.1249999999999992506, -2.000000000000004441 ) ) ;
#2579 = DIRECTION ( 'NONE',  ( 1.000000000000000000, 2.351315273210297824E-32, 2.932103533126717211E-48 ) ) ;
#2580 = ORIENTED_EDGE ( 'NONE', *, *, #3161, .T. ) ;
#2581 = LINE ( 'NONE', #4331, #2523 ) ;
#2582 = DIRECTION ( 'NONE',  ( 0.000000000000000000, -0.000000000000000000, -1.000000000000000000 ) ) ;
#2583 = PLANE ( 'NONE',  #2271 ) ;
#2584 = ADVANCED_FACE ( 'NONE', ( #4181 ), #920, .F. ) ;
#2585 = EDGE_CURVE ( 'NONE', #2518, #2051, #793, .T. ) ;
#2586 = EDGE_CURVE ( 'NONE', #5368, #3131, #3757, .T. ) ;
#2587 = DIRECTION ( 'NONE',  ( 0.000000000000000000, 1.247005693593550945E-16, -1.000000000000000000 ) ) ;
#2588 = CARTESIAN_POINT ( 'NONE',  ( 8.024999999999993250, 5.325000000000000178, 4.749999999999997335 ) ) ;
#2589 = ORIENTED_EDGE ( 'NONE', *, *, #3959, .T. ) ;
#2590 = CARTESIAN_POINT ( 'NONE',  ( 9.049999999999997158, 0.4749999999999999778, 1.429999999999996829 ) ) ;
#2591 = CARTESIAN_POINT ( 'NONE',  ( -9.049999999999997158, 0.6749999999999989342, 1.099999999999996758 ) ) ;
#2592 = DIRECTION ( 'NONE',  ( 4.336808689942025625E-15, -0.000000000000000000, -1.000000000000000000 ) ) ;
#2593 = EDGE_CURVE ( 'NONE', #5293, #2960, #2228, .T. ) ;
#2594 = ORIENTED_EDGE ( 'NONE', *, *, #5506, .F. ) ;
#2595 = DIRECTION ( 'NONE',  ( 0.000000000000000000, 0.7071067811865513475, 0.7071067811865437980 ) ) ;
#2596 = ORIENTED_EDGE ( 'NONE', *, *, #2930, .T. ) ;
#2597 = CARTESIAN_POINT ( 'NONE',  ( 6.569999999999997620, 3.604999999999999982, 1.649999999999993916 ) ) ;
#2598 = ORIENTED_EDGE ( 'NONE', *, *, #2063, .T. ) ;
#2599 = DIRECTION ( 'NONE',  ( -0.000000000000000000, 1.000000000000000000, 0.000000000000000000 ) ) ;
#2600 = LINE ( 'NONE', #5075, #272 ) ;
#2601 = EDGE_CURVE ( 'NONE', #2688, #3217, #1216, .T. ) ;
#2602 = CARTESIAN_POINT ( 'NONE',  ( 9.499999999999998224, 0.6749999999999989342, 1.099999999999996758 ) ) ;
#2603 = DIRECTION ( 'NONE',  ( -0.000000000000000000, 1.000000000000000000, -0.000000000000000000 ) ) ;
#2604 = EDGE_LOOP ( 'NONE', ( #3536, #1100, #1534, #1809, #4871, #704, #4041, #1612 ) ) ;
#2605 = CARTESIAN_POINT ( 'NONE',  ( 6.574999999999997513, 0.03531900772834901253, 4.410000000000013465 ) ) ;
#2606 = DIRECTION ( 'NONE',  ( 0.000000000000000000, -1.000000000000000000, 0.000000000000000000 ) ) ;
#2607 = CARTESIAN_POINT ( 'NONE',  ( -4.070000000000002949, 4.624999999999999112, -2.000000000000005329 ) ) ;
#2608 = EDGE_CURVE ( 'NONE', #1703, #4676, #5067, .T. ) ;
#2609 = EDGE_CURVE ( 'NONE', #1821, #5267, #5503, .T. ) ;
#2610 = LINE ( 'NONE', #1204, #2531 ) ;
#2611 = DIRECTION ( 'NONE',  ( 1.000000000000000000, 0.000000000000000000, 0.000000000000000000 ) ) ;
#2612 = ORIENTED_EDGE ( 'NONE', *, *, #4668, .F. ) ;
#2613 = ADVANCED_FACE ( 'NONE', ( #4675 ), #4315, .F. ) ;
#2614 = DIRECTION ( 'NONE',  ( 0.000000000000000000, -1.000000000000000000, 7.493405943744306946E-16 ) ) ;
#2615 = DIRECTION ( 'NONE',  ( -0.6447108186924361828, -0.4107260894097992665, -0.6447108186924291884 ) ) ;
#2616 = CARTESIAN_POINT ( 'NONE',  ( 3.429999999999997939, 4.120000000000000107, -0.5000000000000038858 ) ) ;
#2617 = EDGE_CURVE ( 'NONE', #4852, #158, #2258, .T. ) ;
#2618 = ORIENTED_EDGE ( 'NONE', *, *, #1439, .F. ) ;
#2619 = VECTOR ( 'NONE', #4394, 1000.000000000000000 ) ;
#2620 = AXIS2_PLACEMENT_3D ( 'NONE', #743, #3657, #322 ) ;
#2621 = ORIENTED_EDGE ( 'NONE', *, *, #1064, .F. ) ;
#2622 = EDGE_CURVE ( 'NONE', #294, #317, #5371, .T. ) ;
#2623 = FACE_OUTER_BOUND ( 'NONE', #4840, .T. ) ;
#2624 = EDGE_CURVE ( 'NONE', #5003, #2491, #1876, .T. ) ;
#2625 = ORIENTED_EDGE ( 'NONE', *, *, #2237, .F. ) ;
#2626 = CARTESIAN_POINT ( 'NONE',  ( -14.00249930594108783, 0.4749999999999999778, 1.429999999999996829 ) ) ;
#2627 = VECTOR ( 'NONE', #44, 1000.000000000000000 ) ;
#2628 = ORIENTED_EDGE ( 'NONE', *, *, #3403, .F. ) ;
#2629 = PLANE ( 'NONE',  #5175 ) ;
#2630 = DIRECTION ( 'NONE',  ( 0.000000000000000000, -0.5372996083468247752, -0.8433914458128850544 ) ) ;
#2631 = SHAPE_REPRESENTATION ( 'pin^SxB-XH-SM4-TB Ass', ( #671 ), #580 ) ;
#2632 = CARTESIAN_POINT ( 'NONE',  ( -9.049999999999997158, 2.249999999999999556, 1.099999999999996758 ) ) ;
#2633 = LINE ( 'NONE', #2662, #5478 ) ;
#2634 = VERTEX_POINT ( 'NONE', #2313 ) ;
#2635 = LINE ( 'NONE', #2276, #5413 ) ;
#2636 = PLANE ( 'NONE',  #826 ) ;
#2637 = PLANE ( 'NONE',  #4430 ) ;
#2638 = VECTOR ( 'NONE', #949, 1000.000000000000000 ) ;
#2639 = CARTESIAN_POINT ( 'NONE',  ( -5.599999999999996980, 0.03531900772834901253, 0.3499999999999952593 ) ) ;
#2640 = DIRECTION ( 'NONE',  ( -0.000000000000000000, -0.000000000000000000, 1.000000000000000000 ) ) ;
#2641 = EDGE_LOOP ( 'NONE', ( #4602, #769, #3051, #1159, #5439, #2507, #1181, #3136 ) ) ;
#2642 = CARTESIAN_POINT ( 'NONE',  ( 5.929999999999997939, 0.1249999999999998890, -6.090000000000007851 ) ) ;
#2643 = LINE ( 'NONE', #4003, #5530 ) ;
#2644 = CARTESIAN_POINT ( 'NONE',  ( -9.049999999999997158, 0.6749999999999989342, 4.769247601426241268 ) ) ;
#2645 = VERTEX_POINT ( 'NONE', #1378 ) ;
#2646 = EDGE_CURVE ( 'NONE', #1032, #158, #3180, .T. ) ;
#2647 = ORIENTED_EDGE ( 'NONE', *, *, #4206, .F. ) ;
#2648 = VERTEX_POINT ( 'NONE', #3152 ) ;
#2649 = CARTESIAN_POINT ( 'NONE',  ( -9.499999999999998224, 2.249999999999999556, 3.849999999999995648 ) ) ;
#2650 = ORIENTED_EDGE ( 'NONE', *, *, #3893, .T. ) ;
#2651 = LINE ( 'NONE', #1010, #868 ) ;
#2652 = EDGE_CURVE ( 'NONE', #4057, #1254, #5314, .T. ) ;
#2653 = EDGE_CURVE ( 'NONE', #3132, #900, #4892, .T. ) ;
#2654 = EDGE_CURVE ( 'NONE', #970, #4362, #188, .T. ) ;
#2655 = ORIENTED_EDGE ( 'NONE', *, *, #3403, .T. ) ;
#2656 = ORIENTED_EDGE ( 'NONE', *, *, #1037, .T. ) ;
#2657 = AXIS2_PLACEMENT_3D ( 'NONE', #2779, #1054, #4508 ) ;
#2658 = DIRECTION ( 'NONE',  ( 0.000000000000000000, -0.8433914458128850544, 0.5372996083468247752 ) ) ;
#2659 = CARTESIAN_POINT ( 'NONE',  ( -8.024999999999993250, 4.325000000000001066, 4.999999999999996447 ) ) ;
#2660 = AXIS2_PLACEMENT_3D ( 'NONE', #5042, #1163, #4880 ) ;
#2661 = FILL_AREA_STYLE ('',( #624 ) ) ;
#2662 = CARTESIAN_POINT ( 'NONE',  ( 9.049999999999997158, 2.249999999999999556, 4.099999999999996092 ) ) ;
#2663 = ORIENTED_EDGE ( 'NONE', *, *, #5017, .F. ) ;
#2664 = CARTESIAN_POINT ( 'NONE',  ( 6.054999999999997939, 0.7650000000000000133, -8.050000000000006040 ) ) ;
#2665 = LINE ( 'NONE', #3037, #4016 ) ;
#2666 = LINE ( 'NONE', #3173, #4155 ) ;
#2667 = FACE_BOUND ( 'NONE', #3682, .T. ) ;
#2668 = PLANE ( 'NONE',  #3203 ) ;
#2669 = VERTEX_POINT ( 'NONE', #4056 ) ;
#2670 = CARTESIAN_POINT ( 'NONE',  ( 5.929999999999997939, 0.7650000000000000133, -6.090000000000007851 ) ) ;
#2671 = CARTESIAN_POINT ( 'NONE',  ( -8.774999999999996803, 0.1249999999999997363, -0.5000000000000034417 ) ) ;
#2672 = DIRECTION ( 'NONE',  ( 0.000000000000000000, -1.000000000000000000, 2.710505431213761085E-15 ) ) ;
#2673 = ADVANCED_FACE ( 'NONE', ( #1926 ), #5342, .F. ) ;
#2674 = ORIENTED_EDGE ( 'NONE', *, *, #1412, .F. ) ;
#2675 = VERTEX_POINT ( 'NONE', #1409 ) ;
#2676 = ORIENTED_EDGE ( 'NONE', *, *, #1279, .F. ) ;
#2677 = CARTESIAN_POINT ( 'NONE',  ( 6.569999999999997620, 3.994999999999999218, 1.649999999999993916 ) ) ;
#2678 = CARTESIAN_POINT ( 'NONE',  ( 5.929999999999997939, 3.479999999999999982, -4.400000000000003908 ) ) ;
#2679 = VERTEX_POINT ( 'NONE', #2338 ) ;
#2680 = ORIENTED_EDGE ( 'NONE', *, *, #3651, .F. ) ;
#2681 = ORIENTED_EDGE ( 'NONE', *, *, #4178, .T. ) ;
#2682 = EDGE_CURVE ( 'NONE', #5384, #226, #3553, .T. ) ;
#2683 = CARTESIAN_POINT ( 'NONE',  ( -9.049999999999997158, 2.974999999999999201, 4.099999999999996092 ) ) ;
#2684 =( LENGTH_UNIT ( ) NAMED_UNIT ( * ) SI_UNIT ( .MILLI., .METRE. ) );
#2685 = LINE ( 'NONE', #3140, #4334 ) ;
#2686 = EDGE_CURVE ( 'NONE', #5003, #754, #1036, .T. ) ;
#2687 = CARTESIAN_POINT ( 'NONE',  ( 9.049999999999997158, 2.249999999999999556, 1.099999999999996758 ) ) ;
#2688 = VERTEX_POINT ( 'NONE', #3974 ) ;
#2689 = EDGE_CURVE ( 'NONE', #5291, #917, #2730, .T. ) ;
#2690 = CARTESIAN_POINT ( 'NONE',  ( 7.702873061711861702, 10.13430274685482146, 6.647873061711758069 ) ) ;
#2691 = DIRECTION ( 'NONE',  ( 0.000000000000000000, -0.000000000000000000, -1.000000000000000000 ) ) ;
#2692 = CARTESIAN_POINT ( 'NONE',  ( 3.429999999999998828, 4.625000000000000888, -2.000000000000004441 ) ) ;
#2693 = VECTOR ( 'NONE', #4799, 1000.000000000000000 ) ;
#2694 = CARTESIAN_POINT ( 'NONE',  ( 8.774999999999996803, 2.974999999999999645, -0.5000000000000035527 ) ) ;
#2695 = LINE ( 'NONE', #4753, #2889 ) ;
#2696 = ORIENTED_EDGE ( 'NONE', *, *, #4499, .F. ) ;
#2697 = CARTESIAN_POINT ( 'NONE',  ( 8.024999999999993250, 5.325000000000000178, -9.511693791957203103 ) ) ;
#2698 = CARTESIAN_POINT ( 'NONE',  ( 8.774999999999996803, 6.125000000000000000, -2.000000000000004441 ) ) ;
#2699 = DIRECTION ( 'NONE',  ( 1.000000000000000000, -0.000000000000000000, -0.000000000000000000 ) ) ;
#2700 = ORIENTED_EDGE ( 'NONE', *, *, #3985, .T. ) ;
#2701 = ORIENTED_EDGE ( 'NONE', *, *, #2408, .T. ) ;
#2702 = AXIS2_PLACEMENT_3D ( 'NONE', #1842, #5255, #3551 ) ;
#2703 = ORIENTED_EDGE ( 'NONE', *, *, #5170, .F. ) ;
#2704 = VECTOR ( 'NONE', #2019, 1000.000000000000227 ) ;
#2705 = DIRECTION ( 'NONE',  ( 0.000000000000000000, 1.000000000000000000, 0.000000000000000000 ) ) ;
#2706 = DIRECTION ( 'NONE',  ( 0.000000000000000000, 1.000000000000000000, 0.000000000000000000 ) ) ;
#2707 = ORIENTED_EDGE ( 'NONE', *, *, #2041, .F. ) ;
#2708 = ORIENTED_EDGE ( 'NONE', *, *, #3093, .T. ) ;
#2709 = AXIS2_PLACEMENT_3D ( 'NONE', #2156, #800, #4326 ) ;
#2710 = ORIENTED_EDGE ( 'NONE', *, *, #3204, .F. ) ;
#2711 = VECTOR ( 'NONE', #4726, 1000.000000000000000 ) ;
#2712 = DIRECTION ( 'NONE',  ( 0.000000000000000000, -1.084202172485504040E-15, -1.000000000000000000 ) ) ;
#2713 = VECTOR ( 'NONE', #4885, 1000.000000000000000 ) ;
#2714 = LINE ( 'NONE', #4441, #3340 ) ;
#2715 = ADVANCED_FACE ( 'NONE', ( #108 ), #3210, .F. ) ;
#2716 = ADVANCED_FACE ( 'NONE', ( #4945 ), #2786, .F. ) ;
#2717 = CARTESIAN_POINT ( 'NONE',  ( 1.569999999999997620, 4.624999999999999112, -2.000000000000004441 ) ) ;
#2718 = EDGE_LOOP ( 'NONE', ( #2910, #1961, #1065, #2200, #3042, #3470, #1260 ) ) ;
#2719 = LINE ( 'NONE', #1457, #253 ) ;
#2720 = CARTESIAN_POINT ( 'NONE',  ( 3.429999999999997939, 4.120000000000000107, -2.000000000000004441 ) ) ;
#2721 = CARTESIAN_POINT ( 'NONE',  ( -9.049999999999997158, 2.249999999999999556, 3.849999999999995648 ) ) ;
#2722 = ADVANCED_FACE ( 'NONE', ( #1063 ), #1812, .F. ) ;
#2723 = AXIS2_PLACEMENT_3D ( 'NONE', #3518, #3603, #4833 ) ;
#2724 = DIRECTION ( 'NONE',  ( 0.000000000000000000, 1.000000000000000000, 1.247005693593550945E-16 ) ) ;
#2725 = DIRECTION ( 'NONE',  ( 0.000000000000000000, 1.000000000000000000, 0.000000000000000000 ) ) ;
#2726 = ORIENTED_EDGE ( 'NONE', *, *, #3622, .T. ) ;
#2727 = APPLICATION_CONTEXT ( 'automotive_design' ) ;
#2728 = LINE ( 'NONE', #4456, #3967 ) ;
#2729 = LINE ( 'NONE', #579, #1826 ) ;
#2730 = LINE ( 'NONE', #4458, #202 ) ;
#2731 = VECTOR ( 'NONE', #611, 1000.000000000000000 ) ;
#2732 = VERTEX_POINT ( 'NONE', #973 ) ;
#2733 = AXIS2_PLACEMENT_3D ( 'NONE', #2855, #3249, #1908 ) ;
#2734 = EDGE_LOOP ( 'NONE', ( #794, #3352, #5298, #141 ) ) ;
#2735 = EDGE_LOOP ( 'NONE', ( #5568, #4486, #339, #2875 ) ) ;
#2736 = LINE ( 'NONE', #3134, #4739 ) ;
#2737 = CARTESIAN_POINT ( 'NONE',  ( -19.86055906122973980, 6.125000000000000000, 4.999999999999995559 ) ) ;
#2738 = AXIS2_PLACEMENT_3D ( 'NONE', #2864, #662, #4160 ) ;
#2739 = ORIENTED_EDGE ( 'NONE', *, *, #618, .F. ) ;
#2740 = CARTESIAN_POINT ( 'NONE',  ( 4.424681004648045146, -2.369828241214152698, -12.97968100464793828 ) ) ;
#2741 = SHAPE_DEFINITION_REPRESENTATION ( #1913, #2631 ) ;
#2742 = ORIENTED_EDGE ( 'NONE', *, *, #674, .T. ) ;
#2743 = LINE ( 'NONE', #3570, #5434 ) ;
#2744 = AXIS2_PLACEMENT_3D ( 'NONE', #2921, #5588, #862 ) ;
#2745 = PLANE ( 'NONE',  #3838 ) ;
#2746 = ORIENTED_EDGE ( 'NONE', *, *, #923, .F. ) ;
#2747 = DIRECTION ( 'NONE',  ( -0.000000000000000000, 1.000000000000000000, -0.000000000000000000 ) ) ;
#2748 = CARTESIAN_POINT ( 'NONE',  ( 8.774999999999996803, 6.125000000000000000, 4.999999999999995559 ) ) ;
#2749 = CARTESIAN_POINT ( 'NONE',  ( -5.299999999999997158, 5.325000000000000178, 4.999999999999995559 ) ) ;
#2750 = VECTOR ( 'NONE', #2013, 1000.000000000000000 ) ;
#2751 = LINE ( 'NONE', #2021, #2907 ) ;
#2752 = DIRECTION ( 'NONE',  ( -0.6447108186924361828, 0.4107260894097992665, 0.6447108186924291884 ) ) ;
#2753 = ORIENTED_EDGE ( 'NONE', *, *, #5433, .T. ) ;
#2754 = LINE ( 'NONE', #3178, #1056 ) ;
#2755 = LINE ( 'NONE', #240, #3253 ) ;
#2756 = PRESENTATION_LAYER_ASSIGNMENT (  '', '', ( #1314 ) ) ;
#2757 = DIRECTION ( 'NONE',  ( -0.8660254037844367092, 0.000000000000000000, -0.5000000000000034417 ) ) ;
#2758 = EDGE_CURVE ( 'NONE', #1731, #5135, #2286, .T. ) ;
#2759 = PRODUCT_DEFINITION_SHAPE ( 'NONE', 'NONE',  #4039 ) ;
#2760 = EDGE_CURVE ( 'NONE', #1399, #2843, #3771, .T. ) ;
#2761 = VECTOR ( 'NONE', #645, 1000.000000000000000 ) ;
#2762 = ORIENTED_EDGE ( 'NONE', *, *, #5431, .F. ) ;
#2763 = EDGE_CURVE ( 'NONE', #1731, #1756, #4135, .T. ) ;
#2764 = ORIENTED_EDGE ( 'NONE', *, *, #4702, .T. ) ;
#2765 = VECTOR ( 'NONE', #5441, 1000.000000000000000 ) ;
#2766 = ORIENTED_EDGE ( 'NONE', *, *, #1938, .T. ) ;
#2767 = FACE_OUTER_BOUND ( 'NONE', #2124, .T. ) ;
#2768 = CARTESIAN_POINT ( 'NONE',  ( 6.574999999999997513, 0.03531900772834901253, 4.410000000000013465 ) ) ;
#2769 = ORIENTED_EDGE ( 'NONE', *, *, #4450, .F. ) ;
#2770 = ADVANCED_FACE ( 'NONE', ( #2026 ), #2897, .F. ) ;
#2771 = ORIENTED_EDGE ( 'NONE', *, *, #3023, .T. ) ;
#2772 = LINE ( 'NONE', #2602, #5418 ) ;
#2773 = VECTOR ( 'NONE', #418, 999.9999999999998863 ) ;
#2774 = CARTESIAN_POINT ( 'NONE',  ( 5.299999999999997158, 0.03531900772834901253, 0.3499999999999952593 ) ) ;
#2775 = SHAPE_DEFINITION_REPRESENTATION ( #4617, #4744 ) ;
#2776 = CARTESIAN_POINT ( 'NONE',  ( 19.86055906122973980, 0.9750000000000003109, 4.999999999999996447 ) ) ;
#2777 = ORIENTED_EDGE ( 'NONE', *, *, #5358, .T. ) ;
#2778 = CARTESIAN_POINT ( 'NONE',  ( 9.999999999999996447, 0.9249999999999991562, 3.849999999999995204 ) ) ;
#2779 = CARTESIAN_POINT ( 'NONE',  ( 19.86055906122973980, 4.625000000000000888, 2.699999999999996625 ) ) ;
#2780 = LINE ( 'NONE', #4509, #4427 ) ;
#2781 = CARTESIAN_POINT ( 'NONE',  ( 8.324999999999999289, 0.6749999999999990452, 4.999999999999996447 ) ) ;
#2782 = CARTESIAN_POINT ( 'NONE',  ( 0.9299999999999977174, 4.120000000000000107, -2.000000000000004441 ) ) ;
#2783 = ORIENTED_EDGE ( 'NONE', *, *, #4774, .T. ) ;
#2784 = DIRECTION ( 'NONE',  ( 0.000000000000000000, 0.000000000000000000, -1.000000000000000000 ) ) ;
#2785 = CARTESIAN_POINT ( 'NONE',  ( 9.999999999999996447, 2.974999999999999201, 4.099999999999996092 ) ) ;
#2786 = PLANE ( 'NONE',  #5269 ) ;
#2787 = ORIENTED_EDGE ( 'NONE', *, *, #5016, .F. ) ;
#2788 = ADVANCED_FACE ( 'NONE', ( #2815 ), #1635, .F. ) ;
#2789 = EDGE_CURVE ( 'NONE', #3926, #983, #3293, .T. ) ;
#2790 = DIRECTION ( 'NONE',  ( 0.000000000000000000, -0.000000000000000000, -1.000000000000000000 ) ) ;
#2791 = VERTEX_POINT ( 'NONE', #3348 ) ;
#2792 = DIRECTION ( 'NONE',  ( 0.000000000000000000, 1.232047923278982692E-16, -1.000000000000000000 ) ) ;
#2793 = DIRECTION ( 'NONE',  ( 0.3236155771181854490, 0.3236155771181838392, 0.8891264907159883712 ) ) ;
#2794 = ORIENTED_EDGE ( 'NONE', *, *, #4695, .F. ) ;
#2795 = VECTOR ( 'NONE', #407, 1000.000000000000227 ) ;
#2796 = ORIENTED_EDGE ( 'NONE', *, *, #131, .T. ) ;
#2797 = FACE_OUTER_BOUND ( 'NONE', #2401, .T. ) ;
#2798 = DIRECTION ( 'NONE',  ( 0.000000000000000000, -0.5372996083468246642, -0.8433914458128851654 ) ) ;
#2799 = LINE ( 'NONE', #4534, #2267 ) ;
#2800 = VECTOR ( 'NONE', #2327, 1000.000000000000000 ) ;
#2801 = CLOSED_SHELL ( 'NONE', ( #2413, #405, #5223, #2788, #1878, #3968, #510, #3808, #2414, #4137, #4733, #1419, #2280, #3558, #849, #2073, #4913, #4195, #4249, #3102, #2244, #1620, #5500, #1070, #1884, #1203, #3864, #2722, #1238, #682, #5365, #343, #4102, #3394, #2116, #4285, #3695, #301, #795, #1028, #2449, #1105, #3922, #605, #2107, #101, #5600, #3822, #4850, #336, #1906, #1485, #3787, #2382, #1340, #2071, #1271, #3194, #4174, #1690, #1726, #3417, #3331, #1795, #1594, #514, #2584, #4638, #4740, #3378, #5146, #268, #1520, #647, #1625, #5179, #2673, #4841, #3590, #4204, #2423, #2323, #1736, #3613, #1737, #369, #2182, #1614, #2715, #723, #4775, #613, #3137, #5402, #5300, #67, #3409, #444, #4129, #142, #2340, #829, #539, #377, #648, #4316, #4403, #4169, #583, #4442, #1421, #1165, #3404, #4035, #308, #981, #169, #430, #5045, #4218, #344, #2176, #3074, #2613, #62, #4306, #3281 ) ) ;
#2802 = VECTOR ( 'NONE', #3106, 1000.000000000000000 ) ;
#2803 = VECTOR ( 'NONE', #1402, 1000.000000000000114 ) ;
#2804 = ORIENTED_EDGE ( 'NONE', *, *, #5603, .F. ) ;
#2805 = CARTESIAN_POINT ( 'NONE',  ( -8.024999999999993250, 5.325000000000000178, 4.749999999999997335 ) ) ;
#2806 = DIRECTION ( 'NONE',  ( -0.5773502691896265082, -0.5773502691896261751, 0.5773502691896246208 ) ) ;
#2807 = CARTESIAN_POINT ( 'NONE',  ( -5.930000000000003268, 0.4099999999999989209, -2.000000000000004441 ) ) ;
#2808 = VECTOR ( 'NONE', #1836, 1000.000000000000000 ) ;
#2809 = ADVANCED_FACE ( 'NONE', ( #3320 ), #5030, .T. ) ;
#2810 = CARTESIAN_POINT ( 'NONE',  ( 8.024999999999993250, 1.225000000000000311, 4.749999999999993783 ) ) ;
#2811 = CARTESIAN_POINT ( 'NONE',  ( 19.86055906122973980, 4.099417034833817475, -2.825000000000004619 ) ) ;
#2812 = ORIENTED_EDGE ( 'NONE', *, *, #923, .T. ) ;
#2813 = CARTESIAN_POINT ( 'NONE',  ( 9.499999999999998224, 0.4749999999999999778, 1.099999999999996758 ) ) ;
#2814 = CYLINDRICAL_SURFACE ( 'NONE', #1830, 0.4000000000000001887 ) ;
#2815 = FACE_OUTER_BOUND ( 'NONE', #3058, .T. ) ;
#2816 = ORIENTED_EDGE ( 'NONE', *, *, #3001, .T. ) ;
#2817 = CARTESIAN_POINT ( 'NONE',  ( 4.269999999999999574, 0.1249999999999992506, -2.825000000000004619 ) ) ;
#2818 = ORIENTED_EDGE ( 'NONE', *, *, #2172, .T. ) ;
#2819 = VECTOR ( 'NONE', #5426, 1000.000000000000000 ) ;
#2820 = PLANE ( 'NONE',  #2490 ) ;
#2821 = ORIENTED_EDGE ( 'NONE', *, *, #2654, .T. ) ;
#2822 = EDGE_CURVE ( 'NONE', #1883, #2518, #3717, .T. ) ;
#2823 = ORIENTED_EDGE ( 'NONE', *, *, #582, .T. ) ;
#2824 = CARTESIAN_POINT ( 'NONE',  ( -7.624999999999996447, 0.000000000000000000, 4.999999999999997335 ) ) ;
#2825 = ORIENTED_EDGE ( 'NONE', *, *, #2433, .T. ) ;
#2826 = FACE_OUTER_BOUND ( 'NONE', #4717, .T. ) ;
#2827 = EDGE_CURVE ( 'NONE', #4267, #275, #1545, .T. ) ;
#2828 = EDGE_CURVE ( 'NONE', #4788, #4728, #4083, .T. ) ;
#2829 = ADVANCED_FACE ( 'NONE', ( #263 ), #3265, .T. ) ;
#2830 = AXIS2_PLACEMENT_3D ( 'NONE', #617, #2319, #2343 ) ;
#2831 = ORIENTED_EDGE ( 'NONE', *, *, #1456, .F. ) ;
#2832 = CARTESIAN_POINT ( 'NONE',  ( -9.749999999999998224, 2.499999999999999556, 4.099999999999996092 ) ) ;
#2833 = DIRECTION ( 'NONE',  ( 0.000000000000000000, 1.000000000000000000, -0.000000000000000000 ) ) ;
#2834 = DIRECTION ( 'NONE',  ( 0.000000000000000000, 1.000000000000000000, 0.000000000000000000 ) ) ;
#2835 = CARTESIAN_POINT ( 'NONE',  ( 19.86055906122973980, 0.1249999999999990563, 4.999999999999996447 ) ) ;
#2836 = CARTESIAN_POINT ( 'NONE',  ( -3.430000000000002380, 3.479999999999999094, -2.000000000000004441 ) ) ;
#2837 = ORIENTED_EDGE ( 'NONE', *, *, #4300, .T. ) ;
#2838 = CARTESIAN_POINT ( 'NONE',  ( 14.00249930594108783, 0.6749999999999989342, 1.099999999999996758 ) ) ;
#2839 = DIRECTION ( 'NONE',  ( 0.000000000000000000, -1.000000000000000000, -1.091181084403578030E-16 ) ) ;
#2840 = AXIS2_PLACEMENT_3D ( 'NONE', #5354, #2326, #2351 ) ;
#2841 = LINE ( 'NONE', #4658, #1845 ) ;
#2842 = VECTOR ( 'NONE', #3713, 1000.000000000000000 ) ;
#2843 = VERTEX_POINT ( 'NONE', #1950 ) ;
#2844 = FACE_OUTER_BOUND ( 'NONE', #3673, .T. ) ;
#2845 = STYLED_ITEM ( 'NONE', ( #4847 ), #4468 ) ;
#2846 = VERTEX_POINT ( 'NONE', #1122 ) ;
#2847 = LINE ( 'NONE', #3271, #3029 ) ;
#2848 = LINE ( 'NONE', #5494, #1460 ) ;
#2849 = VERTEX_POINT ( 'NONE', #3667 ) ;
#2850 = ADVANCED_FACE ( 'NONE', ( #4599 ), #4193, .F. ) ;
#2851 = PRODUCT_DEFINITION_SHAPE ( 'NONE', 'NONE',  #5605 ) ;
#2852 = ORIENTED_EDGE ( 'NONE', *, *, #4741, .F. ) ;
#2853 = VERTEX_POINT ( 'NONE', #4165 ) ;
#2854 = FACE_OUTER_BOUND ( 'NONE', #3392, .T. ) ;
#2855 = CARTESIAN_POINT ( 'NONE',  ( 19.86055906122973980, 4.099417034833817475, -2.825000000000004619 ) ) ;
#2856 = ORIENTED_EDGE ( 'NONE', *, *, #300, .F. ) ;
#2857 = EDGE_CURVE ( 'NONE', #3132, #930, #2055, .T. ) ;
#2858 = ORIENTED_EDGE ( 'NONE', *, *, #1847, .F. ) ;
#2859 = LINE ( 'NONE', #4588, #1451 ) ;
#2860 = EDGE_CURVE ( 'NONE', #4023, #500, #4970, .T. ) ;
#2861 = DIRECTION ( 'NONE',  ( 0.7071067811865513475, 0.000000000000000000, -0.7071067811865436870 ) ) ;
#2862 = CARTESIAN_POINT ( 'NONE',  ( 1.569999999999997620, 4.120000000000000107, -4.400000000000003908 ) ) ;
#2863 = EDGE_CURVE ( 'NONE', #875, #570, #5081, .T. ) ;
#2864 = CARTESIAN_POINT ( 'NONE',  ( -5.930000000000003268, 0.1249999999999992506, -2.625000000000004441 ) ) ;
#2865 = DIRECTION ( 'NONE',  ( 0.000000000000000000, 0.000000000000000000, -1.000000000000000000 ) ) ;
#2866 = ORIENTED_EDGE ( 'NONE', *, *, #4914, .T. ) ;
#2867 = DIRECTION ( 'NONE',  ( -0.000000000000000000, -0.7071067811865520136, -0.7071067811865431318 ) ) ;
#2868 = LINE ( 'NONE', #1092, #3347 ) ;
#2869 = CARTESIAN_POINT ( 'NONE',  ( 0.9299999999999977174, 4.120000000000000107, -4.400000000000003908 ) ) ;
#2870 = CARTESIAN_POINT ( 'NONE',  ( -6.395165060747992847, 0.9249999999999991562, 1.099999999999994982 ) ) ;
#2871 = ORIENTED_EDGE ( 'NONE', *, *, #168, .T. ) ;
#2872 = DIRECTION ( 'NONE',  ( 0.000000000000000000, -1.237404653380195321E-16, 1.000000000000000000 ) ) ;
#2873 = DIRECTION ( 'NONE',  ( -1.000000000000000000, 0.000000000000000000, 0.000000000000000000 ) ) ;
#2874 = ORIENTED_EDGE ( 'NONE', *, *, #2763, .F. ) ;
#2875 = ORIENTED_EDGE ( 'NONE', *, *, #4704, .F. ) ;
#2876 = ORIENTED_EDGE ( 'NONE', *, *, #745, .T. ) ;
#2877 = CARTESIAN_POINT ( 'NONE',  ( 6.569999999999997620, 0.7650000000000000133, -7.706565322568175169 ) ) ;
#2878 = DIRECTION ( 'NONE',  ( -0.000000000000000000, 1.000000000000000000, 0.000000000000000000 ) ) ;
#2879 = CARTESIAN_POINT ( 'NONE',  ( 19.86055906122973980, 3.479999999999999982, -2.000000000000004441 ) ) ;
#2880 = ORIENTED_EDGE ( 'NONE', *, *, #3124, .F. ) ;
#2881 = EDGE_LOOP ( 'NONE', ( #2874, #4500, #2893, #5396 ) ) ;
#2882 = VERTEX_POINT ( 'NONE', #5459 ) ;
#2883 = EDGE_CURVE ( 'NONE', #78, #5174, #2841, .T. ) ;
#2884 = CARTESIAN_POINT ( 'NONE',  ( 5.929999999999997939, 3.479999999999999982, -0.5000000000000034417 ) ) ;
#2885 = VECTOR ( 'NONE', #1598, 1000.000000000000000 ) ;
#2886 =( NAMED_UNIT ( * ) PLANE_ANGLE_UNIT ( ) SI_UNIT ( $, .RADIAN. ) );
#2887 = PLANE ( 'NONE',  #2620 ) ;
#2888 = EDGE_CURVE ( 'NONE', #72, #3902, #4574, .T. ) ;
#2889 = VECTOR ( 'NONE', #2640, 1000.000000000000000 ) ;
#2890 = LINE ( 'NONE', #4715, #627 ) ;
#2891 = VECTOR ( 'NONE', #3432, 1000.000000000000000 ) ;
#2892 = DIRECTION ( 'NONE',  ( 0.7071067811865436870, 0.000000000000000000, 0.7071067811865513475 ) ) ;
#2893 = ORIENTED_EDGE ( 'NONE', *, *, #2076, .T. ) ;
#2894 = FACE_OUTER_BOUND ( 'NONE', #3986, .T. ) ;
#2895 = CARTESIAN_POINT ( 'NONE',  ( 6.749999999999997335, 0.03531900772834901253, 4.108963702891828440 ) ) ;
#2896 = VECTOR ( 'NONE', #2873, 1000.000000000000000 ) ;
#2897 = PLANE ( 'NONE',  #1562 ) ;
#2898 = PRODUCT ( 'pin^SxB-XH-SM4-TB Ass', 'pin^SxB-XH-SM4-TB Ass', '', ( #4560 ) ) ;
#2899 = EDGE_CURVE ( 'NONE', #2168, #3992, #2955, .T. ) ;
#2900 = VERTEX_POINT ( 'NONE', #3429 ) ;
#2901 = EDGE_CURVE ( 'NONE', #3020, #3654, #807, .T. ) ;
#2902 = LINE ( 'NONE', #4949, #3883 ) ;
#2903 = ORIENTED_EDGE ( 'NONE', *, *, #2205, .F. ) ;
#2904 = CARTESIAN_POINT ( 'NONE',  ( 19.86055906122973980, 0.1249999999999990563, 4.999999999999996447 ) ) ;
#2905 = DIRECTION ( 'NONE',  ( -1.000000000000000000, -0.000000000000000000, -0.000000000000000000 ) ) ;
#2906 = EDGE_LOOP ( 'NONE', ( #5301, #22, #332, #943 ) ) ;
#2907 = VECTOR ( 'NONE', #606, 1000.000000000000000 ) ;
#2908 = ORIENTED_EDGE ( 'NONE', *, *, #4415, .F. ) ;
#2909 = DIRECTION ( 'NONE',  ( 0.000000000000000000, -1.000000000000000000, -1.232047923278982692E-16 ) ) ;
#2910 = ORIENTED_EDGE ( 'NONE', *, *, #3245, .T. ) ;
#2911 = CARTESIAN_POINT ( 'NONE',  ( 8.774999999999996803, 2.974999999999999645, -0.5000000000000035527 ) ) ;
#2912 = CARTESIAN_POINT ( 'NONE',  ( -8.774999999999996803, 4.099417034833817475, -2.825000000000004619 ) ) ;
#2913 = VECTOR ( 'NONE', #4341, 1000.000000000000000 ) ;
#2914 = VECTOR ( 'NONE', #2980, 1000.000000000000000 ) ;
#2915 = ORIENTED_EDGE ( 'NONE', *, *, #4904, .F. ) ;
#2916 = ORIENTED_EDGE ( 'NONE', *, *, #3476, .T. ) ;
#2917 = CARTESIAN_POINT ( 'NONE',  ( -9.999999999999996447, 2.974999999999999645, -0.5000000000000035527 ) ) ;
#2918 = CARTESIAN_POINT ( 'NONE',  ( 5.729999999999995097, 0.4099999999999990319, -2.825000000000004619 ) ) ;
#2919 = CARTESIAN_POINT ( 'NONE',  ( 9.499999999999998224, 2.249999999999999556, 1.099999999999996758 ) ) ;
#2920 = EDGE_CURVE ( 'NONE', #5291, #172, #3802, .T. ) ;
#2921 = CARTESIAN_POINT ( 'NONE',  ( 6.569999999999997620, 3.479999999999999982, 1.306565322568164822 ) ) ;
#2922 = CARTESIAN_POINT ( 'NONE',  ( -6.749999999999997335, 6.125000000000000000, 4.108963702891828440 ) ) ;
#2923 = ORIENTED_EDGE ( 'NONE', *, *, #4005, .F. ) ;
#2924 = CARTESIAN_POINT ( 'NONE',  ( -8.024999999999993250, 5.325000000000000178, -9.511693791957203103 ) ) ;
#2925 = CARTESIAN_POINT ( 'NONE',  ( 5.929999999999997939, 0.1249999999999998890, -6.090000000000007851 ) ) ;
#2926 = DIRECTION ( 'NONE',  ( -0.000000000000000000, 1.000000000000000000, -0.000000000000000000 ) ) ;
#2927 = CARTESIAN_POINT ( 'NONE',  ( -6.749999999999997335, 0.03531900772834901253, 2.316596043929709303 ) ) ;
#2928 = VECTOR ( 'NONE', #3656, 1000.000000000000000 ) ;
#2929 = ORIENTED_EDGE ( 'NONE', *, *, #5390, .F. ) ;
#2930 = EDGE_CURVE ( 'NONE', #3100, #3890, #4748, .T. ) ;
#2931 = DIRECTION ( 'NONE',  ( -0.000000000000000000, -0.000000000000000000, 1.000000000000000000 ) ) ;
#2932 = LINE ( 'NONE', #4664, #4336 ) ;
#2933 = EDGE_LOOP ( 'NONE', ( #588, #248, #3011, #4678 ) ) ;
#2934 = VECTOR ( 'NONE', #935, 1000.000000000000000 ) ;
#2935 = ORIENTED_EDGE ( 'NONE', *, *, #33, .F. ) ;
#2936 = EDGE_CURVE ( 'NONE', #5291, #5535, #5573, .T. ) ;
#2937 = CARTESIAN_POINT ( 'NONE',  ( 9.049999999999997158, 0.6749999999999989342, 4.769247601426241268 ) ) ;
#2938 = ORIENTED_EDGE ( 'NONE', *, *, #2857, .T. ) ;
#2939 = CARTESIAN_POINT ( 'NONE',  ( 1.569999999999997620, 0.1249999999999992506, -2.625000000000004441 ) ) ;
#2940 = DIRECTION ( 'NONE',  ( 0.7071067811865584529, -2.666597246405827230E-16, 0.7071067811865365815 ) ) ;
#2941 = ORIENTED_EDGE ( 'NONE', *, *, #2608, .T. ) ;
#2942 = EDGE_LOOP ( 'NONE', ( #381, #1218, #3562, #2598 ) ) ;
#2943 =( REPRESENTATION_RELATIONSHIP ('NONE','NONE', #5320, #2631 ) REPRESENTATION_RELATIONSHIP_WITH_TRANSFORMATION ( #3649 )SHAPE_REPRESENTATION_RELATIONSHIP( ) );
#2944 = VECTOR ( 'NONE', #1213, 1000.000000000000000 ) ;
#2945 = ORIENTED_EDGE ( 'NONE', *, *, #2456, .T. ) ;
#2946 = CARTESIAN_POINT ( 'NONE',  ( -9.049999999999997158, 0.6749999999999989342, 4.769247601426241268 ) ) ;
#2947 = CARTESIAN_POINT ( 'NONE',  ( 0.000000000000000000, 0.000000000000000000, 0.000000000000000000 ) ) ;
#2948 = DIRECTION ( 'NONE',  ( -0.000000000000000000, -0.000000000000000000, 1.000000000000000000 ) ) ;
#2949 = PLANE ( 'NONE',  #2744 ) ;
#2950 = DIRECTION ( 'NONE',  ( -0.000000000000000000, 1.000000000000000000, -0.000000000000000000 ) ) ;
#2951 = ORIENTED_EDGE ( 'NONE', *, *, #1522, .F. ) ;
#2952 = DIRECTION ( 'NONE',  ( 0.000000000000000000, 0.000000000000000000, -1.000000000000000000 ) ) ;
#2953 = DIRECTION ( 'NONE',  ( 0.000000000000000000, 1.000000000000000000, 0.000000000000000000 ) ) ;
#2954 = VECTOR ( 'NONE', #5597, 1000.000000000000000 ) ;
#2955 = LINE ( 'NONE', #1257, #117 ) ;
#2956 = DIRECTION ( 'NONE',  ( 0.000000000000000000, -1.000000000000000000, -3.771137991253929066E-16 ) ) ;
#2957 = EDGE_LOOP ( 'NONE', ( #1132, #3185, #3780, #2174, #1717, #5467, #2266, #1877 ) ) ;
#2958 = CARTESIAN_POINT ( 'NONE',  ( 10.62461286301650532, 8.810304980046149481, 4.569612863016424775 ) ) ;
#2959 = FACE_OUTER_BOUND ( 'NONE', #1469, .T. ) ;
#2960 = VERTEX_POINT ( 'NONE', #4308 ) ;
#2961 = DIRECTION ( 'NONE',  ( -1.000000000000000000, 0.000000000000000000, -0.000000000000000000 ) ) ;
#2962 = ORIENTED_EDGE ( 'NONE', *, *, #54, .T. ) ;
#2963 = DIRECTION ( 'NONE',  ( 1.000000000000000000, 0.000000000000000000, 0.000000000000000000 ) ) ;
#2964 = ORIENTED_EDGE ( 'NONE', *, *, #4905, .T. ) ;
#2965 = AXIS2_PLACEMENT_3D ( 'NONE', #3007, #3345, #2080 ) ;
#2966 = ORIENTED_EDGE ( 'NONE', *, *, #2064, .T. ) ;
#2967 = EDGE_LOOP ( 'NONE', ( #4287, #4147, #1265, #3386, #2377, #4577, #3154, #4001 ) ) ;
#2968 = DIRECTION ( 'NONE',  ( 0.000000000000000000, 0.000000000000000000, 1.000000000000000000 ) ) ;
#2969 = AXIS2_PLACEMENT_3D ( 'NONE', #4093, #3647, #2245 ) ;
#2970 = LINE ( 'NONE', #1278, #2978 ) ;
#2971 = AXIS2_PLACEMENT_3D ( 'NONE', #4163, #2024, #1995 ) ;
#2972 = CARTESIAN_POINT ( 'NONE',  ( 6.569999999999997620, 0.000000000000000000, -2.625000000000004441 ) ) ;
#2973 = CARTESIAN_POINT ( 'NONE',  ( -8.024999999999993250, 5.325000000000000178, 2.699999999999993960 ) ) ;
#2974 = ORIENTED_EDGE ( 'NONE', *, *, #1593, .F. ) ;
#2975 = CARTESIAN_POINT ( 'NONE',  ( 19.86055906122973980, 4.325000000000001066, 4.999999999999996447 ) ) ;
#2976 = CARTESIAN_POINT ( 'NONE',  ( -6.570000000000002949, 3.479999999999999982, -0.5000000000000038858 ) ) ;
#2977 = FACE_OUTER_BOUND ( 'NONE', #3406, .T. ) ;
#2978 = VECTOR ( 'NONE', #882, 1000.000000000000000 ) ;
#2979 = VECTOR ( 'NONE', #5429, 1000.000000000000000 ) ;
#2980 = DIRECTION ( 'NONE',  ( -1.000000000000000000, -0.000000000000000000, -0.000000000000000000 ) ) ;
#2981 = VECTOR ( 'NONE', #1121, 1000.000000000000000 ) ;
#2982 = ORIENTED_EDGE ( 'NONE', *, *, #4451, .T. ) ;
#2983 = LINE ( 'NONE', #2535, #3760 ) ;
#2984 = AXIS2_PLACEMENT_3D ( 'NONE', #3146, #1803, #3514 ) ;
#2985 = FACE_OUTER_BOUND ( 'NONE', #3127, .T. ) ;
#2986 = VECTOR ( 'NONE', #2114, 1000.000000000000000 ) ;
#2987 = ORIENTED_EDGE ( 'NONE', *, *, #2146, .F. ) ;
#2988 = DIRECTION ( 'NONE',  ( 0.000000000000000000, -1.000000000000000000, 0.000000000000000000 ) ) ;
#2989 = EDGE_CURVE ( 'NONE', #1359, #505, #2501, .T. ) ;
#2990 = ORIENTED_EDGE ( 'NONE', *, *, #2930, .F. ) ;
#2991 = DIRECTION ( 'NONE',  ( -0.000000000000000000, 1.000000000000000000, 1.247005693593550945E-16 ) ) ;
#2992 = ORIENTED_EDGE ( 'NONE', *, *, #4377, .F. ) ;
#2993 = VERTEX_POINT ( 'NONE', #3880 ) ;
#2994 = ORIENTED_EDGE ( 'NONE', *, *, #5290, .F. ) ;
#2995 = VECTOR ( 'NONE', #5162, 1000.000000000000000 ) ;
#2996 = EDGE_CURVE ( 'NONE', #5078, #2057, #5544, .T. ) ;
#2997 = LINE ( 'NONE', #740, #1725 ) ;
#2998 = EDGE_CURVE ( 'NONE', #3785, #3138, #1667, .T. ) ;
#2999 = SURFACE_STYLE_FILL_AREA ( #960 ) ;
#3000 = CARTESIAN_POINT ( 'NONE',  ( 9.049999999999997158, 2.249999999999999556, 1.099999999999996758 ) ) ;
#3001 = EDGE_CURVE ( 'NONE', #72, #1303, #39, .T. ) ;
#3002 = AXIS2_PLACEMENT_3D ( 'NONE', #2575, #2153, #5099 ) ;
#3003 = DIRECTION ( 'NONE',  ( -1.000000000000000000, -0.000000000000000000, -0.000000000000000000 ) ) ;
#3004 = DIRECTION ( 'NONE',  ( 0.000000000000000000, 0.000000000000000000, 1.000000000000000000 ) ) ;
#3005 = ORIENTED_EDGE ( 'NONE', *, *, #1628, .F. ) ;
#3006 = EDGE_CURVE ( 'NONE', #1480, #738, #3723, .T. ) ;
#3007 = CARTESIAN_POINT ( 'NONE',  ( 6.569999999999997620, 1.164999999999995595, -7.706565322568176057 ) ) ;
#3008 = FACE_OUTER_BOUND ( 'NONE', #797, .T. ) ;
#3009 = CARTESIAN_POINT ( 'NONE',  ( -3.430000000000002380, 3.479999999999999982, -0.5000000000000038858 ) ) ;
#3010 = CARTESIAN_POINT ( 'NONE',  ( 5.599999999999996980, 5.325000000000001954, 0.3499999999999952593 ) ) ;
#3011 = ORIENTED_EDGE ( 'NONE', *, *, #3350, .F. ) ;
#3012 = CARTESIAN_POINT ( 'NONE',  ( 9.749999999999998224, 2.499999999999999556, 4.099999999999996092 ) ) ;
#3013 = LINE ( 'NONE', #3837, #4895 ) ;
#3014 = ORIENTED_EDGE ( 'NONE', *, *, #3489, .F. ) ;
#3015 = AXIS2_PLACEMENT_3D ( 'NONE', #2134, #1630, #3875 ) ;
#3016 = ORIENTED_EDGE ( 'NONE', *, *, #3374, .F. ) ;
#3017 = CARTESIAN_POINT ( 'NONE',  ( 9.999999999999996447, 2.974999999999999201, 4.099999999999996092 ) ) ;
#3018 = ORIENTED_EDGE ( 'NONE', *, *, #1171, .T. ) ;
#3019 = CARTESIAN_POINT ( 'NONE',  ( -14.00249930594108783, 0.1849999999999999978, 1.429999999999996829 ) ) ;
#3020 = VERTEX_POINT ( 'NONE', #867 ) ;
#3021 = PRODUCT_DEFINITION_FORMATION_WITH_SPECIFIED_SOURCE ( 'ANY', '', #2898, .NOT_KNOWN. ) ;
#3022 = AXIS2_PLACEMENT_3D ( 'NONE', #486, #1281, #3510 ) ;
#3023 = EDGE_CURVE ( 'NONE', #115, #4925, #1747, .T. ) ;
#3024 = ORIENTED_EDGE ( 'NONE', *, *, #4159, .F. ) ;
#3025 = COLOUR_RGB ( '',0.7960784313725489669, 0.8235294117647058432, 0.9372549019607843146 ) ;
#3026 = DIRECTION ( 'NONE',  ( 0.000000000000000000, -1.000000000000000000, 0.000000000000000000 ) ) ;
#3027 = DIRECTION ( 'NONE',  ( 0.000000000000000000, 0.000000000000000000, 1.000000000000000000 ) ) ;
#3028 = CARTESIAN_POINT ( 'NONE',  ( 0.9299999999999977174, 0.1249999999999992506, -2.625000000000004441 ) ) ;
#3029 = VECTOR ( 'NONE', #305, 1000.000000000000000 ) ;
#3030 = EDGE_CURVE ( 'NONE', #3236, #2057, #2141, .T. ) ;
#3031 = VECTOR ( 'NONE', #3729, 1000.000000000000000 ) ;
#3032 = EDGE_CURVE ( 'NONE', #3835, #2561, #4258, .T. ) ;
#3033 = CARTESIAN_POINT ( 'NONE',  ( -4.070000000000002061, 0.1249999999999992506, -2.625000000000004441 ) ) ;
#3034 = CARTESIAN_POINT ( 'NONE',  ( -5.599999999999996980, 5.325000000000001954, 0.3499999999999952593 ) ) ;
#3035 = ORIENTED_EDGE ( 'NONE', *, *, #2475, .T. ) ;
#3036 = FACE_OUTER_BOUND ( 'NONE', #2324, .T. ) ;
#3037 = CARTESIAN_POINT ( 'NONE',  ( -5.299999999999997158, 6.125000000000000000, 4.999999999999995559 ) ) ;
#3038 = CARTESIAN_POINT ( 'NONE',  ( -14.00249930594108783, 2.249999999999999556, 1.099999999999996758 ) ) ;
#3039 = EDGE_CURVE ( 'NONE', #505, #48, #2082, .T. ) ;
#3040 = DIRECTION ( 'NONE',  ( -0.000000000000000000, 2.710505431213761085E-15, 1.000000000000000000 ) ) ;
#3041 = CARTESIAN_POINT ( 'NONE',  ( 5.929999999999997939, 3.479999999999999982, -0.5000000000000038858 ) ) ;
#3042 = ORIENTED_EDGE ( 'NONE', *, *, #4689, .F. ) ;
#3043 = LINE ( 'NONE', #813, #1513 ) ;
#3044 = CARTESIAN_POINT ( 'NONE',  ( 5.929999999999997939, 3.479999999999999982, -2.000000000000004441 ) ) ;
#3045 = DIRECTION ( 'NONE',  ( -1.000000000000000000, 0.000000000000000000, -0.000000000000000000 ) ) ;
#3046 = ORIENTED_EDGE ( 'NONE', *, *, #4128, .T. ) ;
#3047 = ORIENTED_EDGE ( 'NONE', *, *, #2646, .F. ) ;
#3048 = DIRECTION ( 'NONE',  ( 0.000000000000000000, -0.7071067811865437980, 0.7071067811865513475 ) ) ;
#3049 = VERTEX_POINT ( 'NONE', #2607 ) ;
#3050 = DIRECTION ( 'NONE',  ( -0.000000000000000000, 1.000000000000000000, -0.000000000000000000 ) ) ;
#3051 = ORIENTED_EDGE ( 'NONE', *, *, #2998, .F. ) ;
#3052 = DIRECTION ( 'NONE',  ( -1.000000000000000000, 0.000000000000000000, 0.000000000000000000 ) ) ;
#3053 =( NAMED_UNIT ( * ) SI_UNIT ( $, .STERADIAN. ) SOLID_ANGLE_UNIT ( ) );
#3054 = LINE ( 'NONE', #2297, #189 ) ;
#3055 = PLANE ( 'NONE',  #1813 ) ;
#3056 = VECTOR ( 'NONE', #5276, 1000.000000000000000 ) ;
#3057 = PLANE ( 'NONE',  #4659 ) ;
#3058 = EDGE_LOOP ( 'NONE', ( #4143, #789, #3143, #5479 ) ) ;
#3059 = CARTESIAN_POINT ( 'NONE',  ( 9.499999999999998224, 0.9249999999999991562, 3.849999999999995204 ) ) ;
#3060 = EDGE_CURVE ( 'NONE', #4765, #4034, #3063, .T. ) ;
#3061 = EDGE_CURVE ( 'NONE', #976, #1951, #4333, .T. ) ;
#3062 = CARTESIAN_POINT ( 'NONE',  ( -5.930000000000003268, 4.120000000000000107, -2.000000000000004441 ) ) ;
#3063 = LINE ( 'NONE', #3377, #2536 ) ;
#3064 = FACE_OUTER_BOUND ( 'NONE', #3115, .T. ) ;
#3065 = CARTESIAN_POINT ( 'NONE',  ( 19.86055906122973980, 6.125000000000000000, 4.999999999999995559 ) ) ;
#3066 = ORIENTED_EDGE ( 'NONE', *, *, #447, .F. ) ;
#3067 = DIRECTION ( 'NONE',  ( 1.000000000000000000, 0.000000000000000000, -0.000000000000000000 ) ) ;
#3068 = LINE ( 'NONE', #1003, #1093 ) ;
#3069 = ORIENTED_EDGE ( 'NONE', *, *, #2347, .T. ) ;
#3070 = DIRECTION ( 'NONE',  ( 0.000000000000000000, 0.000000000000000000, -1.000000000000000000 ) ) ;
#3071 = ADVANCED_FACE ( 'NONE', ( #3402 ), #2583, .F. ) ;
#3072 = VECTOR ( 'NONE', #4778, 1000.000000000000000 ) ;
#3073 = VERTEX_POINT ( 'NONE', #5133 ) ;
#3074 = ADVANCED_FACE ( 'NONE', ( #2977 ), #841, .F. ) ;
#3075 = VECTOR ( 'NONE', #496, 1000.000000000000000 ) ;
#3076 = VECTOR ( 'NONE', #3313, 1000.000000000000000 ) ;
#3077 = EDGE_LOOP ( 'NONE', ( #2369, #4971, #190, #3813 ) ) ;
#3078 = ORIENTED_EDGE ( 'NONE', *, *, #5015, .F. ) ;
#3079 = DIRECTION ( 'NONE',  ( 0.000000000000000000, 0.000000000000000000, -1.000000000000000000 ) ) ;
#3080 = ORIENTED_EDGE ( 'NONE', *, *, #3489, .T. ) ;
#3081 = SURFACE_STYLE_FILL_AREA ( #2204 ) ;
#3082 = AXIS2_PLACEMENT_3D ( 'NONE', #5056, #2499, #1176 ) ;
#3083 = VERTEX_POINT ( 'NONE', #2332 ) ;
#3084 = CARTESIAN_POINT ( 'NONE',  ( -7.624999999999996447, 0.1249999999999990563, 4.999999999999997335 ) ) ;
#3085 = DIRECTION ( 'NONE',  ( 1.000000000000000000, 2.351315273210297824E-32, 0.000000000000000000 ) ) ;
#3086 = CARTESIAN_POINT ( 'NONE',  ( 6.569999999999997620, 3.480000000000000426, -5.690000000000008384 ) ) ;
#3087 = CARTESIAN_POINT ( 'NONE',  ( 8.024999999999993250, 4.325000000000001066, 4.999999999999996447 ) ) ;
#3088 = ORIENTED_EDGE ( 'NONE', *, *, #4565, .T. ) ;
#3089 = FACE_OUTER_BOUND ( 'NONE', #4950, .T. ) ;
#3090 = LINE ( 'NONE', #1431, #4987 ) ;
#3091 = CARTESIAN_POINT ( 'NONE',  ( 6.569999999999997620, 3.479999999999999982, 1.306565322568164822 ) ) ;
#3092 = VECTOR ( 'NONE', #5288, 1000.000000000000000 ) ;
#3093 = EDGE_CURVE ( 'NONE', #976, #3902, #4480, .T. ) ;
#3094 = DIRECTION ( 'NONE',  ( 0.000000000000000000, 0.000000000000000000, 1.000000000000000000 ) ) ;
#3095 = CARTESIAN_POINT ( 'NONE',  ( 0.9299999999999977174, 0.1249999999999992506, -2.625000000000004441 ) ) ;
#3096 = VERTEX_POINT ( 'NONE', #1919 ) ;
#3097 = FACE_OUTER_BOUND ( 'NONE', #4190, .T. ) ;
#3098 = FACE_OUTER_BOUND ( 'NONE', #2604, .T. ) ;
#3099 = CARTESIAN_POINT ( 'NONE',  ( 9.049999999999997158, 0.1849999999999999978, 1.429999999999996829 ) ) ;
#3100 = VERTEX_POINT ( 'NONE', #5364 ) ;
#3101 = VECTOR ( 'NONE', #4038, 1000.000000000000000 ) ;
#3102 = ADVANCED_FACE ( 'NONE', ( #4026 ), #4911, .T. ) ;
#3103 = ORIENTED_EDGE ( 'NONE', *, *, #4711, .T. ) ;
#3104 = ORIENTED_EDGE ( 'NONE', *, *, #1943, .T. ) ;
#3105 = FACE_OUTER_BOUND ( 'NONE', #4124, .T. ) ;
#3106 = DIRECTION ( 'NONE',  ( 1.000000000000000000, -0.000000000000000000, -0.000000000000000000 ) ) ;
#3107 = ORIENTED_EDGE ( 'NONE', *, *, #2347, .F. ) ;
#3108 = ORIENTED_EDGE ( 'NONE', *, *, #1857, .T. ) ;
#3109 =( GEOMETRIC_REPRESENTATION_CONTEXT ( 3 ) GLOBAL_UNCERTAINTY_ASSIGNED_CONTEXT ( ( #5604 ) ) GLOBAL_UNIT_ASSIGNED_CONTEXT ( ( #287, #2886, #4650 ) ) REPRESENTATION_CONTEXT ( 'NONE', 'WORKASPACE' ) );
#3110 = EDGE_CURVE ( 'NONE', #125, #958, #5308, .T. ) ;
#3111 = ORIENTED_EDGE ( 'NONE', *, *, #309, .F. ) ;
#3112 = LINE ( 'NONE', #5237, #1112 ) ;
#3113 = CARTESIAN_POINT ( 'NONE',  ( -2.500000000000000000, 0.000000000000000000, 0.000000000000000000 ) ) ;
#3114 = CIRCLE ( 'NONE', #5197, 1.040000000000000036 ) ;
#3115 = EDGE_LOOP ( 'NONE', ( #1957, #1406, #2915, #5194 ) ) ;
#3116 = PLANE ( 'NONE',  #3252 ) ;
#3117 = VECTOR ( 'NONE', #5143, 1000.000000000000000 ) ;
#3118 = FACE_OUTER_BOUND ( 'NONE', #3212, .T. ) ;
#3119 = CARTESIAN_POINT ( 'NONE',  ( -7.624999999999996447, 0.4099999999999990319, -2.825000000000005063 ) ) ;
#3120 = ORIENTED_EDGE ( 'NONE', *, *, #4305, .T. ) ;
#3121 = LINE ( 'NONE', #37, #2252 ) ;
#3122 = CARTESIAN_POINT ( 'NONE',  ( 10.26816060725733060, 0.2781672924031912686, -8.823160607257268140 ) ) ;
#3123 = CARTESIAN_POINT ( 'NONE',  ( -9.499999999999998224, 0.9249999999999991562, 3.849999999999995204 ) ) ;
#3124 = EDGE_CURVE ( 'NONE', #4214, #4645, #1838, .T. ) ;
#3125 = DIRECTION ( 'NONE',  ( 0.000000000000000000, 1.000000000000000000, 1.247005693593550945E-16 ) ) ;
#3126 = CARTESIAN_POINT ( 'NONE',  ( -0.8849999999999926814, 0.4099999999999990319, -1.940000000000002611 ) ) ;
#3127 = EDGE_LOOP ( 'NONE', ( #2147, #3741, #1589, #5054, #3018, #2435 ) ) ;
#3128 = CARTESIAN_POINT ( 'NONE',  ( -9.499999999999998224, 0.1849999999999999700, 1.429999999999996829 ) ) ;
#3129 = LINE ( 'NONE', #4781, #2627 ) ;
#3130 = DIRECTION ( 'NONE',  ( 0.000000000000000000, -0.7071067811865437980, 0.7071067811865513475 ) ) ;
#3131 = VERTEX_POINT ( 'NONE', #1892 ) ;
#3132 = VERTEX_POINT ( 'NONE', #4448 ) ;
#3133 = ORIENTED_EDGE ( 'NONE', *, *, #3765, .F. ) ;
#3134 = CARTESIAN_POINT ( 'NONE',  ( 8.774999999999996803, 2.974999999999999201, 4.999999999999994671 ) ) ;
#3135 = ORIENTED_EDGE ( 'NONE', *, *, #413, .F. ) ;
#3136 = ORIENTED_EDGE ( 'NONE', *, *, #1972, .F. ) ;
#3137 = ADVANCED_FACE ( 'NONE', ( #4050 ), #967, .F. ) ;
#3138 = VERTEX_POINT ( 'NONE', #573 ) ;
#3139 = LINE ( 'NONE', #4406, #4175 ) ;
#3140 = CARTESIAN_POINT ( 'NONE',  ( 0.8849999999999903499, 0.4099999999999990319, -1.940000000000005054 ) ) ;
#3141 = EDGE_CURVE ( 'NONE', #900, #5174, #128, .T. ) ;
#3142 = PLANE ( 'NONE',  #2660 ) ;
#3143 = ORIENTED_EDGE ( 'NONE', *, *, #2827, .F. ) ;
#3144 = LINE ( 'NONE', #3488, #5137 ) ;
#3145 = CARTESIAN_POINT ( 'NONE',  ( -2.134999999999979359, 0.4099999999999990319, -0.6900000000000027223 ) ) ;
#3146 = CARTESIAN_POINT ( 'NONE',  ( 8.774999999999996803, 0.000000000000000000, 0.000000000000000000 ) ) ;
#3147 = PLANE ( 'NONE',  #289 ) ;
#3148 = LINE ( 'NONE', #4131, #140 ) ;
#3149 = ORIENTED_EDGE ( 'NONE', *, *, #3451, .F. ) ;
#3150 = CARTESIAN_POINT ( 'NONE',  ( 19.86055906122973980, 5.325000000000000178, 4.999999999999996447 ) ) ;
#3151 = CARTESIAN_POINT ( 'NONE',  ( 0.7299999999999954303, 0.4099999999999989209, -2.825000000000004619 ) ) ;
#3152 = CARTESIAN_POINT ( 'NONE',  ( -1.570000000000002727, 4.226831086995316511, -2.625000000000005773 ) ) ;
#3153 = ORIENTED_EDGE ( 'NONE', *, *, #1427, .F. ) ;
#3154 = ORIENTED_EDGE ( 'NONE', *, *, #5433, .F. ) ;
#3155 = VERTEX_POINT ( 'NONE', #3545 ) ;
#3156 = VECTOR ( 'NONE', #3256, 1000.000000000000000 ) ;
#3157 = LINE ( 'NONE', #80, #4276 ) ;
#3158 = CARTESIAN_POINT ( 'NONE',  ( 3.429999999999997939, 0.4099999999999990319, -2.625000000000004885 ) ) ;
#3159 = ORIENTED_EDGE ( 'NONE', *, *, #3525, .F. ) ;
#3160 = VECTOR ( 'NONE', #104, 1000.000000000000000 ) ;
#3161 = EDGE_CURVE ( 'NONE', #5293, #1160, #5335, .T. ) ;
#3162 = AXIS2_PLACEMENT_3D ( 'NONE', #5463, #4633, #2790 ) ;
#3163 = VERTEX_POINT ( 'NONE', #3631 ) ;
#3164 = FACE_OUTER_BOUND ( 'NONE', #285, .T. ) ;
#3165 = CARTESIAN_POINT ( 'NONE',  ( -5.599999999999996980, 6.125000000000000000, 0.3499999999999952593 ) ) ;
#3166 = EDGE_CURVE ( 'NONE', #527, #5414, #2303, .T. ) ;
#3167 = EDGE_CURVE ( 'NONE', #2669, #1217, #1459, .T. ) ;
#3168 = CARTESIAN_POINT ( 'NONE',  ( -0.9300000000000020473, 0.4099999999999989209, -2.000000000000004441 ) ) ;
#3169 = ORIENTED_EDGE ( 'NONE', *, *, #4236, .F. ) ;
#3170 = CARTESIAN_POINT ( 'NONE',  ( 6.769999999999999574, 0.000000000000000000, -2.825000000000004619 ) ) ;
#3171 = EDGE_CURVE ( 'NONE', #5470, #4321, #2666, .T. ) ;
#3172 = LINE ( 'NONE', #4910, #3564 ) ;
#3173 = CARTESIAN_POINT ( 'NONE',  ( 19.86055906122973980, 4.625000000000000888, -2.000000000000004441 ) ) ;
#3174 = EDGE_CURVE ( 'NONE', #1703, #3083, #1371, .T. ) ;
#3175 = DIRECTION ( 'NONE',  ( -0.000000000000000000, 1.000000000000000000, -0.000000000000000000 ) ) ;
#3176 = DIRECTION ( 'NONE',  ( 0.000000000000000000, 0.000000000000000000, 1.000000000000000000 ) ) ;
#3177 = ORIENTED_EDGE ( 'NONE', *, *, #4269, .F. ) ;
#3178 = CARTESIAN_POINT ( 'NONE',  ( 0.000000000000000000, 0.4099999999999990319, -2.000000000000004441 ) ) ;
#3179 = CARTESIAN_POINT ( 'NONE',  ( -0.7299999999999997602, 0.4099999999999989209, -2.825000000000004619 ) ) ;
#3180 = LINE ( 'NONE', #3608, #2731 ) ;
#3181 = VECTOR ( 'NONE', #3639, 1000.000000000000000 ) ;
#3182 = ORIENTED_EDGE ( 'NONE', *, *, #2288, .T. ) ;
#3183 = AXIS2_PLACEMENT_3D ( 'NONE', #4559, #1474, #3732 ) ;
#3184 = ORIENTED_EDGE ( 'NONE', *, *, #176, .T. ) ;
#3185 = ORIENTED_EDGE ( 'NONE', *, *, #2617, .F. ) ;
#3186 = PLANE ( 'NONE',  #2830 ) ;
#3187 = CARTESIAN_POINT ( 'NONE',  ( -1.770000000000004237, 0.4099999999999989209, -2.825000000000004619 ) ) ;
#3188 = VERTEX_POINT ( 'NONE', #2749 ) ;
#3189 = VECTOR ( 'NONE', #4130, 1000.000000000000000 ) ;
#3190 = VERTEX_POINT ( 'NONE', #1483 ) ;
#3191 = DIRECTION ( 'NONE',  ( -0.000000000000000000, 0.5372996083468247752, 0.8433914458128850544 ) ) ;
#3192 = PRODUCT_CONTEXT ( 'NONE', #5268, 'mechanical' ) ;
#3193 = CARTESIAN_POINT ( 'NONE',  ( -0.9300000000000020473, 4.624999999999999112, -2.000000000000004441 ) ) ;
#3194 = ADVANCED_FACE ( 'NONE', ( #914 ), #2637, .F. ) ;
#3195 = PRESENTATION_LAYER_ASSIGNMENT (  '', '', ( #4652 ) ) ;
#3196 = VERTEX_POINT ( 'NONE', #490 ) ;
#3197 = CARTESIAN_POINT ( 'NONE',  ( -1.570000000000002061, 0.4099999999999990319, -2.825000000000005063 ) ) ;
#3198 = FACE_OUTER_BOUND ( 'NONE', #898, .T. ) ;
#3199 = LINE ( 'NONE', #4539, #100 ) ;
#3200 = EDGE_CURVE ( 'NONE', #4344, #3698, #3939, .T. ) ;
#3201 = ORIENTED_EDGE ( 'NONE', *, *, #4565, .F. ) ;
#3202 = EDGE_CURVE ( 'NONE', #2365, #5351, #995, .T. ) ;
#3203 = AXIS2_PLACEMENT_3D ( 'NONE', #3460, #4863, #519 ) ;
#3204 = EDGE_CURVE ( 'NONE', #5470, #1249, #97, .T. ) ;
#3205 = CARTESIAN_POINT ( 'NONE',  ( -9.499999999999998224, 2.249999999999999556, 1.099999999999996758 ) ) ;
#3206 = PLANE ( 'NONE',  #1403 ) ;
#3207 = ORIENTED_EDGE ( 'NONE', *, *, #4995, .T. ) ;
#3208 = DIRECTION ( 'NONE',  ( -0.000000000000000000, 0.000000000000000000, -1.000000000000000000 ) ) ;
#3209 = CARTESIAN_POINT ( 'NONE',  ( -3.230000000000000426, 0.1249999999999992506, -2.825000000000004619 ) ) ;
#3210 = PLANE ( 'NONE',  #3903 ) ;
#3211 = VECTOR ( 'NONE', #3434, 1000.000000000000000 ) ;
#3212 = EDGE_LOOP ( 'NONE', ( #118, #2742, #3610, #4272 ) ) ;
#3213 = DIRECTION ( 'NONE',  ( 0.000000000000000000, -0.000000000000000000, 1.000000000000000000 ) ) ;
#3214 = ORIENTED_EDGE ( 'NONE', *, *, #786, .T. ) ;
#3215 = DIRECTION ( 'NONE',  ( 0.000000000000000000, 1.247005693593550945E-16, -1.000000000000000000 ) ) ;
#3216 = CARTESIAN_POINT ( 'NONE',  ( 19.86055906122973980, 4.099417034833817475, -2.825000000000004619 ) ) ;
#3217 = VERTEX_POINT ( 'NONE', #4417 ) ;
#3218 = DIRECTION ( 'NONE',  ( 0.000000000000000000, 0.000000000000000000, 1.000000000000000000 ) ) ;
#3219 = CIRCLE ( 'NONE', #60, 3.000000000000000000 ) ;
#3220 = FACE_OUTER_BOUND ( 'NONE', #4889, .T. ) ;
#3221 = CYLINDRICAL_SURFACE ( 'NONE', #3882, 0.6399999999999999023 ) ;
#3222 = ORIENTED_EDGE ( 'NONE', *, *, #2763, .T. ) ;
#3223 = FACE_OUTER_BOUND ( 'NONE', #3688, .T. ) ;
#3224 = CARTESIAN_POINT ( 'NONE',  ( -8.774999999999996803, 2.974999999999999201, 4.999999999999994671 ) ) ;
#3225 = LINE ( 'NONE', #1085, #4714 ) ;
#3226 =( REPRESENTATION_RELATIONSHIP ('NONE','NONE', #5320, #2631 ) REPRESENTATION_RELATIONSHIP_WITH_TRANSFORMATION ( #1936 )SHAPE_REPRESENTATION_RELATIONSHIP( ) );
#3227 = EDGE_CURVE ( 'NONE', #2853, #3419, #1868, .T. ) ;
#3228 = EDGE_CURVE ( 'NONE', #3992, #520, #4127, .T. ) ;
#3229 = CARTESIAN_POINT ( 'NONE',  ( -8.774999999999995026, 0.6749999999999989342, 4.999999999999996447 ) ) ;
#3230 = FACE_OUTER_BOUND ( 'NONE', #2933, .T. ) ;
#3231 = ORIENTED_EDGE ( 'NONE', *, *, #685, .T. ) ;
#3232 = CARTESIAN_POINT ( 'NONE',  ( 5.929999999999997939, 4.119999999999999218, 1.306565322568167042 ) ) ;
#3233 = DIRECTION ( 'NONE',  ( 0.3236155771181821739, -0.3236155771181800644, 0.8891264907159908137 ) ) ;
#3234 = DIRECTION ( 'NONE',  ( 1.000000000000000000, 0.000000000000000000, 0.000000000000000000 ) ) ;
#3235 = AXIS2_PLACEMENT_3D ( 'NONE', #2113, #2498, #4222 ) ;
#3236 = VERTEX_POINT ( 'NONE', #3258 ) ;
#3237 = LINE ( 'NONE', #3721, #1733 ) ;
#3238 = ORIENTED_EDGE ( 'NONE', *, *, #929, .F. ) ;
#3239 = EDGE_CURVE ( 'NONE', #2217, #5368, #290, .T. ) ;
#3240 = LINE ( 'NONE', #4977, #4934 ) ;
#3241 = EDGE_CURVE ( 'NONE', #1347, #5011, #661, .T. ) ;
#3242 = CARTESIAN_POINT ( 'NONE',  ( 2.134999999999976694, 0.4099999999999990319, -0.6900000000000052758 ) ) ;
#3243 = VECTOR ( 'NONE', #5240, 1000.000000000000000 ) ;
#3244 = EDGE_LOOP ( 'NONE', ( #3133, #1973, #307, #2497 ) ) ;
#3245 = EDGE_CURVE ( 'NONE', #1756, #445, #1169, .T. ) ;
#3246 = AXIS2_PLACEMENT_3D ( 'NONE', #5369, #261, #3208 ) ;
#3247 = ORIENTED_EDGE ( 'NONE', *, *, #4946, .F. ) ;
#3248 = CARTESIAN_POINT ( 'NONE',  ( 8.774999999999996803, 4.099417034833817475, -2.825000000000004619 ) ) ;
#3249 = DIRECTION ( 'NONE',  ( 0.000000000000000000, -1.091181084403578030E-16, 1.000000000000000000 ) ) ;
#3250 =( NAMED_UNIT ( * ) SI_UNIT ( $, .STERADIAN. ) SOLID_ANGLE_UNIT ( ) );
#3251 = ORIENTED_EDGE ( 'NONE', *, *, #2450, .F. ) ;
#3252 = AXIS2_PLACEMENT_3D ( 'NONE', #4902, #1887, #2630 ) ;
#3253 = VECTOR ( 'NONE', #4515, 1000.000000000000000 ) ;
#3254 = VECTOR ( 'NONE', #1942, 1000.000000000000000 ) ;
#3255 = EDGE_LOOP ( 'NONE', ( #3734, #499, #3322, #1848 ) ) ;
#3256 = DIRECTION ( 'NONE',  ( 0.000000000000000000, 6.914554671463685469E-17, -1.000000000000000000 ) ) ;
#3257 = LINE ( 'NONE', #2748, #2478 ) ;
#3258 = CARTESIAN_POINT ( 'NONE',  ( -3.430000000000002380, 3.479999999999999982, -0.5000000000000038858 ) ) ;
#3259 = AXIS2_PLACEMENT_3D ( 'NONE', #2472, #5515, #4192 ) ;
#3260 = DIRECTION ( 'NONE',  ( 0.000000000000000000, 0.000000000000000000, 1.000000000000000000 ) ) ;
#3261 = DIRECTION ( 'NONE',  ( 0.000000000000000000, 1.000000000000000000, 1.247005693593550945E-16 ) ) ;
#3262 = ORIENTED_EDGE ( 'NONE', *, *, #3995, .T. ) ;
#3263 = CARTESIAN_POINT ( 'NONE',  ( 19.86055906122973980, 4.099417034833817475, -2.825000000000004619 ) ) ;
#3264 = LINE ( 'NONE', #4488, #2362 ) ;
#3265 = CYLINDRICAL_SURFACE ( 'NONE', #1381, 1.040000000000000036 ) ;
#3266 = ORIENTED_EDGE ( 'NONE', *, *, #199, .F. ) ;
#3267 = EDGE_CURVE ( 'NONE', #1303, #310, #5481, .T. ) ;
#3268 = FACE_OUTER_BOUND ( 'NONE', #5582, .T. ) ;
#3269 = ORIENTED_EDGE ( 'NONE', *, *, #3442, .F. ) ;
#3270 = VECTOR ( 'NONE', #2559, 1000.000000000000227 ) ;
#3271 = CARTESIAN_POINT ( 'NONE',  ( 19.86055906122973980, 4.625000000000000888, -2.000000000000004441 ) ) ;
#3272 = LINE ( 'NONE', #4142, #733 ) ;
#3273 = ORIENTED_EDGE ( 'NONE', *, *, #3899, .T. ) ;
#3274 = AXIS2_PLACEMENT_3D ( 'NONE', #3420, #1688, #2968 ) ;
#3275 = EDGE_CURVE ( 'NONE', #3445, #1854, #3225, .T. ) ;
#3276 = EDGE_CURVE ( 'NONE', #3733, #4321, #1147, .T. ) ;
#3277 = ORIENTED_EDGE ( 'NONE', *, *, #3375, .F. ) ;
#3278 = CARTESIAN_POINT ( 'NONE',  ( 0.9299999999999977174, 3.479999999999999982, -0.5000000000000038858 ) ) ;
#3279 = DIRECTION ( 'NONE',  ( -0.7071067811865436870, 0.000000000000000000, 0.7071067811865513475 ) ) ;
#3280 = ORIENTED_EDGE ( 'NONE', *, *, #4091, .F. ) ;
#3281 = ADVANCED_FACE ( 'NONE', ( #1989 ), #4077, .F. ) ;
#3282 = ORIENTED_EDGE ( 'NONE', *, *, #3661, .F. ) ;
#3283 = VECTOR ( 'NONE', #4846, 1000.000000000000000 ) ;
#3284 = ORIENTED_EDGE ( 'NONE', *, *, #5476, .F. ) ;
#3285 = LINE ( 'NONE', #684, #2704 ) ;
#3286 = CARTESIAN_POINT ( 'NONE',  ( -5.930000000000003268, 0.4099999999999990319, -2.825000000000005063 ) ) ;
#3287 = LINE ( 'NONE', #3737, #3254 ) ;
#3288 = DIRECTION ( 'NONE',  ( -0.000000000000000000, -0.000000000000000000, 1.000000000000000000 ) ) ;
#3289 = DIRECTION ( 'NONE',  ( -0.8660254037844367092, 0.000000000000000000, -0.5000000000000034417 ) ) ;
#3290 = ORIENTED_EDGE ( 'NONE', *, *, #1171, .F. ) ;
#3291 = CARTESIAN_POINT ( 'NONE',  ( -9.049999999999997158, 0.6749999999999989342, 1.099999999999996758 ) ) ;
#3292 = CARTESIAN_POINT ( 'NONE',  ( 6.569999999999997620, 1.165000000000000036, -6.090000000000007851 ) ) ;
#3293 = LINE ( 'NONE', #2869, #922 ) ;
#3294 = VECTOR ( 'NONE', #2950, 1000.000000000000000 ) ;
#3295 = ORIENTED_EDGE ( 'NONE', *, *, #1027, .F. ) ;
#3296 = PLANE ( 'NONE',  #5154 ) ;
#3297 = VECTOR ( 'NONE', #590, 1000.000000000000000 ) ;
#3298 = VERTEX_POINT ( 'NONE', #2807 ) ;
#3299 = CARTESIAN_POINT ( 'NONE',  ( 5.929999999999997939, 3.480000000000000426, -5.690000000000008384 ) ) ;
#3300 = CARTESIAN_POINT ( 'NONE',  ( -3.430000000000002380, 4.624999999999999112, -2.000000000000004441 ) ) ;
#3301 = ORIENTED_EDGE ( 'NONE', *, *, #2354, .T. ) ;
#3302 = EDGE_LOOP ( 'NONE', ( #3159, #346, #2543, #2804 ) ) ;
#3303 = EDGE_CURVE ( 'NONE', #1210, #2365, #1568, .T. ) ;
#3304 = DIRECTION ( 'NONE',  ( 0.000000000000000000, 0.7071067811865436870, -0.7071067811865513475 ) ) ;
#3305 = EDGE_CURVE ( 'NONE', #2062, #3419, #3199, .T. ) ;
#3306 = CARTESIAN_POINT ( 'NONE',  ( -1.570000000000002061, 0.1249999999999992506, -2.000000000000004441 ) ) ;
#3307 = DIRECTION ( 'NONE',  ( -1.000000000000000000, 0.000000000000000000, 0.000000000000000000 ) ) ;
#3308 = APPLICATION_CONTEXT ( 'automotive_design' ) ;
#3309 = ORIENTED_EDGE ( 'NONE', *, *, #3893, .F. ) ;
#3310 = ORIENTED_EDGE ( 'NONE', *, *, #1628, .T. ) ;
#3311 = DIRECTION ( 'NONE',  ( -0.000000000000000000, 1.000000000000000000, -0.000000000000000000 ) ) ;
#3312 = EDGE_CURVE ( 'NONE', #478, #409, #3287, .T. ) ;
#3313 = DIRECTION ( 'NONE',  ( 1.000000000000000000, 0.000000000000000000, 0.000000000000000000 ) ) ;
#3314 = EDGE_CURVE ( 'NONE', #3754, #641, #2412, .T. ) ;
#3315 = CARTESIAN_POINT ( 'NONE',  ( -5.299999999999997158, 6.125000000000000000, 0.3499999999999952593 ) ) ;
#3316 = CARTESIAN_POINT ( 'NONE',  ( 12.08548276366882845, 8.148306096641814378, 3.530482763668757240 ) ) ;
#3317 = ORIENTED_EDGE ( 'NONE', *, *, #5538, .F. ) ;
#3318 = DIRECTION ( 'NONE',  ( 0.000000000000000000, -1.000000000000000000, -0.000000000000000000 ) ) ;
#3319 = LINE ( 'NONE', #4628, #103 ) ;
#3320 = FACE_OUTER_BOUND ( 'NONE', #5063, .T. ) ;
#3321 = DIRECTION ( 'NONE',  ( -0.000000000000000000, -0.000000000000000000, 1.000000000000000000 ) ) ;
#3322 = ORIENTED_EDGE ( 'NONE', *, *, #4027, .F. ) ;
#3323 = CARTESIAN_POINT ( 'NONE',  ( 5.929999999999997939, 4.625000000000000888, -2.000000000000004441 ) ) ;
#3324 = LINE ( 'NONE', #2591, #2533 ) ;
#3325 = VERTEX_POINT ( 'NONE', #687 ) ;
#3326 = ORIENTED_EDGE ( 'NONE', *, *, #4377, .T. ) ;
#3327 = CARTESIAN_POINT ( 'NONE',  ( 14.00249930594108783, 0.4749999999999999778, 1.099999999999996758 ) ) ;
#3328 = ORIENTED_EDGE ( 'NONE', *, *, #745, .F. ) ;
#3329 = CARTESIAN_POINT ( 'NONE',  ( -8.774999999999996803, 5.325000000000000178, 4.999999999999996447 ) ) ;
#3330 = CARTESIAN_POINT ( 'NONE',  ( 2.864999999999966018, 0.4099999999999990319, -5.690000000000002167 ) ) ;
#3331 = ADVANCED_FACE ( 'NONE', ( #3679 ), #4938, .F. ) ;
#3332 = ORIENTED_EDGE ( 'NONE', *, *, #962, .T. ) ;
#3333 = APPLICATION_CONTEXT ( 'automotive_design' ) ;
#3334 = EDGE_LOOP ( 'NONE', ( #4845, #3586, #3495, #1907 ) ) ;
#3335 = CARTESIAN_POINT ( 'NONE',  ( -5.299999999999997158, 6.125000000000000000, 4.999999999999995559 ) ) ;
#3336 = CARTESIAN_POINT ( 'NONE',  ( -0.3649999999999957168, 0.4099999999999990319, -3.190000000000004388 ) ) ;
#3337 = DIRECTION ( 'NONE',  ( -0.7071067811865436870, 0.000000000000000000, 0.7071067811865513475 ) ) ;
#3338 = AXIS2_PLACEMENT_3D ( 'NONE', #2373, #219, #3672 ) ;
#3339 = EDGE_CURVE ( 'NONE', #3847, #3236, #713, .T. ) ;
#3340 = VECTOR ( 'NONE', #1364, 1000.000000000000000 ) ;
#3341 = EDGE_CURVE ( 'NONE', #1731, #4533, #5417, .T. ) ;
#3342 = FACE_OUTER_BOUND ( 'NONE', #924, .T. ) ;
#3343 = CARTESIAN_POINT ( 'NONE',  ( -9.499999999999998224, 0.9249999999999991562, 1.099999999999996758 ) ) ;
#3344 = EDGE_LOOP ( 'NONE', ( #4662, #4517, #1960, #3201 ) ) ;
#3345 = DIRECTION ( 'NONE',  ( 0.9396926207859095381, -9.270474560687262830E-16, -0.3420201433256658263 ) ) ;
#3346 = CARTESIAN_POINT ( 'NONE',  ( -1.770000000000004237, 4.099417034833815698, -2.825000000000004619 ) ) ;
#3347 = VECTOR ( 'NONE', #262, 1000.000000000000000 ) ;
#3348 = CARTESIAN_POINT ( 'NONE',  ( 5.929999999999997939, 4.625000000000000888, -2.000000000000004441 ) ) ;
#3349 = PRODUCT ( 'SxB-XH-SM4-TB_6', 'SxB-XH-SM4-TB_6', '', ( #5411 ) ) ;
#3350 = EDGE_CURVE ( 'NONE', #3472, #1565, #2439, .T. ) ;
#3351 = DIRECTION ( 'NONE',  ( 0.000000000000000000, 0.000000000000000000, 1.000000000000000000 ) ) ;
#3352 = ORIENTED_EDGE ( 'NONE', *, *, #4578, .F. ) ;
#3353 = DIRECTION ( 'NONE',  ( -0.000000000000000000, 1.000000000000000000, -7.493405943744306946E-16 ) ) ;
#3354 = PLANE ( 'NONE',  #4802 ) ;
#3355 = ORIENTED_EDGE ( 'NONE', *, *, #2827, .T. ) ;
#3356 = ORIENTED_EDGE ( 'NONE', *, *, #4420, .F. ) ;
#3357 = LINE ( 'NONE', #4642, #4481 ) ;
#3358 = ORIENTED_EDGE ( 'NONE', *, *, #480, .F. ) ;
#3359 = CARTESIAN_POINT ( 'NONE',  ( 0.9299999999999977174, 0.4099999999999990319, -2.625000000000004441 ) ) ;
#3360 = LINE ( 'NONE', #3498, #2374 ) ;
#3361 = EDGE_LOOP ( 'NONE', ( #162, #4009, #2155, #2539, #5552, #3024, #2010, #4423 ) ) ;
#3362 = VECTOR ( 'NONE', #1094, 1000.000000000000000 ) ;
#3363 = VECTOR ( 'NONE', #1638, 1000.000000000000000 ) ;
#3364 = ORIENTED_EDGE ( 'NONE', *, *, #4496, .F. ) ;
#3365 = ORIENTED_EDGE ( 'NONE', *, *, #5244, .T. ) ;
#3366 = PLANE ( 'NONE',  #1015 ) ;
#3367 = ADVANCED_FACE ( 'NONE', ( #5050 ), #2887, .F. ) ;
#3368 = CARTESIAN_POINT ( 'NONE',  ( 6.569999999999997620, 0.7649999999999994582, -6.090000000000007851 ) ) ;
#3369 = CARTESIAN_POINT ( 'NONE',  ( -3.430000000000002380, 0.4099999999999990319, -2.825000000000005063 ) ) ;
#3370 = PLANE ( 'NONE',  #2259 ) ;
#3371 = DIRECTION ( 'NONE',  ( 0.000000000000000000, 0.000000000000000000, 1.000000000000000000 ) ) ;
#3372 = ORIENTED_EDGE ( 'NONE', *, *, #721, .F. ) ;
#3373 = DIRECTION ( 'NONE',  ( -0.000000000000000000, 1.000000000000000000, -0.000000000000000000 ) ) ;
#3374 = EDGE_CURVE ( 'NONE', #4788, #1521, #2780, .T. ) ;
#3375 = EDGE_CURVE ( 'NONE', #18, #4319, #1656, .T. ) ;
#3376 = CARTESIAN_POINT ( 'NONE',  ( -4.270000000000004903, 4.099417034833815698, -2.825000000000004619 ) ) ;
#3377 = CARTESIAN_POINT ( 'NONE',  ( -9.499999999999998224, 0.4749999999999999778, 1.429999999999996829 ) ) ;
#3378 = ADVANCED_FACE ( 'NONE', ( #3421 ), #2105, .T. ) ;
#3379 = CARTESIAN_POINT ( 'NONE',  ( -8.774999999999996803, 2.974999999999999645, -0.5000000000000035527 ) ) ;
#3380 = VECTOR ( 'NONE', #2606, 1000.000000000000000 ) ;
#3381 = EDGE_LOOP ( 'NONE', ( #2938, #36, #1814, #3589 ) ) ;
#3382 = DIRECTION ( 'NONE',  ( -0.000000000000000000, -0.000000000000000000, 1.000000000000000000 ) ) ;
#3383 = LINE ( 'NONE', #5520, #5068 ) ;
#3384 = AXIS2_PLACEMENT_3D ( 'NONE', #1021, #5066, #4475 ) ;
#3385 = EDGE_CURVE ( 'NONE', #1825, #3748, #403, .T. ) ;
#3386 = ORIENTED_EDGE ( 'NONE', *, *, #2936, .F. ) ;
#3387 = VECTOR ( 'NONE', #1559, 1000.000000000000000 ) ;
#3388 = VERTEX_POINT ( 'NONE', #4682 ) ;
#3389 = CARTESIAN_POINT ( 'NONE',  ( -8.774999999999996803, 4.625000000000000888, 2.699999999999996625 ) ) ;
#3390 = FACE_OUTER_BOUND ( 'NONE', #4785, .T. ) ;
#3391 = VERTEX_POINT ( 'NONE', #5153 ) ;
#3392 = EDGE_LOOP ( 'NONE', ( #2023, #2596, #373, #532 ) ) ;
#3393 = ORIENTED_EDGE ( 'NONE', *, *, #5177, .T. ) ;
#3394 = ADVANCED_FACE ( 'NONE', ( #4710 ), #3820, .T. ) ;
#3395 = CARTESIAN_POINT ( 'NONE',  ( 19.86055906122973980, 6.125000000000000000, -2.000000000000004441 ) ) ;
#3396 = DIRECTION ( 'NONE',  ( 0.000000000000000000, -1.000000000000000000, 0.000000000000000000 ) ) ;
#3397 = DIRECTION ( 'NONE',  ( 0.000000000000000000, -1.000000000000000000, -1.091181084403578030E-16 ) ) ;
#3398 = PLANE ( 'NONE',  #45 ) ;
#3399 = ORIENTED_EDGE ( 'NONE', *, *, #3675, .F. ) ;
#3400 = CARTESIAN_POINT ( 'NONE',  ( 9.499999999999998224, 0.1849999999999999700, 1.429999999999996829 ) ) ;
#3401 = LINE ( 'NONE', #1719, #2001 ) ;
#3402 = FACE_OUTER_BOUND ( 'NONE', #5317, .T. ) ;
#3403 = EDGE_CURVE ( 'NONE', #2547, #2393, #2970, .T. ) ;
#3404 = ADVANCED_FACE ( 'NONE', ( #350 ), #5127, .F. ) ;
#3405 = DIRECTION ( 'NONE',  ( -0.000000000000000000, 0.000000000000000000, 1.000000000000000000 ) ) ;
#3406 = EDGE_LOOP ( 'NONE', ( #3839, #3773, #1246, #83 ) ) ;
#3407 = LINE ( 'NONE', #1261, #5214 ) ;
#3408 = DIRECTION ( 'NONE',  ( 0.000000000000000000, 0.000000000000000000, -1.000000000000000000 ) ) ;
#3409 = ADVANCED_FACE ( 'NONE', ( #1250 ), #1224, .F. ) ;
#3410 = ORIENTED_EDGE ( 'NONE', *, *, #1983, .T. ) ;
#3411 = LINE ( 'NONE', #2148, #4008 ) ;
#3412 = EDGE_CURVE ( 'NONE', #4122, #2069, #4275, .T. ) ;
#3413 = ORIENTED_EDGE ( 'NONE', *, *, #4072, .T. ) ;
#3414 = FACE_OUTER_BOUND ( 'NONE', #5557, .T. ) ;
#3415 = ORIENTED_EDGE ( 'NONE', *, *, #1170, .F. ) ;
#3416 = VECTOR ( 'NONE', #5243, 1000.000000000000000 ) ;
#3417 = ADVANCED_FACE ( 'NONE', ( #3906 ), #4299, .F. ) ;
#3418 = ORIENTED_EDGE ( 'NONE', *, *, #4794, .F. ) ;
#3419 = VERTEX_POINT ( 'NONE', #4217 ) ;
#3420 = CARTESIAN_POINT ( 'NONE',  ( -9.049999999999997158, 0.000000000000000000, 0.000000000000000000 ) ) ;
#3421 = FACE_OUTER_BOUND ( 'NONE', #844, .T. ) ;
#3422 = VECTOR ( 'NONE', #2390, 1000.000000000000000 ) ;
#3423 = VECTOR ( 'NONE', #4157, 1000.000000000000000 ) ;
#3424 = FACE_OUTER_BOUND ( 'NONE', #1344, .T. ) ;
#3425 = DIRECTION ( 'NONE',  ( -4.336808689942025625E-15, -3.771137991253929066E-16, 1.000000000000000000 ) ) ;
#3426 = ORIENTED_EDGE ( 'NONE', *, *, #1764, .F. ) ;
#3427 = LINE ( 'NONE', #4746, #4693 ) ;
#3428 = DIRECTION ( 'NONE',  ( 0.000000000000000000, 0.000000000000000000, -1.000000000000000000 ) ) ;
#3429 = CARTESIAN_POINT ( 'NONE',  ( 9.499999999999998224, 0.1849999999999999978, 4.999999999999996447 ) ) ;
#3430 = AXIS2_PLACEMENT_3D ( 'NONE', #458, #3396, #4738 ) ;
#3431 = EDGE_CURVE ( 'NONE', #4094, #317, #3524, .T. ) ;
#3432 = DIRECTION ( 'NONE',  ( 0.000000000000000000, -1.000000000000000000, 0.000000000000000000 ) ) ;
#3433 = EDGE_LOOP ( 'NONE', ( #1548, #3169, #3826, #5405 ) ) ;
#3434 = DIRECTION ( 'NONE',  ( 0.000000000000000000, 1.000000000000000000, 0.000000000000000000 ) ) ;
#3435 = VECTOR ( 'NONE', #3577, 1000.000000000000000 ) ;
#3436 = DIRECTION ( 'NONE',  ( -0.000000000000000000, -0.000000000000000000, 1.000000000000000000 ) ) ;
#3437 = EDGE_CURVE ( 'NONE', #284, #3847, #5587, .T. ) ;
#3438 = ORIENTED_EDGE ( 'NONE', *, *, #3547, .T. ) ;
#3439 = CARTESIAN_POINT ( 'NONE',  ( -9.999999999999996447, 1.174999999999999156, 4.099999999999996092 ) ) ;
#3440 = ORIENTED_EDGE ( 'NONE', *, *, #234, .F. ) ;
#3441 = DIRECTION ( 'NONE',  ( 1.000000000000000000, 0.000000000000000000, 0.000000000000000000 ) ) ;
#3442 = EDGE_CURVE ( 'NONE', #5209, #3511, #833, .T. ) ;
#3443 = EDGE_CURVE ( 'NONE', #2381, #3776, #1627, .T. ) ;
#3444 = AXIS2_PLACEMENT_3D ( 'NONE', #2694, #40, #2724 ) ;
#3445 = VERTEX_POINT ( 'NONE', #1304 ) ;
#3446 = AXIS2_PLACEMENT_3D ( 'NONE', #161, #137, #523 ) ;
#3447 = FACE_OUTER_BOUND ( 'NONE', #4985, .T. ) ;
#3448 = PRESENTATION_STYLE_ASSIGNMENT (( #4408 ) ) ;
#3449 = PRODUCT_DEFINITION_CONTEXT ( 'detailed design', #2727, 'design' ) ;
#3450 = DIRECTION ( 'NONE',  ( 0.000000000000000000, -1.000000000000000000, 0.000000000000000000 ) ) ;
#3451 = EDGE_CURVE ( 'NONE', #5169, #739, #2600, .T. ) ;
#3452 = VECTOR ( 'NONE', #3763, 1000.000000000000000 ) ;
#3453 = FACE_OUTER_BOUND ( 'NONE', #620, .T. ) ;
#3454 = CARTESIAN_POINT ( 'NONE',  ( -9.749999999999998224, 1.174999999999999156, 4.099999999999996092 ) ) ;
#3455 = ORIENTED_EDGE ( 'NONE', *, *, #3030, .T. ) ;
#3456 = PLANE ( 'NONE',  #1533 ) ;
#3457 = LINE ( 'NONE', #5188, #1300 ) ;
#3458 = DIRECTION ( 'NONE',  ( -0.000000000000000000, -1.000000000000000000, -0.000000000000000000 ) ) ;
#3459 = FACE_OUTER_BOUND ( 'NONE', #4432, .T. ) ;
#3460 = CARTESIAN_POINT ( 'NONE',  ( 19.86055906122973980, 4.099417034833817475, -2.825000000000004619 ) ) ;
#3461 = ORIENTED_EDGE ( 'NONE', *, *, #4005, .T. ) ;
#3462 = DIRECTION ( 'NONE',  ( 0.3236155771181854490, -0.3236155771181838392, -0.8891264907159883712 ) ) ;
#3463 = FACE_OUTER_BOUND ( 'NONE', #2090, .T. ) ;
#3464 = LINE ( 'NONE', #4783, #3539 ) ;
#3465 = ORIENTED_EDGE ( 'NONE', *, *, #4995, .F. ) ;
#3466 = AXIS2_PLACEMENT_3D ( 'NONE', #5128, #5539, #3766 ) ;
#3467 = VECTOR ( 'NONE', #1536, 1000.000000000000000 ) ;
#3468 = EDGE_LOOP ( 'NONE', ( #242, #3554, #3477, #5270, #1463 ) ) ;
#3469 = CARTESIAN_POINT ( 'NONE',  ( 6.749999999999996447, 5.325000000000000178, 4.108963702891829328 ) ) ;
#3470 = ORIENTED_EDGE ( 'NONE', *, *, #1443, .F. ) ;
#3471 = LINE ( 'NONE', #1327, #2129 ) ;
#3472 = VERTEX_POINT ( 'NONE', #2919 ) ;
#3473 = VECTOR ( 'NONE', #3756, 1000.000000000000000 ) ;
#3474 = EDGE_CURVE ( 'NONE', #398, #1573, #4651, .T. ) ;
#3475 = EDGE_CURVE ( 'NONE', #2791, #600, #2075, .T. ) ;
#3476 = EDGE_CURVE ( 'NONE', #1038, #1355, #4878, .T. ) ;
#3477 = ORIENTED_EDGE ( 'NONE', *, *, #1143, .F. ) ;
#3478 = DIRECTION ( 'NONE',  ( 0.000000000000000000, 1.000000000000000000, 0.000000000000000000 ) ) ;
#3479 = DIRECTION ( 'NONE',  ( 1.000000000000000000, 0.000000000000000000, 0.000000000000000000 ) ) ;
#3480 = DIRECTION ( 'NONE',  ( -0.000000000000000000, 1.000000000000000000, 0.000000000000000000 ) ) ;
#3481 = VECTOR ( 'NONE', #5006, 999.9999999999998863 ) ;
#3482 = AXIS2_PLACEMENT_3D ( 'NONE', #3389, #3895, #899 ) ;
#3483 = EDGE_CURVE ( 'NONE', #409, #494, #2083, .T. ) ;
#3484 = EDGE_CURVE ( 'NONE', #2634, #4608, #2685, .T. ) ;
#3485 = DIRECTION ( 'NONE',  ( 0.000000000000000000, 1.000000000000000000, 0.000000000000000000 ) ) ;
#3486 = DIRECTION ( 'NONE',  ( 0.000000000000000000, -0.5372996083468247752, -0.8433914458128850544 ) ) ;
#3487 = ORIENTED_EDGE ( 'NONE', *, *, #4627, .F. ) ;
#3488 = CARTESIAN_POINT ( 'NONE',  ( -5.930000000000003268, 0.1249999999999992506, -2.000000000000004441 ) ) ;
#3489 = EDGE_CURVE ( 'NONE', #222, #3325, #961, .T. ) ;
#3490 = CARTESIAN_POINT ( 'NONE',  ( -19.86055906122973980, 5.325000000000000178, 4.999999999999996447 ) ) ;
#3491 = DIRECTION ( 'NONE',  ( 0.000000000000000000, 0.000000000000000000, 1.000000000000000000 ) ) ;
#3492 = DIRECTION ( 'NONE',  ( 0.000000000000000000, 0.000000000000000000, 1.000000000000000000 ) ) ;
#3493 = VECTOR ( 'NONE', #609, 1000.000000000000000 ) ;
#3494 = FACE_OUTER_BOUND ( 'NONE', #81, .T. ) ;
#3495 = ORIENTED_EDGE ( 'NONE', *, *, #2032, .T. ) ;
#3496 = DIRECTION ( 'NONE',  ( 0.000000000000000000, 0.000000000000000000, -1.000000000000000000 ) ) ;
#3497 = CARTESIAN_POINT ( 'NONE',  ( -6.574999999999996625, 5.325000000000000178, 4.210000000000014175 ) ) ;
#3498 = CARTESIAN_POINT ( 'NONE',  ( 8.774999999999996803, 2.974999999999999645, -0.5000000000000035527 ) ) ;
#3499 = ORIENTED_EDGE ( 'NONE', *, *, #831, .T. ) ;
#3500 = ORIENTED_EDGE ( 'NONE', *, *, #1029, .T. ) ;
#3501 = ORIENTED_EDGE ( 'NONE', *, *, #1232, .F. ) ;
#3502 = DIRECTION ( 'NONE',  ( -0.8660254037844367092, -1.885568995626977352E-16, 0.5000000000000034417 ) ) ;
#3503 = ORIENTED_EDGE ( 'NONE', *, *, #1232, .T. ) ;
#3504 = ORIENTED_EDGE ( 'NONE', *, *, #1983, .F. ) ;
#3505 = DIRECTION ( 'NONE',  ( 1.000000000000000000, 0.000000000000000000, 0.000000000000000000 ) ) ;
#3506 = DIRECTION ( 'NONE',  ( 1.000000000000000000, 0.000000000000000000, 0.000000000000000000 ) ) ;
#3507 = LINE ( 'NONE', #4855, #364 ) ;
#3508 = LINE ( 'NONE', #934, #3243 ) ;
#3509 = VECTOR ( 'NONE', #4353, 1000.000000000000000 ) ;
#3510 = DIRECTION ( 'NONE',  ( -0.000000000000000000, 0.000000000000000000, 1.000000000000000000 ) ) ;
#3511 = VERTEX_POINT ( 'NONE', #59 ) ;
#3512 = DIRECTION ( 'NONE',  ( -0.000000000000000000, 0.000000000000000000, 1.000000000000000000 ) ) ;
#3513 = DIRECTION ( 'NONE',  ( 0.7071067811865513475, 0.000000000000000000, 0.7071067811865436870 ) ) ;
#3514 = DIRECTION ( 'NONE',  ( 0.000000000000000000, 0.000000000000000000, -1.000000000000000000 ) ) ;
#3515 = EDGE_CURVE ( 'NONE', #1677, #2008, #4472, .T. ) ;
#3516 = VECTOR ( 'NONE', #1517, 1000.000000000000000 ) ;
#3517 = EDGE_CURVE ( 'NONE', #5535, #558, #907, .T. ) ;
#3518 = CARTESIAN_POINT ( 'NONE',  ( 7.624999999999996447, 0.000000000000000000, -2.825000000000005063 ) ) ;
#3519 = DIRECTION ( 'NONE',  ( 1.000000000000000000, 0.000000000000000000, 0.000000000000000000 ) ) ;
#3520 = VERTEX_POINT ( 'NONE', #1426 ) ;
#3521 = FACE_OUTER_BOUND ( 'NONE', #4239, .T. ) ;
#3522 = DIRECTION ( 'NONE',  ( 0.000000000000000000, -1.091181084403578030E-16, 1.000000000000000000 ) ) ;
#3523 = DIRECTION ( 'NONE',  ( -1.000000000000000000, 0.000000000000000000, 0.000000000000000000 ) ) ;
#3524 = CIRCLE ( 'NONE', #2530, 0.7000000000000000666 ) ;
#3525 = EDGE_CURVE ( 'NONE', #554, #3073, #3054, .T. ) ;
#3526 = ORIENTED_EDGE ( 'NONE', *, *, #5259, .F. ) ;
#3527 = AXIS2_PLACEMENT_3D ( 'NONE', #5228, #2198, #972 ) ;
#3528 = VECTOR ( 'NONE', #2048, 1000.000000000000000 ) ;
#3529 = VERTEX_POINT ( 'NONE', #5303 ) ;
#3530 = ORIENTED_EDGE ( 'NONE', *, *, #897, .T. ) ;
#3531 = DIRECTION ( 'NONE',  ( -1.000000000000000000, -2.351315273210297824E-32, -2.932103533126717211E-48 ) ) ;
#3532 = EDGE_LOOP ( 'NONE', ( #5447, #3262, #5326, #1199 ) ) ;
#3533 = ORIENTED_EDGE ( 'NONE', *, *, #2514, .T. ) ;
#3534 = ADVANCED_FACE ( 'NONE', ( #4020 ), #4382, .F. ) ;
#3535 = VECTOR ( 'NONE', #913, 1000.000000000000000 ) ;
#3536 = ORIENTED_EDGE ( 'NONE', *, *, #5245, .F. ) ;
#3537 = PLANE ( 'NONE',  #1752 ) ;
#3538 = PLANE ( 'NONE',  #1183 ) ;
#3539 = VECTOR ( 'NONE', #1755, 1000.000000000000000 ) ;
#3540 = DIRECTION ( 'NONE',  ( -0.000000000000000000, -0.000000000000000000, 1.000000000000000000 ) ) ;
#3541 = PLANE ( 'NONE',  #3925 ) ;
#3542 = ORIENTED_EDGE ( 'NONE', *, *, #3110, .T. ) ;
#3543 = LINE ( 'NONE', #2690, #4419 ) ;
#3544 = LINE ( 'NONE', #888, #2538 ) ;
#3545 = CARTESIAN_POINT ( 'NONE',  ( -6.570000000000004725, 4.624999999999999112, -2.000000000000005329 ) ) ;
#3546 = VECTOR ( 'NONE', #3478, 1000.000000000000000 ) ;
#3547 = EDGE_CURVE ( 'NONE', #4267, #5090, #2714, .T. ) ;
#3548 = DIRECTION ( 'NONE',  ( -1.000000000000000000, 0.000000000000000000, -0.000000000000000000 ) ) ;
#3549 = DIRECTION ( 'NONE',  ( -0.000000000000000000, 1.000000000000000000, -0.000000000000000000 ) ) ;
#3550 = ORIENTED_EDGE ( 'NONE', *, *, #2883, .F. ) ;
#3551 = DIRECTION ( 'NONE',  ( 0.000000000000000000, 1.232047923278982692E-16, -1.000000000000000000 ) ) ;
#3552 = LINE ( 'NONE', #919, #1639 ) ;
#3553 = LINE ( 'NONE', #1492, #2638 ) ;
#3554 = ORIENTED_EDGE ( 'NONE', *, *, #2989, .T. ) ;
#3555 = VECTOR ( 'NONE', #2233, 1000.000000000000000 ) ;
#3556 = ORIENTED_EDGE ( 'NONE', *, *, #4660, .F. ) ;
#3557 = VERTEX_POINT ( 'NONE', #1450 ) ;
#3558 = ADVANCED_FACE ( 'NONE', ( #568 ), #3116, .F. ) ;
#3559 = CARTESIAN_POINT ( 'NONE',  ( 1.569999999999997620, 3.479999999999999982, -4.400000000000003908 ) ) ;
#3560 = EDGE_CURVE ( 'NONE', #930, #3694, #484, .T. ) ;
#3561 = SURFACE_SIDE_STYLE ('',( #5564 ) ) ;
#3562 = ORIENTED_EDGE ( 'NONE', *, *, #3061, .T. ) ;
#3563 = ORIENTED_EDGE ( 'NONE', *, *, #3592, .T. ) ;
#3564 = VECTOR ( 'NONE', #3678, 1000.000000000000000 ) ;
#3565 = ORIENTED_EDGE ( 'NONE', *, *, #1145, .F. ) ;
#3566 = EDGE_CURVE ( 'NONE', #192, #4754, #2550, .T. ) ;
#3567 = LINE ( 'NONE', #483, #1563 ) ;
#3568 = ITEM_DEFINED_TRANSFORMATION ( 'NONE', 'NONE', #4752,  #671 ) ;
#3569 = VECTOR ( 'NONE', #1343, 1000.000000000000000 ) ;
#3570 = CARTESIAN_POINT ( 'NONE',  ( -1.570000000000002061, 4.625000000000000888, -2.000000000000004441 ) ) ;
#3571 = MECHANICAL_DESIGN_GEOMETRIC_PRESENTATION_REPRESENTATION (  '', ( #1314 ), #948 ) ;
#3572 = EDGE_CURVE ( 'NONE', #3138, #2648, #2743, .T. ) ;
#3573 = DIRECTION ( 'NONE',  ( 0.7071067811865513475, 0.000000000000000000, -0.7071067811865436870 ) ) ;
#3574 = ORIENTED_EDGE ( 'NONE', *, *, #4014, .F. ) ;
#3575 = CARTESIAN_POINT ( 'NONE',  ( 9.049999999999997158, 2.974999999999999201, 4.769247601426241268 ) ) ;
#3576 = DIRECTION ( 'NONE',  ( 0.000000000000000000, 0.000000000000000000, 1.000000000000000000 ) ) ;
#3577 = DIRECTION ( 'NONE',  ( 0.000000000000000000, -0.000000000000000000, -1.000000000000000000 ) ) ;
#3578 = CARTESIAN_POINT ( 'NONE',  ( 8.774999999999996803, 2.974999999999999645, -0.5000000000000035527 ) ) ;
#3579 = DIRECTION ( 'NONE',  ( 0.7071067811865513475, 0.000000000000000000, 0.7071067811865436870 ) ) ;
#3580 = ORIENTED_EDGE ( 'NONE', *, *, #2608, .F. ) ;
#3581 = CARTESIAN_POINT ( 'NONE',  ( -19.86055906122973980, 0.1250000000000000278, -2.825000000000005063 ) ) ;
#3582 = CARTESIAN_POINT ( 'NONE',  ( 9.163742962364182176, 9.472303863450486361, 5.608742962364092755 ) ) ;
#3583 = CARTESIAN_POINT ( 'NONE',  ( -19.86055906122973980, 4.625000000000000888, 1.999999999999996669 ) ) ;
#3584 = ORIENTED_EDGE ( 'NONE', *, *, #1133, .T. ) ;
#3585 = EDGE_CURVE ( 'NONE', #641, #1275, #1794, .T. ) ;
#3586 = ORIENTED_EDGE ( 'NONE', *, *, #1849, .T. ) ;
#3587 = ORIENTED_EDGE ( 'NONE', *, *, #3517, .T. ) ;
#3588 = CARTESIAN_POINT ( 'NONE',  ( 5.885550905300365621, -1.707829357809817594, -11.94055090530027030 ) ) ;
#3589 = ORIENTED_EDGE ( 'NONE', *, *, #2653, .F. ) ;
#3590 = ADVANCED_FACE ( 'NONE', ( #122 ), #1767, .F. ) ;
#3591 = EDGE_CURVE ( 'NONE', #2381, #4706, #3507, .T. ) ;
#3592 = EDGE_CURVE ( 'NONE', #2882, #1675, #89, .T. ) ;
#3593 = EDGE_LOOP ( 'NONE', ( #2700, #4183, #1885, #4241 ) ) ;
#3594 = DIRECTION ( 'NONE',  ( 0.000000000000000000, -0.000000000000000000, -1.000000000000000000 ) ) ;
#3595 = APPLICATION_PROTOCOL_DEFINITION ( 'draft international standard', 'automotive_design', 1998, #5268 ) ;
#3596 = DIRECTION ( 'NONE',  ( 1.000000000000000000, 0.000000000000000000, 0.000000000000000000 ) ) ;
#3597 = EDGE_CURVE ( 'NONE', #4435, #2217, #933, .T. ) ;
#3598 = DIRECTION ( 'NONE',  ( 0.000000000000000000, -1.084202172485504040E-15, -1.000000000000000000 ) ) ;
#3599 = ORIENTED_EDGE ( 'NONE', *, *, #1773, .T. ) ;
#3600 = DIRECTION ( 'NONE',  ( 1.000000000000000000, 0.000000000000000000, 0.000000000000000000 ) ) ;
#3601 = LINE ( 'NONE', #2411, #2386 ) ;
#3602 = CARTESIAN_POINT ( 'NONE',  ( -7.624999999999996447, 0.4099999999999990319, -2.825000000000005063 ) ) ;
#3603 = DIRECTION ( 'NONE',  ( 1.000000000000000000, -0.000000000000000000, 0.000000000000000000 ) ) ;
#3604 = CARTESIAN_POINT ( 'NONE',  ( 7.624999999999996447, 0.1249999999999990563, 4.999999999999997335 ) ) ;
#3605 = ORIENTED_EDGE ( 'NONE', *, *, #788, .F. ) ;
#3606 = DIRECTION ( 'NONE',  ( 0.000000000000000000, -0.5372996083468247752, -0.8433914458128850544 ) ) ;
#3607 = DIRECTION ( 'NONE',  ( -0.000000000000000000, 1.000000000000000000, -0.000000000000000000 ) ) ;
#3608 = CARTESIAN_POINT ( 'NONE',  ( 9.999999999999996447, 0.1249999999999997363, -0.5000000000000038858 ) ) ;
#3609 = ORIENTED_EDGE ( 'NONE', *, *, #312, .F. ) ;
#3610 = ORIENTED_EDGE ( 'NONE', *, *, #2601, .F. ) ;
#3611 = ORIENTED_EDGE ( 'NONE', *, *, #4630, .T. ) ;
#3612 = VECTOR ( 'NONE', #255, 1000.000000000000000 ) ;
#3613 = ADVANCED_FACE ( 'NONE', ( #1829 ), #3538, .F. ) ;
#3614 = CARTESIAN_POINT ( 'NONE',  ( 11.72903050790965374, 0.9401661758075274822, -7.784030507909601937 ) ) ;
#3615 = DIRECTION ( 'NONE',  ( 0.9396926207859082059, 0.000000000000000000, 0.3420201433256694346 ) ) ;
#3616 = ORIENTED_EDGE ( 'NONE', *, *, #540, .T. ) ;
#3617 = VECTOR ( 'NONE', #2223, 1000.000000000000000 ) ;
#3618 = AXIS2_PLACEMENT_3D ( 'NONE', #1671, #3040, #10 ) ;
#3619 = ORIENTED_EDGE ( 'NONE', *, *, #3821, .F. ) ;
#3620 = EDGE_CURVE ( 'NONE', #294, #3520, #4070, .T. ) ;
#3621 = AXIS2_PLACEMENT_3D ( 'NONE', #1262, #2905, #3806 ) ;
#3622 = EDGE_CURVE ( 'NONE', #3520, #222, #2352, .T. ) ;
#3623 = DIRECTION ( 'NONE',  ( -1.000000000000000000, 0.000000000000000000, -0.000000000000000000 ) ) ;
#3624 = DIRECTION ( 'NONE',  ( -0.7071067811865462405, 0.000000000000000000, -0.7071067811865489050 ) ) ;
#3625 = EDGE_CURVE ( 'NONE', #2459, #828, #4931, .T. ) ;
#3626 = LINE ( 'NONE', #3278, #3747 ) ;
#3627 = ORIENTED_EDGE ( 'NONE', *, *, #4071, .F. ) ;
#3628 = EDGE_CURVE ( 'NONE', #2853, #3926, #653, .T. ) ;
#3629 = CARTESIAN_POINT ( 'NONE',  ( 5.929999999999997939, 4.120000000000000107, -2.000000000000004441 ) ) ;
#3630 = LINE ( 'NONE', #3709, #3467 ) ;
#3631 = CARTESIAN_POINT ( 'NONE',  ( 4.269999999999999574, 0.4099999999999989209, -2.825000000000004619 ) ) ;
#3632 =( REPRESENTATION_RELATIONSHIP ('NONE','NONE', #5320, #4744 ) REPRESENTATION_RELATIONSHIP_WITH_TRANSFORMATION ( #4069 )SHAPE_REPRESENTATION_RELATIONSHIP( ) );
#3633 = AXIS2_PLACEMENT_3D ( 'NONE', #1778, #1404, #968 ) ;
#3634 = LINE ( 'NONE', #715, #4270 ) ;
#3635 = DIRECTION ( 'NONE',  ( 0.000000000000000000, -1.000000000000000000, -1.091181084403578030E-16 ) ) ;
#3636 = VERTEX_POINT ( 'NONE', #1051 ) ;
#3637 = DIRECTION ( 'NONE',  ( -0.000000000000000000, -0.000000000000000000, 1.000000000000000000 ) ) ;
#3638 = DIRECTION ( 'NONE',  ( 0.000000000000000000, -1.000000000000000000, 0.000000000000000000 ) ) ;
#3639 = DIRECTION ( 'NONE',  ( 1.000000000000000000, 6.920439398843651749E-17, -0.000000000000000000 ) ) ;
#3640 = VECTOR ( 'NONE', #472, 1000.000000000000000 ) ;
#3641 = ORIENTED_EDGE ( 'NONE', *, *, #2654, .F. ) ;
#3642 = LINE ( 'NONE', #4576, #5247 ) ;
#3643 = EDGE_LOOP ( 'NONE', ( #1244, #2541, #1529, #1994, #5089, #3080, #5347 ) ) ;
#3644 = DIRECTION ( 'NONE',  ( -1.000000000000000000, 0.000000000000000000, -0.000000000000000000 ) ) ;
#3645 = ORIENTED_EDGE ( 'NONE', *, *, #3994, .F. ) ;
#3646 = ORIENTED_EDGE ( 'NONE', *, *, #3591, .F. ) ;
#3647 = DIRECTION ( 'NONE',  ( 1.000000000000000000, 0.000000000000000000, -0.000000000000000000 ) ) ;
#3648 = DIRECTION ( 'NONE',  ( 1.495451272393802994E-16, 1.000000000000000000, 0.000000000000000000 ) ) ;
#3649 = ITEM_DEFINED_TRANSFORMATION ( 'NONE', 'NONE', #3658,  #671 ) ;
#3650 = DIRECTION ( 'NONE',  ( 1.000000000000000000, 0.000000000000000000, 0.000000000000000000 ) ) ;
#3651 = EDGE_CURVE ( 'NONE', #900, #425, #1937, .T. ) ;
#3652 = VECTOR ( 'NONE', #4076, 1000.000000000000000 ) ;
#3653 = ADVANCED_FACE ( 'NONE', ( #1508 ), #3221, .T. ) ;
#3654 = VERTEX_POINT ( 'NONE', #3193 ) ;
#3655 = CARTESIAN_POINT ( 'NONE',  ( 9.049999999999997158, 2.249999999999999556, 3.849999999999995648 ) ) ;
#3656 = DIRECTION ( 'NONE',  ( 0.000000000000000000, -1.000000000000000000, -1.247005693593550945E-16 ) ) ;
#3657 = DIRECTION ( 'NONE',  ( 0.9396926207859082059, 0.000000000000000000, -0.3420201433256694346 ) ) ;
#3658 = AXIS2_PLACEMENT_3D ( 'NONE', #906, #5211, #1331 ) ;
#3659 = VECTOR ( 'NONE', #3261, 1000.000000000000000 ) ;
#3660 = EDGE_CURVE ( 'NONE', #974, #417, #2799, .T. ) ;
#3661 = EDGE_CURVE ( 'NONE', #4371, #2428, #175, .T. ) ;
#3662 = CARTESIAN_POINT ( 'NONE',  ( 5.929999999999997939, 3.480000000000000426, -5.050000000000007816 ) ) ;
#3663 = CARTESIAN_POINT ( 'NONE',  ( 9.499999999999998224, 2.249999999999999556, 1.099999999999996758 ) ) ;
#3664 = ORIENTED_EDGE ( 'NONE', *, *, #2652, .T. ) ;
#3665 = LINE ( 'NONE', #3263, #1816 ) ;
#3666 = LINE ( 'NONE', #2785, #2092 ) ;
#3667 = CARTESIAN_POINT ( 'NONE',  ( 6.574999999999997513, 6.125000000000000000, 4.410000000000013465 ) ) ;
#3668 = ORIENTED_EDGE ( 'NONE', *, *, #1912, .T. ) ;
#3669 = PLANE ( 'NONE',  #1088 ) ;
#3670 = VERTEX_POINT ( 'NONE', #891 ) ;
#3671 = DIRECTION ( 'NONE',  ( 0.000000000000000000, 0.000000000000000000, -1.000000000000000000 ) ) ;
#3672 = DIRECTION ( 'NONE',  ( -1.000000000000000000, 0.000000000000000000, 0.000000000000000000 ) ) ;
#3673 = EDGE_LOOP ( 'NONE', ( #3426, #4869, #4342, #5122 ) ) ;
#3674 = LINE ( 'NONE', #5353, #298 ) ;
#3675 = EDGE_CURVE ( 'NONE', #487, #1359, #1317, .T. ) ;
#3676 = ORIENTED_EDGE ( 'NONE', *, *, #1479, .F. ) ;
#3677 = DIRECTION ( 'NONE',  ( 0.000000000000000000, -1.000000000000000000, 0.000000000000000000 ) ) ;
#3678 = DIRECTION ( 'NONE',  ( -1.000000000000000000, -0.000000000000000000, -0.000000000000000000 ) ) ;
#3679 = FACE_OUTER_BOUND ( 'NONE', #2375, .T. ) ;
#3680 = FACE_OUTER_BOUND ( 'NONE', #2342, .T. ) ;
#3681 = LINE ( 'NONE', #4485, #406 ) ;
#3682 = EDGE_LOOP ( 'NONE', ( #2060, #2095, #708, #145 ) ) ;
#3683 = CARTESIAN_POINT ( 'NONE',  ( 9.499999999999998224, 2.249999999999999556, 3.849999999999995648 ) ) ;
#3684 = DIRECTION ( 'NONE',  ( 1.000000000000000000, 0.000000000000000000, 0.000000000000000000 ) ) ;
#3685 = CARTESIAN_POINT ( 'NONE',  ( 5.929999999999997939, 4.120000000000000107, -0.5000000000000038858 ) ) ;
#3686 = EDGE_CURVE ( 'NONE', #1708, #3748, #438, .T. ) ;
#3687 = VECTOR ( 'NONE', #2248, 1000.000000000000114 ) ;
#3688 = EDGE_LOOP ( 'NONE', ( #3788, #4428, #2796, #5423 ) ) ;
#3689 = EDGE_CURVE ( 'NONE', #4463, #4679, #4807, .T. ) ;
#3690 = DIRECTION ( 'NONE',  ( -0.5773502691896260641, 0.5773502691896251759, 0.5773502691896260641 ) ) ;
#3691 = ORIENTED_EDGE ( 'NONE', *, *, #1194, .T. ) ;
#3692 = LINE ( 'NONE', #3323, #1315 ) ;
#3693 = DIRECTION ( 'NONE',  ( -0.7660444431189767922, 0.000000000000000000, -0.6427876096865408062 ) ) ;
#3694 = VERTEX_POINT ( 'NONE', #2254 ) ;
#3695 = ADVANCED_FACE ( 'NONE', ( #916 ), #2164, .T. ) ;
#3696 = ORIENTED_EDGE ( 'NONE', *, *, #724, .T. ) ;
#3697 = AXIS2_PLACEMENT_3D ( 'NONE', #5487, #4514, #5457 ) ;
#3698 = VERTEX_POINT ( 'NONE', #493 ) ;
#3699 = DIRECTION ( 'NONE',  ( 0.7071067811865436870, 0.000000000000000000, 0.7071067811865513475 ) ) ;
#3700 = ORIENTED_EDGE ( 'NONE', *, *, #3437, .F. ) ;
#3701 = CARTESIAN_POINT ( 'NONE',  ( -4.070000000000002061, 4.120000000000000107, -4.400000000000003908 ) ) ;
#3702 = AXIS2_PLACEMENT_3D ( 'NONE', #4792, #3480, #538 ) ;
#3703 = AXIS2_PLACEMENT_3D ( 'NONE', #3772, #5134, #5517 ) ;
#3704 = VECTOR ( 'NONE', #3981, 1000.000000000000000 ) ;
#3705 = ORIENTED_EDGE ( 'NONE', *, *, #4983, .T. ) ;
#3706 = AXIS2_PLACEMENT_3D ( 'NONE', #547, #181, #2251 ) ;
#3707 = EDGE_LOOP ( 'NONE', ( #4990, #5499, #3372, #767 ) ) ;
#3708 = CARTESIAN_POINT ( 'NONE',  ( 8.024999999999993250, 5.325000000000000178, 2.699999999999993960 ) ) ;
#3709 = CARTESIAN_POINT ( 'NONE',  ( 4.069999999999997620, 0.1249999999999992506, -2.625000000000004441 ) ) ;
#3710 = DIRECTION ( 'NONE',  ( 0.000000000000000000, -1.000000000000000000, 0.000000000000000000 ) ) ;
#3711 = VECTOR ( 'NONE', #5370, 1000.000000000000000 ) ;
#3712 = CARTESIAN_POINT ( 'NONE',  ( 6.569999999999997620, 0.1250000000000000000, -7.706565322568174281 ) ) ;
#3713 = DIRECTION ( 'NONE',  ( -1.000000000000000000, -0.000000000000000000, -0.000000000000000000 ) ) ;
#3714 = ORIENTED_EDGE ( 'NONE', *, *, #808, .T. ) ;
#3715 = FACE_OUTER_BOUND ( 'NONE', #4529, .T. ) ;
#3716 = LINE ( 'NONE', #3209, #1274 ) ;
#3717 = LINE ( 'NONE', #3685, #2819 ) ;
#3718 = ORIENTED_EDGE ( 'NONE', *, *, #3093, .F. ) ;
#3719 = EDGE_CURVE ( 'NONE', #1677, #4080, #1434, .T. ) ;
#3720 = EDGE_CURVE ( 'NONE', #2051, #5140, #2282, .T. ) ;
#3721 = CARTESIAN_POINT ( 'NONE',  ( 4.069999999999997620, 4.120000000000000107, -4.400000000000003908 ) ) ;
#3722 = ORIENTED_EDGE ( 'NONE', *, *, #3339, .T. ) ;
#3723 = CIRCLE ( 'NONE', #1286, 3.000000000000000000 ) ;
#3724 = FACE_OUTER_BOUND ( 'NONE', #4782, .T. ) ;
#3725 = CARTESIAN_POINT ( 'NONE',  ( 3.429999999999997939, 0.4099999999999989209, -2.000000000000004441 ) ) ;
#3726 = AXIS2_PLACEMENT_3D ( 'NONE', #4095, #1959, #173 ) ;
#3727 = EDGE_CURVE ( 'NONE', #917, #558, #2695, .T. ) ;
#3728 = ORIENTED_EDGE ( 'NONE', *, *, #414, .F. ) ;
#3729 = DIRECTION ( 'NONE',  ( 0.000000000000000000, 0.000000000000000000, 1.000000000000000000 ) ) ;
#3730 = VERTEX_POINT ( 'NONE', #1871 ) ;
#3731 = CARTESIAN_POINT ( 'NONE',  ( 3.429999999999997939, 3.479999999999999982, -4.400000000000003908 ) ) ;
#3732 = DIRECTION ( 'NONE',  ( -0.000000000000000000, -1.000000000000000000, -1.247005693593550945E-16 ) ) ;
#3733 = VERTEX_POINT ( 'NONE', #969 ) ;
#3734 = ORIENTED_EDGE ( 'NONE', *, *, #1333, .F. ) ;
#3735 = DIRECTION ( 'NONE',  ( 0.000000000000000000, 0.7071067811865474617, 0.7071067811865474617 ) ) ;
#3736 = LINE ( 'NONE', #4681, #4369 ) ;
#3737 = CARTESIAN_POINT ( 'NONE',  ( -5.805555555555552694, 0.03531900772834901253, 0.1314893284522494488 ) ) ;
#3738 = AXIS2_PLACEMENT_3D ( 'NONE', #3872, #121, #5273 ) ;
#3739 = DIRECTION ( 'NONE',  ( 0.000000000000000000, 0.000000000000000000, 1.000000000000000000 ) ) ;
#3740 = CARTESIAN_POINT ( 'NONE',  ( -6.749999999999997335, 5.325000000000001066, 2.316596043929709303 ) ) ;
#3741 = ORIENTED_EDGE ( 'NONE', *, *, #5322, .T. ) ;
#3742 = PLANE ( 'NONE',  #3697 ) ;
#3743 = LINE ( 'NONE', #328, #4257 ) ;
#3744 = DIRECTION ( 'NONE',  ( 0.000000000000000000, 1.000000000000000000, -2.710505431213761085E-15 ) ) ;
#3745 = AXIS2_PLACEMENT_3D ( 'NONE', #2246, #5589, #3876 ) ;
#3746 = LINE ( 'NONE', #2451, #4523 ) ;
#3747 = VECTOR ( 'NONE', #3441, 1000.000000000000000 ) ;
#3748 = VERTEX_POINT ( 'NONE', #4000 ) ;
#3749 = PLANE ( 'NONE',  #593 ) ;
#3750 = DIRECTION ( 'NONE',  ( 0.7071067811865489050, -0.000000000000000000, 0.7071067811865462405 ) ) ;
#3751 = VECTOR ( 'NONE', #4636, 1000.000000000000000 ) ;
#3752 = PRODUCT_DEFINITION_SHAPE ( 'NONE', 'NONE',  #5609 ) ;
#3753 = AXIS2_PLACEMENT_3D ( 'NONE', #1730, #5119, #4787 ) ;
#3754 = VERTEX_POINT ( 'NONE', #4422 ) ;
#3755 = PLANE ( 'NONE',  #2044 ) ;
#3756 = DIRECTION ( 'NONE',  ( -0.000000000000000000, -0.000000000000000000, 1.000000000000000000 ) ) ;
#3757 = LINE ( 'NONE', #2067, #19 ) ;
#3758 = EDGE_CURVE ( 'NONE', #4608, #2732, #468, .T. ) ;
#3759 = EDGE_CURVE ( 'NONE', #4463, #3730, #1374, .T. ) ;
#3760 = VECTOR ( 'NONE', #3836, 1000.000000000000000 ) ;
#3761 = ORIENTED_EDGE ( 'NONE', *, *, #2238, .F. ) ;
#3762 = ORIENTED_EDGE ( 'NONE', *, *, #1806, .F. ) ;
#3763 = DIRECTION ( 'NONE',  ( 0.7071067811865513475, 0.000000000000000000, 0.7071067811865436870 ) ) ;
#3764 = CARTESIAN_POINT ( 'NONE',  ( 8.024999999999993250, 1.225000000000000311, -9.511693791957203103 ) ) ;
#3765 = EDGE_CURVE ( 'NONE', #4466, #1249, #3914, .T. ) ;
#3766 = DIRECTION ( 'NONE',  ( 0.7071067811865513475, 0.000000000000000000, 0.7071067811865436870 ) ) ;
#3767 = DIRECTION ( 'NONE',  ( -0.000000000000000000, 1.000000000000000000, 0.000000000000000000 ) ) ;
#3768 = ORIENTED_EDGE ( 'NONE', *, *, #2009, .T. ) ;
#3769 = CARTESIAN_POINT ( 'NONE',  ( -6.574999999999997513, 6.125000000000000000, 4.410000000000013465 ) ) ;
#3770 = CARTESIAN_POINT ( 'NONE',  ( -9.049999999999997158, 2.249999999999999556, 1.099999999999996758 ) ) ;
#3771 = LINE ( 'NONE', #2448, #3362 ) ;
#3772 = CARTESIAN_POINT ( 'NONE',  ( 3.429999999999997939, 0.1249999999999992506, -2.625000000000004441 ) ) ;
#3773 = ORIENTED_EDGE ( 'NONE', *, *, #1279, .T. ) ;
#3774 = DIRECTION ( 'NONE',  ( 0.000000000000000000, -0.5372996083468247752, -0.8433914458128850544 ) ) ;
#3775 = CARTESIAN_POINT ( 'NONE',  ( -8.774999999999996803, 0.1250000000000000278, -2.825000000000005063 ) ) ;
#3776 = VERTEX_POINT ( 'NONE', #871 ) ;
#3777 = ORIENTED_EDGE ( 'NONE', *, *, #2098, .F. ) ;
#3778 = EDGE_CURVE ( 'NONE', #4122, #5003, #133, .T. ) ;
#3779 = VECTOR ( 'NONE', #3540, 1000.000000000000000 ) ;
#3780 = ORIENTED_EDGE ( 'NONE', *, *, #1221, .T. ) ;
#3781 = CARTESIAN_POINT ( 'NONE',  ( 0.000000000000000000, 2.974999999999999645, 3.707972217151492568E-16 ) ) ;
#3782 = ORIENTED_EDGE ( 'NONE', *, *, #1385, .T. ) ;
#3783 = DIRECTION ( 'NONE',  ( 0.000000000000000000, 0.9396926207859103153, 0.3420201433256636059 ) ) ;
#3784 = PLANE ( 'NONE',  #5357 ) ;
#3785 = VERTEX_POINT ( 'NONE', #553 ) ;
#3786 = EDGE_LOOP ( 'NONE', ( #3014, #5200, #4323, #270, #1220 ) ) ;
#3787 = ADVANCED_FACE ( 'NONE', ( #3494 ), #1840, .F. ) ;
#3788 = ORIENTED_EDGE ( 'NONE', *, *, #3006, .T. ) ;
#3789 = FACE_OUTER_BOUND ( 'NONE', #3344, .T. ) ;
#3790 = VECTOR ( 'NONE', #150, 1000.000000000000000 ) ;
#3791 = FILL_AREA_STYLE ('',( #4621 ) ) ;
#3792 = CARTESIAN_POINT ( 'NONE',  ( 19.86055906122973980, 4.625000000000000888, -2.000000000000004441 ) ) ;
#3793 = STYLED_ITEM ( 'NONE', ( #1102 ), #4528 ) ;
#3794 = VECTOR ( 'NONE', #69, 1000.000000000000000 ) ;
#3795 = EDGE_CURVE ( 'NONE', #3754, #1008, #4361, .T. ) ;
#3796 = CARTESIAN_POINT ( 'NONE',  ( 1.569999999999997620, 3.479999999999999094, -2.000000000000004441 ) ) ;
#3797 = CARTESIAN_POINT ( 'NONE',  ( -6.570000000000002949, 0.1249999999999992506, -2.000000000000004441 ) ) ;
#3798 = ORIENTED_EDGE ( 'NONE', *, *, #4695, .T. ) ;
#3799 = CARTESIAN_POINT ( 'NONE',  ( 6.569999999999997620, 3.479999999999999982, 1.306565322568164822 ) ) ;
#3800 = PLANE ( 'NONE',  #1365 ) ;
#3801 = VECTOR ( 'NONE', #3233, 1000.000000000000114 ) ;
#3802 = LINE ( 'NONE', #2529, #842 ) ;
#3803 = CARTESIAN_POINT ( 'NONE',  ( 6.769999999999999574, 0.4099999999999990319, -2.825000000000004619 ) ) ;
#3804 = ORIENTED_EDGE ( 'NONE', *, *, #622, .F. ) ;
#3805 = DIRECTION ( 'NONE',  ( 1.000000000000000000, 0.000000000000000000, 0.000000000000000000 ) ) ;
#3806 = DIRECTION ( 'NONE',  ( 0.000000000000000000, 0.000000000000000000, -1.000000000000000000 ) ) ;
#3807 = AXIS2_PLACEMENT_3D ( 'NONE', #1519, #329, #1998 ) ;
#3808 = ADVANCED_FACE ( 'NONE', ( #1750 ), #2668, .F. ) ;
#3809 = ORIENTED_EDGE ( 'NONE', *, *, #4974, .F. ) ;
#3810 = CARTESIAN_POINT ( 'NONE',  ( 6.054999999999997939, 0.6399999999999992362, -8.050000000000006040 ) ) ;
#3811 = EDGE_LOOP ( 'NONE', ( #5578, #2771, #2275, #695 ) ) ;
#3812 = CARTESIAN_POINT ( 'NONE',  ( 9.999999999999996447, 1.174999999999999156, 4.099999999999996092 ) ) ;
#3813 = ORIENTED_EDGE ( 'NONE', *, *, #3675, .T. ) ;
#3814 = VERTEX_POINT ( 'NONE', #5193 ) ;
#3815 = VECTOR ( 'NONE', #720, 1000.000000000000000 ) ;
#3816 = ORIENTED_EDGE ( 'NONE', *, *, #988, .T. ) ;
#3817 = ORIENTED_EDGE ( 'NONE', *, *, #2989, .F. ) ;
#3818 = FACE_OUTER_BOUND ( 'NONE', #3302, .T. ) ;
#3819 = DIRECTION ( 'NONE',  ( -1.000000000000000000, -0.000000000000000000, -0.000000000000000000 ) ) ;
#3820 = PLANE ( 'NONE',  #91 ) ;
#3821 = EDGE_CURVE ( 'NONE', #4900, #3445, #3942, .T. ) ;
#3822 = ADVANCED_FACE ( 'NONE', ( #5253 ), #1515, .T. ) ;
#3823 = VECTOR ( 'NONE', #4265, 1000.000000000000000 ) ;
#3824 = CARTESIAN_POINT ( 'NONE',  ( 4.069999999999997620, 3.479999999999999982, -0.5000000000000038858 ) ) ;
#3825 = LINE ( 'NONE', #3316, #1040 ) ;
#3826 = ORIENTED_EDGE ( 'NONE', *, *, #2522, .T. ) ;
#3827 = DIRECTION ( 'NONE',  ( 0.000000000000000000, 0.000000000000000000, 1.000000000000000000 ) ) ;
#3828 = LINE ( 'NONE', #5592, #371 ) ;
#3829 = CARTESIAN_POINT ( 'NONE',  ( 9.499999999999998224, 2.249999999999999556, 4.099999999999996092 ) ) ;
#3830 = COLOUR_RGB ( '',0.7960784313725489669, 0.8235294117647058432, 0.9372549019607843146 ) ;
#3831 = EDGE_CURVE ( 'NONE', #5060, #1854, #3681, .T. ) ;
#3832 = EDGE_CURVE ( 'NONE', #4065, #875, #259, .T. ) ;
#3833 = EDGE_CURVE ( 'NONE', #478, #4047, #1586, .T. ) ;
#3834 = DIRECTION ( 'NONE',  ( -0.000000000000000000, -0.000000000000000000, -1.000000000000000000 ) ) ;
#3835 = VERTEX_POINT ( 'NONE', #4108 ) ;
#3836 = DIRECTION ( 'NONE',  ( 1.000000000000000000, -0.000000000000000000, -0.000000000000000000 ) ) ;
#3837 = CARTESIAN_POINT ( 'NONE',  ( 8.774999999999996803, 0.1249999999999997363, -0.5000000000000038858 ) ) ;
#3838 = AXIS2_PLACEMENT_3D ( 'NONE', #763, #124, #3573 ) ;
#3839 = ORIENTED_EDGE ( 'NONE', *, *, #5139, .T. ) ;
#3840 = VECTOR ( 'NONE', #2963, 1000.000000000000000 ) ;
#3841 = ORIENTED_EDGE ( 'NONE', *, *, #2346, .F. ) ;
#3842 = LINE ( 'NONE', #1705, #4555 ) ;
#3843 = EDGE_LOOP ( 'NONE', ( #1060, #4113, #5601, #4864, #3714, #612, #1353, #5167, #1516, #5058, #2876, #3069, #5242 ) ) ;
#3844 = LINE ( 'NONE', #1295, #5299 ) ;
#3845 = ORIENTED_EDGE ( 'NONE', *, *, #4946, .T. ) ;
#3846 = ORIENTED_EDGE ( 'NONE', *, *, #3443, .T. ) ;
#3847 = VERTEX_POINT ( 'NONE', #2836 ) ;
#3848 = CARTESIAN_POINT ( 'NONE',  ( 5.299999999999997158, 5.325000000000000178, 4.999999999999997335 ) ) ;
#3849 = DIRECTION ( 'NONE',  ( 0.000000000000000000, -1.000000000000000000, -1.247005693593550945E-16 ) ) ;
#3850 = DIRECTION ( 'NONE',  ( -1.000000000000000000, 0.000000000000000000, 0.000000000000000000 ) ) ;
#3851 = ADVANCED_FACE ( 'NONE', ( #4570 ), #3206, .F. ) ;
#3852 = DIRECTION ( 'NONE',  ( -1.000000000000000000, -0.000000000000000000, -0.000000000000000000 ) ) ;
#3853 = DIRECTION ( 'NONE',  ( -0.6447108186924361828, -0.4107260894097992665, -0.6447108186924291884 ) ) ;
#3854 = EDGE_LOOP ( 'NONE', ( #2118, #446, #2503, #2316 ) ) ;
#3855 = CARTESIAN_POINT ( 'NONE',  ( -7.164999999999997371, 0.03531900772834901253, 4.999999999999995559 ) ) ;
#3856 = LINE ( 'NONE', #5132, #4437 ) ;
#3857 = CARTESIAN_POINT ( 'NONE',  ( -1.570000000000002061, 3.479999999999999982, -4.400000000000003908 ) ) ;
#3858 = DIRECTION ( 'NONE',  ( 0.000000000000000000, -3.771137991253929066E-16, 1.000000000000000000 ) ) ;
#3859 = ORIENTED_EDGE ( 'NONE', *, *, #3778, .F. ) ;
#3860 = EDGE_CURVE ( 'NONE', #2079, #1565, #4542, .T. ) ;
#3861 = CARTESIAN_POINT ( 'NONE',  ( 9.999999999999996447, 0.9249999999999991562, 4.099999999999996092 ) ) ;
#3862 = CARTESIAN_POINT ( 'NONE',  ( -6.574999999999997513, 0.03531900772834901253, 4.410000000000013465 ) ) ;
#3863 = ORIENTED_EDGE ( 'NONE', *, *, #3620, .F. ) ;
#3864 = ADVANCED_FACE ( 'NONE', ( #1993 ), #4941, .F. ) ;
#3865 = PLANE ( 'NONE',  #330 ) ;
#3866 = ORIENTED_EDGE ( 'NONE', *, *, #274, .T. ) ;
#3867 = FILL_AREA_STYLE ('',( #4295 ) ) ;
#3868 = EDGE_LOOP ( 'NONE', ( #4848, #892, #4616, #644 ) ) ;
#3869 = ORIENTED_EDGE ( 'NONE', *, *, #5440, .T. ) ;
#3870 = ORIENTED_EDGE ( 'NONE', *, *, #1125, .F. ) ;
#3871 = PLANE ( 'NONE',  #2170 ) ;
#3872 = CARTESIAN_POINT ( 'NONE',  ( 0.000000000000000000, 0.000000000000000000, -3.050000000000002931 ) ) ;
#3873 = CARTESIAN_POINT ( 'NONE',  ( 19.86055906122973980, 3.479999999999999982, -2.000000000000004441 ) ) ;
#3874 = AXIS2_PLACEMENT_3D ( 'NONE', #3395, #798, #5562 ) ;
#3875 = DIRECTION ( 'NONE',  ( 0.000000000000000000, -1.247005693593550945E-16, 1.000000000000000000 ) ) ;
#3876 = DIRECTION ( 'NONE',  ( -4.336808689942025625E-15, 0.000000000000000000, -1.000000000000000000 ) ) ;
#3877 = ORIENTED_EDGE ( 'NONE', *, *, #5603, .T. ) ;
#3878 = CARTESIAN_POINT ( 'NONE',  ( 6.569999999999997620, 3.994999999999999218, 1.649999999999993916 ) ) ;
#3879 = CARTESIAN_POINT ( 'NONE',  ( -9.049999999999997158, 2.974999999999999201, 4.769247601426241268 ) ) ;
#3880 = CARTESIAN_POINT ( 'NONE',  ( -8.774999999999996803, 6.125000000000000000, 4.999999999999995559 ) ) ;
#3881 = APPLICATION_CONTEXT ( 'automotive_design' ) ;
#3882 = AXIS2_PLACEMENT_3D ( 'NONE', #5355, #1476, #2379 ) ;
#3883 = VECTOR ( 'NONE', #2477, 1000.000000000000000 ) ;
#3884 = LINE ( 'NONE', #331, #302 ) ;
#3885 = VECTOR ( 'NONE', #901, 1000.000000000000000 ) ;
#3886 = DIRECTION ( 'NONE',  ( -0.000000000000000000, 1.000000000000000000, -0.000000000000000000 ) ) ;
#3887 = ORIENTED_EDGE ( 'NONE', *, *, #2789, .T. ) ;
#3888 = CARTESIAN_POINT ( 'NONE',  ( -9.999999999999996447, 0.1249999999999991673, 1.099999999999995648 ) ) ;
#3889 = CARTESIAN_POINT ( 'NONE',  ( 5.929999999999997939, 3.479999999999999982, -5.050000000000007816 ) ) ;
#3890 = VERTEX_POINT ( 'NONE', #210 ) ;
#3891 = CARTESIAN_POINT ( 'NONE',  ( 8.274999999999995026, 0.9750000000000003109, 4.999999999999996447 ) ) ;
#3892 = EDGE_LOOP ( 'NONE', ( #1124, #4413, #4556, #3877 ) ) ;
#3893 = EDGE_CURVE ( 'NONE', #4770, #1738, #663, .T. ) ;
#3894 = ORIENTED_EDGE ( 'NONE', *, *, #2901, .F. ) ;
#3895 = DIRECTION ( 'NONE',  ( -1.000000000000000000, 0.000000000000000000, 0.000000000000000000 ) ) ;
#3896 = ORIENTED_EDGE ( 'NONE', *, *, #4593, .F. ) ;
#3897 = DIRECTION ( 'NONE',  ( -1.000000000000000000, 0.000000000000000000, 0.000000000000000000 ) ) ;
#3898 = ORIENTED_EDGE ( 'NONE', *, *, #861, .T. ) ;
#3899 = EDGE_CURVE ( 'NONE', #4264, #2260, #4916, .T. ) ;
#3900 = VECTOR ( 'NONE', #3492, 1000.000000000000000 ) ;
#3901 = EDGE_CURVE ( 'NONE', #4034, #115, #183, .T. ) ;
#3902 = VERTEX_POINT ( 'NONE', #2417 ) ;
#3903 = AXIS2_PLACEMENT_3D ( 'NONE', #75, #1844, #2757 ) ;
#3904 = PLANE ( 'NONE',  #2016 ) ;
#3905 = DIRECTION ( 'NONE',  ( 0.000000000000000000, 0.000000000000000000, 1.000000000000000000 ) ) ;
#3906 = FACE_OUTER_BOUND ( 'NONE', #1833, .T. ) ;
#3907 = DIRECTION ( 'NONE',  ( 1.000000000000000000, -0.000000000000000000, -0.000000000000000000 ) ) ;
#3908 = PLANE ( 'NONE',  #5383 ) ;
#3909 = EDGE_LOOP ( 'NONE', ( #2348, #1309, #1136, #3718 ) ) ;
#3910 = DIRECTION ( 'NONE',  ( 0.000000000000000000, 0.000000000000000000, -1.000000000000000000 ) ) ;
#3911 = LINE ( 'NONE', #3145, #3984 ) ;
#3912 = DIRECTION ( 'NONE',  ( 0.000000000000000000, 1.000000000000000000, 0.000000000000000000 ) ) ;
#3913 = FACE_BOUND ( 'NONE', #1191, .T. ) ;
#3914 = LINE ( 'NONE', #11, #492 ) ;
#3915 = VERTEX_POINT ( 'NONE', #575 ) ;
#3916 = PLANE ( 'NONE',  #2236 ) ;
#3917 = DIRECTION ( 'NONE',  ( 1.000000000000000000, -0.000000000000000000, -0.000000000000000000 ) ) ;
#3918 = CARTESIAN_POINT ( 'NONE',  ( -9.049999999999997158, 2.974999999999999201, 4.769247601426241268 ) ) ;
#3919 = ORIENTED_EDGE ( 'NONE', *, *, #3167, .T. ) ;
#3920 = VECTOR ( 'NONE', #2806, 999.9999999999998863 ) ;
#3921 = ORIENTED_EDGE ( 'NONE', *, *, #2609, .F. ) ;
#3922 = ADVANCED_FACE ( 'NONE', ( #3230 ), #1000, .F. ) ;
#3923 = DIRECTION ( 'NONE',  ( 0.5773502691896265082, -0.5773502691896261751, 0.5773502691896246208 ) ) ;
#3924 = ORIENTED_EDGE ( 'NONE', *, *, #3719, .F. ) ;
#3925 = AXIS2_PLACEMENT_3D ( 'NONE', #64, #5184, #2579 ) ;
#3926 = VERTEX_POINT ( 'NONE', #2782 ) ;
#3927 = EDGE_CURVE ( 'NONE', #445, #1039, #3148, .T. ) ;
#3928 = CARTESIAN_POINT ( 'NONE',  ( -14.00249930594108783, 2.249999999999999556, 4.999999999999996447 ) ) ;
#3929 = CARTESIAN_POINT ( 'NONE',  ( 0.000000000000000000, 0.000000000000000000, 0.000000000000000000 ) ) ;
#3930 = EDGE_LOOP ( 'NONE', ( #2676, #5524, #2935, #1119 ) ) ;
#3931 = DIRECTION ( 'NONE',  ( -2.351315273210297824E-32, 1.000000000000000000, 0.000000000000000000 ) ) ;
#3932 = VECTOR ( 'NONE', #2872, 1000.000000000000000 ) ;
#3933 = LINE ( 'NONE', #4826, #84 ) ;
#3934 = CARTESIAN_POINT ( 'NONE',  ( 6.569999999999997620, 3.480000000000000426, -5.690000000000007496 ) ) ;
#3935 = ORIENTED_EDGE ( 'NONE', *, *, #4346, .F. ) ;
#3936 = EDGE_CURVE ( 'NONE', #5020, #4362, #5455, .T. ) ;
#3937 = LINE ( 'NONE', #4024, #4407 ) ;
#3938 = LINE ( 'NONE', #516, #3535 ) ;
#3939 = LINE ( 'NONE', #517, #2803 ) ;
#3940 = DIRECTION ( 'NONE',  ( 0.000000000000000000, -1.000000000000000000, 0.000000000000000000 ) ) ;
#3941 = AXIS2_PLACEMENT_3D ( 'NONE', #4424, #1896, #555 ) ;
#3942 = LINE ( 'NONE', #5225, #3569 ) ;
#3943 = ORIENTED_EDGE ( 'NONE', *, *, #2760, .F. ) ;
#3944 = FACE_OUTER_BOUND ( 'NONE', #2567, .T. ) ;
#3945 = CARTESIAN_POINT ( 'NONE',  ( 19.86055906122973980, 4.099417034833817475, -2.825000000000004619 ) ) ;
#3946 = CARTESIAN_POINT ( 'NONE',  ( 9.049999999999997158, 0.6749999999999989342, 1.099999999999996758 ) ) ;
#3947 = ORIENTED_EDGE ( 'NONE', *, *, #2863, .T. ) ;
#3948 = VERTEX_POINT ( 'NONE', #3604 ) ;
#3949 = ORIENTED_EDGE ( 'NONE', *, *, #1068, .T. ) ;
#3950 = CARTESIAN_POINT ( 'NONE',  ( -9.999999999999996447, 1.174999999999999156, 4.099999999999996092 ) ) ;
#3951 = ORIENTED_EDGE ( 'NONE', *, *, #998, .T. ) ;
#3952 = SURFACE_STYLE_USAGE ( .BOTH. , #504 ) ;
#3953 = ORIENTED_EDGE ( 'NONE', *, *, #481, .T. ) ;
#3954 = ORIENTED_EDGE ( 'NONE', *, *, #1221, .F. ) ;
#3955 = ORIENTED_EDGE ( 'NONE', *, *, #1019, .T. ) ;
#3956 = DIRECTION ( 'NONE',  ( 0.000000000000000000, 0.000000000000000000, -1.000000000000000000 ) ) ;
#3957 = VECTOR ( 'NONE', #805, 1000.000000000000000 ) ;
#3958 = DIRECTION ( 'NONE',  ( 1.000000000000000000, 0.000000000000000000, 0.000000000000000000 ) ) ;
#3959 = EDGE_CURVE ( 'NONE', #2732, #3733, #4966, .T. ) ;
#3960 = DIRECTION ( 'NONE',  ( -0.7071067811865436870, 0.000000000000000000, 0.7071067811865513475 ) ) ;
#3961 = STYLED_ITEM ( 'NONE', ( #5471 ), #732 ) ;
#3962 = PLANE ( 'NONE',  #497 ) ;
#3963 = ORIENTED_EDGE ( 'NONE', *, *, #5510, .F. ) ;
#3964 = FACE_OUTER_BOUND ( 'NONE', #12, .T. ) ;
#3965 = DIRECTION ( 'NONE',  ( -1.000000000000000000, -0.000000000000000000, -0.000000000000000000 ) ) ;
#3966 = CARTESIAN_POINT ( 'NONE',  ( 6.749999999999997335, 0.03531900772834901253, 4.108963702891828440 ) ) ;
#3967 = VECTOR ( 'NONE', #4133, 1000.000000000000000 ) ;
#3968 = ADVANCED_FACE ( 'NONE', ( #607 ), #2334, .F. ) ;
#3969 = CARTESIAN_POINT ( 'NONE',  ( -8.324999999999999289, 0.6749999999999990452, 1.099999999999996758 ) ) ;
#3970 = CARTESIAN_POINT ( 'NONE',  ( 0.000000000000000000, 0.4099999999999990319, -2.825000000000005063 ) ) ;
#3971 = ORIENTED_EDGE ( 'NONE', *, *, #2456, .F. ) ;
#3972 = PLANE ( 'NONE',  #2702 ) ;
#3973 = LINE ( 'NONE', #4866, #3977 ) ;
#3974 = CARTESIAN_POINT ( 'NONE',  ( -6.574999999999997513, 6.125000000000000000, 4.410000000000013465 ) ) ;
#3975 = AXIS2_PLACEMENT_3D ( 'NONE', #4834, #2611, #944 ) ;
#3976 = ORIENTED_EDGE ( 'NONE', *, *, #4741, .T. ) ;
#3977 = VECTOR ( 'NONE', #3917, 1000.000000000000000 ) ;
#3978 = ORIENTED_EDGE ( 'NONE', *, *, #197, .F. ) ;
#3979 = ORIENTED_EDGE ( 'NONE', *, *, #474, .F. ) ;
#3980 = CARTESIAN_POINT ( 'NONE',  ( -9.499999999999998224, 2.249999999999999556, 1.099999999999996758 ) ) ;
#3981 = DIRECTION ( 'NONE',  ( 1.000000000000000000, -0.000000000000000000, -0.000000000000000000 ) ) ;
#3982 = EDGE_LOOP ( 'NONE', ( #726, #2425, #2508, #1387 ) ) ;
#3983 = VERTEX_POINT ( 'NONE', #634 ) ;
#3984 = VECTOR ( 'NONE', #1802, 1000.000000000000000 ) ;
#3985 = EDGE_CURVE ( 'NONE', #2079, #5020, #2364, .T. ) ;
#3986 = EDGE_LOOP ( 'NONE', ( #1693, #2612, #47, #896, #2171 ) ) ;
#3987 = CARTESIAN_POINT ( 'NONE',  ( 14.00249930594108783, 0.000000000000000000, 4.814999999999998614 ) ) ;
#3988 = DIRECTION ( 'NONE',  ( 1.000000000000000000, 0.000000000000000000, 0.000000000000000000 ) ) ;
#3989 = DIRECTION ( 'NONE',  ( 0.000000000000000000, 0.000000000000000000, -1.000000000000000000 ) ) ;
#3990 = VECTOR ( 'NONE', #5108, 1000.000000000000000 ) ;
#3991 = FACE_OUTER_BOUND ( 'NONE', #1150, .T. ) ;
#3992 = VERTEX_POINT ( 'NONE', #2110 ) ;
#3993 = DIRECTION ( 'NONE',  ( 0.000000000000000000, 1.000000000000000000, -2.710505431213761085E-15 ) ) ;
#3994 = EDGE_CURVE ( 'NONE', #3391, #5169, #380, .T. ) ;
#3995 = EDGE_CURVE ( 'NONE', #1208, #1234, #4716, .T. ) ;
#3996 = DIRECTION ( 'NONE',  ( 0.000000000000000000, -1.000000000000000000, 0.000000000000000000 ) ) ;
#3997 = CARTESIAN_POINT ( 'NONE',  ( 6.108934426503068060, 0.3039344265030691217, -8.198183618948426954 ) ) ;
#3998 = AXIS2_PLACEMENT_3D ( 'NONE', #931, #1827, #4822 ) ;
#3999 = PLANE ( 'NONE',  #2723 ) ;
#4000 = CARTESIAN_POINT ( 'NONE',  ( -0.9300000000000020473, 4.120000000000000107, -0.5000000000000038858 ) ) ;
#4001 = ORIENTED_EDGE ( 'NONE', *, *, #5452, .F. ) ;
#4002 = CARTESIAN_POINT ( 'NONE',  ( 0.3649999999999935518, 0.4099999999999990319, -3.190000000000002611 ) ) ;
#4003 = CARTESIAN_POINT ( 'NONE',  ( -8.024999999999993250, 4.325000000000001066, 4.749999999999997335 ) ) ;
#4004 = CARTESIAN_POINT ( 'NONE',  ( -8.024999999999993250, 1.225000000000000311, -9.511693791957203103 ) ) ;
#4005 = EDGE_CURVE ( 'NONE', #5289, #2428, #2443, .T. ) ;
#4006 = EDGE_LOOP ( 'NONE', ( #2650, #3503, #2783, #1282, #4927, #2569, #5513, #4554 ) ) ;
#4007 = EDGE_CURVE ( 'NONE', #2397, #5293, #2496, .T. ) ;
#4008 = VECTOR ( 'NONE', #3923, 999.9999999999998863 ) ;
#4009 = ORIENTED_EDGE ( 'NONE', *, *, #786, .F. ) ;
#4010 = EDGE_LOOP ( 'NONE', ( #463, #3251, #1584, #5400, #2656, #5372, #1388, #2974 ) ) ;
#4011 = CARTESIAN_POINT ( 'NONE',  ( 9.049999999999997158, 2.249999999999999556, 1.099999999999996758 ) ) ;
#4012 = SURFACE_STYLE_USAGE ( .BOTH. , #3561 ) ;
#4013 = ORIENTED_EDGE ( 'NONE', *, *, #4672, .T. ) ;
#4014 = EDGE_CURVE ( 'NONE', #3835, #2434, #4279, .T. ) ;
#4015 = VECTOR ( 'NONE', #292, 1000.000000000000000 ) ;
#4016 = VECTOR ( 'NONE', #3576, 1000.000000000000000 ) ;
#4017 = ORIENTED_EDGE ( 'NONE', *, *, #4974, .T. ) ;
#4018 = PLANE ( 'NONE',  #2106 ) ;
#4019 = VECTOR ( 'NONE', #4827, 1000.000000000000000 ) ;
#4020 = FACE_OUTER_BOUND ( 'NONE', #2247, .T. ) ;
#4021 = VECTOR ( 'NONE', #4763, 1000.000000000000000 ) ;
#4022 = DIRECTION ( 'NONE',  ( 0.000000000000000000, 1.000000000000000000, 0.000000000000000000 ) ) ;
#4023 = VERTEX_POINT ( 'NONE', #3343 ) ;
#4024 = CARTESIAN_POINT ( 'NONE',  ( 19.86055906122973980, 4.625000000000000888, -2.000000000000004441 ) ) ;
#4025 = PLANE ( 'NONE',  #5560 ) ;
#4026 = FACE_OUTER_BOUND ( 'NONE', #3843, .T. ) ;
#4027 = EDGE_CURVE ( 'NONE', #3217, #2669, #408, .T. ) ;
#4028 = FACE_OUTER_BOUND ( 'NONE', #2430, .T. ) ;
#4029 = DIRECTION ( 'NONE',  ( 1.000000000000000000, -2.351315273210297824E-32, -2.932103533126717211E-48 ) ) ;
#4030 = VERTEX_POINT ( 'NONE', #2050 ) ;
#4031 = LINE ( 'NONE', #2642, #2500 ) ;
#4032 = DIRECTION ( 'NONE',  ( -0.000000000000000000, 1.000000000000000000, -0.000000000000000000 ) ) ;
#4033 = DIRECTION ( 'NONE',  ( 0.000000000000000000, 0.000000000000000000, 1.000000000000000000 ) ) ;
#4034 = VERTEX_POINT ( 'NONE', #836 ) ;
#4035 = ADVANCED_FACE ( 'NONE', ( #1662 ), #2078, .F. ) ;
#4036 = EDGE_LOOP ( 'NONE', ( #3611, #1267, #4587, #279 ) ) ;
#4037 = ORIENTED_EDGE ( 'NONE', *, *, #834, .F. ) ;
#4038 = DIRECTION ( 'NONE',  ( -0.6447108186924361828, 0.4107260894097992665, 0.6447108186924291884 ) ) ;
#4039 = PRODUCT_DEFINITION ( 'UNKNOWN', '', #1684, #2154 ) ;
#4040 = LINE ( 'NONE', #2678, #3297 ) ;
#4041 = ORIENTED_EDGE ( 'NONE', *, *, #58, .T. ) ;
#4042 = EDGE_CURVE ( 'NONE', #4080, #423, #3825, .T. ) ;
#4043 = ORIENTED_EDGE ( 'NONE', *, *, #585, .T. ) ;
#4044 = DIRECTION ( 'NONE',  ( -0.000000000000000000, 1.000000000000000000, -0.000000000000000000 ) ) ;
#4045 = DIRECTION ( 'NONE',  ( -1.000000000000000000, -0.000000000000000000, -0.000000000000000000 ) ) ;
#4046 = CARTESIAN_POINT ( 'NONE',  ( -4.070000000000002061, 0.1249999999999992506, -2.000000000000004441 ) ) ;
#4047 = VERTEX_POINT ( 'NONE', #3740 ) ;
#4048 = CARTESIAN_POINT ( 'NONE',  ( -9.749999999999998224, 0.9249999999999991562, 4.099999999999996092 ) ) ;
#4049 = DIRECTION ( 'NONE',  ( -0.000000000000000000, 1.000000000000000000, -0.000000000000000000 ) ) ;
#4050 = FACE_OUTER_BOUND ( 'NONE', #1822, .T. ) ;
#4051 = PLANE ( 'NONE',  #2738 ) ;
#4052 = DIRECTION ( 'NONE',  ( 1.000000000000000000, 0.000000000000000000, -0.000000000000000000 ) ) ;
#4053 = ORIENTED_EDGE ( 'NONE', *, *, #5182, .F. ) ;
#4054 = DIRECTION ( 'NONE',  ( 0.000000000000000000, 6.914554671463685469E-17, -1.000000000000000000 ) ) ;
#4055 = CARTESIAN_POINT ( 'NONE',  ( -9.049999999999997158, 2.249999999999999556, 1.099999999999996758 ) ) ;
#4056 = CARTESIAN_POINT ( 'NONE',  ( -6.749999999999997335, 6.125000000000000000, 4.108963702891828440 ) ) ;
#4057 = VERTEX_POINT ( 'NONE', #5485 ) ;
#4058 = ORIENTED_EDGE ( 'NONE', *, *, #1237, .T. ) ;
#4059 = ORIENTED_EDGE ( 'NONE', *, *, #4027, .T. ) ;
#4060 = ADVANCED_FACE ( 'NONE', ( #5053 ), #3398, .F. ) ;
#4061 = LINE ( 'NONE', #2677, #399 ) ;
#4062 = ORIENTED_EDGE ( 'NONE', *, *, #5295, .F. ) ;
#4063 = VECTOR ( 'NONE', #1157, 1000.000000000000000 ) ;
#4064 = VECTOR ( 'NONE', #4248, 1000.000000000000000 ) ;
#4065 = VERTEX_POINT ( 'NONE', #1253 ) ;
#4066 = DIRECTION ( 'NONE',  ( -1.000000000000000000, -0.000000000000000000, -0.000000000000000000 ) ) ;
#4067 = VECTOR ( 'NONE', #3638, 1000.000000000000000 ) ;
#4068 = DIRECTION ( 'NONE',  ( -0.000000000000000000, -1.000000000000000000, -1.247005693593550945E-16 ) ) ;
#4069 = ITEM_DEFINED_TRANSFORMATION ( 'NONE', 'NONE', #3738,  #671 ) ;
#4070 = LINE ( 'NONE', #4958, #4803 ) ;
#4071 = EDGE_CURVE ( 'NONE', #5140, #1883, #803, .T. ) ;
#4072 = EDGE_CURVE ( 'NONE', #4445, #5234, #4654, .T. ) ;
#4073 = EDGE_CURVE ( 'NONE', #5401, #4344, #5567, .T. ) ;
#4074 = ORIENTED_EDGE ( 'NONE', *, *, #4073, .T. ) ;
#4075 = LINE ( 'NONE', #2805, #4144 ) ;
#4076 = DIRECTION ( 'NONE',  ( 0.000000000000000000, -1.000000000000000000, 0.000000000000000000 ) ) ;
#4077 = PLANE ( 'NONE',  #1828 ) ;
#4078 = CARTESIAN_POINT ( 'NONE',  ( 4.069999999999997620, 3.479999999999999982, -4.400000000000003908 ) ) ;
#4079 = CARTESIAN_POINT ( 'NONE',  ( -3.749999999999997335, 5.325000000000001066, 2.316596043929709303 ) ) ;
#4080 = VERTEX_POINT ( 'NONE', #5512 ) ;
#4081 = DIRECTION ( 'NONE',  ( -1.495451272393802994E-16, 1.000000000000000000, 0.000000000000000000 ) ) ;
#4082 = DIRECTION ( 'NONE',  ( 0.000000000000000000, -1.000000000000000000, 0.000000000000000000 ) ) ;
#4083 = LINE ( 'NONE', #214, #3815 ) ;
#4084 = AXIS2_PLACEMENT_3D ( 'NONE', #1466, #3523, #557 ) ;
#4085 = ORIENTED_EDGE ( 'NONE', *, *, #4851, .T. ) ;
#4086 = AXIS2_PLACEMENT_3D ( 'NONE', #2084, #2587, #2532 ) ;
#4087 = CARTESIAN_POINT ( 'NONE',  ( 8.324999999999999289, 0.1249999999999990563, 4.999999999999996447 ) ) ;
#4088 = ORIENTED_EDGE ( 'NONE', *, *, #1727, .F. ) ;
#4089 = PLANE ( 'NONE',  #5203 ) ;
#4090 = LINE ( 'NONE', #3242, #1360 ) ;
#4091 = EDGE_CURVE ( 'NONE', #5267, #1008, #1226, .T. ) ;
#4092 = VERTEX_POINT ( 'NONE', #5129 ) ;
#4093 = CARTESIAN_POINT ( 'NONE',  ( -8.324999999999999289, 0.1249999999999990563, 1.099999999999996758 ) ) ;
#4094 = VERTEX_POINT ( 'NONE', #2973 ) ;
#4095 = CARTESIAN_POINT ( 'NONE',  ( 19.86055906122973980, 6.125000000000000000, -2.000000000000004441 ) ) ;
#4096 = CARTESIAN_POINT ( 'NONE',  ( 6.569999999999997620, 0.1250000000000000000, -7.706565322568174281 ) ) ;
#4097 = VECTOR ( 'NONE', #5049, 1000.000000000000000 ) ;
#4098 = EDGE_CURVE ( 'NONE', #2576, #1208, #4595, .T. ) ;
#4099 = AXIS2_PLACEMENT_3D ( 'NONE', #542, #1799, #1716 ) ;
#4100 = EDGE_LOOP ( 'NONE', ( #3924, #4438, #3951, #335 ) ) ;
#4101 = CARTESIAN_POINT ( 'NONE',  ( -6.749999999999997335, 0.03531900772834901253, 4.108963702891828440 ) ) ;
#4102 = ADVANCED_FACE ( 'NONE', ( #2022 ), #2469, .F. ) ;
#4103 = CARTESIAN_POINT ( 'NONE',  ( -7.164999999999997371, 5.325000000000000178, 4.999999999999995559 ) ) ;
#4104 = CARTESIAN_POINT ( 'NONE',  ( -3.430000000000002380, 3.479999999999999982, -4.400000000000003908 ) ) ;
#4105 = COLOUR_RGB ( '',0.7960784313725489669, 0.8235294117647058432, 0.9372549019607843146 ) ;
#4106 = EDGE_CURVE ( 'NONE', #958, #1276, #5077, .T. ) ;
#4107 = DIRECTION ( 'NONE',  ( 0.000000000000000000, -3.771137991253929066E-16, 1.000000000000000000 ) ) ;
#4108 = CARTESIAN_POINT ( 'NONE',  ( 9.499999999999998224, 2.249999999999999556, 1.099999999999996758 ) ) ;
#4109 = ORIENTED_EDGE ( 'NONE', *, *, #1241, .T. ) ;
#4110 = FACE_OUTER_BOUND ( 'NONE', #4260, .T. ) ;
#4111 = FACE_OUTER_BOUND ( 'NONE', #2018, .T. ) ;
#4112 = CARTESIAN_POINT ( 'NONE',  ( -9.499999999999998224, 2.249999999999999556, 1.099999999999996758 ) ) ;
#4113 = ORIENTED_EDGE ( 'NONE', *, *, #1027, .T. ) ;
#4114 = CARTESIAN_POINT ( 'NONE',  ( -1.570000000000002061, 4.120000000000000107, -0.5000000000000038858 ) ) ;
#4115 = ORIENTED_EDGE ( 'NONE', *, *, #5048, .F. ) ;
#4116 = CARTESIAN_POINT ( 'NONE',  ( 4.069999999999997620, 3.479999999999999982, -0.5000000000000038858 ) ) ;
#4117 = FACE_OUTER_BOUND ( 'NONE', #3811, .T. ) ;
#4118 = VERTEX_POINT ( 'NONE', #3454 ) ;
#4119 = VERTEX_POINT ( 'NONE', #432 ) ;
#4120 = ORIENTED_EDGE ( 'NONE', *, *, #4450, .T. ) ;
#4121 = CARTESIAN_POINT ( 'NONE',  ( -9.499999999999998224, 2.499999999999999556, 4.099999999999996092 ) ) ;
#4122 = VERTEX_POINT ( 'NONE', #2687 ) ;
#4123 = CARTESIAN_POINT ( 'NONE',  ( 8.324999999999999289, 0.6749999999999990452, 1.099999999999996758 ) ) ;
#4124 = EDGE_LOOP ( 'NONE', ( #821, #3954, #5555, #1729 ) ) ;
#4125 = CARTESIAN_POINT ( 'NONE',  ( -4.070000000000002061, 4.120000000000000107, -2.000000000000004441 ) ) ;
#4126 = CARTESIAN_POINT ( 'NONE',  ( 5.929999999999997939, 0.000000000000000000, -2.000000000000004441 ) ) ;
#4127 = LINE ( 'NONE', #233, #3076 ) ;
#4128 = EDGE_CURVE ( 'NONE', #4843, #2393, #863, .T. ) ;
#4129 = ADVANCED_FACE ( 'NONE', ( #910 ), #3908, .F. ) ;
#4130 = DIRECTION ( 'NONE',  ( -1.000000000000000000, -0.000000000000000000, -0.000000000000000000 ) ) ;
#4131 = CARTESIAN_POINT ( 'NONE',  ( 8.024999999999993250, 5.325000000000000178, 4.749999999999997335 ) ) ;
#4132 = ORIENTED_EDGE ( 'NONE', *, *, #2617, .T. ) ;
#4133 = DIRECTION ( 'NONE',  ( 0.000000000000000000, -1.000000000000000000, 0.000000000000000000 ) ) ;
#4134 = CARTESIAN_POINT ( 'NONE',  ( -6.570000000000002949, 3.479999999999999982, -4.400000000000003908 ) ) ;
#4135 = LINE ( 'NONE', #297, #291 ) ;
#4136 = AXIS2_PLACEMENT_3D ( 'NONE', #4387, #95, #1834 ) ;
#4137 = ADVANCED_FACE ( 'NONE', ( #4329 ), #462, .F. ) ;
#4138 = ORIENTED_EDGE ( 'NONE', *, *, #2822, .F. ) ;
#4139 = PLANE ( 'NONE',  #4614 ) ;
#4140 = VERTEX_POINT ( 'NONE', #2274 ) ;
#4141 = CARTESIAN_POINT ( 'NONE',  ( -4.070000000000002061, 0.4099999999999990319, -2.825000000000005063 ) ) ;
#4142 = CARTESIAN_POINT ( 'NONE',  ( 8.024999999999993250, 4.325000000000001066, 4.749999999999997335 ) ) ;
#4143 = ORIENTED_EDGE ( 'NONE', *, *, #4243, .T. ) ;
#4144 = VECTOR ( 'NONE', #4507, 1000.000000000000000 ) ;
#4145 = ORIENTED_EDGE ( 'NONE', *, *, #1735, .T. ) ;
#4146 = LINE ( 'NONE', #2824, #1783 ) ;
#4147 = ORIENTED_EDGE ( 'NONE', *, *, #5118, .T. ) ;
#4148 = CARTESIAN_POINT ( 'NONE',  ( 6.569999999999997620, 1.165000000000000036, -5.690000000000006608 ) ) ;
#4149 = CARTESIAN_POINT ( 'NONE',  ( -9.999999999999996447, 2.974999999999999201, 4.099999999999996092 ) ) ;
#4150 = VECTOR ( 'NONE', #3596, 1000.000000000000000 ) ;
#4151 = VECTOR ( 'NONE', #753, 1000.000000000000000 ) ;
#4152 = VECTOR ( 'NONE', #273, 1000.000000000000000 ) ;
#4153 = ORIENTED_EDGE ( 'NONE', *, *, #4482, .T. ) ;
#4154 = PRODUCT_DEFINITION_SHAPE ( 'NONE', 'NONE',  #5607 ) ;
#4155 = VECTOR ( 'NONE', #4861, 1000.000000000000000 ) ;
#4156 = EDGE_LOOP ( 'NONE', ( #5380, #4519, #1006, #702 ) ) ;
#4157 = DIRECTION ( 'NONE',  ( -0.000000000000000000, 1.000000000000000000, -0.000000000000000000 ) ) ;
#4158 = CARTESIAN_POINT ( 'NONE',  ( 9.499999999999998224, 2.249999999999999556, 1.099999999999996758 ) ) ;
#4159 = EDGE_CURVE ( 'NONE', #2434, #125, #2633, .T. ) ;
#4160 = DIRECTION ( 'NONE',  ( 0.7071067811865513475, 0.000000000000000000, -0.7071067811865436870 ) ) ;
#4161 = DIRECTION ( 'NONE',  ( -0.000000000000000000, 1.000000000000000000, -0.000000000000000000 ) ) ;
#4162 = ORIENTED_EDGE ( 'NONE', *, *, #5245, .T. ) ;
#4163 = CARTESIAN_POINT ( 'NONE',  ( -6.749999999999997335, 0.03531900772834901253, 2.316596043929708859 ) ) ;
#4164 = LINE ( 'NONE', #2976, #5443 ) ;
#4165 = CARTESIAN_POINT ( 'NONE',  ( 1.569999999999997620, 4.120000000000000107, -2.000000000000004441 ) ) ;
#4166 = CARTESIAN_POINT ( 'NONE',  ( 9.049999999999997158, 0.4749999999999999778, 1.429999999999996829 ) ) ;
#4167 = ORIENTED_EDGE ( 'NONE', *, *, #618, .T. ) ;
#4168 = VECTOR ( 'NONE', #4033, 1000.000000000000000 ) ;
#4169 = ADVANCED_FACE ( 'NONE', ( #2216 ), #963, .F. ) ;
#4170 = CARTESIAN_POINT ( 'NONE',  ( 6.569999999999997620, 4.120000000000000107, -5.050000000000007816 ) ) ;
#4171 = EDGE_CURVE ( 'NONE', #1854, #3020, #1743, .T. ) ;
#4172 = DIRECTION ( 'NONE',  ( -1.000000000000000000, -0.000000000000000000, -0.000000000000000000 ) ) ;
#4173 = ORIENTED_EDGE ( 'NONE', *, *, #1704, .T. ) ;
#4174 = ADVANCED_FACE ( 'NONE', ( #2158 ), #885, .F. ) ;
#4175 = VECTOR ( 'NONE', #29, 1000.000000000000000 ) ;
#4176 = ORIENTED_EDGE ( 'NONE', *, *, #1029, .F. ) ;
#4177 = VECTOR ( 'NONE', #3739, 1000.000000000000000 ) ;
#4178 = EDGE_CURVE ( 'NONE', #4875, #527, #4385, .T. ) ;
#4179 = DIRECTION ( 'NONE',  ( -0.000000000000000000, 1.000000000000000000, 1.091181084403578030E-16 ) ) ;
#4180 = PLANE ( 'NONE',  #3384 ) ;
#4181 = FACE_OUTER_BOUND ( 'NONE', #5534, .T. ) ;
#4182 = ORIENTED_EDGE ( 'NONE', *, *, #5016, .T. ) ;
#4183 = ORIENTED_EDGE ( 'NONE', *, *, #394, .F. ) ;
#4184 = CARTESIAN_POINT ( 'NONE',  ( -3.384999999999966036, 0.4099999999999990319, 0.5599999999999976108 ) ) ;
#4185 = LINE ( 'NONE', #3336, #1127 ) ;
#4186 = CARTESIAN_POINT ( 'NONE',  ( 8.774999999999996803, 5.325000000000000178, 4.999999999999996447 ) ) ;
#4187 = VECTOR ( 'NONE', #5022, 1000.000000000000000 ) ;
#4188 = CARTESIAN_POINT ( 'NONE',  ( -5.730000000000000426, 4.099417034833815698, -2.825000000000004619 ) ) ;
#4189 = DIRECTION ( 'NONE',  ( 0.5773502691896260641, 0.5773502691896251759, 0.5773502691896260641 ) ) ;
#4190 = EDGE_LOOP ( 'NONE', ( #5164, #1414, #1541, #1386, #2589, #1555 ) ) ;
#4191 = FACE_OUTER_BOUND ( 'NONE', #3361, .T. ) ;
#4192 = DIRECTION ( 'NONE',  ( 0.000000000000000000, 0.000000000000000000, -1.000000000000000000 ) ) ;
#4193 = PLANE ( 'NONE',  #3807 ) ;
#4194 = VECTOR ( 'NONE', #4253, 1000.000000000000000 ) ;
#4195 = ADVANCED_FACE ( 'NONE', ( #512 ), #3962, .F. ) ;
#4196 = CARTESIAN_POINT ( 'NONE',  ( 3.229999999999995541, 4.099417034833815698, -2.825000000000004619 ) ) ;
#4197 = ORIENTED_EDGE ( 'NONE', *, *, #1477, .T. ) ;
#4198 = CARTESIAN_POINT ( 'NONE',  ( 3.429999999999997495, 3.479999999999999982, -0.5000000000000034417 ) ) ;
#4199 = DIRECTION ( 'NONE',  ( 0.000000000000000000, 1.232047923278982692E-16, -1.000000000000000000 ) ) ;
#4200 = EDGE_LOOP ( 'NONE', ( #608, #3046, #2628, #2292 ) ) ;
#4201 = VECTOR ( 'NONE', #1415, 1000.000000000000000 ) ;
#4202 = VERTEX_POINT ( 'NONE', #3934 ) ;
#4203 = EDGE_CURVE ( 'NONE', #5496, #478, #1305, .T. ) ;
#4204 = ADVANCED_FACE ( 'NONE', ( #4857 ), #3541, .T. ) ;
#4205 =( GEOMETRIC_REPRESENTATION_CONTEXT ( 3 ) GLOBAL_UNCERTAINTY_ASSIGNED_CONTEXT ( ( #4358 ) ) GLOBAL_UNIT_ASSIGNED_CONTEXT ( ( #1616, #790, #1134 ) ) REPRESENTATION_CONTEXT ( 'NONE', 'WORKASPACE' ) );
#4206 = EDGE_CURVE ( 'NONE', #2843, #5159, #3114, .T. ) ;
#4207 = ORIENTED_EDGE ( 'NONE', *, *, #4396, .T. ) ;
#4208 = FACE_OUTER_BOUND ( 'NONE', #5039, .T. ) ;
#4209 = DIRECTION ( 'NONE',  ( -0.000000000000000000, 1.000000000000000000, -0.000000000000000000 ) ) ;
#4210 = LINE ( 'NONE', #1784, #475 ) ;
#4211 = EDGE_CURVE ( 'NONE', #4679, #2648, #1771, .T. ) ;
#4212 = EDGE_CURVE ( 'NONE', #1675, #1039, #5218, .T. ) ;
#4213 = VECTOR ( 'NONE', #106, 1000.000000000000000 ) ;
#4214 = VERTEX_POINT ( 'NONE', #3119 ) ;
#4215 = ORIENTED_EDGE ( 'NONE', *, *, #1593, .T. ) ;
#4216 = DIRECTION ( 'NONE',  ( -0.000000000000000000, -1.000000000000000000, -1.247005693593550945E-16 ) ) ;
#4217 = CARTESIAN_POINT ( 'NONE',  ( 1.569999999999997620, 4.120000000000000107, -0.5000000000000038858 ) ) ;
#4218 = ADVANCED_FACE ( 'NONE', ( #1335 ), #3057, .F. ) ;
#4219 = DIRECTION ( 'NONE',  ( 0.000000000000000000, 0.000000000000000000, -1.000000000000000000 ) ) ;
#4220 = CARTESIAN_POINT ( 'NONE',  ( 14.00249930594108783, 2.249999999999999556, 1.099999999999996758 ) ) ;
#4221 = ORIENTED_EDGE ( 'NONE', *, *, #4459, .F. ) ;
#4222 = DIRECTION ( 'NONE',  ( 0.000000000000000000, 0.000000000000000000, 1.000000000000000000 ) ) ;
#4223 = PLANE ( 'NONE',  #3259 ) ;
#4224 = CARTESIAN_POINT ( 'NONE',  ( 8.324999999999999289, 0.6749999999999990452, 4.999999999999996447 ) ) ;
#4225 = CARTESIAN_POINT ( 'NONE',  ( 7.624999999999996447, 0.4099999999999990319, 4.999999999999997335 ) ) ;
#4226 = VERTEX_POINT ( 'NONE', #1428 ) ;
#4227 = CARTESIAN_POINT ( 'NONE',  ( 8.774999999999995026, 0.6749999999999989342, 4.999999999999996447 ) ) ;
#4228 = AXIS2_PLACEMENT_3D ( 'NONE', #4883, #3910, #5220 ) ;
#4229 = CARTESIAN_POINT ( 'NONE',  ( 9.499999999999998224, 0.4749999999999999778, 1.429999999999996829 ) ) ;
#4230 = VERTEX_POINT ( 'NONE', #5331 ) ;
#4231 = ORIENTED_EDGE ( 'NONE', *, *, #1670, .F. ) ;
#4232 = VECTOR ( 'NONE', #1798, 1000.000000000000114 ) ;
#4233 = ORIENTED_EDGE ( 'NONE', *, *, #2206, .F. ) ;
#4234 = EDGE_CURVE ( 'NONE', #4676, #4691, #2431, .T. ) ;
#4235 = DIRECTION ( 'NONE',  ( 0.000000000000000000, 0.7071067811865437980, -0.7071067811865513475 ) ) ;
#4236 = EDGE_CURVE ( 'NONE', #1663, #3096, #4584, .T. ) ;
#4237 = ORIENTED_EDGE ( 'NONE', *, *, #3727, .F. ) ;
#4238 = CARTESIAN_POINT ( 'NONE',  ( 5.929999999999997939, 3.480000000000000426, -5.690000000000007496 ) ) ;
#4239 = EDGE_LOOP ( 'NONE', ( #3798, #4705, #1780, #1929, #4506, #1979 ) ) ;
#4240 = VECTOR ( 'NONE', #1947, 1000.000000000000000 ) ;
#4241 = ORIENTED_EDGE ( 'NONE', *, *, #3860, .F. ) ;
#4242 = ORIENTED_EDGE ( 'NONE', *, *, #312, .T. ) ;
#4243 = EDGE_CURVE ( 'NONE', #3529, #2464, #2460, .T. ) ;
#4244 = DIRECTION ( 'NONE',  ( 0.000000000000000000, -0.000000000000000000, 1.000000000000000000 ) ) ;
#4245 = EDGE_CURVE ( 'NONE', #2993, #1212, #2037, .T. ) ;
#4246 = VECTOR ( 'NONE', #1079, 1000.000000000000000 ) ;
#4247 = LINE ( 'NONE', #741, #5379 ) ;
#4248 = DIRECTION ( 'NONE',  ( -1.000000000000000000, -0.000000000000000000, -0.000000000000000000 ) ) ;
#4249 = ADVANCED_FACE ( 'NONE', ( #2854 ), #5472, .F. ) ;
#4250 = COLOUR_RGB ( '',1.000000000000000000, 1.000000000000000000, 1.000000000000000000 ) ;
#4251 = VECTOR ( 'NONE', #2467, 1000.000000000000227 ) ;
#4252 = LINE ( 'NONE', #1691, #5235 ) ;
#4253 = DIRECTION ( 'NONE',  ( -0.000000000000000000, 1.000000000000000000, -0.000000000000000000 ) ) ;
#4254 = ORIENTED_EDGE ( 'NONE', *, *, #5328, .F. ) ;
#4255 = PLANE ( 'NONE',  #2965 ) ;
#4256 = DIRECTION ( 'NONE',  ( -1.000000000000000000, -0.000000000000000000, -0.000000000000000000 ) ) ;
#4257 = VECTOR ( 'NONE', #5571, 1000.000000000000000 ) ;
#4258 = LINE ( 'NONE', #3829, #2088 ) ;
#4259 = CARTESIAN_POINT ( 'NONE',  ( -4.270000000000004903, 0.4099999999999989209, -2.825000000000004619 ) ) ;
#4260 = EDGE_LOOP ( 'NONE', ( #3804, #5123, #4815, #3574 ) ) ;
#4261 = LINE ( 'NONE', #5576, #2954 ) ;
#4262 = CARTESIAN_POINT ( 'NONE',  ( 0.9299999999999977174, 3.479999999999999982, -4.400000000000003908 ) ) ;
#4263 = AXIS2_PLACEMENT_3D ( 'NONE', #4867, #4516, #639 ) ;
#4264 = VERTEX_POINT ( 'NONE', #4148 ) ;
#4265 = DIRECTION ( 'NONE',  ( 1.000000000000000000, 0.000000000000000000, 0.000000000000000000 ) ) ;
#4266 = LINE ( 'NONE', #5173, #4568 ) ;
#4267 = VERTEX_POINT ( 'NONE', #3168 ) ;
#4268 = VECTOR ( 'NONE', #4216, 1000.000000000000000 ) ;
#4269 = EDGE_CURVE ( 'NONE', #192, #1208, #599, .T. ) ;
#4270 = VECTOR ( 'NONE', #5025, 1000.000000000000000 ) ;
#4271 = EDGE_LOOP ( 'NONE', ( #3309, #3365, #3214, #2994 ) ) ;
#4272 = ORIENTED_EDGE ( 'NONE', *, *, #988, .F. ) ;
#4273 = DIRECTION ( 'NONE',  ( 0.000000000000000000, 3.771137991253929066E-16, -1.000000000000000000 ) ) ;
#4274 = DIRECTION ( 'NONE',  ( -0.000000000000000000, 0.000000000000000000, 1.000000000000000000 ) ) ;
#4275 = LINE ( 'NONE', #3000, #5523 ) ;
#4276 = VECTOR ( 'NONE', #1881, 1000.000000000000000 ) ;
#4277 = EDGE_CURVE ( 'NONE', #2561, #125, #705, .T. ) ;
#4278 = CARTESIAN_POINT ( 'NONE',  ( 6.569999999999997620, 0.7650000000000000133, -7.706565322568175169 ) ) ;
#4279 = LINE ( 'NONE', #4220, #941 ) ;
#4280 = ORIENTED_EDGE ( 'NONE', *, *, #654, .F. ) ;
#4281 = CARTESIAN_POINT ( 'NONE',  ( 8.024999999999993250, 4.325000000000001066, 1.999999999999996669 ) ) ;
#4282 = CARTESIAN_POINT ( 'NONE',  ( -6.570000000000002949, 4.226831086995315623, -2.625000000000004885 ) ) ;
#4283 = CARTESIAN_POINT ( 'NONE',  ( -1.570000000000002061, 0.1249999999999992506, -2.000000000000004441 ) ) ;
#4284 = COLOUR_RGB ( '',0.7960784313725489669, 0.8235294117647058432, 0.9372549019607843146 ) ;
#4285 = ADVANCED_FACE ( 'NONE', ( #151 ), #3142, .T. ) ;
#4286 = LINE ( 'NONE', #2927, #5528 ) ;
#4287 = ORIENTED_EDGE ( 'NONE', *, *, #1796, .T. ) ;
#4288 = LINE ( 'NONE', #2087, #2773 ) ;
#4289 = CARTESIAN_POINT ( 'NONE',  ( -9.049999999999997158, 2.974999999999999201, 4.099999999999996092 ) ) ;
#4290 = AXIS2_PLACEMENT_3D ( 'NONE', #3663, #5395, #4997 ) ;
#4291 = MECHANICAL_DESIGN_GEOMETRIC_PRESENTATION_REPRESENTATION (  '', ( #2845 ), #1875 ) ;
#4292 = ORIENTED_EDGE ( 'NONE', *, *, #4876, .T. ) ;
#4293 = DIRECTION ( 'NONE',  ( 0.000000000000000000, 0.7071067811865520136, 0.7071067811865431318 ) ) ;
#4294 = ORIENTED_EDGE ( 'NONE', *, *, #861, .F. ) ;
#4295 = FILL_AREA_STYLE_COLOUR ( '', #3025 ) ;
#4296 = ORIENTED_EDGE ( 'NONE', *, *, #1179, .T. ) ;
#4297 = VERTEX_POINT ( 'NONE', #569 ) ;
#4298 = LINE ( 'NONE', #4184, #3452 ) ;
#4299 = PLANE ( 'NONE',  #2709 ) ;
#4300 = EDGE_CURVE ( 'NONE', #3049, #4445, #990, .T. ) ;
#4301 = CARTESIAN_POINT ( 'NONE',  ( -6.570000000000002949, 4.120000000000000107, -0.5000000000000038858 ) ) ;
#4302 = DIRECTION ( 'NONE',  ( 0.000000000000000000, 0.000000000000000000, -1.000000000000000000 ) ) ;
#4303 = ORIENTED_EDGE ( 'NONE', *, *, #2450, .T. ) ;
#4304 = CARTESIAN_POINT ( 'NONE',  ( -3.430000000000002380, 0.1249999999999992506, -2.000000000000004441 ) ) ;
#4305 = EDGE_CURVE ( 'NONE', #3915, #1254, #736, .T. ) ;
#4306 = ADVANCED_FACE ( 'NONE', ( #3991 ), #4180, .F. ) ;
#4307 = FACE_OUTER_BOUND ( 'NONE', #1524, .T. ) ;
#4308 = CARTESIAN_POINT ( 'NONE',  ( -5.930000000000003268, 3.479999999999999094, -2.000000000000004441 ) ) ;
#4309 = CARTESIAN_POINT ( 'NONE',  ( -0.9300000000000020473, 3.479999999999999094, -2.000000000000004441 ) ) ;
#4310 = DIRECTION ( 'NONE',  ( 0.000000000000000000, 1.000000000000000000, 0.000000000000000000 ) ) ;
#4311 = VERTEX_POINT ( 'NONE', #1617 ) ;
#4312 = CARTESIAN_POINT ( 'NONE',  ( -8.774999999999996803, 4.625000000000000888, -2.000000000000004441 ) ) ;
#4313 = CARTESIAN_POINT ( 'NONE',  ( 6.569999999999997620, 3.479999999999999982, -5.050000000000007816 ) ) ;
#4314 = ORIENTED_EDGE ( 'NONE', *, *, #3833, .F. ) ;
#4315 = PLANE ( 'NONE',  #3446 ) ;
#4316 = ADVANCED_FACE ( 'NONE', ( #1189 ), #2745, .F. ) ;
#4317 = VERTEX_POINT ( 'NONE', #5304 ) ;
#4318 = EDGE_CURVE ( 'NONE', #4317, #284, #5359, .T. ) ;
#4319 = VERTEX_POINT ( 'NONE', #1915 ) ;
#4320 = FACE_OUTER_BOUND ( 'NONE', #2735, .T. ) ;
#4321 = VERTEX_POINT ( 'NONE', #2717 ) ;
#4322 = PLANE ( 'NONE',  #1592 ) ;
#4323 = ORIENTED_EDGE ( 'NONE', *, *, #5048, .T. ) ;
#4324 = DIRECTION ( 'NONE',  ( 0.000000000000000000, -0.000000000000000000, 1.000000000000000000 ) ) ;
#4325 = DIRECTION ( 'NONE',  ( 1.000000000000000000, 0.000000000000000000, 0.000000000000000000 ) ) ;
#4326 = DIRECTION ( 'NONE',  ( 0.000000000000000000, 1.000000000000000000, -1.084202172485504040E-15 ) ) ;
#4327 = VECTOR ( 'NONE', #1535, 1000.000000000000000 ) ;
#4328 = DIRECTION ( 'NONE',  ( 1.000000000000000000, 0.000000000000000000, 0.000000000000000000 ) ) ;
#4329 = FACE_OUTER_BOUND ( 'NONE', #2035, .T. ) ;
#4330 = ORIENTED_EDGE ( 'NONE', *, *, #4668, .T. ) ;
#4331 = CARTESIAN_POINT ( 'NONE',  ( -6.570000000000002949, 0.1249999999999992506, -2.625000000000004441 ) ) ;
#4332 = LINE ( 'NONE', #3490, #4838 ) ;
#4333 = LINE ( 'NONE', #1696, #997 ) ;
#4334 = VECTOR ( 'NONE', #598, 1000.000000000000000 ) ;
#4335 = PLANE ( 'NONE',  #3633 ) ;
#4336 = VECTOR ( 'NONE', #784, 1000.000000000000000 ) ;
#4337 = CARTESIAN_POINT ( 'NONE',  ( 5.929999999999997939, 0.000000000000000000, -2.625000000000004441 ) ) ;
#4338 = EDGE_LOOP ( 'NONE', ( #1968, #1981, #5093, #5297 ) ) ;
#4339 = DIRECTION ( 'NONE',  ( -0.000000000000000000, -1.000000000000000000, -0.000000000000000000 ) ) ;
#4340 = DIRECTION ( 'NONE',  ( 0.000000000000000000, 1.000000000000000000, -0.000000000000000000 ) ) ;
#4341 = DIRECTION ( 'NONE',  ( 0.000000000000000000, -1.000000000000000000, 0.000000000000000000 ) ) ;
#4342 = ORIENTED_EDGE ( 'NONE', *, *, #3985, .F. ) ;
#4343 = EDGE_CURVE ( 'NONE', #3948, #266, #4444, .T. ) ;
#4344 = VERTEX_POINT ( 'NONE', #1888 ) ;
#4345 = CARTESIAN_POINT ( 'NONE',  ( 5.299999999999997158, 5.325000000000001954, 0.3499999999999952593 ) ) ;
#4346 = EDGE_CURVE ( 'NONE', #5316, #2062, #3626, .T. ) ;
#4347 = ORIENTED_EDGE ( 'NONE', *, *, #2320, .F. ) ;
#4348 = ORIENTED_EDGE ( 'NONE', *, *, #3032, .F. ) ;
#4349 = VECTOR ( 'NONE', #2940, 1000.000000000000000 ) ;
#4350 = LINE ( 'NONE', #56, #752 ) ;
#4351 =( LENGTH_UNIT ( ) NAMED_UNIT ( * ) SI_UNIT ( .MILLI., .METRE. ) );
#4352 = DIRECTION ( 'NONE',  ( 0.000000000000000000, 3.771137991253929066E-16, -1.000000000000000000 ) ) ;
#4353 = DIRECTION ( 'NONE',  ( 0.000000000000000000, 1.000000000000000000, 0.000000000000000000 ) ) ;
#4354 = DIRECTION ( 'NONE',  ( 0.000000000000000000, 0.000000000000000000, 1.000000000000000000 ) ) ;
#4355 = EDGE_LOOP ( 'NONE', ( #4917, #565, #3859, #451, #2982, #3963, #5263 ) ) ;
#4356 = FACE_OUTER_BOUND ( 'NONE', #94, .T. ) ;
#4357 = CARTESIAN_POINT ( 'NONE',  ( 1.569999999999997620, 0.4099999999999989209, -2.000000000000004441 ) ) ;
#4358 = UNCERTAINTY_MEASURE_WITH_UNIT (LENGTH_MEASURE( 1.000000000000000082E-05 ), #1616, 'distance_accuracy_value', 'NONE');
#4359 = DIRECTION ( 'NONE',  ( 0.5000000000000034417, 0.000000000000000000, 0.8660254037844367092 ) ) ;
#4360 = PLANE ( 'NONE',  #1570 ) ;
#4361 = LINE ( 'NONE', #3065, #3617 ) ;
#4362 = VERTEX_POINT ( 'NONE', #3812 ) ;
#4363 = LINE ( 'NONE', #135, #2054 ) ;
#4364 = CARTESIAN_POINT ( 'NONE',  ( 7.624999999999996447, 0.000000000000000000, -2.825000000000005063 ) ) ;
#4365 = ORIENTED_EDGE ( 'NONE', *, *, #2682, .T. ) ;
#4366 = CARTESIAN_POINT ( 'NONE',  ( 1.569999999999997620, 0.1249999999999992506, -2.000000000000004441 ) ) ;
#4367 = ADVANCED_FACE ( 'NONE', ( #3414 ), #340, .F. ) ;
#4368 = ORIENTED_EDGE ( 'NONE', *, *, #2138, .F. ) ;
#4369 = VECTOR ( 'NONE', #4274, 1000.000000000000000 ) ;
#4370 = ORIENTED_EDGE ( 'NONE', *, *, #481, .F. ) ;
#4371 = VERTEX_POINT ( 'NONE', #3359 ) ;
#4372 = CARTESIAN_POINT ( 'NONE',  ( 6.569999999999997620, 1.165000000000000036, -6.090000000000007851 ) ) ;
#4373 = ORIENTED_EDGE ( 'NONE', *, *, #761, .F. ) ;
#4374 = CARTESIAN_POINT ( 'NONE',  ( 4.069999999999997620, 0.1249999999999992506, -2.000000000000004441 ) ) ;
#4375 = EDGE_CURVE ( 'NONE', #4676, #1399, #2512, .T. ) ;
#4376 = AXIS2_PLACEMENT_3D ( 'NONE', #2185, #3905, #3506 ) ;
#4377 = EDGE_CURVE ( 'NONE', #4119, #2122, #424, .T. ) ;
#4378 = VECTOR ( 'NONE', #1137, 1000.000000000000000 ) ;
#4379 = ORIENTED_EDGE ( 'NONE', *, *, #4689, .T. ) ;
#4380 = LINE ( 'NONE', #1765, #3546 ) ;
#4381 =( NAMED_UNIT ( * ) PLANE_ANGLE_UNIT ( ) SI_UNIT ( $, .RADIAN. ) );
#4382 = PLANE ( 'NONE',  #3702 ) ;
#4383 = EDGE_CURVE ( 'NONE', #3096, #4140, #5206, .T. ) ;
#4384 = CARTESIAN_POINT ( 'NONE',  ( -6.574999999999996625, 0.03531900772834901253, 4.210000000000014175 ) ) ;
#4385 = LINE ( 'NONE', #5241, #587 ) ;
#4386 = ORIENTED_EDGE ( 'NONE', *, *, #229, .F. ) ;
#4387 = CARTESIAN_POINT ( 'NONE',  ( 19.86055906122973980, 4.325000000000001066, 4.999999999999996447 ) ) ;
#4388 = CARTESIAN_POINT ( 'NONE',  ( -9.499999999999998224, 0.1249999999999991396, 1.099999999999996758 ) ) ;
#4389 = CARTESIAN_POINT ( 'NONE',  ( -6.749999999999997335, 6.125000000000000000, 2.316596043929708859 ) ) ;
#4390 = FACE_OUTER_BOUND ( 'NONE', #2189, .T. ) ;
#4391 = DIRECTION ( 'NONE',  ( 0.000000000000000000, -1.000000000000000000, -1.247005693593550945E-16 ) ) ;
#4392 = EDGE_LOOP ( 'NONE', ( #796, #3247, #2787, #1679 ) ) ;
#4393 = CARTESIAN_POINT ( 'NONE',  ( -3.430000000000002380, 0.1249999999999992506, -2.000000000000004441 ) ) ;
#4394 = DIRECTION ( 'NONE',  ( 0.000000000000000000, 0.000000000000000000, -1.000000000000000000 ) ) ;
#4395 = CARTESIAN_POINT ( 'NONE',  ( 9.999999999999996447, 2.974999999999999201, 4.099999999999996092 ) ) ;
#4396 = EDGE_CURVE ( 'NONE', #115, #2381, #2542, .T. ) ;
#4397 = ORIENTED_EDGE ( 'NONE', *, *, #1237, .F. ) ;
#4398 = ORIENTED_EDGE ( 'NONE', *, *, #4809, .T. ) ;
#4399 = ORIENTED_EDGE ( 'NONE', *, *, #1072, .F. ) ;
#4400 = DIRECTION ( 'NONE',  ( -1.000000000000000000, 0.000000000000000000, 0.000000000000000000 ) ) ;
#4401 = ORIENTED_EDGE ( 'NONE', *, *, #2346, .T. ) ;
#4402 = VERTEX_POINT ( 'NONE', #4238 ) ;
#4403 = ADVANCED_FACE ( 'NONE', ( #366 ), #4322, .F. ) ;
#4404 = EDGE_CURVE ( 'NONE', #1939, #2791, #2066, .T. ) ;
#4405 = ORIENTED_EDGE ( 'NONE', *, *, #5498, .T. ) ;
#4406 = CARTESIAN_POINT ( 'NONE',  ( -5.299999999999997158, 0.03531900772834901253, 0.3499999999999952593 ) ) ;
#4407 = VECTOR ( 'NONE', #153, 1000.000000000000000 ) ;
#4408 = SURFACE_STYLE_USAGE ( .BOTH. , #428 ) ;
#4409 = CARTESIAN_POINT ( 'NONE',  ( -6.570000000000002949, 4.120000000000000107, -0.5000000000000038858 ) ) ;
#4410 = EDGE_CURVE ( 'NONE', #1756, #1468, #1732, .T. ) ;
#4411 = ADVANCED_FACE ( 'NONE', ( #3390 ), #5527, .F. ) ;
#4412 = CARTESIAN_POINT ( 'NONE',  ( -5.930000000000003268, 0.1249999999999992506, -2.000000000000004441 ) ) ;
#4413 = ORIENTED_EDGE ( 'NONE', *, *, #3899, .F. ) ;
#4414 = FACE_OUTER_BOUND ( 'NONE', #2881, .T. ) ;
#4415 = EDGE_CURVE ( 'NONE', #171, #4724, #4266, .T. ) ;
#4416 = DIRECTION ( 'NONE',  ( -0.7071067811865436870, 0.000000000000000000, 0.7071067811865513475 ) ) ;
#4417 = CARTESIAN_POINT ( 'NONE',  ( -6.574999999999996625, 6.125000000000000000, 4.210000000000014175 ) ) ;
#4418 = AXIS2_PLACEMENT_3D ( 'NONE', #1151, #4081, #212 ) ;
#4419 = VECTOR ( 'NONE', #5279, 1000.000000000000000 ) ;
#4420 = EDGE_CURVE ( 'NONE', #4463, #5185, #3471, .T. ) ;
#4421 = DIRECTION ( 'NONE',  ( -0.000000000000000000, 0.000000000000000000, 1.000000000000000000 ) ) ;
#4422 = CARTESIAN_POINT ( 'NONE',  ( 8.774999999999996803, 6.125000000000000000, 4.999999999999995559 ) ) ;
#4423 = ORIENTED_EDGE ( 'NONE', *, *, #90, .F. ) ;
#4424 = CARTESIAN_POINT ( 'NONE',  ( 6.569999999999997620, 0.1249999999999998890, -6.090000000000007851 ) ) ;
#4425 = DIRECTION ( 'NONE',  ( -0.000000000000000000, 1.000000000000000000, -0.000000000000000000 ) ) ;
#4426 = CARTESIAN_POINT ( 'NONE',  ( 9.499999999999998224, 0.1249999999999991396, 1.099999999999996758 ) ) ;
#4427 = VECTOR ( 'NONE', #2577, 1000.000000000000000 ) ;
#4428 = ORIENTED_EDGE ( 'NONE', *, *, #5259, .T. ) ;
#4429 = VECTOR ( 'NONE', #1236, 1000.000000000000000 ) ;
#4430 = AXIS2_PLACEMENT_3D ( 'NONE', #3966, #4359, #5281 ) ;
#4431 = VERTEX_POINT ( 'NONE', #4789 ) ;
#4432 = EDGE_LOOP ( 'NONE', ( #196, #4233, #2908, #5144 ) ) ;
#4433 = PLANE ( 'NONE',  #5558 ) ;
#4434 = FILL_AREA_STYLE_COLOUR ( '', #4250 ) ;
#4435 = VERTEX_POINT ( 'NONE', #2125 ) ;
#4436 = EDGE_LOOP ( 'NONE', ( #4819, #2152, #3530, #1368 ) ) ;
#4437 = VECTOR ( 'NONE', #5488, 1000.000000000000000 ) ;
#4438 = ORIENTED_EDGE ( 'NONE', *, *, #2545, .F. ) ;
#4439 = CARTESIAN_POINT ( 'NONE',  ( 6.444999999999997620, 4.119999999999999218, 1.649999999999993916 ) ) ;
#4440 = CONTEXT_DEPENDENT_SHAPE_REPRESENTATION ( #5082, #1546 ) ;
#4441 = CARTESIAN_POINT ( 'NONE',  ( -0.9300000000000020473, 0.4099999999999990319, -2.825000000000005063 ) ) ;
#4442 = ADVANCED_FACE ( 'NONE', ( #2488 ), #1649, .F. ) ;
#4443 = VECTOR ( 'NONE', #1322, 999.9999999999998863 ) ;
#4444 = LINE ( 'NONE', #2299, #1686 ) ;
#4445 = VERTEX_POINT ( 'NONE', #2096 ) ;
#4446 = CARTESIAN_POINT ( 'NONE',  ( -0.9300000000000020473, 4.120000000000000107, -2.000000000000004441 ) ) ;
#4447 = CARTESIAN_POINT ( 'NONE',  ( 3.429999999999997939, 4.624999999999999112, -2.000000000000005329 ) ) ;
#4448 = CARTESIAN_POINT ( 'NONE',  ( 5.929999999999997939, 0.7650000000000000133, -7.706565322568174281 ) ) ;
#4449 = VECTOR ( 'NONE', #2131, 1000.000000000000000 ) ;
#4450 = EDGE_CURVE ( 'NONE', #950, #2365, #2150, .T. ) ;
#4451 = EDGE_CURVE ( 'NONE', #2069, #4030, #3844, .T. ) ;
#4452 = VECTOR ( 'NONE', #4107, 1000.000000000000000 ) ;
#4453 = LINE ( 'NONE', #5283, #123 ) ;
#4454 = DIRECTION ( 'NONE',  ( -0.000000000000000000, 1.000000000000000000, 1.247005693593550945E-16 ) ) ;
#4455 = ORIENTED_EDGE ( 'NONE', *, *, #3660, .F. ) ;
#4456 = CARTESIAN_POINT ( 'NONE',  ( -4.070000000000002061, 4.120000000000000107, -0.5000000000000038858 ) ) ;
#4457 = CARTESIAN_POINT ( 'NONE',  ( -9.999999999999996447, 0.1249999999999997363, -0.5000000000000038858 ) ) ;
#4458 = CARTESIAN_POINT ( 'NONE',  ( 19.86055906122973980, 4.120000000000000107, -2.000000000000004441 ) ) ;
#4459 = EDGE_CURVE ( 'NONE', #1632, #4226, #4700, .T. ) ;
#4460 = EDGE_LOOP ( 'NONE', ( #5096, #2196, #375, #2621 ) ) ;
#4461 = MANIFOLD_SOLID_BREP ( 'Boss-Extrude3', #459 ) ;
#4462 = ORIENTED_EDGE ( 'NONE', *, *, #759, .F. ) ;
#4463 = VERTEX_POINT ( 'NONE', #3187 ) ;
#4464 = DIRECTION ( 'NONE',  ( -1.000000000000000000, 0.000000000000000000, 0.000000000000000000 ) ) ;
#4465 = PLANE ( 'NONE',  #638 ) ;
#4466 = VERTEX_POINT ( 'NONE', #3158 ) ;
#4467 = AXIS2_PLACEMENT_3D ( 'NONE', #3929, #4823, #881 ) ;
#4468 = MANIFOLD_SOLID_BREP ( 'Mirror1[2]', #2 ) ;
#4469 = ORIENTED_EDGE ( 'NONE', *, *, #4072, .F. ) ;
#4470 = PLANE ( 'NONE',  #5002 ) ;
#4471 = AXIS2_PLACEMENT_3D ( 'NONE', #4079, #1967, #2388 ) ;
#4472 = LINE ( 'NONE', #1332, #2440 ) ;
#4473 = VECTOR ( 'NONE', #2991, 1000.000000000000000 ) ;
#4474 = PRODUCT ( 'S6B-XH-SM4-TB-LFSN', 'S6B-XH-SM4-TB-LFSN', '', ( #3192 ) ) ;
#4475 = DIRECTION ( 'NONE',  ( 0.000000000000000000, -0.000000000000000000, 1.000000000000000000 ) ) ;
#4476 = VERTEX_POINT ( 'NONE', #1707 ) ;
#4477 = VECTOR ( 'NONE', #3353, 1000.000000000000000 ) ;
#4478 = CARTESIAN_POINT ( 'NONE',  ( 9.049999999999997158, 2.974999999999999201, 4.769247601426241268 ) ) ;
#4479 = DIRECTION ( 'NONE',  ( -0.000000000000000000, 1.000000000000000000, -0.000000000000000000 ) ) ;
#4480 = LINE ( 'NONE', #2721, #5532 ) ;
#4481 = VECTOR ( 'NONE', #3304, 1000.000000000000114 ) ;
#4482 = EDGE_CURVE ( 'NONE', #158, #3190, #1416, .T. ) ;
#4483 = EDGE_CURVE ( 'NONE', #4843, #2051, #4040, .T. ) ;
#4484 = PLANE ( 'NONE',  #1569 ) ;
#4485 = CARTESIAN_POINT ( 'NONE',  ( -0.7299999999999997602, 0.1249999999999992506, -2.825000000000004619 ) ) ;
#4486 = ORIENTED_EDGE ( 'NONE', *, *, #4825, .T. ) ;
#4487 = FACE_OUTER_BOUND ( 'NONE', #748, .T. ) ;
#4488 = CARTESIAN_POINT ( 'NONE',  ( 5.929999999999997939, 3.479999999999999982, -5.050000000000007816 ) ) ;
#4489 = DIRECTION ( 'NONE',  ( -0.000000000000000000, 0.7071067811865513475, 0.7071067811865437980 ) ) ;
#4490 = ORIENTED_EDGE ( 'NONE', *, *, #1447, .F. ) ;
#4491 = VECTOR ( 'NONE', #1700, 1000.000000000000000 ) ;
#4492 = ORIENTED_EDGE ( 'NONE', *, *, #5545, .F. ) ;
#4493 = ORIENTED_EDGE ( 'NONE', *, *, #2243, .F. ) ;
#4494 = EDGE_CURVE ( 'NONE', #616, #4230, #2651, .T. ) ;
#4495 = CARTESIAN_POINT ( 'NONE',  ( 9.999999999999996447, 0.1249999999999997363, -0.5000000000000038858 ) ) ;
#4496 = EDGE_CURVE ( 'NONE', #2427, #4754, #927, .T. ) ;
#4497 = CARTESIAN_POINT ( 'NONE',  ( -8.024999999999993250, 5.325000000000000178, -0.5000000000000038858 ) ) ;
#4498 = ORIENTED_EDGE ( 'NONE', *, *, #5182, .T. ) ;
#4499 = EDGE_CURVE ( 'NONE', #2993, #4476, #1356, .T. ) ;
#4500 = ORIENTED_EDGE ( 'NONE', *, *, #2758, .T. ) ;
#4501 = FACE_OUTER_BOUND ( 'NONE', #2534, .T. ) ;
#4502 = ORIENTED_EDGE ( 'NONE', *, *, #3039, .F. ) ;
#4503 = CARTESIAN_POINT ( 'NONE',  ( 4.069999999999997620, 0.4099999999999989209, -2.000000000000004441 ) ) ;
#4504 = ITEM_DEFINED_TRANSFORMATION ( 'NONE', 'NONE', #4467,  #671 ) ;
#4505 = DIRECTION ( 'NONE',  ( 0.000000000000000000, -1.000000000000000000, 0.000000000000000000 ) ) ;
#4506 = ORIENTED_EDGE ( 'NONE', *, *, #3239, .T. ) ;
#4507 = DIRECTION ( 'NONE',  ( 0.000000000000000000, 1.000000000000000000, 0.000000000000000000 ) ) ;
#4508 = DIRECTION ( 'NONE',  ( 0.000000000000000000, 0.000000000000000000, 1.000000000000000000 ) ) ;
#4509 = CARTESIAN_POINT ( 'NONE',  ( -8.774999999999996803, 0.1249999999999997363, -0.5000000000000038858 ) ) ;
#4510 = AXIS2_PLACEMENT_3D ( 'NONE', #1661, #1742, #1252 ) ;
#4511 = LINE ( 'NONE', #633, #315 ) ;
#4512 = DIRECTION ( 'NONE',  ( 0.000000000000000000, -1.247005693593550945E-16, 1.000000000000000000 ) ) ;
#4513 = ORIENTED_EDGE ( 'NONE', *, *, #1311, .F. ) ;
#4514 = DIRECTION ( 'NONE',  ( -0.000000000000000000, 1.000000000000000000, 3.771137991253929066E-16 ) ) ;
#4515 = DIRECTION ( 'NONE',  ( 0.000000000000000000, 1.000000000000000000, -2.710505431213761085E-15 ) ) ;
#4516 = DIRECTION ( 'NONE',  ( 0.000000000000000000, -1.091181084403578030E-16, 1.000000000000000000 ) ) ;
#4517 = ORIENTED_EDGE ( 'NONE', *, *, #2593, .T. ) ;
#4518 = DIRECTION ( 'NONE',  ( 0.000000000000000000, 1.000000000000000000, -0.000000000000000000 ) ) ;
#4519 = ORIENTED_EDGE ( 'NONE', *, *, #654, .T. ) ;
#4520 = CARTESIAN_POINT ( 'NONE',  ( 7.624999999999996447, 0.1250000000000001110, -2.825000000000005063 ) ) ;
#4521 = VECTOR ( 'NONE', #2273, 1000.000000000000000 ) ;
#4522 = CARTESIAN_POINT ( 'NONE',  ( -4.070000000000002061, 0.1249999999999992506, -2.000000000000004441 ) ) ;
#4523 = VECTOR ( 'NONE', #5491, 999.9999999999998863 ) ;
#4524 = VECTOR ( 'NONE', #4952, 1000.000000000000000 ) ;
#4525 = ADVANCED_FACE ( 'NONE', ( #52 ), #4465, .T. ) ;
#4526 = VECTOR ( 'NONE', #603, 1000.000000000000000 ) ;
#4527 = EDGE_CURVE ( 'NONE', #4765, #3814, #2265, .T. ) ;
#4528 = MANIFOLD_SOLID_BREP ( 'LPattern1', #2801 ) ;
#4529 = EDGE_LOOP ( 'NONE', ( #4386, #691, #1128, #5072, #1772, #4930, #3866, #476, #2681, #1759, #453, #387, #877, #3111, #3556, #758, #3078, #1581, #5474, #3921, #594, #3238, #2329, #4947 ) ) ;
#4530 = LINE ( 'NONE', #650, #358 ) ;
#4531 = VECTOR ( 'NONE', #693, 1000.000000000000000 ) ;
#4532 = LINE ( 'NONE', #651, #4635 ) ;
#4533 = VERTEX_POINT ( 'NONE', #4497 ) ;
#4534 = CARTESIAN_POINT ( 'NONE',  ( 19.86055906122973980, 6.125000000000000000, -2.000000000000004441 ) ) ;
#4535 = EDGE_CURVE ( 'NONE', #4759, #5445, #479, .T. ) ;
#4536 = ORIENTED_EDGE ( 'NONE', *, *, #5170, .T. ) ;
#4537 = LINE ( 'NONE', #205, #3612 ) ;
#4538 = FACE_OUTER_BOUND ( 'NONE', #4873, .T. ) ;
#4539 = CARTESIAN_POINT ( 'NONE',  ( 1.569999999999997620, 3.479999999999999982, -0.5000000000000038858 ) ) ;
#4540 = VECTOR ( 'NONE', #1438, 1000.000000000000000 ) ;
#4541 = CARTESIAN_POINT ( 'NONE',  ( 6.574999999999997513, 6.125000000000000000, 4.410000000000013465 ) ) ;
#4542 = LINE ( 'NONE', #4888, #3659 ) ;
#4543 = ORIENTED_EDGE ( 'NONE', *, *, #1111, .T. ) ;
#4544 = LINE ( 'NONE', #665, #3422 ) ;
#4545 = CARTESIAN_POINT ( 'NONE',  ( 9.049999999999997158, 2.974999999999999201, 4.769247601426241268 ) ) ;
#4546 = DIRECTION ( 'NONE',  ( 1.000000000000000000, 0.000000000000000000, 0.000000000000000000 ) ) ;
#4547 = VECTOR ( 'NONE', #984, 1000.000000000000000 ) ;
#4548 = ORIENTED_EDGE ( 'NONE', *, *, #897, .F. ) ;
#4549 = VECTOR ( 'NONE', #870, 1000.000000000000000 ) ;
#4550 = FACE_OUTER_BOUND ( 'NONE', #952, .T. ) ;
#4551 = ORIENTED_EDGE ( 'NONE', *, *, #3474, .T. ) ;
#4552 = CARTESIAN_POINT ( 'NONE',  ( 19.86055906122973980, 4.625000000000000888, -2.000000000000004441 ) ) ;
#4553 = DIRECTION ( 'NONE',  ( -0.6427876096865408062, -9.552617821150653028E-17, 0.7660444431189767922 ) ) ;
#4554 = ORIENTED_EDGE ( 'NONE', *, *, #714, .T. ) ;
#4555 = VECTOR ( 'NONE', #2988, 1000.000000000000000 ) ;
#4556 = ORIENTED_EDGE ( 'NONE', *, *, #962, .F. ) ;
#4557 = DIRECTION ( 'NONE',  ( -1.000000000000000000, -0.000000000000000000, -0.000000000000000000 ) ) ;
#4558 = EDGE_CURVE ( 'NONE', #1039, #5033, #3272, .T. ) ;
#4559 = CARTESIAN_POINT ( 'NONE',  ( -9.499999999999998224, 2.249999999999999112, 3.849999999999995648 ) ) ;
#4560 = PRODUCT_CONTEXT ( 'NONE', #3881, 'mechanical' ) ;
#4561 =( GEOMETRIC_REPRESENTATION_CONTEXT ( 3 ) GLOBAL_UNCERTAINTY_ASSIGNED_CONTEXT ( ( #1302 ) ) GLOBAL_UNIT_ASSIGNED_CONTEXT ( ( #1223, #2132, #5100 ) ) REPRESENTATION_CONTEXT ( 'NONE', 'WORKASPACE' ) );
#4562 = VECTOR ( 'NONE', #2135, 1000.000000000000227 ) ;
#4563 = VERTEX_POINT ( 'NONE', #5035 ) ;
#4564 = DIRECTION ( 'NONE',  ( -0.000000000000000000, -0.000000000000000000, 1.000000000000000000 ) ) ;
#4565 = EDGE_CURVE ( 'NONE', #2397, #3298, #2848, .T. ) ;
#4566 = DIRECTION ( 'NONE',  ( 0.000000000000000000, -1.000000000000000000, 0.000000000000000000 ) ) ;
#4567 = CARTESIAN_POINT ( 'NONE',  ( -9.049999999999997158, 2.974999999999999201, 4.099999999999996092 ) ) ;
#4568 = VECTOR ( 'NONE', #1760, 1000.000000000000000 ) ;
#4569 = CARTESIAN_POINT ( 'NONE',  ( -8.774999999999996803, 6.125000000000000000, -2.000000000000004441 ) ) ;
#4570 = FACE_OUTER_BOUND ( 'NONE', #664, .T. ) ;
#4571 = ORIENTED_EDGE ( 'NONE', *, *, #1965, .F. ) ;
#4572 = CARTESIAN_POINT ( 'NONE',  ( 6.569999999999997620, 3.479999999999999982, -5.050000000000007816 ) ) ;
#4573 = FACE_OUTER_BOUND ( 'NONE', #3892, .T. ) ;
#4574 = LINE ( 'NONE', #2421, #2287 ) ;
#4575 = VERTEX_POINT ( 'NONE', #1611 ) ;
#4576 = CARTESIAN_POINT ( 'NONE',  ( 19.86055906122973980, 4.625000000000000888, -2.000000000000004441 ) ) ;
#4577 = ORIENTED_EDGE ( 'NONE', *, *, #614, .F. ) ;
#4578 = EDGE_CURVE ( 'NONE', #1583, #3163, #4090, .T. ) ;
#4579 = LINE ( 'NONE', #4141, #49 ) ;
#4580 = LINE ( 'NONE', #2454, #2181 ) ;
#4581 = ORIENTED_EDGE ( 'NONE', *, *, #755, .F. ) ;
#4582 = CARTESIAN_POINT ( 'NONE',  ( 6.749999999999997335, 5.325000000000001066, 2.316596043929709303 ) ) ;
#4583 = ORIENTED_EDGE ( 'NONE', *, *, #5545, .T. ) ;
#4584 = LINE ( 'NONE', #2911, #2750 ) ;
#4585 = PLANE ( 'NONE',  #3183 ) ;
#4586 = EDGE_LOOP ( 'NONE', ( #2042, #2710, #679, #5531, #2509, #3177, #2418, #5044 ) ) ;
#4587 = ORIENTED_EDGE ( 'NONE', *, *, #685, .F. ) ;
#4588 = CARTESIAN_POINT ( 'NONE',  ( 0.000000000000000000, 0.4099999999999990319, 4.999999999999997335 ) ) ;
#4589 = CARTESIAN_POINT ( 'NONE',  ( 19.86055906122973980, 3.479999999999999982, -2.000000000000004441 ) ) ;
#4590 = DIRECTION ( 'NONE',  ( 0.000000000000000000, 0.000000000000000000, 1.000000000000000000 ) ) ;
#4591 = EDGE_CURVE ( 'NONE', #4140, #1211, #5435, .T. ) ;
#4592 = EDGE_CURVE ( 'NONE', #1821, #2849, #4604, .T. ) ;
#4593 = EDGE_CURVE ( 'NONE', #1923, #3049, #729, .T. ) ;
#4594 = CARTESIAN_POINT ( 'NONE',  ( -5.805555555555552694, 5.325000000000001954, 0.1314893284522495875 ) ) ;
#4595 = LINE ( 'NONE', #716, #221 ) ;
#4596 = ORIENTED_EDGE ( 'NONE', *, *, #4106, .T. ) ;
#4597 = CARTESIAN_POINT ( 'NONE',  ( 9.049999999999997158, 0.000000000000000000, 0.000000000000000000 ) ) ;
#4598 = CARTESIAN_POINT ( 'NONE',  ( 9.499999999999998224, 2.499999999999999556, 4.099999999999996092 ) ) ;
#4599 = FACE_OUTER_BOUND ( 'NONE', #4897, .T. ) ;
#4600 = EDGE_CURVE ( 'NONE', #2479, #1276, #4580, .T. ) ;
#4601 = DIRECTION ( 'NONE',  ( -0.000000000000000000, 1.000000000000000000, 0.000000000000000000 ) ) ;
#4602 = ORIENTED_EDGE ( 'NONE', *, *, #4211, .T. ) ;
#4603 = LINE ( 'NONE', #1955, #1045 ) ;
#4604 = LINE ( 'NONE', #2768, #4615 ) ;
#4605 = ORIENTED_EDGE ( 'NONE', *, *, #656, .T. ) ;
#4606 = VERTEX_POINT ( 'NONE', #3725 ) ;
#4607 = VECTOR ( 'NONE', #347, 1000.000000000000000 ) ;
#4608 = VERTEX_POINT ( 'NONE', #4979 ) ;
#4609 = LINE ( 'NONE', #2877, #1507 ) ;
#4610 = ORIENTED_EDGE ( 'NONE', *, *, #4816, .T. ) ;
#4611 = DIRECTION ( 'NONE',  ( -1.000000000000000000, -0.000000000000000000, -0.000000000000000000 ) ) ;
#4612 = CARTESIAN_POINT ( 'NONE',  ( -6.574999999999996625, 6.125000000000000000, 4.210000000000014175 ) ) ;
#4613 = VECTOR ( 'NONE', #3579, 1000.000000000000000 ) ;
#4614 = AXIS2_PLACEMENT_3D ( 'NONE', #1495, #696, #4975 ) ;
#4615 = VECTOR ( 'NONE', #1499, 1000.000000000000000 ) ;
#4616 = ORIENTED_EDGE ( 'NONE', *, *, #3483, .F. ) ;
#4617 = PRODUCT_DEFINITION_SHAPE ( 'NONE', 'NONE',  #2034 ) ;
#4618 = ORIENTED_EDGE ( 'NONE', *, *, #4499, .T. ) ;
#4619 = CARTESIAN_POINT ( 'NONE',  ( -8.774999999999996803, 5.325000000000001066, 2.699999999999996625 ) ) ;
#4620 = EDGE_CURVE ( 'NONE', #854, #4214, #246, .T. ) ;
#4621 = FILL_AREA_STYLE_COLOUR ( '', #3830 ) ;
#4622 = DIRECTION ( 'NONE',  ( -0.000000000000000000, -0.000000000000000000, 1.000000000000000000 ) ) ;
#4623 = LINE ( 'NONE', #379, #2795 ) ;
#4624 = CARTESIAN_POINT ( 'NONE',  ( 6.242003161059542116, 10.79630163025915657, 7.687003161059425160 ) ) ;
#4625 = VERTEX_POINT ( 'NONE', #3300 ) ;
#4626 = DIRECTION ( 'NONE',  ( -1.000000000000000000, 0.000000000000000000, -0.000000000000000000 ) ) ;
#4627 = EDGE_CURVE ( 'NONE', #3511, #2465, #699, .T. ) ;
#4628 = CARTESIAN_POINT ( 'NONE',  ( 0.000000000000000000, 0.4099999999999990319, -2.825000000000005063 ) ) ;
#4629 = CARTESIAN_POINT ( 'NONE',  ( 19.86055906122973980, 6.125000000000000000, -2.000000000000004441 ) ) ;
#4630 = EDGE_CURVE ( 'NONE', #3083, #4119, #306, .T. ) ;
#4631 = ADVANCED_FACE ( 'NONE', ( #4117 ), #646, .F. ) ;
#4632 = AXIS2_PLACEMENT_3D ( 'NONE', #942, #3548, #4421 ) ;
#4633 = DIRECTION ( 'NONE',  ( 0.000000000000000000, -1.000000000000000000, 0.000000000000000000 ) ) ;
#4634 = ORIENTED_EDGE ( 'NONE', *, *, #3927, .F. ) ;
#4635 = VECTOR ( 'NONE', #3045, 1000.000000000000000 ) ;
#4636 = DIRECTION ( 'NONE',  ( -1.000000000000000000, -0.000000000000000000, -0.000000000000000000 ) ) ;
#4637 = CARTESIAN_POINT ( 'NONE',  ( -14.00249930594108783, 0.1849999999999999978, 4.999999999999996447 ) ) ;
#4638 = ADVANCED_FACE ( 'NONE', ( #5407 ), #1526, .T. ) ;
#4639 = ADVANCED_FACE ( 'NONE', ( #1554 ), #5007, .F. ) ;
#4640 = ORIENTED_EDGE ( 'NONE', *, *, #1823, .T. ) ;
#4641 = ORIENTED_EDGE ( 'NONE', *, *, #61, .T. ) ;
#4642 = CARTESIAN_POINT ( 'NONE',  ( 9.049999999999997158, 0.000000000000000000, 1.614999999999998881 ) ) ;
#4643 = EDGE_LOOP ( 'NONE', ( #3317, #4292, #5575, #1901 ) ) ;
#4644 = CARTESIAN_POINT ( 'NONE',  ( 14.00249930594108783, 0.4749999999999999778, 1.429999999999996829 ) ) ;
#4645 = VERTEX_POINT ( 'NONE', #1674 ) ;
#4646 = LINE ( 'NONE', #5473, #2462 ) ;
#4647 = ORIENTED_EDGE ( 'NONE', *, *, #1209, .F. ) ;
#4648 = ORIENTED_EDGE ( 'NONE', *, *, #1064, .T. ) ;
#4649 = FACE_OUTER_BOUND ( 'NONE', #3334, .T. ) ;
#4650 =( NAMED_UNIT ( * ) SI_UNIT ( $, .STERADIAN. ) SOLID_ANGLE_UNIT ( ) );
#4651 = LINE ( 'NONE', #772, #1538 ) ;
#4652 = STYLED_ITEM ( 'NONE', ( #5126 ), #5454 ) ;
#4653 = PLANE ( 'NONE',  #3466 ) ;
#4654 = LINE ( 'NONE', #4624, #2394 ) ;
#4655 = ORIENTED_EDGE ( 'NONE', *, *, #3778, .T. ) ;
#4656 = PLANE ( 'NONE',  #525 ) ;
#4657 = DIRECTION ( 'NONE',  ( -0.000000000000000000, 1.000000000000000000, -0.000000000000000000 ) ) ;
#4658 = CARTESIAN_POINT ( 'NONE',  ( 6.569999999999997620, 0.2499999999999992506, -8.050000000000004263 ) ) ;
#4659 = AXIS2_PLACEMENT_3D ( 'NONE', #4797, #2878, #5012 ) ;
#4660 = EDGE_CURVE ( 'NONE', #1468, #4533, #3383, .T. ) ;
#4661 = LINE ( 'NONE', #4690, #928 ) ;
#4662 = ORIENTED_EDGE ( 'NONE', *, *, #4007, .T. ) ;
#4663 = DIRECTION ( 'NONE',  ( 1.000000000000000000, 0.000000000000000000, -0.000000000000000000 ) ) ;
#4664 = CARTESIAN_POINT ( 'NONE',  ( -14.00249930594108783, 0.000000000000000000, 1.614999999999998881 ) ) ;
#4665 = ORIENTED_EDGE ( 'NONE', *, *, #3758, .T. ) ;
#4666 = VECTOR ( 'NONE', #3805, 1000.000000000000000 ) ;
#4667 = VECTOR ( 'NONE', #5092, 1000.000000000000000 ) ;
#4668 = EDGE_CURVE ( 'NONE', #1303, #2207, #3324, .T. ) ;
#4669 = EDGE_CURVE ( 'NONE', #3096, #1032, #3013, .T. ) ;
#4670 = ORIENTED_EDGE ( 'NONE', *, *, #2920, .F. ) ;
#4671 = CARTESIAN_POINT ( 'NONE',  ( -9.499999999999998224, 0.000000000000000000, 1.614999999999998881 ) ) ;
#4672 = EDGE_CURVE ( 'NONE', #4925, #4706, #4694, .T. ) ;
#4673 = ORIENTED_EDGE ( 'NONE', *, *, #4954, .T. ) ;
#4674 = DIRECTION ( 'NONE',  ( 0.000000000000000000, 0.000000000000000000, 1.000000000000000000 ) ) ;
#4675 = FACE_OUTER_BOUND ( 'NONE', #5352, .T. ) ;
#4676 = VERTEX_POINT ( 'NONE', #4313 ) ;
#4677 = VECTOR ( 'NONE', #3462, 999.9999999999998863 ) ;
#4678 = ORIENTED_EDGE ( 'NONE', *, *, #4905, .F. ) ;
#4679 = VERTEX_POINT ( 'NONE', #847 ) ;
#4680 = DIRECTION ( 'NONE',  ( -0.000000000000000000, 1.000000000000000000, -0.000000000000000000 ) ) ;
#4681 = CARTESIAN_POINT ( 'NONE',  ( 8.774999999999996803, 4.325000000000001066, 4.999999999999996447 ) ) ;
#4682 = CARTESIAN_POINT ( 'NONE',  ( -5.930000000000003268, 3.479999999999999982, -0.5000000000000038858 ) ) ;
#4683 = PLANE ( 'NONE',  #578 ) ;
#4684 = CARTESIAN_POINT ( 'NONE',  ( 4.069999999999997620, 0.1249999999999992506, -2.625000000000004441 ) ) ;
#4685 = EDGE_LOOP ( 'NONE', ( #3355, #3782, #5505, #4942, #3310, #3894, #4548, #2136 ) ) ;
#4686 = CARTESIAN_POINT ( 'NONE',  ( 3.429999999999997939, 4.120000000000000107, -4.400000000000003908 ) ) ;
#4687 = DIRECTION ( 'NONE',  ( -0.000000000000000000, 0.5372996083468247752, 0.8433914458128850544 ) ) ;
#4688 = DIRECTION ( 'NONE',  ( 0.000000000000000000, -1.000000000000000000, -0.000000000000000000 ) ) ;
#4689 = EDGE_CURVE ( 'NONE', #2000, #2882, #277, .T. ) ;
#4690 = CARTESIAN_POINT ( 'NONE',  ( 9.499999999999998224, 0.1849999999999999978, 4.999999999999996447 ) ) ;
#4691 = VERTEX_POINT ( 'NONE', #3889 ) ;
#4692 = CARTESIAN_POINT ( 'NONE',  ( 6.569999999999997620, 3.480000000000000426, -5.690000000000008384 ) ) ;
#4693 = VECTOR ( 'NONE', #2527, 1000.000000000000000 ) ;
#4694 = LINE ( 'NONE', #1643, #4429 ) ;
#4695 = EDGE_CURVE ( 'NONE', #3131, #171, #874, .T. ) ;
#4696 = COLOUR_RGB ( '',0.7960784313725489669, 0.8235294117647058432, 0.9372549019607843146 ) ;
#4697 = ORIENTED_EDGE ( 'NONE', *, *, #5321, .T. ) ;
#4698 = CARTESIAN_POINT ( 'NONE',  ( 0.9299999999999977174, 4.120000000000000107, -0.5000000000000038858 ) ) ;
#4699 = ORIENTED_EDGE ( 'NONE', *, *, #2822, .T. ) ;
#4700 = LINE ( 'NONE', #822, #5024 ) ;
#4701 = ORIENTED_EDGE ( 'NONE', *, *, #1411, .T. ) ;
#4702 = EDGE_CURVE ( 'NONE', #3992, #5316, #442, .T. ) ;
#4703 = VECTOR ( 'NONE', #718, 1000.000000000000000 ) ;
#4704 = EDGE_CURVE ( 'NONE', #3776, #951, #5114, .T. ) ;
#4705 = ORIENTED_EDGE ( 'NONE', *, *, #4415, .T. ) ;
#4706 = VERTEX_POINT ( 'NONE', #757 ) ;
#4707 = DIRECTION ( 'NONE',  ( -1.000000000000000000, 2.351315273210297824E-32, 0.000000000000000000 ) ) ;
#4708 = VECTOR ( 'NONE', #3886, 1000.000000000000000 ) ;
#4709 = CARTESIAN_POINT ( 'NONE',  ( 9.499999999999998224, 2.249999999999999112, 3.849999999999995648 ) ) ;
#4710 = FACE_OUTER_BOUND ( 'NONE', #3077, .T. ) ;
#4711 = EDGE_CURVE ( 'NONE', #1276, #3983, #2481, .T. ) ;
#4712 = CLOSED_SHELL ( 'NONE', ( #1057, #1104, #1619, #2829, #1420, #170, #2212, #5008, #1350, #3653, #4776, #2809, #2484, #2305, #1702, #2770, #4411, #550, #4525, #3367, #1699 ) ) ;
#4713 = VECTOR ( 'NONE', #3684, 1000.000000000000000 ) ;
#4714 = VECTOR ( 'NONE', #1964, 1000.000000000000000 ) ;
#4715 = CARTESIAN_POINT ( 'NONE',  ( -4.270000000000004903, 0.1249999999999992506, -2.825000000000004619 ) ) ;
#4716 = LINE ( 'NONE', #1149, #1953 ) ;
#4717 = EDGE_LOOP ( 'NONE', ( #776, #1242, #5559, #879, #3066, #482, #5219, #1052, #3005, #980, #304, #2511, #4490, #3705, #2045, #1895, #4670, #4874, #5010, #3108, #3104, #4455, #433, #782, #2707, #4640, #1188, #5599 ) ) ;
#4718 = DIRECTION ( 'NONE',  ( -1.000000000000000000, -0.000000000000000000, -0.000000000000000000 ) ) ;
#4719 = FACE_OUTER_BOUND ( 'NONE', #3909, .T. ) ;
#4720 = VECTOR ( 'NONE', #5246, 1000.000000000000000 ) ;
#4721 = CARTESIAN_POINT ( 'NONE',  ( -5.930000000000003268, 4.120000000000000107, -4.400000000000003908 ) ) ;
#4722 = ORIENTED_EDGE ( 'NONE', *, *, #621, .T. ) ;
#4723 = PLANE ( 'NONE',  #3703 ) ;
#4724 = VERTEX_POINT ( 'NONE', #5577 ) ;
#4725 = LINE ( 'NONE', #5113, #3211 ) ;
#4726 = DIRECTION ( 'NONE',  ( 0.000000000000000000, 0.000000000000000000, -1.000000000000000000 ) ) ;
#4727 = VECTOR ( 'NONE', #779, 1000.000000000000000 ) ;
#4728 = VERTEX_POINT ( 'NONE', #3775 ) ;
#4729 = CARTESIAN_POINT ( 'NONE',  ( -5.730000000000000426, 0.4099999999999989209, -2.825000000000004619 ) ) ;
#4730 = ORIENTED_EDGE ( 'NONE', *, *, #1835, .T. ) ;
#4731 = DIRECTION ( 'NONE',  ( 0.7071067811865513475, 0.000000000000000000, -0.7071067811865436870 ) ) ;
#4732 = AXIS2_PLACEMENT_3D ( 'NONE', #3987, #2599, #4324 ) ;
#4733 = ADVANCED_FACE ( 'NONE', ( #2985 ), #3354, .F. ) ;
#4734 = ORIENTED_EDGE ( 'NONE', *, *, #3625, .F. ) ;
#4735 = ORIENTED_EDGE ( 'NONE', *, *, #4660, .T. ) ;
#4736 = CARTESIAN_POINT ( 'NONE',  ( 5.929999999999997939, 0.000000000000000000, -2.000000000000004441 ) ) ;
#4737 =( NAMED_UNIT ( * ) SI_UNIT ( $, .STERADIAN. ) SOLID_ANGLE_UNIT ( ) );
#4738 = DIRECTION ( 'NONE',  ( 0.000000000000000000, -0.000000000000000000, -1.000000000000000000 ) ) ;
#4739 = VECTOR ( 'NONE', #2792, 1000.000000000000000 ) ;
#4740 = ADVANCED_FACE ( 'NONE', ( #1207 ), #2564, .T. ) ;
#4741 = EDGE_CURVE ( 'NONE', #3557, #4344, #2932, .T. ) ;
#4742 = DIRECTION ( 'NONE',  ( 0.7071067811865436870, 0.000000000000000000, 0.7071067811865513475 ) ) ;
#4743 = DIRECTION ( 'NONE',  ( -0.6447108186924361828, 0.4107260894097992665, 0.6447108186924291884 ) ) ;
#4744 = SHAPE_REPRESENTATION ( 'SxB-XH-SM4-TB_6', ( #671 ), #3109 ) ;
#4745 = ORIENTED_EDGE ( 'NONE', *, *, #4245, .F. ) ;
#4746 = CARTESIAN_POINT ( 'NONE',  ( 9.049999999999997158, 2.249999999999999556, 1.099999999999996758 ) ) ;
#4747 = CARTESIAN_POINT ( 'NONE',  ( 3.429999999999997939, 0.1249999999999992506, -2.000000000000004441 ) ) ;
#4748 = LINE ( 'NONE', #1313, #3990 ) ;
#4749 = AXIS2_PLACEMENT_3D ( 'NONE', #1715, #2109, #3397 ) ;
#4750 = AXIS2_PLACEMENT_3D ( 'NONE', #4709, #832, #3849 ) ;
#4751 = CARTESIAN_POINT ( 'NONE',  ( 1.614999999999980007, 0.4099999999999990319, -4.440000000000003055 ) ) ;
#4752 = AXIS2_PLACEMENT_3D ( 'NONE', #30, #1766, #3479 ) ;
#4753 = CARTESIAN_POINT ( 'NONE',  ( -6.570000000000002949, 4.120000000000000107, -4.400000000000003908 ) ) ;
#4754 = VERTEX_POINT ( 'NONE', #419 ) ;
#4755 = FACE_OUTER_BOUND ( 'NONE', #184, .T. ) ;
#4756 = DIRECTION ( 'NONE',  ( -1.000000000000000000, 0.000000000000000000, 0.000000000000000000 ) ) ;
#4757 = VECTOR ( 'NONE', #1894, 1000.000000000000000 ) ;
#4758 = AXIS2_PLACEMENT_3D ( 'NONE', #3019, #397, #3897 ) ;
#4759 = VERTEX_POINT ( 'NONE', #362 ) ;
#4760 = AXIS2_PLACEMENT_3D ( 'NONE', #4011, #113, #1853 ) ;
#4761 = LINE ( 'NONE', #2540, #3823 ) ;
#4762 = ORIENTED_EDGE ( 'NONE', *, *, #176, .F. ) ;
#4763 = DIRECTION ( 'NONE',  ( 0.000000000000000000, 1.247005693593550945E-16, -1.000000000000000000 ) ) ;
#4764 = ORIENTED_EDGE ( 'NONE', *, *, #4128, .F. ) ;
#4765 = VERTEX_POINT ( 'NONE', #5598 ) ;
#4766 = CARTESIAN_POINT ( 'NONE',  ( -9.499999999999998224, 2.249999999999999556, 1.099999999999996758 ) ) ;
#4767 = DIRECTION ( 'NONE',  ( -0.000000000000000000, -0.000000000000000000, 1.000000000000000000 ) ) ;
#4768 = LINE ( 'NONE', #4796, #4232 ) ;
#4769 = CARTESIAN_POINT ( 'NONE',  ( 19.86055906122973980, 3.479999999999999982, -2.000000000000004441 ) ) ;
#4770 = VERTEX_POINT ( 'NONE', #5550 ) ;
#4771 = CARTESIAN_POINT ( 'NONE',  ( -8.774999999999996803, 0.000000000000000000, 0.000000000000000000 ) ) ;
#4772 = DIRECTION ( 'NONE',  ( 0.000000000000000000, -1.000000000000000000, 0.000000000000000000 ) ) ;
#4773 = DIRECTION ( 'NONE',  ( -0.000000000000000000, 1.000000000000000000, -0.000000000000000000 ) ) ;
#4774 = EDGE_CURVE ( 'NONE', #3915, #1648, #2505, .T. ) ;
#4775 = ADVANCED_FACE ( 'NONE', ( #2959 ), #814, .F. ) ;
#4776 = ADVANCED_FACE ( 'NONE', ( #390 ), #2121, .F. ) ;
#4777 = LINE ( 'NONE', #2056, #2914 ) ;
#4778 = DIRECTION ( 'NONE',  ( -0.000000000000000000, 1.000000000000000000, -0.000000000000000000 ) ) ;
#4779 = EDGE_LOOP ( 'NONE', ( #5202, #1239, #4673, #3645 ) ) ;
#4780 = CARTESIAN_POINT ( 'NONE',  ( -1.570000000000002061, 3.479999999999999982, -0.5000000000000038858 ) ) ;
#4781 = CARTESIAN_POINT ( 'NONE',  ( 19.86055906122973980, 6.125000000000000000, 4.999999999999995559 ) ) ;
#4782 = EDGE_LOOP ( 'NONE', ( #791, #4303, #1418, #1744, #1613 ) ) ;
#4783 = CARTESIAN_POINT ( 'NONE',  ( 6.569999999999997620, 3.479999999999999982, -4.400000000000003908 ) ) ;
#4784 = EDGE_CURVE ( 'NONE', #4466, #4606, #5287, .T. ) ;
#4785 = EDGE_LOOP ( 'NONE', ( #4182, #2680, #4808, #3550 ) ) ;
#4786 = ORIENTED_EDGE ( 'NONE', *, *, #5083, .T. ) ;
#4787 = DIRECTION ( 'NONE',  ( 0.000000000000000000, -0.5372996083468247752, -0.8433914458128850544 ) ) ;
#4788 = VERTEX_POINT ( 'NONE', #2671 ) ;
#4789 = CARTESIAN_POINT ( 'NONE',  ( 6.569999999999997620, 4.625000000000000888, -2.000000000000004441 ) ) ;
#4790 = ORIENTED_EDGE ( 'NONE', *, *, #3515, .T. ) ;
#4791 = DIRECTION ( 'NONE',  ( -0.000000000000000000, 1.000000000000000000, -0.000000000000000000 ) ) ;
#4792 = CARTESIAN_POINT ( 'NONE',  ( 14.00249930594108783, 0.4749999999999999778, 1.429999999999996829 ) ) ;
#4793 = APPLICATION_CONTEXT ( 'automotive_design' ) ;
#4794 = EDGE_CURVE ( 'NONE', #3890, #2111, #3129, .T. ) ;
#4795 = VECTOR ( 'NONE', #1055, 1000.000000000000000 ) ;
#4796 = CARTESIAN_POINT ( 'NONE',  ( 6.041909119780806137, 4.008090880219191909, 1.614033102196978930 ) ) ;
#4797 = CARTESIAN_POINT ( 'NONE',  ( -4.070000000000002061, 4.120000000000000107, -4.400000000000003908 ) ) ;
#4798 = ORIENTED_EDGE ( 'NONE', *, *, #3525, .T. ) ;
#4799 = DIRECTION ( 'NONE',  ( 0.000000000000000000, -1.000000000000000000, -1.247005693593550945E-16 ) ) ;
#4800 = DIRECTION ( 'NONE',  ( -1.000000000000000000, 6.920439398843651749E-17, 0.000000000000000000 ) ) ;
#4801 = CARTESIAN_POINT ( 'NONE',  ( 9.049999999999997158, 2.249999999999999556, 4.999999999999996447 ) ) ;
#4802 = AXIS2_PLACEMENT_3D ( 'NONE', #1701, #2145, #5088 ) ;
#4803 = VECTOR ( 'NONE', #4505, 1000.000000000000000 ) ;
#4804 = EDGE_CURVE ( 'NONE', #3083, #4691, #74, .T. ) ;
#4805 = LINE ( 'NONE', #5337, #1012 ) ;
#4806 = VECTOR ( 'NONE', #4687, 1000.000000000000114 ) ;
#4807 = LINE ( 'NONE', #3126, #4613 ) ;
#4808 = ORIENTED_EDGE ( 'NONE', *, *, #3141, .T. ) ;
#4809 = EDGE_CURVE ( 'NONE', #2428, #3445, #4891, .T. ) ;
#4810 = LINE ( 'NONE', #3581, #4213 ) ;
#4811 = DIRECTION ( 'NONE',  ( 0.000000000000000000, 1.000000000000000000, 0.000000000000000000 ) ) ;
#4812 = CARTESIAN_POINT ( 'NONE',  ( 6.569999999999997620, 0.4099999999999990319, -2.000000000000004441 ) ) ;
#4813 = ORIENTED_EDGE ( 'NONE', *, *, #3901, .F. ) ;
#4814 = EDGE_LOOP ( 'NONE', ( #4132, #4153, #3762, #2964, #4145, #4655, #203, #5231 ) ) ;
#4815 = ORIENTED_EDGE ( 'NONE', *, *, #2487, .T. ) ;
#4816 = EDGE_CURVE ( 'NONE', #1521, #1323, #5313, .T. ) ;
#4817 = PLANE ( 'NONE',  #1859 ) ;
#4818 = EDGE_CURVE ( 'NONE', #2008, #2547, #2285, .T. ) ;
#4819 = ORIENTED_EDGE ( 'NONE', *, *, #3831, .F. ) ;
#4820 = PRESENTATION_STYLE_ASSIGNMENT (( #4012 ) ) ;
#4821 = EDGE_LOOP ( 'NONE', ( #1710, #2945, #5408, #1558 ) ) ;
#4822 = DIRECTION ( 'NONE',  ( 0.000000000000000000, 0.000000000000000000, -1.000000000000000000 ) ) ;
#4823 = DIRECTION ( 'NONE',  ( 0.000000000000000000, 0.000000000000000000, 1.000000000000000000 ) ) ;
#4824 = DIRECTION ( 'NONE',  ( 0.000000000000000000, -1.000000000000000000, 0.000000000000000000 ) ) ;
#4825 = EDGE_CURVE ( 'NONE', #2389, #5401, #3973, .T. ) ;
#4826 = CARTESIAN_POINT ( 'NONE',  ( 6.569999999999997620, 4.120000000000000107, -5.050000000000007816 ) ) ;
#4827 = DIRECTION ( 'NONE',  ( 0.000000000000000000, -0.7071067811865520136, -0.7071067811865431318 ) ) ;
#4828 = ORIENTED_EDGE ( 'NONE', *, *, #2828, .T. ) ;
#4829 = PLANE ( 'NONE',  #4136 ) ;
#4830 = CARTESIAN_POINT ( 'NONE',  ( 0.000000000000000000, 0.4099999999999990319, -2.000000000000004441 ) ) ;
#4831 = DIRECTION ( 'NONE',  ( -1.000000000000000000, 0.000000000000000000, 0.000000000000000000 ) ) ;
#4832 = VECTOR ( 'NONE', #3531, 1000.000000000000000 ) ;
#4833 = DIRECTION ( 'NONE',  ( 0.000000000000000000, 0.000000000000000000, -1.000000000000000000 ) ) ;
#4834 = CARTESIAN_POINT ( 'NONE',  ( 9.999999999999996447, 2.974999999999999645, -0.5000000000000035527 ) ) ;
#4835 = ORIENTED_EDGE ( 'NONE', *, *, #3339, .F. ) ;
#4836 = FACE_OUTER_BOUND ( 'NONE', #635, .T. ) ;
#4837 = DIRECTION ( 'NONE',  ( 0.000000000000000000, -1.000000000000000000, -1.668003342285391797E-16 ) ) ;
#4838 = VECTOR ( 'NONE', #1338, 1000.000000000000000 ) ;
#4839 = DIRECTION ( 'NONE',  ( -1.000000000000000000, 1.495451272393802994E-16, -0.000000000000000000 ) ) ;
#4840 = EDGE_LOOP ( 'NONE', ( #3499, #281, #1442, #2852 ) ) ;
#4841 = ADVANCED_FACE ( 'NONE', ( #3098 ), #894, .F. ) ;
#4842 = VECTOR ( 'NONE', #4566, 1000.000000000000000 ) ;
#4843 = VERTEX_POINT ( 'NONE', #3044 ) ;
#4844 = VECTOR ( 'NONE', #5026, 1000.000000000000000 ) ;
#4845 = ORIENTED_EDGE ( 'NONE', *, *, #1297, .T. ) ;
#4846 = DIRECTION ( 'NONE',  ( -0.000000000000000000, 1.000000000000000000, -0.000000000000000000 ) ) ;
#4847 = PRESENTATION_STYLE_ASSIGNMENT (( #82 ) ) ;
#4848 = ORIENTED_EDGE ( 'NONE', *, *, #4203, .F. ) ;
#4849 = VECTOR ( 'NONE', #177, 1000.000000000000000 ) ;
#4850 = ADVANCED_FACE ( 'NONE', ( #947 ), #107, .F. ) ;
#4851 = EDGE_CURVE ( 'NONE', #3814, #5005, #556, .T. ) ;
#4852 = VERTEX_POINT ( 'NONE', #1437 ) ;
#4853 = CARTESIAN_POINT ( 'NONE',  ( 19.86055906122973980, 4.625000000000000888, -2.000000000000004441 ) ) ;
#4854 = EDGE_LOOP ( 'NONE', ( #4058, #2402, #5176, #5590, #4790, #2574, #4405, #4365, #3809, #1363, #5111, #2880, #147, #1791, #4215, #3088, #5430, #1446, #669, #4697, #4109, #51, #5142, #4730, #1815, #2444, #707, #4197, #3438, #1975, #1819, #5085, #955, #5205, #79, #4908, #1687, #1001, #533, #1800 ) ) ;
#4855 = CARTESIAN_POINT ( 'NONE',  ( -14.00249930594108783, 2.249999999999999556, 4.999999999999996447 ) ) ;
#4856 = CARTESIAN_POINT ( 'NONE',  ( 5.299999999999997158, 6.125000000000000000, 4.999999999999995559 ) ) ;
#4857 = FACE_OUTER_BOUND ( 'NONE', #1167, .T. ) ;
#4858 = ORIENTED_EDGE ( 'NONE', *, *, #1341, .F. ) ;
#4859 = LINE ( 'NONE', #4478, #3687 ) ;
#4860 = LINE ( 'NONE', #4830, #5102 ) ;
#4861 = DIRECTION ( 'NONE',  ( -1.000000000000000000, -0.000000000000000000, -0.000000000000000000 ) ) ;
#4862 = LINE ( 'NONE', #1373, #393 ) ;
#4863 = DIRECTION ( 'NONE',  ( 0.000000000000000000, -1.091181084403578030E-16, 1.000000000000000000 ) ) ;
#4864 = ORIENTED_EDGE ( 'NONE', *, *, #4383, .T. ) ;
#4865 = PLANE ( 'NONE',  #1790 ) ;
#4866 = CARTESIAN_POINT ( 'NONE',  ( -14.00249930594108783, 0.000000000000000000, 4.814999999999998614 ) ) ;
#4867 = CARTESIAN_POINT ( 'NONE',  ( 19.86055906122973980, 4.099417034833817475, -2.825000000000004619 ) ) ;
#4868 = EDGE_CURVE ( 'NONE', #3636, #974, #1754, .T. ) ;
#4869 = ORIENTED_EDGE ( 'NONE', *, *, #3936, .F. ) ;
#4870 = ORIENTED_EDGE ( 'NONE', *, *, #2622, .T. ) ;
#4871 = ORIENTED_EDGE ( 'NONE', *, *, #710, .F. ) ;
#4872 = LINE ( 'NONE', #978, #2314 ) ;
#4873 = EDGE_LOOP ( 'NONE', ( #982, #3290, #1900, #936, #395, #5278, #4368, #1410 ) ) ;
#4874 = ORIENTED_EDGE ( 'NONE', *, *, #2689, .T. ) ;
#4875 = VERTEX_POINT ( 'NONE', #3497 ) ;
#4876 = EDGE_CURVE ( 'NONE', #3188, #2111, #3068, .T. ) ;
#4877 = CARTESIAN_POINT ( 'NONE',  ( 5.929999999999997939, 4.120000000000000107, -5.050000000000007816 ) ) ;
#4878 = LINE ( 'NONE', #1394, #4521 ) ;
#4879 = EDGE_CURVE ( 'NONE', #3926, #5289, #3552, .T. ) ;
#4880 = DIRECTION ( 'NONE',  ( 0.000000000000000000, -1.000000000000000000, -1.247005693593550945E-16 ) ) ;
#4881 = VERTEX_POINT ( 'NONE', #2257 ) ;
#4882 = EDGE_CURVE ( 'NONE', #3325, #4230, #2643, .T. ) ;
#4883 = CARTESIAN_POINT ( 'NONE',  ( -19.86055906122973980, 4.325000000000001066, 1.999999999999996669 ) ) ;
#4884 = CARTESIAN_POINT ( 'NONE',  ( 19.86055906122973980, 6.125000000000000000, 4.999999999999995559 ) ) ;
#4885 = DIRECTION ( 'NONE',  ( 0.000000000000000000, 0.000000000000000000, 1.000000000000000000 ) ) ;
#4886 = AXIS2_PLACEMENT_3D ( 'NONE', #5415, #4680, #2102 ) ;
#4887 = PLANE ( 'NONE',  #3444 ) ;
#4888 = CARTESIAN_POINT ( 'NONE',  ( 9.499999999999998224, 2.249999999999999556, 3.849999999999995648 ) ) ;
#4889 = EDGE_LOOP ( 'NONE', ( #4231, #2987, #4242, #3269 ) ) ;
#4890 = PLANE ( 'NONE',  #1081 ) ;
#4891 = LINE ( 'NONE', #3582, #3 ) ;
#4892 = LINE ( 'NONE', #1005, #1932 ) ;
#4893 = AXIS2_PLACEMENT_3D ( 'NONE', #3165, #5327, #3989 ) ;
#4894 = EDGE_LOOP ( 'NONE', ( #1292, #5553, #105, #2017 ) ) ;
#4895 = VECTOR ( 'NONE', #2167, 1000.000000000000000 ) ;
#4896 = LINE ( 'NONE', #2424, #276 ) ;
#4897 = EDGE_LOOP ( 'NONE', ( #4207, #6, #1954, #734 ) ) ;
#4898 = DIRECTION ( 'NONE',  ( -0.6447108186924361828, 0.4107260894097992665, 0.6447108186924291884 ) ) ;
#4899 =( NAMED_UNIT ( * ) PLANE_ANGLE_UNIT ( ) SI_UNIT ( $, .RADIAN. ) );
#4900 = VERTEX_POINT ( 'NONE', #3151 ) ;
#4901 = CARTESIAN_POINT ( 'NONE',  ( -6.570000000000002949, 0.4099999999999989209, -2.000000000000004441 ) ) ;
#4902 = CARTESIAN_POINT ( 'NONE',  ( 19.86055906122973980, 4.625000000000000888, -2.000000000000004441 ) ) ;
#4903 = VECTOR ( 'NONE', #3094, 1000.000000000000000 ) ;
#4904 = EDGE_CURVE ( 'NONE', #1211, #4563, #1874, .T. ) ;
#4905 = EDGE_CURVE ( 'NONE', #851, #3472, #2729, .T. ) ;
#4906 = AXIS2_PLACEMENT_3D ( 'NONE', #4629, #2368, #4546 ) ;
#4907 = CARTESIAN_POINT ( 'NONE',  ( -4.070000000000003837, 4.625000000000000888, -2.000000000000004441 ) ) ;
#4908 = ORIENTED_EDGE ( 'NONE', *, *, #3484, .T. ) ;
#4909 = CARTESIAN_POINT ( 'NONE',  ( 9.999999999999996447, -0.2250000000000016709, 2.699999999999992628 ) ) ;
#4910 = CARTESIAN_POINT ( 'NONE',  ( 6.569999999999997620, 0.1249999999999998890, -6.090000000000007851 ) ) ;
#4911 = PLANE ( 'NONE',  #2984 ) ;
#4912 = AXIS2_PLACEMENT_3D ( 'NONE', #625, #3623, #1448 ) ;
#4913 = ADVANCED_FACE ( 'NONE', ( #3463 ), #1320, .F. ) ;
#4914 = EDGE_CURVE ( 'NONE', #4030, #1336, #666, .T. ) ;
#4915 = DIRECTION ( 'NONE',  ( 0.000000000000000000, 0.000000000000000000, 1.000000000000000000 ) ) ;
#4916 = LINE ( 'NONE', #1118, #2842 ) ;
#4917 = ORIENTED_EDGE ( 'NONE', *, *, #1768, .T. ) ;
#4918 = LINE ( 'NONE', #3150, #1984 ) ;
#4919 = CARTESIAN_POINT ( 'NONE',  ( -3.430000000000002380, 4.120000000000000107, -2.000000000000004441 ) ) ;
#4920 = DIRECTION ( 'NONE',  ( -1.000000000000000000, 0.000000000000000000, 0.000000000000000000 ) ) ;
#4921 = ORIENTED_EDGE ( 'NONE', *, *, #1111, .F. ) ;
#4922 = EDGE_LOOP ( 'NONE', ( #3846, #2283, #576, #3646 ) ) ;
#4923 = ORIENTED_EDGE ( 'NONE', *, *, #883, .T. ) ;
#4924 = PLANE ( 'NONE',  #1588 ) ;
#4925 = VERTEX_POINT ( 'NONE', #4055 ) ;
#4926 = STYLED_ITEM ( 'NONE', ( #3448 ), #1004 ) ;
#4927 = ORIENTED_EDGE ( 'NONE', *, *, #3032, .T. ) ;
#4928 = FACE_OUTER_BOUND ( 'NONE', #2942, .T. ) ;
#4929 = VECTOR ( 'NONE', #4743, 1000.000000000000000 ) ;
#4930 = ORIENTED_EDGE ( 'NONE', *, *, #3833, .T. ) ;
#4931 = LINE ( 'NONE', #2776, #1637 ) ;
#4932 = PRODUCT_DEFINITION_SHAPE ( 'NONE', 'NONE',  #5611 ) ;
#4933 = ORIENTED_EDGE ( 'NONE', *, *, #4073, .F. ) ;
#4934 = VECTOR ( 'NONE', #1553, 1000.000000000000000 ) ;
#4935 = LINE ( 'NONE', #1986, #452 ) ;
#4936 = EDGE_CURVE ( 'NONE', #4606, #2427, #1948, .T. ) ;
#4937 = CYLINDRICAL_SURFACE ( 'NONE', #2657, 0.7000000000000000666 ) ;
#4938 = CYLINDRICAL_SURFACE ( 'NONE', #728, 0.7000000000000000666 ) ;
#4939 = MECHANICAL_DESIGN_GEOMETRIC_PRESENTATION_REPRESENTATION (  '', ( #3961 ), #4205 ) ;
#4940 = CARTESIAN_POINT ( 'NONE',  ( -6.570000000000002949, 4.120000000000000107, -4.400000000000003908 ) ) ;
#4941 = PLANE ( 'NONE',  #5019 ) ;
#4942 = ORIENTED_EDGE ( 'NONE', *, *, #3385, .F. ) ;
#4943 = PLANE ( 'NONE',  #2971 ) ;
#4944 = CARTESIAN_POINT ( 'NONE',  ( 6.574999999999996625, 6.125000000000000000, 4.210000000000014175 ) ) ;
#4945 = FACE_OUTER_BOUND ( 'NONE', #4271, .T. ) ;
#4946 = EDGE_CURVE ( 'NONE', #425, #554, #2755, .T. ) ;
#4947 = ORIENTED_EDGE ( 'NONE', *, *, #3006, .F. ) ;
#4948 = CIRCLE ( 'NONE', #88, 0.4000000000000001887 ) ;
#4949 = CARTESIAN_POINT ( 'NONE',  ( -8.774999999999996803, 2.974999999999999645, -0.5000000000000035527 ) ) ;
#4950 = EDGE_LOOP ( 'NONE', ( #1587, #1621, #4960, #1011, #2452 ) ) ;
#4951 = DIRECTION ( 'NONE',  ( 0.000000000000000000, -0.000000000000000000, 1.000000000000000000 ) ) ;
#4952 = DIRECTION ( 'NONE',  ( -0.000000000000000000, 1.000000000000000000, -0.000000000000000000 ) ) ;
#4953 = ORIENTED_EDGE ( 'NONE', *, *, #3443, .F. ) ;
#4954 = EDGE_CURVE ( 'NONE', #2849, #5169, #637, .T. ) ;
#4955 = EDGE_LOOP ( 'NONE', ( #4348, #2309, #5464, #1865 ) ) ;
#4956 = DIRECTION ( 'NONE',  ( 4.336808689942025625E-15, 0.000000000000000000, -1.000000000000000000 ) ) ;
#4957 = DIRECTION ( 'NONE',  ( -1.000000000000000000, 1.495451272393802994E-16, 0.000000000000000000 ) ) ;
#4958 = CARTESIAN_POINT ( 'NONE',  ( -8.774999999999996803, 4.325000000000001066, 1.999999999999996669 ) ) ;
#4959 = VECTOR ( 'NONE', #839, 1000.000000000000000 ) ;
#4960 = ORIENTED_EDGE ( 'NONE', *, *, #1761, .F. ) ;
#4961 = CYLINDRICAL_SURFACE ( 'NONE', #4886, 3.000000000000000000 ) ;
#4962 = DIRECTION ( 'NONE',  ( -1.000000000000000000, 0.000000000000000000, -0.000000000000000000 ) ) ;
#4963 = CARTESIAN_POINT ( 'NONE',  ( -8.324999999999999289, 0.6749999999999990452, 1.099999999999996758 ) ) ;
#4964 = VECTOR ( 'NONE', #5217, 1000.000000000000000 ) ;
#4965 = PLANE ( 'NONE',  #5275 ) ;
#4966 = LINE ( 'NONE', #1031, #1131 ) ;
#4967 = ORIENTED_EDGE ( 'NONE', *, *, #378, .F. ) ;
#4968 = CARTESIAN_POINT ( 'NONE',  ( -8.324999999999999289, 0.6749999999999990452, 4.999999999999996447 ) ) ;
#4969 = CARTESIAN_POINT ( 'NONE',  ( 8.274999999999995026, 4.325000000000001066, 4.999999999999996447 ) ) ;
#4970 = LINE ( 'NONE', #4112, #2101 ) ;
#4971 = ORIENTED_EDGE ( 'NONE', *, *, #1768, .F. ) ;
#4972 = VECTOR ( 'NONE', #4718, 1000.000000000000000 ) ;
#4973 = VERTEX_POINT ( 'NONE', #2367 ) ;
#4974 = EDGE_CURVE ( 'NONE', #4563, #226, #5000, .T. ) ;
#4975 = DIRECTION ( 'NONE',  ( -1.000000000000000000, 0.000000000000000000, -0.000000000000000000 ) ) ;
#4976 = ORIENTED_EDGE ( 'NONE', *, *, #414, .T. ) ;
#4977 = CARTESIAN_POINT ( 'NONE',  ( 4.069999999999997620, 0.4099999999999990319, -2.825000000000005063 ) ) ;
#4978 = VECTOR ( 'NONE', #2551, 1000.000000000000000 ) ;
#4979 = CARTESIAN_POINT ( 'NONE',  ( 1.769999999999999796, 0.4099999999999989209, -2.825000000000004619 ) ) ;
#4980 = AXIS2_PLACEMENT_3D ( 'NONE', #243, #4518, #643 ) ;
#4981 = PRESENTATION_LAYER_ASSIGNMENT (  '', '', ( #3793 ) ) ;
#4982 = VECTOR ( 'NONE', #2385, 1000.000000000000000 ) ;
#4983 = EDGE_CURVE ( 'NONE', #5078, #1923, #2868, .T. ) ;
#4984 = EDGE_CURVE ( 'NONE', #970, #1347, #3666, .T. ) ;
#4985 = EDGE_LOOP ( 'NONE', ( #4314, #1597, #785, #3978 ) ) ;
#4986 = LINE ( 'NONE', #1107, #5207 ) ;
#4987 = VECTOR ( 'NONE', #3965, 1000.000000000000000 ) ;
#4988 = LINE ( 'NONE', #1138, #2290 ) ;
#4989 = CONTEXT_DEPENDENT_SHAPE_REPRESENTATION ( #1797, #2043 ) ;
#4990 = ORIENTED_EDGE ( 'NONE', *, *, #351, .T. ) ;
#4991 = CARTESIAN_POINT ( 'NONE',  ( -8.774999999999996803, 6.125000000000000000, -2.000000000000004441 ) ) ;
#4992 = LINE ( 'NONE', #1115, #4842 ) ;
#4993 = DIRECTION ( 'NONE',  ( 0.000000000000000000, -0.000000000000000000, -1.000000000000000000 ) ) ;
#4994 = VECTOR ( 'NONE', #2392, 1000.000000000000114 ) ;
#4995 = EDGE_CURVE ( 'NONE', #4691, #2843, #3264, .T. ) ;
#4996 = LINE ( 'NONE', #1087, #4452 ) ;
#4997 = DIRECTION ( 'NONE',  ( 0.000000000000000000, 0.000000000000000000, -1.000000000000000000 ) ) ;
#4998 = ORIENTED_EDGE ( 'NONE', *, *, #2860, .T. ) ;
#4999 = DIRECTION ( 'NONE',  ( 0.000000000000000000, -1.000000000000000000, -1.247005693593550945E-16 ) ) ;
#5000 = LINE ( 'NONE', #1062, #2981 ) ;
#5001 = CARTESIAN_POINT ( 'NONE',  ( 6.569999999999997620, 1.165000000000000036, -6.090000000000007851 ) ) ;
#5002 = AXIS2_PLACEMENT_3D ( 'NONE', #1531, #3279, #596 ) ;
#5003 = VERTEX_POINT ( 'NONE', #1575 ) ;
#5004 = DIRECTION ( 'NONE',  ( -1.662630974394502549E-32, -0.7071067811865481278, 0.7071067811865469066 ) ) ;
#5005 = VERTEX_POINT ( 'NONE', #2446 ) ;
#5006 = DIRECTION ( 'NONE',  ( -0.7660444431189767922, 1.145582137172476124E-16, 0.6427876096865409172 ) ) ;
#5007 = PLANE ( 'NONE',  #5346 ) ;
#5008 = ADVANCED_FACE ( 'NONE', ( #4573 ), #2814, .F. ) ;
#5009 = VECTOR ( 'NONE', #926, 1000.000000000000000 ) ;
#5010 = ORIENTED_EDGE ( 'NONE', *, *, #2306, .T. ) ;
#5011 = VERTEX_POINT ( 'NONE', #4545 ) ;
#5012 = DIRECTION ( 'NONE',  ( 0.000000000000000000, -0.000000000000000000, 1.000000000000000000 ) ) ;
#5013 = LINE ( 'NONE', #2774, #2552 ) ;
#5014 = CIRCLE ( 'NONE', #2298, 0.2999999999999997113 ) ;
#5015 = EDGE_CURVE ( 'NONE', #1275, #2000, #213, .T. ) ;
#5016 = EDGE_CURVE ( 'NONE', #78, #425, #1518, .T. ) ;
#5017 = EDGE_CURVE ( 'NONE', #5033, #2459, #5458, .T. ) ;
#5018 = EDGE_LOOP ( 'NONE', ( #3282, #1852, #2517, #2409 ) ) ;
#5019 = AXIS2_PLACEMENT_3D ( 'NONE', #157, #4454, #4512 ) ;
#5020 = VERTEX_POINT ( 'NONE', #5029 ) ;
#5021 = CARTESIAN_POINT ( 'NONE',  ( 4.069999999999997620, 0.1249999999999992506, -2.000000000000004441 ) ) ;
#5022 = DIRECTION ( 'NONE',  ( 0.000000000000000000, -1.000000000000000000, 0.000000000000000000 ) ) ;
#5023 = DIRECTION ( 'NONE',  ( 1.000000000000000000, -0.000000000000000000, -0.000000000000000000 ) ) ;
#5024 = VECTOR ( 'NONE', #5581, 1000.000000000000000 ) ;
#5025 = DIRECTION ( 'NONE',  ( 0.000000000000000000, 0.000000000000000000, -1.000000000000000000 ) ) ;
#5026 = DIRECTION ( 'NONE',  ( 0.000000000000000000, 1.000000000000000000, 0.000000000000000000 ) ) ;
#5027 = VERTEX_POINT ( 'NONE', #160 ) ;
#5028 = PLANE ( 'NONE',  #2262 ) ;
#5029 = CARTESIAN_POINT ( 'NONE',  ( 9.749999999999998224, 1.174999999999999156, 4.099999999999996092 ) ) ;
#5030 = PLANE ( 'NONE',  #1659 ) ;
#5031 = ORIENTED_EDGE ( 'NONE', *, *, #818, .F. ) ;
#5032 = LINE ( 'NONE', #4114, #2979 ) ;
#5033 = VERTEX_POINT ( 'NONE', #4969 ) ;
#5034 = LINE ( 'NONE', #245, #2040 ) ;
#5035 = CARTESIAN_POINT ( 'NONE',  ( 7.624999999999996447, 0.4099999999999990319, -2.825000000000005063 ) ) ;
#5036 = ORIENTED_EDGE ( 'NONE', *, *, #4804, .F. ) ;
#5037 = ORIENTED_EDGE ( 'NONE', *, *, #109, .F. ) ;
#5038 = EDGE_CURVE ( 'NONE', #1939, #2518, #1152, .T. ) ;
#5039 = EDGE_LOOP ( 'NONE', ( #2339, #1709, #2812, #543 ) ) ;
#5040 = PLANE ( 'NONE',  #53 ) ;
#5041 = ORIENTED_EDGE ( 'NONE', *, *, #1097, .T. ) ;
#5042 = CARTESIAN_POINT ( 'NONE',  ( 9.999999999999996447, 2.974999999999999201, 4.099999999999996092 ) ) ;
#5043 = CARTESIAN_POINT ( 'NONE',  ( 9.499999999999998224, 0.000000000000000000, 4.814999999999998614 ) ) ;
#5044 = ORIENTED_EDGE ( 'NONE', *, *, #4784, .F. ) ;
#5045 = ADVANCED_FACE ( 'NONE', ( #4111 ), #2420, .F. ) ;
#5046 = ORIENTED_EDGE ( 'NONE', *, *, #1882, .F. ) ;
#5047 = DIRECTION ( 'NONE',  ( 0.000000000000000000, 1.000000000000000000, 0.000000000000000000 ) ) ;
#5048 = EDGE_CURVE ( 'NONE', #3520, #616, #1996, .T. ) ;
#5049 = DIRECTION ( 'NONE',  ( 1.000000000000000000, 0.000000000000000000, 0.000000000000000000 ) ) ;
#5050 = FACE_OUTER_BOUND ( 'NONE', #4036, .T. ) ;
#5051 = EDGE_CURVE ( 'NONE', #3730, #2679, #3716, .T. ) ;
#5052 = DIRECTION ( 'NONE',  ( 1.000000000000000000, -0.000000000000000000, -0.000000000000000000 ) ) ;
#5053 = FACE_OUTER_BOUND ( 'NONE', #2126, .T. ) ;
#5054 = ORIENTED_EDGE ( 'NONE', *, *, #3475, .F. ) ;
#5055 = LINE ( 'NONE', #3291, #3516 ) ;
#5056 = CARTESIAN_POINT ( 'NONE',  ( 19.86055906122973980, 6.125000000000000000, -2.000000000000004441 ) ) ;
#5057 = DIRECTION ( 'NONE',  ( 0.000000000000000000, 0.000000000000000000, 1.000000000000000000 ) ) ;
#5058 = ORIENTED_EDGE ( 'NONE', *, *, #3585, .T. ) ;
#5059 = CARTESIAN_POINT ( 'NONE',  ( 9.999999999999996447, 1.174999999999999378, 4.099999999999996092 ) ) ;
#5060 = VERTEX_POINT ( 'NONE', #3179 ) ;
#5061 = DIRECTION ( 'NONE',  ( 0.000000000000000000, 1.000000000000000000, 0.000000000000000000 ) ) ;
#5062 = DIRECTION ( 'NONE',  ( -1.000000000000000000, 0.000000000000000000, 0.000000000000000000 ) ) ;
#5063 = EDGE_LOOP ( 'NONE', ( #3410, #3845, #4798, #3332, #4605, #5071, #42, #4583, #2941, #1113, #167 ) ) ;
#5064 = ORIENTED_EDGE ( 'NONE', *, *, #5392, .T. ) ;
#5065 = SURFACE_STYLE_USAGE ( .BOTH. , #511 ) ;
#5066 = DIRECTION ( 'NONE',  ( -0.000000000000000000, 1.000000000000000000, 0.000000000000000000 ) ) ;
#5067 = LINE ( 'NONE', #2461, #1196 ) ;
#5068 = VECTOR ( 'NONE', #5062, 1000.000000000000000 ) ;
#5069 = VECTOR ( 'NONE', #1, 1000.000000000000000 ) ;
#5070 = VECTOR ( 'NONE', #14, 1000.000000000000000 ) ;
#5071 = ORIENTED_EDGE ( 'NONE', *, *, #5469, .T. ) ;
#5072 = ORIENTED_EDGE ( 'NONE', *, *, #5538, .T. ) ;
#5073 = DIRECTION ( 'NONE',  ( 1.000000000000000000, 0.000000000000000000, 0.000000000000000000 ) ) ;
#5074 = LINE ( 'NONE', #3368, #220 ) ;
#5075 = CARTESIAN_POINT ( 'NONE',  ( 6.749999999999997335, 6.125000000000000000, 4.108963702891828440 ) ) ;
#5076 = CARTESIAN_POINT ( 'NONE',  ( -6.574999999999997513, 5.325000000000000178, 4.410000000000013465 ) ) ;
#5077 = LINE ( 'NONE', #1198, #4019 ) ;
#5078 = VERTEX_POINT ( 'NONE', #4919 ) ;
#5079 = FACE_OUTER_BOUND ( 'NONE', #1817, .T. ) ;
#5080 = CARTESIAN_POINT ( 'NONE',  ( 8.774999999999996803, 4.625000000000000888, -2.000000000000004441 ) ) ;
#5081 = LINE ( 'NONE', #1202, #1110 ) ;
#5082 =( REPRESENTATION_RELATIONSHIP ('NONE','NONE', #5320, #2631 ) REPRESENTATION_RELATIONSHIP_WITH_TRANSFORMATION ( #4504 )SHAPE_REPRESENTATION_RELATIONSHIP( ) );
#5083 = EDGE_CURVE ( 'NONE', #1090, #739, #1035, .T. ) ;
#5084 = CARTESIAN_POINT ( 'NONE',  ( 6.569999999999997620, 0.1249999999999998890, -6.090000000000007851 ) ) ;
#5085 = ORIENTED_EDGE ( 'NONE', *, *, #1452, .T. ) ;
#5086 = VECTOR ( 'NONE', #5257, 1000.000000000000000 ) ;
#5087 = CARTESIAN_POINT ( 'NONE',  ( 6.260531591618299530, 3.810531591618301128, 2.156822786631441780 ) ) ;
#5088 = DIRECTION ( 'NONE',  ( 0.000000000000000000, -0.5372996083468247752, -0.8433914458128850544 ) ) ;
#5089 = ORIENTED_EDGE ( 'NONE', *, *, #5390, .T. ) ;
#5090 = VERTEX_POINT ( 'NONE', #296 ) ;
#5091 = ORIENTED_EDGE ( 'NONE', *, *, #4300, .F. ) ;
#5092 = DIRECTION ( 'NONE',  ( 0.000000000000000000, 1.000000000000000000, 1.247005693593550945E-16 ) ) ;
#5093 = ORIENTED_EDGE ( 'NONE', *, *, #2004, .F. ) ;
#5094 = DIRECTION ( 'NONE',  ( 1.000000000000000000, 0.000000000000000000, 0.000000000000000000 ) ) ;
#5095 = DIRECTION ( 'NONE',  ( 1.000000000000000000, 0.000000000000000000, 0.000000000000000000 ) ) ;
#5096 = ORIENTED_EDGE ( 'NONE', *, *, #1773, .F. ) ;
#5097 = ORIENTED_EDGE ( 'NONE', *, *, #1135, .F. ) ;
#5098 = ORIENTED_EDGE ( 'NONE', *, *, #4825, .F. ) ;
#5099 = DIRECTION ( 'NONE',  ( 0.000000000000000000, 0.000000000000000000, 1.000000000000000000 ) ) ;
#5100 =( NAMED_UNIT ( * ) SI_UNIT ( $, .STERADIAN. ) SOLID_ANGLE_UNIT ( ) );
#5101 = DIRECTION ( 'NONE',  ( 0.7660444431189767922, 0.000000000000000000, -0.6427876096865408062 ) ) ;
#5102 = VECTOR ( 'NONE', #966, 1000.000000000000000 ) ;
#5103 = DIRECTION ( 'NONE',  ( 0.7071067811865513475, 0.000000000000000000, -0.7071067811865436870 ) ) ;
#5104 = CARTESIAN_POINT ( 'NONE',  ( 6.569999999999997620, 3.479999999999999982, -0.5000000000000038858 ) ) ;
#5105 = ORIENTED_EDGE ( 'NONE', *, *, #3959, .F. ) ;
#5106 = DIRECTION ( 'NONE',  ( 0.7071067811865584529, -0.000000000000000000, -0.7071067811865365815 ) ) ;
#5107 = CARTESIAN_POINT ( 'NONE',  ( 6.054999999999997939, 0.2499999999999992506, -8.050000000000004263 ) ) ;
#5108 = DIRECTION ( 'NONE',  ( -0.000000000000000000, 1.000000000000000000, -0.000000000000000000 ) ) ;
#5109 = VECTOR ( 'NONE', #282, 1000.000000000000000 ) ;
#5110 = DIRECTION ( 'NONE',  ( 0.000000000000000000, -1.237404653380195321E-16, 1.000000000000000000 ) ) ;
#5111 = ORIENTED_EDGE ( 'NONE', *, *, #2027, .T. ) ;
#5112 = EDGE_CURVE ( 'NONE', #4900, #5060, #3319, .T. ) ;
#5113 = CARTESIAN_POINT ( 'NONE',  ( -9.499999999999998224, 0.1849999999999999978, 1.429999999999996829 ) ) ;
#5114 = LINE ( 'NONE', #4637, #5070 ) ;
#5115 = VERTEX_POINT ( 'NONE', #2140 ) ;
#5116 = PRODUCT_RELATED_PRODUCT_CATEGORY ( 'part', '', ( #3349 ) ) ;
#5117 = ORIENTED_EDGE ( 'NONE', *, *, #4984, .T. ) ;
#5118 = EDGE_CURVE ( 'NONE', #2960, #3388, #3743, .T. ) ;
#5119 = DIRECTION ( 'NONE',  ( 0.000000000000000000, -0.8433914458128850544, 0.5372996083468247752 ) ) ;
#5120 = DIRECTION ( 'NONE',  ( -0.000000000000000000, -0.7071067811865469066, -0.7071067811865482389 ) ) ;
#5121 = ORIENTED_EDGE ( 'NONE', *, *, #1311, .T. ) ;
#5122 = ORIENTED_EDGE ( 'NONE', *, *, #1849, .F. ) ;
#5123 = ORIENTED_EDGE ( 'NONE', *, *, #820, .T. ) ;
#5124 = ORIENTED_EDGE ( 'NONE', *, *, #1297, .F. ) ;
#5125 = LINE ( 'NONE', #5151, #1850 ) ;
#5126 = PRESENTATION_STYLE_ASSIGNMENT (( #1713 ) ) ;
#5127 = PLANE ( 'NONE',  #632 ) ;
#5128 = CARTESIAN_POINT ( 'NONE',  ( -1.570000000000002061, 0.1249999999999992506, -2.625000000000004441 ) ) ;
#5129 = CARTESIAN_POINT ( 'NONE',  ( 6.444999999999997620, 3.994999999999999218, 1.649999999999993916 ) ) ;
#5130 = ORIENTED_EDGE ( 'NONE', *, *, #838, .T. ) ;
#5131 = CARTESIAN_POINT ( 'NONE',  ( 8.024999999999993250, 1.225000000000000311, -0.5000000000000073275 ) ) ;
#5132 = CARTESIAN_POINT ( 'NONE',  ( -1.570000000000002061, 3.479999999999999982, -4.400000000000003908 ) ) ;
#5133 = CARTESIAN_POINT ( 'NONE',  ( 6.569999999999997620, 0.7649999999999994582, -6.090000000000007851 ) ) ;
#5134 = DIRECTION ( 'NONE',  ( -0.7071067811865436870, 0.000000000000000000, 0.7071067811865513475 ) ) ;
#5135 = VERTEX_POINT ( 'NONE', #1695 ) ;
#5136 = FACE_OUTER_BOUND ( 'NONE', #2203, .T. ) ;
#5137 = VECTOR ( 'NONE', #2747, 1000.000000000000000 ) ;
#5138 = CARTESIAN_POINT ( 'NONE',  ( 6.569999999999997620, 4.120000000000000107, -3.550000000000006928 ) ) ;
#5139 = EDGE_CURVE ( 'NONE', #2464, #526, #3856, .T. ) ;
#5140 = VERTEX_POINT ( 'NONE', #1284 ) ;
#5141 = LINE ( 'NONE', #3469, #129 ) ;
#5142 = ORIENTED_EDGE ( 'NONE', *, *, #3375, .T. ) ;
#5143 = DIRECTION ( 'NONE',  ( 0.000000000000000000, -1.000000000000000000, 0.000000000000000000 ) ) ;
#5144 = ORIENTED_EDGE ( 'NONE', *, *, #109, .T. ) ;
#5145 = AXIS2_PLACEMENT_3D ( 'NONE', #2838, #3827, #355 ) ;
#5146 = ADVANCED_FACE ( 'NONE', ( #3008 ), #4223, .T. ) ;
#5147 = VECTOR ( 'NONE', #5047, 1000.000000000000000 ) ;
#5148 = EDGE_CURVE ( 'NONE', #3388, #5535, #3401, .T. ) ;
#5149 = ORIENTED_EDGE ( 'NONE', *, *, #3303, .F. ) ;
#5150 = ORIENTED_EDGE ( 'NONE', *, *, #370, .F. ) ;
#5151 = CARTESIAN_POINT ( 'NONE',  ( 6.444999999999997620, 0.1250000000000000278, -8.050000000000004263 ) ) ;
#5152 = VECTOR ( 'NONE', #3519, 1000.000000000000000 ) ;
#5153 = CARTESIAN_POINT ( 'NONE',  ( 6.574999999999996625, 5.325000000000000178, 4.210000000000014175 ) ) ;
#5154 = AXIS2_PLACEMENT_3D ( 'NONE', #2028, #4601, #3213 ) ;
#5155 = AXIS2_PLACEMENT_3D ( 'NONE', #3862, #1724, #2537 ) ;
#5156 = VECTOR ( 'NONE', #1537, 1000.000000000000000 ) ;
#5157 = LINE ( 'NONE', #3824, #1299 ) ;
#5158 = CARTESIAN_POINT ( 'NONE',  ( 19.86055906122973980, 4.625000000000000888, -2.000000000000004441 ) ) ;
#5159 = VERTEX_POINT ( 'NONE', #2925 ) ;
#5160 = LINE ( 'NONE', #4304, #815 ) ;
#5161 = FACE_OUTER_BOUND ( 'NONE', #615, .T. ) ;
#5162 = DIRECTION ( 'NONE',  ( -0.000000000000000000, -0.000000000000000000, 1.000000000000000000 ) ) ;
#5163 = PLANE ( 'NONE',  #3618 ) ;
#5164 = ORIENTED_EDGE ( 'NONE', *, *, #3171, .F. ) ;
#5165 = CARTESIAN_POINT ( 'NONE',  ( 6.749999999999997335, 0.03531900772834901253, 2.316596043929708859 ) ) ;
#5166 = CARTESIAN_POINT ( 'NONE',  ( -8.774999999999996803, 2.974999999999999201, 4.999999999999994671 ) ) ;
#5167 = ORIENTED_EDGE ( 'NONE', *, *, #5436, .T. ) ;
#5168 = VECTOR ( 'NONE', #4839, 1000.000000000000000 ) ;
#5169 = VERTEX_POINT ( 'NONE', #356 ) ;
#5170 = EDGE_CURVE ( 'NONE', #5351, #4023, #2081, .T. ) ;
#5171 = DIRECTION ( 'NONE',  ( 0.000000000000000000, -1.000000000000000000, 0.000000000000000000 ) ) ;
#5172 = ORIENTED_EDGE ( 'NONE', *, *, #1823, .F. ) ;
#5173 = CARTESIAN_POINT ( 'NONE',  ( -8.774999999999996803, 2.974999999999999645, -0.5000000000000035527 ) ) ;
#5174 = VERTEX_POINT ( 'NONE', #5107 ) ;
#5175 = AXIS2_PLACEMENT_3D ( 'NONE', #3928, #1792, #3505 ) ;
#5176 = ORIENTED_EDGE ( 'NONE', *, *, #5216, .F. ) ;
#5177 = EDGE_CURVE ( 'NONE', #1160, #3388, #4164, .T. ) ;
#5178 = DIRECTION ( 'NONE',  ( 1.000000000000000000, 0.000000000000000000, 0.000000000000000000 ) ) ;
#5179 = ADVANCED_FACE ( 'NONE', ( #4719 ), #3800, .F. ) ;
#5180 = DIRECTION ( 'NONE',  ( 0.000000000000000000, 0.000000000000000000, 1.000000000000000000 ) ) ;
#5181 = CARTESIAN_POINT ( 'NONE',  ( -8.024999999999993250, 4.625000000000000888, 2.699999999999996625 ) ) ;
#5182 = EDGE_CURVE ( 'NONE', #1417, #2576, #1634, .T. ) ;
#5183 = DIRECTION ( 'NONE',  ( -0.000000000000000000, 1.000000000000000000, -7.493405943744306946E-16 ) ) ;
#5184 = DIRECTION ( 'NONE',  ( 1.662630974394502549E-32, -0.7071067811865481278, 0.7071067811865469066 ) ) ;
#5185 = VERTEX_POINT ( 'NONE', #3346 ) ;
#5186 = EDGE_CURVE ( 'NONE', #1038, #3636, #2558, .T. ) ;
#5187 = DIRECTION ( 'NONE',  ( -1.000000000000000000, 0.000000000000000000, 0.000000000000000000 ) ) ;
#5188 = CARTESIAN_POINT ( 'NONE',  ( -8.024999999999993250, 4.325000000000001066, 1.999999999999996669 ) ) ;
#5189 = DIRECTION ( 'NONE',  ( 0.000000000000000000, 1.000000000000000000, 0.000000000000000000 ) ) ;
#5190 = VECTOR ( 'NONE', #5484, 1000.000000000000000 ) ;
#5191 = CIRCLE ( 'NONE', #316, 0.6399999999999999023 ) ;
#5192 = LINE ( 'NONE', #843, #3363 ) ;
#5193 = CARTESIAN_POINT ( 'NONE',  ( -9.049999999999997158, 0.4749999999999999778, 1.429999999999996829 ) ) ;
#5194 = ORIENTED_EDGE ( 'NONE', *, *, #507, .F. ) ;
#5195 = CARTESIAN_POINT ( 'NONE',  ( -9.049999999999997158, 0.6749999999999989342, 1.099999999999996758 ) ) ;
#5196 = DIRECTION ( 'NONE',  ( 0.000000000000000000, -1.237404653380195321E-16, 1.000000000000000000 ) ) ;
#5197 = AXIS2_PLACEMENT_3D ( 'NONE', #1367, #5277, #4302 ) ;
#5198 = DIRECTION ( 'NONE',  ( 0.000000000000000000, 1.000000000000000000, 0.000000000000000000 ) ) ;
#5199 = ORIENTED_EDGE ( 'NONE', *, *, #2206, .T. ) ;
#5200 = ORIENTED_EDGE ( 'NONE', *, *, #3622, .F. ) ;
#5201 = AXIS2_PLACEMENT_3D ( 'NONE', #2178, #3783, #23 ) ;
#5202 = ORIENTED_EDGE ( 'NONE', *, *, #1991, .T. ) ;
#5203 = AXIS2_PLACEMENT_3D ( 'NONE', #2904, #3671, #271 ) ;
#5204 = LINE ( 'NONE', #50, #668 ) ;
#5205 = ORIENTED_EDGE ( 'NONE', *, *, #300, .T. ) ;
#5206 = LINE ( 'NONE', #1268, #4021 ) ;
#5207 = VECTOR ( 'NONE', #4557, 1000.000000000000000 ) ;
#5208 = EDGE_CURVE ( 'NONE', #5445, #5470, #1201, .T. ) ;
#5209 = VERTEX_POINT ( 'NONE', #4282 ) ;
#5210 = DIRECTION ( 'NONE',  ( 0.000000000000000000, -0.5372996083468247752, -0.8433914458128850544 ) ) ;
#5211 = DIRECTION ( 'NONE',  ( 0.000000000000000000, 0.000000000000000000, 1.000000000000000000 ) ) ;
#5212 = UNCERTAINTY_MEASURE_WITH_UNIT (LENGTH_MEASURE( 1.000000000000000082E-05 ), #2684, 'distance_accuracy_value', 'NONE');
#5213 = DIRECTION ( 'NONE',  ( -0.000000000000000000, -0.000000000000000000, 1.000000000000000000 ) ) ;
#5214 = VECTOR ( 'NONE', #5227, 1000.000000000000000 ) ;
#5215 = EDGE_CURVE ( 'NONE', #1825, #3785, #411, .T. ) ;
#5216 = EDGE_CURVE ( 'NONE', #5521, #3163, #3828, .T. ) ;
#5217 = DIRECTION ( 'NONE',  ( 0.000000000000000000, 0.000000000000000000, -1.000000000000000000 ) ) ;
#5218 = LINE ( 'NONE', #3087, #1683 ) ;
#5219 = ORIENTED_EDGE ( 'NONE', *, *, #4879, .T. ) ;
#5220 = DIRECTION ( 'NONE',  ( 1.000000000000000000, 0.000000000000000000, 0.000000000000000000 ) ) ;
#5221 = LINE ( 'NONE', #3122, #4720 ) ;
#5222 = CARTESIAN_POINT ( 'NONE',  ( -14.00249930594108783, 0.000000000000000000, 4.814999999999998614 ) ) ;
#5223 = ADVANCED_FACE ( 'NONE', ( #5161 ), #866, .F. ) ;
#5224 = FACE_BOUND ( 'NONE', #3930, .T. ) ;
#5225 = CARTESIAN_POINT ( 'NONE',  ( 0.7299999999999954303, 0.1249999999999992506, -2.825000000000004619 ) ) ;
#5226 = ORIENTED_EDGE ( 'NONE', *, *, #1372, .T. ) ;
#5227 = DIRECTION ( 'NONE',  ( -1.000000000000000000, -0.000000000000000000, -0.000000000000000000 ) ) ;
#5228 = CARTESIAN_POINT ( 'NONE',  ( 0.000000000000000000, 0.000000000000000000, 1.099999999999996758 ) ) ;
#5229 = CARTESIAN_POINT ( 'NONE',  ( -7.624999999999996447, 0.000000000000000000, -2.825000000000005063 ) ) ;
#5230 = ORIENTED_EDGE ( 'NONE', *, *, #4600, .F. ) ;
#5231 = ORIENTED_EDGE ( 'NONE', *, *, #5261, .T. ) ;
#5232 = ORIENTED_EDGE ( 'NONE', *, *, #1447, .T. ) ;
#5233 = DIRECTION ( 'NONE',  ( -1.000000000000000000, -0.000000000000000000, -0.000000000000000000 ) ) ;
#5234 = VERTEX_POINT ( 'NONE', #3376 ) ;
#5235 = VECTOR ( 'NONE', #3003, 1000.000000000000000 ) ;
#5236 = ORIENTED_EDGE ( 'NONE', *, *, #3431, .F. ) ;
#5237 = CARTESIAN_POINT ( 'NONE',  ( 19.86055906122973980, 4.625000000000000888, -2.000000000000004441 ) ) ;
#5238 = CARTESIAN_POINT ( 'NONE',  ( 8.024999999999993250, 4.325000000000001066, 1.999999999999996669 ) ) ;
#5239 = AXIS2_PLACEMENT_3D ( 'NONE', #2211, #3931, #3085 ) ;
#5240 = DIRECTION ( 'NONE',  ( 0.000000000000000000, 1.000000000000000000, 0.000000000000000000 ) ) ;
#5241 = CARTESIAN_POINT ( 'NONE',  ( -6.574999999999996625, 5.325000000000000178, 4.210000000000015952 ) ) ;
#5242 = ORIENTED_EDGE ( 'NONE', *, *, #5570, .T. ) ;
#5243 = DIRECTION ( 'NONE',  ( 1.000000000000000000, -0.000000000000000000, -0.000000000000000000 ) ) ;
#5244 = EDGE_CURVE ( 'NONE', #4770, #3983, #2025, .T. ) ;
#5245 = EDGE_CURVE ( 'NONE', #2645, #1323, #383, .T. ) ;
#5246 = DIRECTION ( 'NONE',  ( -0.6447108186924361828, 0.4107260894097992665, 0.6447108186924291884 ) ) ;
#5247 = VECTOR ( 'NONE', #1066, 1000.000000000000000 ) ;
#5248 = DIRECTION ( 'NONE',  ( 0.3236155771181821739, 0.3236155771181800644, -0.8891264907159908137 ) ) ;
#5249 = VECTOR ( 'NONE', #719, 1000.000000000000000 ) ;
#5250 = VECTOR ( 'NONE', #4831, 1000.000000000000000 ) ;
#5251 = CARTESIAN_POINT ( 'NONE',  ( 5.929999999999997939, 0.7649999999999994582, -6.090000000000007851 ) ) ;
#5252 = VECTOR ( 'NONE', #806, 1000.000000000000000 ) ;
#5253 = FACE_OUTER_BOUND ( 'NONE', #1786, .T. ) ;
#5254 = ORIENTED_EDGE ( 'NONE', *, *, #4483, .T. ) ;
#5255 = DIRECTION ( 'NONE',  ( 0.000000000000000000, -1.000000000000000000, -1.232047923278982692E-16 ) ) ;
#5256 = DIRECTION ( 'NONE',  ( 0.000000000000000000, 0.000000000000000000, 1.000000000000000000 ) ) ;
#5257 = DIRECTION ( 'NONE',  ( 0.000000000000000000, -1.000000000000000000, -1.247005693593550945E-16 ) ) ;
#5258 = EDGE_CURVE ( 'NONE', #1501, #2295, #96, .T. ) ;
#5259 = EDGE_CURVE ( 'NONE', #738, #628, #3938, .T. ) ;
#5260 = ORIENTED_EDGE ( 'NONE', *, *, #4914, .F. ) ;
#5261 = EDGE_CURVE ( 'NONE', #2491, #4852, #1746, .T. ) ;
#5262 = VERTEX_POINT ( 'NONE', #68 ) ;
#5263 = ORIENTED_EDGE ( 'NONE', *, *, #3241, .T. ) ;
#5264 = CARTESIAN_POINT ( 'NONE',  ( 6.569999999999997620, 3.479999999999999982, -3.550000000000006484 ) ) ;
#5265 = ORIENTED_EDGE ( 'NONE', *, *, #3305, .T. ) ;
#5266 = SURFACE_SIDE_STYLE ('',( #1904 ) ) ;
#5267 = VERTEX_POINT ( 'NONE', #5280 ) ;
#5268 = APPLICATION_CONTEXT ( 'automotive_design' ) ;
#5269 = AXIS2_PLACEMENT_3D ( 'NONE', #581, #4489, #3130 ) ;
#5270 = ORIENTED_EDGE ( 'NONE', *, *, #2624, .F. ) ;
#5271 = VECTOR ( 'NONE', #374, 1000.000000000000000 ) ;
#5272 = DIRECTION ( 'NONE',  ( 0.000000000000000000, 1.000000000000000000, -1.084202172485504040E-15 ) ) ;
#5273 = DIRECTION ( 'NONE',  ( 1.000000000000000000, 0.000000000000000000, 0.000000000000000000 ) ) ;
#5274 = CARTESIAN_POINT ( 'NONE',  ( -8.024999999999993250, 5.325000000000000178, 4.749999999999997335 ) ) ;
#5275 = AXIS2_PLACEMENT_3D ( 'NONE', #2333, #1571, #1921 ) ;
#5276 = DIRECTION ( 'NONE',  ( -1.000000000000000000, -0.000000000000000000, -0.000000000000000000 ) ) ;
#5277 = DIRECTION ( 'NONE',  ( 1.000000000000000000, 0.000000000000000000, 0.000000000000000000 ) ) ;
#5278 = ORIENTED_EDGE ( 'NONE', *, *, #4483, .F. ) ;
#5279 = DIRECTION ( 'NONE',  ( -0.6447108186924361828, -0.4107260894097992665, -0.6447108186924291884 ) ) ;
#5280 = CARTESIAN_POINT ( 'NONE',  ( 7.164999999999997371, 5.325000000000000178, 4.999999999999995559 ) ) ;
#5281 = DIRECTION ( 'NONE',  ( 0.8660254037844367092, 0.000000000000000000, -0.5000000000000034417 ) ) ;
#5282 = VECTOR ( 'NONE', #3215, 1000.000000000000000 ) ;
#5283 = CARTESIAN_POINT ( 'NONE',  ( 0.000000000000000000, 0.4099999999999990319, -2.000000000000004441 ) ) ;
#5284 = DIRECTION ( 'NONE',  ( -0.000000000000000000, 1.000000000000000000, 0.000000000000000000 ) ) ;
#5285 = ORIENTED_EDGE ( 'NONE', *, *, #228, .F. ) ;
#5286 = CARTESIAN_POINT ( 'NONE',  ( -9.999999999999996447, 0.1249999999999997363, -0.5000000000000038858 ) ) ;
#5287 = LINE ( 'NONE', #1408, #1920 ) ;
#5288 = DIRECTION ( 'NONE',  ( -0.000000000000000000, -0.000000000000000000, 1.000000000000000000 ) ) ;
#5289 = VERTEX_POINT ( 'NONE', #1312 ) ;
#5290 = EDGE_CURVE ( 'NONE', #1738, #4057, #3090, .T. ) ;
#5291 = VERTEX_POINT ( 'NONE', #3062 ) ;
#5292 = AXIS2_PLACEMENT_3D ( 'NONE', #325, #3767, #1631 ) ;
#5293 = VERTEX_POINT ( 'NONE', #127 ) ;
#5294 = LINE ( 'NONE', #3559, #4201 ) ;
#5295 = EDGE_CURVE ( 'NONE', #2201, #116, #3544, .T. ) ;
#5296 =( LENGTH_UNIT ( ) NAMED_UNIT ( * ) SI_UNIT ( .MILLI., .METRE. ) );
#5297 = ORIENTED_EDGE ( 'NONE', *, *, #5215, .F. ) ;
#5298 = ORIENTED_EDGE ( 'NONE', *, *, #5462, .T. ) ;
#5299 = VECTOR ( 'NONE', #1243, 1000.000000000000114 ) ;
#5300 = ADVANCED_FACE ( 'NONE', ( #1401 ), #2636, .F. ) ;
#5301 = ORIENTED_EDGE ( 'NONE', *, *, #929, .T. ) ;
#5302 = PLANE ( 'NONE',  #4732 ) ;
#5303 = CARTESIAN_POINT ( 'NONE',  ( -1.570000000000002061, 0.4099999999999989209, -2.000000000000004441 ) ) ;
#5304 = CARTESIAN_POINT ( 'NONE',  ( -4.070000000000002061, 0.4099999999999989209, -2.000000000000004441 ) ) ;
#5305 = ORIENTED_EDGE ( 'NONE', *, *, #4091, .T. ) ;
#5306 = DIRECTION ( 'NONE',  ( -0.000000000000000000, 0.5372996083468246642, 0.8433914458128851654 ) ) ;
#5307 = PLANE ( 'NONE',  #940 ) ;
#5308 = LINE ( 'NONE', #4801, #4526 ) ;
#5309 = CARTESIAN_POINT ( 'NONE',  ( -8.024999999999993250, 5.325000000000000178, -9.511693791957203103 ) ) ;
#5310 = CARTESIAN_POINT ( 'NONE',  ( 8.774999999999996803, 2.974999999999999201, 4.999999999999994671 ) ) ;
#5311 = VERTEX_POINT ( 'NONE', #4357 ) ;
#5312 = CARTESIAN_POINT ( 'NONE',  ( 5.929999999999997939, 1.165000000000000036, -6.090000000000007851 ) ) ;
#5313 = LINE ( 'NONE', #4457, #98 ) ;
#5314 = LINE ( 'NONE', #3099, #4540 ) ;
#5315 = ORIENTED_EDGE ( 'NONE', *, *, #1595, .F. ) ;
#5316 = VERTEX_POINT ( 'NONE', #489 ) ;
#5317 = EDGE_LOOP ( 'NONE', ( #4976, #3976, #4933, #5098 ) ) ;
#5318 = CARTESIAN_POINT ( 'NONE',  ( 1.569999999999997620, 0.1249999999999992506, -2.625000000000004441 ) ) ;
#5319 = VERTEX_POINT ( 'NONE', #1775 ) ;
#5320 = SHAPE_REPRESENTATION ( 'S6B-XH-SM4-TB-LFSN', ( #2840, #3738, #4467, #2029, #2213, #4376, #4752, #3658 ), #1585 ) ;
#5321 = EDGE_CURVE ( 'NONE', #247, #1578, #3911, .T. ) ;
#5322 = EDGE_CURVE ( 'NONE', #4297, #5541, #5221, .T. ) ;
#5323 = ORIENTED_EDGE ( 'NONE', *, *, #3314, .F. ) ;
#5324 = DIRECTION ( 'NONE',  ( -1.000000000000000000, 0.000000000000000000, 0.000000000000000000 ) ) ;
#5325 = APPLICATION_PROTOCOL_DEFINITION ( 'draft international standard', 'automotive_design', 1998, #3881 ) ;
#5326 = ORIENTED_EDGE ( 'NONE', *, *, #404, .F. ) ;
#5327 = DIRECTION ( 'NONE',  ( -0.000000000000000000, -1.000000000000000000, -0.000000000000000000 ) ) ;
#5328 = EDGE_CURVE ( 'NONE', #4317, #18, #4860, .T. ) ;
#5329 = EDGE_CURVE ( 'NONE', #4706, #951, #1867, .T. ) ;
#5330 = ADVANCED_FACE ( 'NONE', ( #938 ), #545, .F. ) ;
#5331 = CARTESIAN_POINT ( 'NONE',  ( -8.274999999999995026, 4.325000000000001066, 4.999999999999996447 ) ) ;
#5332 = ORIENTED_EDGE ( 'NONE', *, *, #2888, .F. ) ;
#5333 = CARTESIAN_POINT ( 'NONE',  ( -19.86055906122973980, 5.325000000000001066, 2.699999999999996625 ) ) ;
#5334 = DIRECTION ( 'NONE',  ( 1.000000000000000000, 0.000000000000000000, -0.000000000000000000 ) ) ;
#5335 = LINE ( 'NONE', #2278, #278 ) ;
#5336 = AXIS2_PLACEMENT_3D ( 'NONE', #2466, #5073, #5585 ) ;
#5337 = CARTESIAN_POINT ( 'NONE',  ( 5.929999999999997939, 4.120000000000000107, -3.550000000000006928 ) ) ;
#5338 = DIRECTION ( 'NONE',  ( 0.000000000000000000, -0.7071067811865475727, 0.7071067811865475727 ) ) ;
#5339 = ORIENTED_EDGE ( 'NONE', *, *, #2011, .T. ) ;
#5340 = LINE ( 'NONE', #2697, #5497 ) ;
#5341 = DIRECTION ( 'NONE',  ( -1.000000000000000000, -0.000000000000000000, -0.000000000000000000 ) ) ;
#5342 = PLANE ( 'NONE',  #4084 ) ;
#5343 = VECTOR ( 'NONE', #2948, 1000.000000000000000 ) ;
#5344 = ORIENTED_EDGE ( 'NONE', *, *, #1019, .F. ) ;
#5345 = CIRCLE ( 'NONE', #4980, 3.000000000000000000 ) ;
#5346 = AXIS2_PLACEMENT_3D ( 'NONE', #1130, #2059, #2089 ) ;
#5347 = ORIENTED_EDGE ( 'NONE', *, *, #2064, .F. ) ;
#5348 = ORIENTED_EDGE ( 'NONE', *, *, #688, .T. ) ;
#5349 = LINE ( 'NONE', #3588, #2119 ) ;
#5350 =( NAMED_UNIT ( * ) SI_UNIT ( $, .STERADIAN. ) SOLID_ANGLE_UNIT ( ) );
#5351 = VERTEX_POINT ( 'NONE', #2277 ) ;
#5352 = EDGE_LOOP ( 'NONE', ( #5446, #658, #2395, #439 ) ) ;
#5353 = CARTESIAN_POINT ( 'NONE',  ( 7.624999999999996447, 0.4099999999999990319, -2.825000000000005063 ) ) ;
#5354 = CARTESIAN_POINT ( 'NONE',  ( 0.000000000000000000, 0.000000000000000000, 0.000000000000000000 ) ) ;
#5355 = CARTESIAN_POINT ( 'NONE',  ( 6.569999999999997620, 3.480000000000000426, -5.050000000000007816 ) ) ;
#5356 = VECTOR ( 'NONE', #258, 1000.000000000000000 ) ;
#5357 = AXIS2_PLACEMENT_3D ( 'NONE', #46, #1650, #3070 ) ;
#5358 = EDGE_CURVE ( 'NONE', #494, #2111, #2665, .T. ) ;
#5359 = LINE ( 'NONE', #4046, #4849 ) ;
#5360 = ORIENTED_EDGE ( 'NONE', *, *, #3341, .F. ) ;
#5361 = CARTESIAN_POINT ( 'NONE',  ( 6.569999999999997620, 0.7650000000000000133, -7.706565322568175169 ) ) ;
#5362 = PRODUCT_RELATED_PRODUCT_CATEGORY ( 'part', '', ( #2898 ) ) ;
#5363 = DIRECTION ( 'NONE',  ( -1.000000000000000000, -0.000000000000000000, -0.000000000000000000 ) ) ;
#5364 = CARTESIAN_POINT ( 'NONE',  ( 5.299999999999997158, 5.325000000000000178, 4.999999999999995559 ) ) ;
#5365 = ADVANCED_FACE ( 'NONE', ( #4307 ), #5307, .F. ) ;
#5366 = CARTESIAN_POINT ( 'NONE',  ( -4.070000000000002061, 3.479999999999999982, -0.5000000000000038858 ) ) ;
#5367 = CARTESIAN_POINT ( 'NONE',  ( -2.864999999999969127, 0.4099999999999990319, -5.690000000000005720 ) ) ;
#5368 = VERTEX_POINT ( 'NONE', #3879 ) ;
#5369 = CARTESIAN_POINT ( 'NONE',  ( -19.86055906122973980, 4.325000000000001066, 4.999999999999996447 ) ) ;
#5370 = DIRECTION ( 'NONE',  ( 0.000000000000000000, 0.000000000000000000, 1.000000000000000000 ) ) ;
#5371 = LINE ( 'NONE', #3583, #2015 ) ;
#5372 = ORIENTED_EDGE ( 'NONE', *, *, #3161, .F. ) ;
#5373 =( REPRESENTATION_RELATIONSHIP ('NONE','NONE', #5320, #2631 ) REPRESENTATION_RELATIONSHIP_WITH_TRANSFORMATION ( #1909 )SHAPE_REPRESENTATION_RELATIONSHIP( ) );
#5374 = PLANE ( 'NONE',  #2442 ) ;
#5375 = ORIENTED_EDGE ( 'NONE', *, *, #3174, .F. ) ;
#5376 = FACE_OUTER_BOUND ( 'NONE', #338, .T. ) ;
#5377 = CARTESIAN_POINT ( 'NONE',  ( 19.86055906122973980, 4.120000000000000107, -2.000000000000004441 ) ) ;
#5378 = EDGE_LOOP ( 'NONE', ( #3153, #1227, #2618, #2647, #3465, #5036, #3691, #902, #1041, #473, #3676 ) ) ;
#5379 = VECTOR ( 'NONE', #5586, 1000.000000000000000 ) ;
#5380 = ORIENTED_EDGE ( 'NONE', *, *, #2996, .T. ) ;
#5381 = LINE ( 'NONE', #3086, #531 ) ;
#5382 = DIRECTION ( 'NONE',  ( -0.000000000000000000, -0.000000000000000000, 1.000000000000000000 ) ) ;
#5383 = AXIS2_PLACEMENT_3D ( 'NONE', #4412, #35, #93 ) ;
#5384 = VERTEX_POINT ( 'NONE', #38 ) ;
#5385 = CARTESIAN_POINT ( 'NONE',  ( 19.86055906122973980, 4.120000000000000107, -2.000000000000004441 ) ) ;
#5386 = ORIENTED_EDGE ( 'NONE', *, *, #4171, .T. ) ;
#5387 = LINE ( 'NONE', #5448, #1987 ) ;
#5388 = DIRECTION ( 'NONE',  ( -0.000000000000000000, 0.000000000000000000, 1.000000000000000000 ) ) ;
#5389 = CARTESIAN_POINT ( 'NONE',  ( -9.999999999999996447, 0.9249999999999991562, 4.099999999999996092 ) ) ;
#5390 = EDGE_CURVE ( 'NONE', #317, #222, #3457, .T. ) ;
#5391 = EDGE_CURVE ( 'NONE', #1212, #5414, #4332, .T. ) ;
#5392 = EDGE_CURVE ( 'NONE', #3131, #398, #1891, .T. ) ;
#5393 = VECTOR ( 'NONE', #249, 1000.000000000000000 ) ;
#5394 = CARTESIAN_POINT ( 'NONE',  ( 1.569999999999997620, 0.1249999999999992506, -2.000000000000004441 ) ) ;
#5395 = DIRECTION ( 'NONE',  ( 1.000000000000000000, 0.000000000000000000, 0.000000000000000000 ) ) ;
#5396 = ORIENTED_EDGE ( 'NONE', *, *, #3245, .F. ) ;
#5397 = DIRECTION ( 'NONE',  ( -1.000000000000000000, -0.000000000000000000, -0.000000000000000000 ) ) ;
#5398 = DIRECTION ( 'NONE',  ( -1.000000000000000000, 0.000000000000000000, 0.000000000000000000 ) ) ;
#5399 = DIRECTION ( 'NONE',  ( 1.000000000000000000, 0.000000000000000000, 0.000000000000000000 ) ) ;
#5400 = ORIENTED_EDGE ( 'NONE', *, *, #3727, .T. ) ;
#5401 = VERTEX_POINT ( 'NONE', #2302 ) ;
#5402 = ADVANCED_FACE ( 'NONE', ( #4538 ), #4025, .F. ) ;
#5403 = AXIS2_PLACEMENT_3D ( 'NONE', #1924, #577, #3606 ) ;
#5404 = CARTESIAN_POINT ( 'NONE',  ( -9.833333333333330373, 1.258333333333331971, 4.183333333333329129 ) ) ;
#5405 = ORIENTED_EDGE ( 'NONE', *, *, #1601, .T. ) ;
#5406 = LINE ( 'NONE', #1156, #3932 ) ;
#5407 = FACE_OUTER_BOUND ( 'NONE', #1946, .T. ) ;
#5408 = ORIENTED_EDGE ( 'NONE', *, *, #3412, .F. ) ;
#5409 = DIRECTION ( 'NONE',  ( 0.000000000000000000, 0.000000000000000000, -1.000000000000000000 ) ) ;
#5410 = CARTESIAN_POINT ( 'NONE',  ( -9.999999999999996447, 0.9249999999999991562, 3.849999999999995204 ) ) ;
#5411 = PRODUCT_CONTEXT ( 'NONE', #3308, 'mechanical' ) ;
#5412 = EDGE_CURVE ( 'NONE', #4973, #4575, #5014, .T. ) ;
#5413 = VECTOR ( 'NONE', #937, 1000.000000000000000 ) ;
#5414 = VERTEX_POINT ( 'NONE', #4103 ) ;
#5415 = CARTESIAN_POINT ( 'NONE',  ( 3.749999999999997335, 0.03531900772834901253, 2.316596043929709303 ) ) ;
#5416 = LINE ( 'NONE', #3286, #1580 ) ;
#5417 = LINE ( 'NONE', #207, #541 ) ;
#5418 = VECTOR ( 'NONE', #3485, 1000.000000000000000 ) ;
#5419 = EDGE_CURVE ( 'NONE', #5135, #828, #154, .T. ) ;
#5420 = EDGE_CURVE ( 'NONE', #1578, #4445, #2331, .T. ) ;
#5421 = DIRECTION ( 'NONE',  ( -0.000000000000000000, 1.000000000000000000, -0.000000000000000000 ) ) ;
#5422 = DIRECTION ( 'NONE',  ( 0.000000000000000000, 1.000000000000000000, 0.000000000000000000 ) ) ;
#5423 = ORIENTED_EDGE ( 'NONE', *, *, #1657, .F. ) ;
#5424 = CARTESIAN_POINT ( 'NONE',  ( -6.570000000000002949, 0.4099999999999990319, -2.825000000000005063 ) ) ;
#5425 = CARTESIAN_POINT ( 'NONE',  ( 8.274999999999995026, 0.1249999999999990563, 4.999999999999996447 ) ) ;
#5426 = DIRECTION ( 'NONE',  ( -1.000000000000000000, -0.000000000000000000, -0.000000000000000000 ) ) ;
#5427 = VECTOR ( 'NONE', #2867, 1000.000000000000000 ) ;
#5428 = ORIENTED_EDGE ( 'NONE', *, *, #3200, .T. ) ;
#5429 = DIRECTION ( 'NONE',  ( -1.000000000000000000, -0.000000000000000000, -0.000000000000000000 ) ) ;
#5430 = ORIENTED_EDGE ( 'NONE', *, *, #5452, .T. ) ;
#5431 = EDGE_CURVE ( 'NONE', #5580, #1675, #2384, .T. ) ;
#5432 = LINE ( 'NONE', #5087, #323 ) ;
#5433 = EDGE_CURVE ( 'NONE', #4065, #4311, #686, .T. ) ;
#5434 = VECTOR ( 'NONE', #32, 1000.000000000000227 ) ;
#5435 = LINE ( 'NONE', #2007, #4152 ) ;
#5436 = EDGE_CURVE ( 'NONE', #974, #3754, #3257, .T. ) ;
#5437 = VECTOR ( 'NONE', #1843, 1000.000000000000000 ) ;
#5438 = VECTOR ( 'NONE', #412, 1000.000000000000000 ) ;
#5439 = ORIENTED_EDGE ( 'NONE', *, *, #993, .T. ) ;
#5440 = EDGE_CURVE ( 'NONE', #252, #5159, #3172, .T. ) ;
#5441 = DIRECTION ( 'NONE',  ( -1.000000000000000000, 0.000000000000000000, 0.000000000000000000 ) ) ;
#5442 = ORIENTED_EDGE ( 'NONE', *, *, #2899, .F. ) ;
#5443 = VECTOR ( 'NONE', #1229, 1000.000000000000000 ) ;
#5444 = FACE_OUTER_BOUND ( 'NONE', #76, .T. ) ;
#5445 = VERTEX_POINT ( 'NONE', #2720 ) ;
#5446 = ORIENTED_EDGE ( 'NONE', *, *, #3227, .T. ) ;
#5447 = ORIENTED_EDGE ( 'NONE', *, *, #4269, .T. ) ;
#5448 = CARTESIAN_POINT ( 'NONE',  ( -9.049999999999997158, 2.249999999999999556, 3.849999999999995648 ) ) ;
#5449 = DIRECTION ( 'NONE',  ( -0.000000000000000000, 0.000000000000000000, 1.000000000000000000 ) ) ;
#5450 = CARTESIAN_POINT ( 'NONE',  ( 9.049999999999997158, 2.974999999999999201, 4.099999999999996092 ) ) ;
#5451 = VECTOR ( 'NONE', #436, 1000.000000000000000 ) ;
#5452 = EDGE_CURVE ( 'NONE', #3298, #4065, #5416, .T. ) ;
#5453 = CARTESIAN_POINT ( 'NONE',  ( 0.9299999999999977174, 0.4099999999999990319, -2.825000000000005063 ) ) ;
#5454 = ADVANCED_BREP_SHAPE_REPRESENTATION ( '', ( #4461, #4468, #4528, #671 ), #3109 ) ;
#5455 = LINE ( 'NONE', #2308, #768 ) ;
#5456 = VERTEX_POINT ( 'NONE', #1988 ) ;
#5457 = DIRECTION ( 'NONE',  ( 0.000000000000000000, -3.771137991253929066E-16, 1.000000000000000000 ) ) ;
#5458 = LINE ( 'NONE', #5425, #4067 ) ;
#5459 = CARTESIAN_POINT ( 'NONE',  ( 8.024999999999993250, 4.625000000000000888, 1.999999999999996669 ) ) ;
#5460 = VECTOR ( 'NONE', #5382, 1000.000000000000000 ) ;
#5461 = ORIENTED_EDGE ( 'NONE', *, *, #808, .F. ) ;
#5462 = EDGE_CURVE ( 'NONE', #1583, #5541, #3630, .T. ) ;
#5463 = CARTESIAN_POINT ( 'NONE',  ( 0.9299999999999977174, 3.479999999999999982, -4.400000000000003908 ) ) ;
#5464 = ORIENTED_EDGE ( 'NONE', *, *, #4159, .T. ) ;
#5465 = CARTESIAN_POINT ( 'NONE',  ( -6.570000000000002949, 3.479999999999999982, -0.5000000000000034417 ) ) ;
#5466 =( NAMED_UNIT ( * ) PLANE_ANGLE_UNIT ( ) SI_UNIT ( $, .RADIAN. ) );
#5467 = ORIENTED_EDGE ( 'NONE', *, *, #4591, .F. ) ;
#5468 = EDGE_CURVE ( 'NONE', #3419, #983, #3601, .T. ) ;
#5469 = EDGE_CURVE ( 'NONE', #4202, #65, #5191, .T. ) ;
#5470 = VERTEX_POINT ( 'NONE', #4447 ) ;
#5471 = PRESENTATION_STYLE_ASSIGNMENT (( #5065 ) ) ;
#5472 = PLANE ( 'NONE',  #1219 ) ;
#5473 = CARTESIAN_POINT ( 'NONE',  ( 3.429999999999997939, 0.1249999999999992506, -2.000000000000004441 ) ) ;
#5474 = ORIENTED_EDGE ( 'NONE', *, *, #676, .T. ) ;
#5475 = AXIS2_PLACEMENT_3D ( 'NONE', #1393, #3027, #3988 ) ;
#5476 = EDGE_CURVE ( 'NONE', #3196, #487, #4992, .T. ) ;
#5477 = ORIENTED_EDGE ( 'NONE', *, *, #4318, .T. ) ;
#5478 = VECTOR ( 'NONE', #3004, 1000.000000000000000 ) ;
#5479 = ORIENTED_EDGE ( 'NONE', *, *, #1477, .F. ) ;
#5480 = LINE ( 'NONE', #4991, #5147 ) ;
#5481 = LINE ( 'NONE', #4963, #3528 ) ;
#5482 = AXIS2_PLACEMENT_3D ( 'NONE', #2939, #792, #4731 ) ;
#5483 = VECTOR ( 'NONE', #1610, 1000.000000000000000 ) ;
#5484 = DIRECTION ( 'NONE',  ( 1.000000000000000000, 0.000000000000000000, 0.000000000000000000 ) ) ;
#5485 = CARTESIAN_POINT ( 'NONE',  ( 9.049999999999997158, 0.1849999999999999978, 1.429999999999996829 ) ) ;
#5486 = ORIENTED_EDGE ( 'NONE', *, *, #2857, .F. ) ;
#5487 = CARTESIAN_POINT ( 'NONE',  ( 19.86055906122973980, 5.325000000000001066, 2.699999999999996625 ) ) ;
#5488 = DIRECTION ( 'NONE',  ( -0.000000000000000000, -0.000000000000000000, 1.000000000000000000 ) ) ;
#5489 = DIRECTION ( 'NONE',  ( -0.000000000000000000, 1.000000000000000000, -0.000000000000000000 ) ) ;
#5490 = AXIS2_PLACEMENT_3D ( 'NONE', #1366, #1187, #5409 ) ;
#5491 = DIRECTION ( 'NONE',  ( 0.5773502691896258421, 0.5773502691896257311, 0.5773502691896257311 ) ) ;
#5492 = ORIENTED_EDGE ( 'NONE', *, *, #5186, .F. ) ;
#5493 = LINE ( 'NONE', #698, #1777 ) ;
#5494 = CARTESIAN_POINT ( 'NONE',  ( 0.000000000000000000, 0.4099999999999990319, -2.000000000000004441 ) ) ;
#5495 = ORIENTED_EDGE ( 'NONE', *, *, #4702, .F. ) ;
#5496 = VERTEX_POINT ( 'NONE', #572 ) ;
#5497 = VECTOR ( 'NONE', #971, 1000.000000000000000 ) ;
#5498 = EDGE_CURVE ( 'NONE', #2547, #5384, #1458, .T. ) ;
#5499 = ORIENTED_EDGE ( 'NONE', *, *, #4459, .T. ) ;
#5500 = ADVANCED_FACE ( 'NONE', ( #3198 ), #4937, .F. ) ;
#5501 = CARTESIAN_POINT ( 'NONE',  ( -9.499999999999998224, 2.249999999999999556, 3.849999999999995648 ) ) ;
#5502 = DIRECTION ( 'NONE',  ( 0.000000000000000000, -0.5372996083468246642, -0.8433914458128851654 ) ) ;
#5503 = LINE ( 'NONE', #1618, #4349 ) ;
#5504 = ORIENTED_EDGE ( 'NONE', *, *, #1125, .T. ) ;
#5505 = ORIENTED_EDGE ( 'NONE', *, *, #3686, .T. ) ;
#5506 = EDGE_CURVE ( 'NONE', #4230, #828, #630, .T. ) ;
#5507 = LINE ( 'NONE', #1301, #5271 ) ;
#5508 = DIRECTION ( 'NONE',  ( 1.000000000000000000, 0.000000000000000000, 0.000000000000000000 ) ) ;
#5509 = CARTESIAN_POINT ( 'NONE',  ( 1.569999999999998508, 4.625000000000000888, -2.000000000000004441 ) ) ;
#5510 = EDGE_CURVE ( 'NONE', #1347, #4030, #206, .T. ) ;
#5511 = LINE ( 'NONE', #324, #1034 ) ;
#5512 = CARTESIAN_POINT ( 'NONE',  ( 5.929999999999997939, 4.226831086995317399, -2.625000000000004885 ) ) ;
#5513 = ORIENTED_EDGE ( 'NONE', *, *, #234, .T. ) ;
#5514 = DIRECTION ( 'NONE',  ( 0.7071067811865365815, 0.000000000000000000, -0.7071067811865584529 ) ) ;
#5515 = DIRECTION ( 'NONE',  ( -1.000000000000000000, 0.000000000000000000, 0.000000000000000000 ) ) ;
#5516 = DIRECTION ( 'NONE',  ( 0.9396926207859095381, 9.270474560687262830E-16, 0.3420201433256658263 ) ) ;
#5517 = DIRECTION ( 'NONE',  ( 0.7071067811865513475, 0.000000000000000000, 0.7071067811865436870 ) ) ;
#5518 = ORIENTED_EDGE ( 'NONE', *, *, #4527, .T. ) ;
#5519 = LINE ( 'NONE', #3299, #4477 ) ;
#5520 = CARTESIAN_POINT ( 'NONE',  ( 0.000000000000000000, 5.325000000000000178, -0.5000000000000038858 ) ) ;
#5521 = VERTEX_POINT ( 'NONE', #2918 ) ;
#5522 = ORIENTED_EDGE ( 'NONE', *, *, #2622, .F. ) ;
#5523 = VECTOR ( 'NONE', #4767, 1000.000000000000000 ) ;
#5524 = ORIENTED_EDGE ( 'NONE', *, *, #993, .F. ) ;
#5525 = LINE ( 'NONE', #4671, #597 ) ;
#5526 = ORIENTED_EDGE ( 'NONE', *, *, #2027, .F. ) ;
#5527 = PLANE ( 'NONE',  #5201 ) ;
#5528 = VECTOR ( 'NONE', #1721, 1000.000000000000000 ) ;
#5529 = LINE ( 'NONE', #3918, #3640 ) ;
#5530 = VECTOR ( 'NONE', #1811, 999.9999999999998863 ) ;
#5531 = ORIENTED_EDGE ( 'NONE', *, *, #1727, .T. ) ;
#5532 = VECTOR ( 'NONE', #939, 1000.000000000000000 ) ;
#5533 = VECTOR ( 'NONE', #4657, 1000.000000000000000 ) ;
#5534 = EDGE_LOOP ( 'NONE', ( #4373, #3955, #3696, #244 ) ) ;
#5535 = VERTEX_POINT ( 'NONE', #1626 ) ;
#5536 = FACE_OUTER_BOUND ( 'NONE', #4338, .T. ) ;
#5537 = DIRECTION ( 'NONE',  ( 0.6427876096865408062, -9.552617821150653028E-17, 0.7660444431189767922 ) ) ;
#5538 = EDGE_CURVE ( 'NONE', #3188, #5496, #4247, .T. ) ;
#5539 = DIRECTION ( 'NONE',  ( -0.7071067811865436870, 0.000000000000000000, 0.7071067811865513475 ) ) ;
#5540 = CARTESIAN_POINT ( 'NONE',  ( 6.574999999999996625, 0.03531900772834901253, 4.210000000000014175 ) ) ;
#5541 = VERTEX_POINT ( 'NONE', #2438 ) ;
#5542 = CARTESIAN_POINT ( 'NONE',  ( -0.9300000000000020473, 3.479999999999999982, -0.5000000000000038858 ) ) ;
#5543 = DIRECTION ( 'NONE',  ( -0.000000000000000000, 1.000000000000000000, -0.000000000000000000 ) ) ;
#5544 = LINE ( 'NONE', #2162, #2995 ) ;
#5545 = EDGE_CURVE ( 'NONE', #4226, #1703, #1146, .T. ) ;
#5546 = CARTESIAN_POINT ( 'NONE',  ( 9.499999999999998224, 2.249999999999999556, 1.099999999999996758 ) ) ;
#5547 = ORIENTED_EDGE ( 'NONE', *, *, #5290, .T. ) ;
#5548 = VECTOR ( 'NONE', #2592, 1000.000000000000000 ) ;
#5549 = DIRECTION ( 'NONE',  ( 0.000000000000000000, 0.000000000000000000, 1.000000000000000000 ) ) ;
#5550 = CARTESIAN_POINT ( 'NONE',  ( 9.499999999999998224, 0.000000000000000000, 1.614999999999998881 ) ) ;
#5551 = ORIENTED_EDGE ( 'NONE', *, *, #4882, .T. ) ;
#5552 = ORIENTED_EDGE ( 'NONE', *, *, #3110, .F. ) ;
#5553 = ORIENTED_EDGE ( 'NONE', *, *, #3689, .F. ) ;
#5554 = CARTESIAN_POINT ( 'NONE',  ( 5.929999999999997939, 0.1250000000000000000, -7.706565322568174281 ) ) ;
#5555 = ORIENTED_EDGE ( 'NONE', *, *, #5261, .F. ) ;
#5556 = CARTESIAN_POINT ( 'NONE',  ( 6.569999999999997620, 3.479999999999999982, -5.050000000000007816 ) ) ;
#5557 = EDGE_LOOP ( 'NONE', ( #1326, #5518, #3870, #1927 ) ) ;
#5558 = AXIS2_PLACEMENT_3D ( 'NONE', #1042, #561, #3644 ) ;
#5559 = ORIENTED_EDGE ( 'NONE', *, *, #5208, .T. ) ;
#5560 = AXIS2_PLACEMENT_3D ( 'NONE', #4126, #4962, #5388 ) ;
#5561 = ORIENTED_EDGE ( 'NONE', *, *, #1622, .T. ) ;
#5562 = DIRECTION ( 'NONE',  ( 1.000000000000000000, 0.000000000000000000, 0.000000000000000000 ) ) ;
#5563 = CARTESIAN_POINT ( 'NONE',  ( -0.9300000000000020473, 4.120000000000000107, -4.400000000000003908 ) ) ;
#5564 = SURFACE_STYLE_FILL_AREA ( #3867 ) ;
#5565 = AXIS2_PLACEMENT_3D ( 'NONE', #1945, #5338, #1540 ) ;
#5566 = CARTESIAN_POINT ( 'NONE',  ( -8.774999999999996803, 4.325000000000001066, 4.999999999999996447 ) ) ;
#5567 = LINE ( 'NONE', #775, #2127 ) ;
#5568 = ORIENTED_EDGE ( 'NONE', *, *, #1595, .T. ) ;
#5569 = DIRECTION ( 'NONE',  ( -1.000000000000000000, 0.000000000000000000, 0.000000000000000000 ) ) ;
#5570 = EDGE_CURVE ( 'NONE', #5580, #3196, #3736, .T. ) ;
#5571 = DIRECTION ( 'NONE',  ( -0.000000000000000000, -0.000000000000000000, 1.000000000000000000 ) ) ;
#5572 = EDGE_LOOP ( 'NONE', ( #2091, #3280, #1296, #5323 ) ) ;
#5573 = LINE ( 'NONE', #4721, #4727 ) ;
#5574 = CARTESIAN_POINT ( 'NONE',  ( -5.930000000000003268, 4.624999999999999112, -2.000000000000004441 ) ) ;
#5575 = ORIENTED_EDGE ( 'NONE', *, *, #5358, .F. ) ;
#5576 = CARTESIAN_POINT ( 'NONE',  ( -9.049999999999997158, 2.974999999999999201, 4.099999999999996092 ) ) ;
#5577 = CARTESIAN_POINT ( 'NONE',  ( -9.999999999999996447, 2.974999999999999645, -0.5000000000000035527 ) ) ;
#5578 = ORIENTED_EDGE ( 'NONE', *, *, #3901, .T. ) ;
#5579 = DIRECTION ( 'NONE',  ( 0.000000000000000000, 1.000000000000000000, 0.000000000000000000 ) ) ;
#5580 = VERTEX_POINT ( 'NONE', #348 ) ;
#5581 = DIRECTION ( 'NONE',  ( 1.000000000000000000, 0.000000000000000000, 0.000000000000000000 ) ) ;
#5582 = EDGE_LOOP ( 'NONE', ( #2764, #1905, #4921, #1722 ) ) ;
#5583 = ORIENTED_EDGE ( 'NONE', *, *, #3832, .F. ) ;
#5584 = ORIENTED_EDGE ( 'NONE', *, *, #3720, .T. ) ;
#5585 = DIRECTION ( 'NONE',  ( 0.000000000000000000, 0.000000000000000000, -1.000000000000000000 ) ) ;
#5586 = DIRECTION ( 'NONE',  ( 0.000000000000000000, 3.771137991253929066E-16, -1.000000000000000000 ) ) ;
#5587 = LINE ( 'NONE', #3873, #5069 ) ;
#5588 = DIRECTION ( 'NONE',  ( 0.000000000000000000, 0.9396926207859087610, -0.3420201433256679358 ) ) ;
#5589 = DIRECTION ( 'NONE',  ( 1.000000000000000000, 0.000000000000000000, -4.336808689942025625E-15 ) ) ;
#5590 = ORIENTED_EDGE ( 'NONE', *, *, #2545, .T. ) ;
#5591 = DIRECTION ( 'NONE',  ( -1.000000000000000000, 0.000000000000000000, 0.000000000000000000 ) ) ;
#5592 = CARTESIAN_POINT ( 'NONE',  ( 0.000000000000000000, 0.4099999999999990319, -2.825000000000005063 ) ) ;
#5593 = DIRECTION ( 'NONE',  ( 0.000000000000000000, -1.000000000000000000, 0.000000000000000000 ) ) ;
#5594 = EDGE_CURVE ( 'NONE', #5090, #5060, #4185, .T. ) ;
#5595 = FACE_OUTER_BOUND ( 'NONE', #3982, .T. ) ;
#5596 = ORIENTED_EDGE ( 'NONE', *, *, #4630, .F. ) ;
#5597 = DIRECTION ( 'NONE',  ( -0.000000000000000000, -1.000000000000000000, -1.247005693593550945E-16 ) ) ;
#5598 = CARTESIAN_POINT ( 'NONE',  ( -9.499999999999998224, 0.4749999999999999778, 1.429999999999996829 ) ) ;
#5599 = ORIENTED_EDGE ( 'NONE', *, *, #3475, .T. ) ;
#5600 = ADVANCED_FACE ( 'NONE', ( #771 ), #1599, .T. ) ;
#5601 = ORIENTED_EDGE ( 'NONE', *, *, #4236, .T. ) ;
#5602 = LINE ( 'NONE', #477, #5009 ) ;
#5603 = EDGE_CURVE ( 'NONE', #3073, #326, #5074, .T. ) ;
#5604 = UNCERTAINTY_MEASURE_WITH_UNIT (LENGTH_MEASURE( 1.000000000000000082E-05 ), #287, 'distance_accuracy_value', 'NONE');
#5605 = NEXT_ASSEMBLY_USAGE_OCCURRENCE ( 'NAUO1', ' ', ' ', #4039, #2034, $ ) ;
#5606 = NEXT_ASSEMBLY_USAGE_OCCURRENCE ( 'NAUO2', ' ', ' ', #4039, #2108, $ ) ;
#5607 = NEXT_ASSEMBLY_USAGE_OCCURRENCE ( 'NAUO3', ' ', ' ', #4039, #2108, $ ) ;
#5608 = NEXT_ASSEMBLY_USAGE_OCCURRENCE ( 'NAUO4', ' ', ' ', #4039, #2108, $ ) ;
#5609 = NEXT_ASSEMBLY_USAGE_OCCURRENCE ( 'NAUO5', ' ', ' ', #4039, #2108, $ ) ;
#5610 = NEXT_ASSEMBLY_USAGE_OCCURRENCE ( 'NAUO6', ' ', ' ', #4039, #2108, $ ) ;
#5611 = NEXT_ASSEMBLY_USAGE_OCCURRENCE ( 'NAUO7', ' ', ' ', #4039, #2108, $ ) ;
ENDSEC;
END-ISO-10303-21;
