ISO-10303-21;
HEADER;
FILE_DESCRIPTION(('STEP AP242'),'1');
FILE_NAME('0740990604.stp','2025-10-01T18:43:37',('TraceParts'),('TraceParts S.A.S.'),'Spatial InterOp 3D',' ',' ');
FILE_SCHEMA(('AP242_MANAGED_MODEL_BASED_3D_ENGINEERING_MIM_LF  {1 0 10303 442 1 1 4}'));
ENDSEC;
DATA;
#1=PRODUCT_DEFINITION_CONTEXT('',#10,'design');
#2=APPLICATION_PROTOCOL_DEFINITION('INTERNATIONAL STANDARD','ap242_managed_model_based_3d_engineering',2014,#10);
#3=PRODUCT_CATEGORY_RELATIONSHIP('NONE','NONE',#11,#12);
#4=SHAPE_DEFINITION_REPRESENTATION(#13,#14);
#5=SHAPE_DEFINITION_REPRESENTATION(#13,#15);
#6= (GEOMETRIC_REPRESENTATION_CONTEXT(3)GLOBAL_UNCERTAINTY_ASSIGNED_CONTEXT((#18))GLOBAL_UNIT_ASSIGNED_CONTEXT((#20,#21,#22))REPRESENTATION_CONTEXT('NONE','WORKSPACE'));
#10=APPLICATION_CONTEXT('managed model based 3d engineering');
#11=PRODUCT_CATEGORY('part','NONE');
#12=PRODUCT_RELATED_PRODUCT_CATEGORY('detail',' ',(#24));
#13=PRODUCT_DEFINITION_SHAPE('NONE','NONE',#25);
#14=ADVANCED_BREP_SHAPE_REPRESENTATION('740990604',(#26,#27),#6);
#15=GEOMETRICALLY_BOUNDED_SURFACE_SHAPE_REPRESENTATION('1',(#28,#29),#6);
#18=UNCERTAINTY_MEASURE_WITH_UNIT(LENGTH_MEASURE(1.0E-06),#20,'','');
#20= (CONVERSION_BASED_UNIT('MILLIMETRE',#32)LENGTH_UNIT()NAMED_UNIT(#35));
#21= (NAMED_UNIT(#37)PLANE_ANGLE_UNIT()SI_UNIT($,.RADIAN.));
#22= (NAMED_UNIT(#37)SOLID_ANGLE_UNIT()SI_UNIT($,.STERADIAN.));
#24=PRODUCT('740990604','740990604','PART-740990604-DESC',(#43));
#25=PRODUCT_DEFINITION('','NONE',#44,#1);
#26=MANIFOLD_SOLID_BREP('740990604',#45);
#27=AXIS2_PLACEMENT_3D('',#46,#47,#48);
#28=GEOMETRIC_SET('1',(#49,#50,#51,#52,#53));
#29=AXIS2_PLACEMENT_3D('',#54,#55,#56);
#32=LENGTH_MEASURE_WITH_UNIT(LENGTH_MEASURE(1.0),#57);
#35=DIMENSIONAL_EXPONENTS(1.0,0.0,0.0,0.0,0.0,0.0,0.0);
#37=DIMENSIONAL_EXPONENTS(0.0,0.0,0.0,0.0,0.0,0.0,0.0);
#43=PRODUCT_CONTEXT('',#10,'mechanical');
#44=PRODUCT_DEFINITION_FORMATION_WITH_SPECIFIED_SOURCE(' ','NONE',#24,.NOT_KNOWN.);
#45=CLOSED_SHELL('',(#58,#59,#60,#61,#62,#63,#64,#65,#66,#67,#68,#69,#70,#71,#72,#73,#74,#75,#76,#77,#78,#79,#80,#81,#82,#83,#84,#85,#86,#87,#88,#89,#90,#91,#92,#93,#94,#95,#96,#97,#98,#99,#100,#101,#102,#103,#104,#105,#106,#107,#108,#109,#110,#111,#112,#113,#114,#115,#116,#117,#118,#119,#120,#121,#122,#123,#124,#125,#126,#127,#128,#129,#130,#131,#132,#133,#134,#135,#136,#137,#138,#139,#140,#141,#142,#143,#144,#145,#146,#147,#148,#149,#150,#151,#152,#153,#154,#155,#156,#157,#158,#159,#160,#161,#162,#163,#164,#165,#166,#167,#168,#169,#170,#171,#172,#173,#174,#175,#176,#177,#178,#179,#180,#181,#182,#183,#184,#185,#186,#187,#188,#189,#190,#191,#192,#193,#194,#195,#196,#197,#198,#199,#200,#201,#202,#203,#204,#205,#206,#207,#208,#209,#210,#211,#212,#213,#214,#215,#216,#217,#218,#219,#220,#221,#222,#223,#224));
#46=CARTESIAN_POINT('',(0.0,0.0,0.0));
#47=DIRECTION('',(0.0,0.0,1.0));
#48=DIRECTION('',(1.0,0.0,0.0));
#49=COMPOSITE_CURVE('740990604',(#225,#226,#227,#228),.U.);
#50=COMPOSITE_CURVE('740990604',(#229,#230,#231,#232),.U.);
#51=COMPOSITE_CURVE('740990604',(#233,#234,#235,#236),.U.);
#52=COMPOSITE_CURVE('740990604',(#237,#238,#239,#240),.U.);
#53=COMPOSITE_CURVE('740990604',(#241,#242,#243),.U.);
#54=CARTESIAN_POINT('',(0.0,0.0,0.0));
#55=DIRECTION('',(0.0,0.0,1.0));
#56=DIRECTION('',(1.0,0.0,0.0));
#57= (NAMED_UNIT(#35)LENGTH_UNIT()SI_UNIT(.MILLI.,.METRE.));
#58=ADVANCED_FACE('',(#245),#246,.F.);
#59=ADVANCED_FACE('',(#247),#248,.T.);
#60=ADVANCED_FACE('',(#249,#250,#251),#252,.F.);
#61=ADVANCED_FACE('',(#253),#254,.F.);
#62=ADVANCED_FACE('',(#255),#256,.T.);
#63=ADVANCED_FACE('',(#257),#258,.F.);
#64=ADVANCED_FACE('',(#259),#260,.T.);
#65=ADVANCED_FACE('',(#261),#262,.T.);
#66=ADVANCED_FACE('',(#263),#264,.T.);
#67=ADVANCED_FACE('',(#265),#266,.T.);
#68=ADVANCED_FACE('',(#267),#268,.T.);
#69=ADVANCED_FACE('',(#269),#270,.T.);
#70=ADVANCED_FACE('',(#271),#272,.T.);
#71=ADVANCED_FACE('',(#273),#274,.T.);
#72=ADVANCED_FACE('',(#275),#276,.T.);
#73=ADVANCED_FACE('',(#277),#278,.T.);
#74=ADVANCED_FACE('',(#279),#280,.T.);
#75=ADVANCED_FACE('',(#281),#282,.T.);
#76=ADVANCED_FACE('',(#283),#284,.T.);
#77=ADVANCED_FACE('',(#285),#286,.F.);
#78=ADVANCED_FACE('',(#287),#288,.F.);
#79=ADVANCED_FACE('',(#289),#290,.F.);
#80=ADVANCED_FACE('',(#291),#292,.T.);
#81=ADVANCED_FACE('',(#293),#294,.F.);
#82=ADVANCED_FACE('',(#295),#296,.F.);
#83=ADVANCED_FACE('',(#297),#298,.F.);
#84=ADVANCED_FACE('',(#299),#300,.T.);
#85=ADVANCED_FACE('',(#301),#302,.F.);
#86=ADVANCED_FACE('',(#303,#304,#305,#306,#307),#308,.T.);
#87=ADVANCED_FACE('',(#309),#310,.F.);
#88=ADVANCED_FACE('',(#311),#312,.F.);
#89=ADVANCED_FACE('',(#313),#314,.T.);
#90=ADVANCED_FACE('',(#315),#316,.T.);
#91=ADVANCED_FACE('',(#317),#318,.T.);
#92=ADVANCED_FACE('',(#319),#320,.T.);
#93=ADVANCED_FACE('',(#321),#322,.T.);
#94=ADVANCED_FACE('',(#323),#324,.T.);
#95=ADVANCED_FACE('',(#325,#326,#327,#328,#329),#330,.T.);
#96=ADVANCED_FACE('',(#331),#332,.T.);
#97=ADVANCED_FACE('',(#333),#334,.T.);
#98=ADVANCED_FACE('',(#335),#336,.T.);
#99=ADVANCED_FACE('',(#337),#338,.T.);
#100=ADVANCED_FACE('',(#339),#340,.F.);
#101=ADVANCED_FACE('',(#341),#342,.T.);
#102=ADVANCED_FACE('',(#343),#344,.T.);
#103=ADVANCED_FACE('',(#345),#346,.T.);
#104=ADVANCED_FACE('',(#347),#348,.T.);
#105=ADVANCED_FACE('',(#349),#350,.T.);
#106=ADVANCED_FACE('',(#351),#352,.T.);
#107=ADVANCED_FACE('',(#353),#354,.T.);
#108=ADVANCED_FACE('',(#355),#356,.T.);
#109=ADVANCED_FACE('',(#357),#358,.T.);
#110=ADVANCED_FACE('',(#359),#360,.T.);
#111=ADVANCED_FACE('',(#361),#362,.T.);
#112=ADVANCED_FACE('',(#363),#364,.F.);
#113=ADVANCED_FACE('',(#365),#366,.F.);
#114=ADVANCED_FACE('',(#367),#368,.T.);
#115=ADVANCED_FACE('',(#369),#370,.T.);
#116=ADVANCED_FACE('',(#371),#372,.T.);
#117=ADVANCED_FACE('',(#373),#374,.T.);
#118=ADVANCED_FACE('',(#375),#376,.T.);
#119=ADVANCED_FACE('',(#377),#378,.T.);
#120=ADVANCED_FACE('',(#379),#380,.T.);
#121=ADVANCED_FACE('',(#381),#382,.T.);
#122=ADVANCED_FACE('',(#383),#384,.T.);
#123=ADVANCED_FACE('',(#385),#386,.T.);
#124=ADVANCED_FACE('',(#387),#388,.T.);
#125=ADVANCED_FACE('',(#389),#390,.T.);
#126=ADVANCED_FACE('',(#391),#392,.F.);
#127=ADVANCED_FACE('',(#393),#394,.T.);
#128=ADVANCED_FACE('',(#395),#396,.T.);
#129=ADVANCED_FACE('',(#397,#398,#399,#400),#401,.F.);
#130=ADVANCED_FACE('',(#402),#403,.T.);
#131=ADVANCED_FACE('',(#404),#405,.T.);
#132=ADVANCED_FACE('',(#406),#407,.T.);
#133=ADVANCED_FACE('',(#408),#409,.T.);
#134=ADVANCED_FACE('',(#410),#411,.F.);
#135=ADVANCED_FACE('',(#412),#413,.F.);
#136=ADVANCED_FACE('',(#414),#415,.T.);
#137=ADVANCED_FACE('',(#416),#417,.T.);
#138=ADVANCED_FACE('',(#418),#419,.T.);
#139=ADVANCED_FACE('',(#420),#421,.F.);
#140=ADVANCED_FACE('',(#422),#423,.T.);
#141=ADVANCED_FACE('',(#424),#425,.T.);
#142=ADVANCED_FACE('',(#426),#427,.T.);
#143=ADVANCED_FACE('',(#428),#429,.T.);
#144=ADVANCED_FACE('',(#430),#431,.T.);
#145=ADVANCED_FACE('',(#432),#433,.T.);
#146=ADVANCED_FACE('',(#434),#435,.T.);
#147=ADVANCED_FACE('',(#436),#437,.T.);
#148=ADVANCED_FACE('',(#438),#439,.T.);
#149=ADVANCED_FACE('',(#440),#441,.T.);
#150=ADVANCED_FACE('',(#442),#443,.T.);
#151=ADVANCED_FACE('',(#444),#445,.F.);
#152=ADVANCED_FACE('',(#446),#447,.F.);
#153=ADVANCED_FACE('',(#448),#449,.T.);
#154=ADVANCED_FACE('',(#450),#451,.T.);
#155=ADVANCED_FACE('',(#452),#453,.T.);
#156=ADVANCED_FACE('',(#454),#455,.F.);
#157=ADVANCED_FACE('',(#456),#457,.T.);
#158=ADVANCED_FACE('',(#458),#459,.T.);
#159=ADVANCED_FACE('',(#460),#461,.T.);
#160=ADVANCED_FACE('',(#462),#463,.T.);
#161=ADVANCED_FACE('',(#464),#465,.T.);
#162=ADVANCED_FACE('',(#466),#467,.T.);
#163=ADVANCED_FACE('',(#468),#469,.T.);
#164=ADVANCED_FACE('',(#470),#471,.T.);
#165=ADVANCED_FACE('',(#472),#473,.T.);
#166=ADVANCED_FACE('',(#474),#475,.T.);
#167=ADVANCED_FACE('',(#476),#477,.T.);
#168=ADVANCED_FACE('',(#478),#479,.T.);
#169=ADVANCED_FACE('',(#480),#481,.T.);
#170=ADVANCED_FACE('',(#482),#483,.F.);
#171=ADVANCED_FACE('',(#484),#485,.T.);
#172=ADVANCED_FACE('',(#486),#487,.T.);
#173=ADVANCED_FACE('',(#488),#489,.F.);
#174=ADVANCED_FACE('',(#490),#491,.F.);
#175=ADVANCED_FACE('',(#492),#493,.F.);
#176=ADVANCED_FACE('',(#494),#495,.F.);
#177=ADVANCED_FACE('',(#496),#497,.F.);
#178=ADVANCED_FACE('',(#498),#499,.F.);
#179=ADVANCED_FACE('',(#500),#501,.T.);
#180=ADVANCED_FACE('',(#502),#503,.T.);
#181=ADVANCED_FACE('',(#504),#505,.F.);
#182=ADVANCED_FACE('',(#506),#507,.F.);
#183=ADVANCED_FACE('',(#508),#509,.F.);
#184=ADVANCED_FACE('',(#510),#511,.F.);
#185=ADVANCED_FACE('',(#512),#513,.F.);
#186=ADVANCED_FACE('',(#514),#515,.F.);
#187=ADVANCED_FACE('',(#516),#517,.T.);
#188=ADVANCED_FACE('',(#518),#519,.T.);
#189=ADVANCED_FACE('',(#520),#521,.F.);
#190=ADVANCED_FACE('',(#522),#523,.F.);
#191=ADVANCED_FACE('',(#524),#525,.F.);
#192=ADVANCED_FACE('',(#526),#527,.F.);
#193=ADVANCED_FACE('',(#528),#529,.F.);
#194=ADVANCED_FACE('',(#530),#531,.F.);
#195=ADVANCED_FACE('',(#532),#533,.T.);
#196=ADVANCED_FACE('',(#534),#535,.T.);
#197=ADVANCED_FACE('',(#536),#537,.F.);
#198=ADVANCED_FACE('',(#538),#539,.F.);
#199=ADVANCED_FACE('',(#540),#541,.F.);
#200=ADVANCED_FACE('',(#542),#543,.F.);
#201=ADVANCED_FACE('',(#544),#545,.F.);
#202=ADVANCED_FACE('',(#546),#547,.T.);
#203=ADVANCED_FACE('',(#548),#549,.T.);
#204=ADVANCED_FACE('',(#550),#551,.T.);
#205=ADVANCED_FACE('',(#552),#553,.F.);
#206=ADVANCED_FACE('',(#554),#555,.F.);
#207=ADVANCED_FACE('',(#556),#557,.F.);
#208=ADVANCED_FACE('',(#558),#559,.F.);
#209=ADVANCED_FACE('',(#560),#561,.F.);
#210=ADVANCED_FACE('',(#562),#563,.T.);
#211=ADVANCED_FACE('',(#564),#565,.T.);
#212=ADVANCED_FACE('',(#566),#567,.T.);
#213=ADVANCED_FACE('',(#568),#569,.F.);
#214=ADVANCED_FACE('',(#570),#571,.T.);
#215=ADVANCED_FACE('',(#572),#573,.T.);
#216=ADVANCED_FACE('',(#574),#575,.F.);
#217=ADVANCED_FACE('',(#576),#577,.F.);
#218=ADVANCED_FACE('',(#578),#579,.F.);
#219=ADVANCED_FACE('',(#580),#581,.F.);
#220=ADVANCED_FACE('',(#582),#583,.F.);
#221=ADVANCED_FACE('',(#584),#585,.T.);
#222=ADVANCED_FACE('',(#586),#587,.F.);
#223=ADVANCED_FACE('',(#588),#589,.F.);
#224=ADVANCED_FACE('',(#590),#591,.F.);
#225=COMPOSITE_CURVE_SEGMENT(.CONTINUOUS.,.T.,#592);
#226=COMPOSITE_CURVE_SEGMENT(.CONTINUOUS.,.T.,#593);
#227=COMPOSITE_CURVE_SEGMENT(.CONTINUOUS.,.T.,#594);
#228=COMPOSITE_CURVE_SEGMENT(.CONTINUOUS.,.T.,#595);
#229=COMPOSITE_CURVE_SEGMENT(.CONTINUOUS.,.T.,#596);
#230=COMPOSITE_CURVE_SEGMENT(.CONTINUOUS.,.T.,#597);
#231=COMPOSITE_CURVE_SEGMENT(.CONTINUOUS.,.T.,#598);
#232=COMPOSITE_CURVE_SEGMENT(.CONTINUOUS.,.T.,#599);
#233=COMPOSITE_CURVE_SEGMENT(.CONTINUOUS.,.T.,#600);
#234=COMPOSITE_CURVE_SEGMENT(.CONTINUOUS.,.T.,#601);
#235=COMPOSITE_CURVE_SEGMENT(.CONTINUOUS.,.T.,#602);
#236=COMPOSITE_CURVE_SEGMENT(.CONTINUOUS.,.T.,#603);
#237=COMPOSITE_CURVE_SEGMENT(.CONTINUOUS.,.T.,#604);
#238=COMPOSITE_CURVE_SEGMENT(.CONTINUOUS.,.T.,#605);
#239=COMPOSITE_CURVE_SEGMENT(.CONTINUOUS.,.T.,#606);
#240=COMPOSITE_CURVE_SEGMENT(.CONTINUOUS.,.T.,#607);
#241=COMPOSITE_CURVE_SEGMENT(.CONTINUOUS.,.T.,#608);
#242=COMPOSITE_CURVE_SEGMENT(.CONTINUOUS.,.T.,#609);
#243=COMPOSITE_CURVE_SEGMENT(.CONTINUOUS.,.T.,#610);
#245=FACE_OUTER_BOUND('',#611,.T.);
#246=PLANE('',#612);
#247=FACE_OUTER_BOUND('',#613,.T.);
#248=PLANE('',#614);
#249=FACE_OUTER_BOUND('',#615,.T.);
#250=FACE_BOUND('',#616,.T.);
#251=FACE_BOUND('',#617,.T.);
#252=PLANE('',#618);
#253=FACE_OUTER_BOUND('',#619,.T.);
#254=PLANE('',#620);
#255=FACE_OUTER_BOUND('',#621,.T.);
#256=PLANE('',#622);
#257=FACE_OUTER_BOUND('',#623,.T.);
#258=PLANE('',#624);
#259=FACE_OUTER_BOUND('',#625,.T.);
#260=PLANE('',#626);
#261=FACE_OUTER_BOUND('',#627,.T.);
#262=PLANE('',#628);
#263=FACE_OUTER_BOUND('',#629,.T.);
#264=PLANE('',#630);
#265=FACE_OUTER_BOUND('',#631,.T.);
#266=PLANE('',#632);
#267=FACE_OUTER_BOUND('',#633,.T.);
#268=PLANE('',#634);
#269=FACE_OUTER_BOUND('',#635,.T.);
#270=PLANE('',#636);
#271=FACE_OUTER_BOUND('',#637,.T.);
#272=PLANE('',#638);
#273=FACE_OUTER_BOUND('',#639,.T.);
#274=PLANE('',#640);
#275=FACE_OUTER_BOUND('',#641,.T.);
#276=PLANE('',#642);
#277=FACE_OUTER_BOUND('',#643,.T.);
#278=PLANE('',#644);
#279=FACE_OUTER_BOUND('',#645,.T.);
#280=PLANE('',#646);
#281=FACE_OUTER_BOUND('',#647,.T.);
#282=PLANE('',#648);
#283=FACE_OUTER_BOUND('',#649,.T.);
#284=PLANE('',#650);
#285=FACE_OUTER_BOUND('',#651,.T.);
#286=PLANE('',#652);
#287=FACE_OUTER_BOUND('',#653,.T.);
#288=PLANE('',#654);
#289=FACE_OUTER_BOUND('',#655,.T.);
#290=PLANE('',#656);
#291=FACE_OUTER_BOUND('',#657,.T.);
#292=PLANE('',#658);
#293=FACE_OUTER_BOUND('',#659,.T.);
#294=PLANE('',#660);
#295=FACE_OUTER_BOUND('',#661,.T.);
#296=PLANE('',#662);
#297=FACE_OUTER_BOUND('',#663,.T.);
#298=PLANE('',#664);
#299=FACE_OUTER_BOUND('',#665,.T.);
#300=PLANE('',#666);
#301=FACE_OUTER_BOUND('',#667,.T.);
#302=PLANE('',#668);
#303=FACE_OUTER_BOUND('',#669,.T.);
#304=FACE_BOUND('',#670,.T.);
#305=FACE_BOUND('',#671,.T.);
#306=FACE_BOUND('',#672,.T.);
#307=FACE_BOUND('',#673,.T.);
#308=PLANE('',#674);
#309=FACE_OUTER_BOUND('',#675,.T.);
#310=PLANE('',#676);
#311=FACE_OUTER_BOUND('',#677,.T.);
#312=PLANE('',#678);
#313=FACE_OUTER_BOUND('',#679,.T.);
#314=PLANE('',#680);
#315=FACE_OUTER_BOUND('',#681,.T.);
#316=PLANE('',#682);
#317=FACE_OUTER_BOUND('',#683,.T.);
#318=PLANE('',#684);
#319=FACE_OUTER_BOUND('',#685,.T.);
#320=CYLINDRICAL_SURFACE('',#686,1.143);
#321=FACE_OUTER_BOUND('',#687,.T.);
#322=PLANE('',#688);
#323=FACE_OUTER_BOUND('',#689,.T.);
#324=PLANE('',#690);
#325=FACE_OUTER_BOUND('',#691,.T.);
#326=FACE_BOUND('',#692,.T.);
#327=FACE_BOUND('',#693,.T.);
#328=FACE_BOUND('',#694,.T.);
#329=FACE_BOUND('',#695,.T.);
#330=PLANE('',#696);
#331=FACE_OUTER_BOUND('',#697,.T.);
#332=PLANE('',#698);
#333=FACE_OUTER_BOUND('',#699,.T.);
#334=PLANE('',#700);
#335=FACE_OUTER_BOUND('',#701,.T.);
#336=PLANE('',#702);
#337=FACE_OUTER_BOUND('',#703,.T.);
#338=PLANE('',#704);
#339=FACE_OUTER_BOUND('',#705,.T.);
#340=CYLINDRICAL_SURFACE('',#706,0.508);
#341=FACE_OUTER_BOUND('',#707,.T.);
#342=PLANE('',#708);
#343=FACE_OUTER_BOUND('',#709,.T.);
#344=PLANE('',#710);
#345=FACE_OUTER_BOUND('',#711,.T.);
#346=PLANE('',#712);
#347=FACE_OUTER_BOUND('',#713,.T.);
#348=PLANE('',#714);
#349=FACE_OUTER_BOUND('',#715,.T.);
#350=PLANE('',#716);
#351=FACE_OUTER_BOUND('',#717,.T.);
#352=PLANE('',#718);
#353=FACE_OUTER_BOUND('',#719,.T.);
#354=PLANE('',#720);
#355=FACE_OUTER_BOUND('',#721,.T.);
#356=PLANE('',#722);
#357=FACE_OUTER_BOUND('',#723,.T.);
#358=PLANE('',#724);
#359=FACE_OUTER_BOUND('',#725,.T.);
#360=PLANE('',#726);
#361=FACE_OUTER_BOUND('',#727,.T.);
#362=PLANE('',#728);
#363=FACE_OUTER_BOUND('',#729,.T.);
#364=PLANE('',#730);
#365=FACE_OUTER_BOUND('',#731,.T.);
#366=PLANE('',#732);
#367=FACE_OUTER_BOUND('',#733,.T.);
#368=PLANE('',#734);
#369=FACE_OUTER_BOUND('',#735,.T.);
#370=PLANE('',#736);
#371=FACE_OUTER_BOUND('',#737,.T.);
#372=PLANE('',#738);
#373=FACE_OUTER_BOUND('',#739,.T.);
#374=CYLINDRICAL_SURFACE('',#740,1.143);
#375=FACE_OUTER_BOUND('',#741,.T.);
#376=PLANE('',#742);
#377=FACE_OUTER_BOUND('',#743,.T.);
#378=PLANE('',#744);
#379=FACE_OUTER_BOUND('',#745,.T.);
#380=PLANE('',#746);
#381=FACE_OUTER_BOUND('',#747,.T.);
#382=PLANE('',#748);
#383=FACE_OUTER_BOUND('',#749,.T.);
#384=PLANE('',#750);
#385=FACE_OUTER_BOUND('',#751,.T.);
#386=PLANE('',#752);
#387=FACE_OUTER_BOUND('',#753,.T.);
#388=PLANE('',#754);
#389=FACE_OUTER_BOUND('',#755,.T.);
#390=PLANE('',#756);
#391=FACE_OUTER_BOUND('',#757,.T.);
#392=CYLINDRICAL_SURFACE('',#758,0.508);
#393=FACE_OUTER_BOUND('',#759,.T.);
#394=PLANE('',#760);
#395=FACE_OUTER_BOUND('',#761,.T.);
#396=PLANE('',#762);
#397=FACE_OUTER_BOUND('',#763,.T.);
#398=FACE_BOUND('',#764,.T.);
#399=FACE_BOUND('',#765,.T.);
#400=FACE_BOUND('',#766,.T.);
#401=PLANE('',#767);
#402=FACE_OUTER_BOUND('',#768,.T.);
#403=PLANE('',#769);
#404=FACE_OUTER_BOUND('',#770,.T.);
#405=PLANE('',#771);
#406=FACE_OUTER_BOUND('',#772,.T.);
#407=PLANE('',#773);
#408=FACE_OUTER_BOUND('',#774,.T.);
#409=PLANE('',#775);
#410=FACE_OUTER_BOUND('',#776,.T.);
#411=PLANE('',#777);
#412=FACE_OUTER_BOUND('',#778,.T.);
#413=PLANE('',#779);
#414=FACE_OUTER_BOUND('',#780,.T.);
#415=PLANE('',#781);
#416=FACE_OUTER_BOUND('',#782,.T.);
#417=PLANE('',#783);
#418=FACE_OUTER_BOUND('',#784,.T.);
#419=PLANE('',#785);
#420=FACE_OUTER_BOUND('',#786,.T.);
#421=CYLINDRICAL_SURFACE('',#787,0.500000000000032);
#422=FACE_OUTER_BOUND('',#788,.T.);
#423=PLANE('',#789);
#424=FACE_OUTER_BOUND('',#790,.T.);
#425=PLANE('',#791);
#426=FACE_OUTER_BOUND('',#792,.T.);
#427=PLANE('',#793);
#428=FACE_OUTER_BOUND('',#794,.T.);
#429=PLANE('',#795);
#430=FACE_OUTER_BOUND('',#796,.T.);
#431=PLANE('',#797);
#432=FACE_OUTER_BOUND('',#798,.T.);
#433=PLANE('',#799);
#434=FACE_OUTER_BOUND('',#800,.T.);
#435=PLANE('',#801);
#436=FACE_OUTER_BOUND('',#802,.T.);
#437=PLANE('',#803);
#438=FACE_OUTER_BOUND('',#804,.T.);
#439=CYLINDRICAL_SURFACE('',#805,1.14000000000001);
#440=FACE_OUTER_BOUND('',#806,.T.);
#441=PLANE('',#807);
#442=FACE_OUTER_BOUND('',#808,.T.);
#443=PLANE('',#809);
#444=FACE_OUTER_BOUND('',#810,.T.);
#445=PLANE('',#811);
#446=FACE_OUTER_BOUND('',#812,.T.);
#447=PLANE('',#813);
#448=FACE_OUTER_BOUND('',#814,.T.);
#449=PLANE('',#815);
#450=FACE_OUTER_BOUND('',#816,.T.);
#451=PLANE('',#817);
#452=FACE_OUTER_BOUND('',#818,.T.);
#453=PLANE('',#819);
#454=FACE_OUTER_BOUND('',#820,.T.);
#455=CYLINDRICAL_SURFACE('',#821,0.500000000000032);
#456=FACE_OUTER_BOUND('',#822,.T.);
#457=PLANE('',#823);
#458=FACE_OUTER_BOUND('',#824,.T.);
#459=PLANE('',#825);
#460=FACE_OUTER_BOUND('',#826,.T.);
#461=PLANE('',#827);
#462=FACE_OUTER_BOUND('',#828,.T.);
#463=PLANE('',#829);
#464=FACE_OUTER_BOUND('',#830,.T.);
#465=PLANE('',#831);
#466=FACE_OUTER_BOUND('',#832,.T.);
#467=PLANE('',#833);
#468=FACE_OUTER_BOUND('',#834,.T.);
#469=PLANE('',#835);
#470=FACE_OUTER_BOUND('',#836,.T.);
#471=PLANE('',#837);
#472=FACE_OUTER_BOUND('',#838,.T.);
#473=CYLINDRICAL_SURFACE('',#839,1.14000000000001);
#474=FACE_OUTER_BOUND('',#840,.T.);
#475=PLANE('',#841);
#476=FACE_OUTER_BOUND('',#842,.T.);
#477=PLANE('',#843);
#478=FACE_OUTER_BOUND('',#844,.T.);
#479=PLANE('',#845);
#480=FACE_OUTER_BOUND('',#846,.T.);
#481=PLANE('',#847);
#482=FACE_OUTER_BOUND('',#848,.T.);
#483=PLANE('',#849);
#484=FACE_OUTER_BOUND('',#850,.T.);
#485=PLANE('',#851);
#486=FACE_OUTER_BOUND('',#852,.T.);
#487=PLANE('',#853);
#488=FACE_OUTER_BOUND('',#854,.T.);
#489=PLANE('',#855);
#490=FACE_OUTER_BOUND('',#856,.T.);
#491=PLANE('',#857);
#492=FACE_OUTER_BOUND('',#858,.T.);
#493=PLANE('',#859);
#494=FACE_OUTER_BOUND('',#860,.T.);
#495=PLANE('',#861);
#496=FACE_OUTER_BOUND('',#862,.T.);
#497=PLANE('',#863);
#498=FACE_OUTER_BOUND('',#864,.T.);
#499=PLANE('',#865);
#500=FACE_OUTER_BOUND('',#866,.T.);
#501=PLANE('',#867);
#502=FACE_OUTER_BOUND('',#868,.T.);
#503=PLANE('',#869);
#504=FACE_OUTER_BOUND('',#870,.T.);
#505=PLANE('',#871);
#506=FACE_OUTER_BOUND('',#872,.T.);
#507=PLANE('',#873);
#508=FACE_OUTER_BOUND('',#874,.T.);
#509=PLANE('',#875);
#510=FACE_OUTER_BOUND('',#876,.T.);
#511=PLANE('',#877);
#512=FACE_OUTER_BOUND('',#878,.T.);
#513=PLANE('',#879);
#514=FACE_OUTER_BOUND('',#880,.T.);
#515=PLANE('',#881);
#516=FACE_OUTER_BOUND('',#882,.T.);
#517=PLANE('',#883);
#518=FACE_OUTER_BOUND('',#884,.T.);
#519=PLANE('',#885);
#520=FACE_OUTER_BOUND('',#886,.T.);
#521=PLANE('',#887);
#522=FACE_OUTER_BOUND('',#888,.T.);
#523=PLANE('',#889);
#524=FACE_OUTER_BOUND('',#890,.T.);
#525=PLANE('',#891);
#526=FACE_OUTER_BOUND('',#892,.T.);
#527=PLANE('',#893);
#528=FACE_OUTER_BOUND('',#894,.T.);
#529=PLANE('',#895);
#530=FACE_OUTER_BOUND('',#896,.T.);
#531=PLANE('',#897);
#532=FACE_OUTER_BOUND('',#898,.T.);
#533=PLANE('',#899);
#534=FACE_OUTER_BOUND('',#900,.T.);
#535=PLANE('',#901);
#536=FACE_OUTER_BOUND('',#902,.T.);
#537=PLANE('',#903);
#538=FACE_OUTER_BOUND('',#904,.T.);
#539=PLANE('',#905);
#540=FACE_OUTER_BOUND('',#906,.T.);
#541=PLANE('',#907);
#542=FACE_OUTER_BOUND('',#908,.T.);
#543=PLANE('',#909);
#544=FACE_OUTER_BOUND('',#910,.T.);
#545=PLANE('',#911);
#546=FACE_OUTER_BOUND('',#912,.T.);
#547=PLANE('',#913);
#548=FACE_OUTER_BOUND('',#914,.T.);
#549=PLANE('',#915);
#550=FACE_OUTER_BOUND('',#916,.T.);
#551=PLANE('',#917);
#552=FACE_OUTER_BOUND('',#918,.T.);
#553=PLANE('',#919);
#554=FACE_OUTER_BOUND('',#920,.T.);
#555=PLANE('',#921);
#556=FACE_OUTER_BOUND('',#922,.T.);
#557=PLANE('',#923);
#558=FACE_OUTER_BOUND('',#924,.T.);
#559=PLANE('',#925);
#560=FACE_OUTER_BOUND('',#926,.T.);
#561=PLANE('',#927);
#562=FACE_OUTER_BOUND('',#928,.T.);
#563=PLANE('',#929);
#564=FACE_OUTER_BOUND('',#930,.T.);
#565=PLANE('',#931);
#566=FACE_OUTER_BOUND('',#932,.T.);
#567=PLANE('',#933);
#568=FACE_OUTER_BOUND('',#934,.T.);
#569=PLANE('',#935);
#570=FACE_OUTER_BOUND('',#936,.T.);
#571=PLANE('',#937);
#572=FACE_OUTER_BOUND('',#938,.T.);
#573=PLANE('',#939);
#574=FACE_OUTER_BOUND('',#940,.T.);
#575=PLANE('',#941);
#576=FACE_OUTER_BOUND('',#942,.T.);
#577=CYLINDRICAL_SURFACE('',#943,1.3462);
#578=FACE_OUTER_BOUND('',#944,.T.);
#579=PLANE('',#945);
#580=FACE_OUTER_BOUND('',#946,.T.);
#581=CYLINDRICAL_SURFACE('',#947,1.3462);
#582=FACE_OUTER_BOUND('',#948,.T.);
#583=PLANE('',#949);
#584=FACE_OUTER_BOUND('',#950,.T.);
#585=PLANE('',#951);
#586=FACE_OUTER_BOUND('',#952,.T.);
#587=PLANE('',#953);
#588=FACE_OUTER_BOUND('',#954,.T.);
#589=PLANE('',#955);
#590=FACE_OUTER_BOUND('',#956,.T.);
#591=PLANE('',#957);
#592=TRIMMED_CURVE('',#958,(PARAMETER_VALUE(0.0)),(PARAMETER_VALUE(1.0)),.T.,.UNSPECIFIED.);
#593=TRIMMED_CURVE('',#959,(PARAMETER_VALUE(0.0)),(PARAMETER_VALUE(1.0)),.T.,.UNSPECIFIED.);
#594=TRIMMED_CURVE('',#960,(PARAMETER_VALUE(0.0)),(PARAMETER_VALUE(1.0)),.T.,.UNSPECIFIED.);
#595=TRIMMED_CURVE('',#961,(PARAMETER_VALUE(0.0)),(PARAMETER_VALUE(1.0)),.T.,.UNSPECIFIED.);
#596=TRIMMED_CURVE('',#962,(PARAMETER_VALUE(0.0)),(PARAMETER_VALUE(1.0)),.T.,.UNSPECIFIED.);
#597=TRIMMED_CURVE('',#963,(PARAMETER_VALUE(0.0)),(PARAMETER_VALUE(1.0)),.T.,.UNSPECIFIED.);
#598=TRIMMED_CURVE('',#964,(PARAMETER_VALUE(0.0)),(PARAMETER_VALUE(1.0)),.T.,.UNSPECIFIED.);
#599=TRIMMED_CURVE('',#965,(PARAMETER_VALUE(0.0)),(PARAMETER_VALUE(1.0)),.T.,.UNSPECIFIED.);
#600=TRIMMED_CURVE('',#966,(PARAMETER_VALUE(0.0)),(PARAMETER_VALUE(1.0)),.T.,.UNSPECIFIED.);
#601=TRIMMED_CURVE('',#967,(PARAMETER_VALUE(0.0)),(PARAMETER_VALUE(1.0)),.T.,.UNSPECIFIED.);
#602=TRIMMED_CURVE('',#968,(PARAMETER_VALUE(0.0)),(PARAMETER_VALUE(1.0)),.T.,.UNSPECIFIED.);
#603=TRIMMED_CURVE('',#969,(PARAMETER_VALUE(0.0)),(PARAMETER_VALUE(1.0)),.T.,.UNSPECIFIED.);
#604=TRIMMED_CURVE('',#970,(PARAMETER_VALUE(0.0)),(PARAMETER_VALUE(1.0)),.T.,.UNSPECIFIED.);
#605=TRIMMED_CURVE('',#971,(PARAMETER_VALUE(0.0)),(PARAMETER_VALUE(1.0)),.T.,.UNSPECIFIED.);
#606=TRIMMED_CURVE('',#972,(PARAMETER_VALUE(0.0)),(PARAMETER_VALUE(1.0)),.T.,.UNSPECIFIED.);
#607=TRIMMED_CURVE('',#973,(PARAMETER_VALUE(0.0)),(PARAMETER_VALUE(1.0)),.T.,.UNSPECIFIED.);
#608=TRIMMED_CURVE('',#974,(PARAMETER_VALUE(0.0)),(PARAMETER_VALUE(1.0)),.T.,.UNSPECIFIED.);
#609=TRIMMED_CURVE('',#975,(PARAMETER_VALUE(0.0)),(PARAMETER_VALUE(1.0)),.T.,.UNSPECIFIED.);
#610=TRIMMED_CURVE('',#976,(PARAMETER_VALUE(0.0)),(PARAMETER_VALUE(1.0)),.T.,.UNSPECIFIED.);
#611=EDGE_LOOP('',(#977,#978,#979,#980,#981,#982,#983,#984));
#612=AXIS2_PLACEMENT_3D('',#985,#986,#987);
#613=EDGE_LOOP('',(#988,#989,#990,#991,#992,#993,#994,#995,#996,#997,#998,#999,#1000,#1001,#1002,#1003,#1004,#1005,#1006,#1007,#1008,#1009,#1010,#1011,#1012,#1013,#1014,#1015,#1016,#1017,#1018,#1019,#1020,#1021,#1022,#1023));
#614=AXIS2_PLACEMENT_3D('',#1024,#1025,#1026);
#615=EDGE_LOOP('',(#1027,#1028,#1029,#1030,#1031,#1032,#1033,#1034,#1035,#1036,#1037,#1038,#1039,#1040,#1041,#1042));
#616=EDGE_LOOP('',(#1043,#1044,#1045,#1046));
#617=EDGE_LOOP('',(#1047,#1048,#1049,#1050));
#618=AXIS2_PLACEMENT_3D('',#1051,#1052,#1053);
#619=EDGE_LOOP('',(#1054,#1055,#1056,#1057));
#620=AXIS2_PLACEMENT_3D('',#1058,#1059,#1060);
#621=EDGE_LOOP('',(#1061,#1062,#1063,#1064,#1065,#1066,#1067,#1068,#1069,#1070,#1071,#1072,#1073,#1074,#1075,#1076,#1077,#1078,#1079,#1080,#1081,#1082,#1083,#1084,#1085,#1086,#1087,#1088,#1089,#1090,#1091,#1092,#1093,#1094,#1095));
#622=AXIS2_PLACEMENT_3D('',#1096,#1097,#1098);
#623=EDGE_LOOP('',(#1099,#1100,#1101,#1102,#1103));
#624=AXIS2_PLACEMENT_3D('',#1104,#1105,#1106);
#625=EDGE_LOOP('',(#1107,#1108,#1109,#1110));
#626=AXIS2_PLACEMENT_3D('',#1111,#1112,#1113);
#627=EDGE_LOOP('',(#1114,#1115,#1116,#1117,#1118));
#628=AXIS2_PLACEMENT_3D('',#1119,#1120,#1121);
#629=EDGE_LOOP('',(#1122,#1123,#1124,#1125));
#630=AXIS2_PLACEMENT_3D('',#1126,#1127,#1128);
#631=EDGE_LOOP('',(#1129,#1130,#1131,#1132));
#632=AXIS2_PLACEMENT_3D('',#1133,#1134,#1135);
#633=EDGE_LOOP('',(#1136,#1137,#1138,#1139));
#634=AXIS2_PLACEMENT_3D('',#1140,#1141,#1142);
#635=EDGE_LOOP('',(#1143,#1144,#1145,#1146,#1147));
#636=AXIS2_PLACEMENT_3D('',#1148,#1149,#1150);
#637=EDGE_LOOP('',(#1151,#1152,#1153,#1154,#1155,#1156,#1157,#1158));
#638=AXIS2_PLACEMENT_3D('',#1159,#1160,#1161);
#639=EDGE_LOOP('',(#1162,#1163,#1164,#1165,#1166,#1167,#1168,#1169));
#640=AXIS2_PLACEMENT_3D('',#1170,#1171,#1172);
#641=EDGE_LOOP('',(#1173,#1174,#1175,#1176,#1177,#1178,#1179,#1180,#1181,#1182,#1183));
#642=AXIS2_PLACEMENT_3D('',#1184,#1185,#1186);
#643=EDGE_LOOP('',(#1187,#1188,#1189,#1190));
#644=AXIS2_PLACEMENT_3D('',#1191,#1192,#1193);
#645=EDGE_LOOP('',(#1194,#1195,#1196,#1197));
#646=AXIS2_PLACEMENT_3D('',#1198,#1199,#1200);
#647=EDGE_LOOP('',(#1201,#1202,#1203,#1204,#1205,#1206,#1207));
#648=AXIS2_PLACEMENT_3D('',#1208,#1209,#1210);
#649=EDGE_LOOP('',(#1211,#1212,#1213,#1214,#1215,#1216,#1217,#1218,#1219,#1220));
#650=AXIS2_PLACEMENT_3D('',#1221,#1222,#1223);
#651=EDGE_LOOP('',(#1224,#1225,#1226,#1227,#1228,#1229,#1230,#1231));
#652=AXIS2_PLACEMENT_3D('',#1232,#1233,#1234);
#653=EDGE_LOOP('',(#1235,#1236,#1237,#1238));
#654=AXIS2_PLACEMENT_3D('',#1239,#1240,#1241);
#655=EDGE_LOOP('',(#1242,#1243,#1244,#1245));
#656=AXIS2_PLACEMENT_3D('',#1246,#1247,#1248);
#657=EDGE_LOOP('',(#1249,#1250,#1251,#1252));
#658=AXIS2_PLACEMENT_3D('',#1253,#1254,#1255);
#659=EDGE_LOOP('',(#1256,#1257,#1258,#1259,#1260));
#660=AXIS2_PLACEMENT_3D('',#1261,#1262,#1263);
#661=EDGE_LOOP('',(#1264,#1265,#1266,#1267,#1268,#1269));
#662=AXIS2_PLACEMENT_3D('',#1270,#1271,#1272);
#663=EDGE_LOOP('',(#1273,#1274,#1275,#1276,#1277,#1278));
#664=AXIS2_PLACEMENT_3D('',#1279,#1280,#1281);
#665=EDGE_LOOP('',(#1282,#1283,#1284,#1285));
#666=AXIS2_PLACEMENT_3D('',#1286,#1287,#1288);
#667=EDGE_LOOP('',(#1289,#1290,#1291,#1292,#1293));
#668=AXIS2_PLACEMENT_3D('',#1294,#1295,#1296);
#669=EDGE_LOOP('',(#1297,#1298,#1299,#1300,#1301,#1302,#1303,#1304,#1305,#1306,#1307,#1308,#1309,#1310,#1311,#1312));
#670=EDGE_LOOP('',(#1313,#1314,#1315,#1316));
#671=EDGE_LOOP('',(#1317,#1318,#1319,#1320));
#672=EDGE_LOOP('',(#1321,#1322,#1323,#1324));
#673=EDGE_LOOP('',(#1325,#1326,#1327,#1328));
#674=AXIS2_PLACEMENT_3D('',#1329,#1330,#1331);
#675=EDGE_LOOP('',(#1332,#1333,#1334,#1335,#1336,#1337,#1338,#1339));
#676=AXIS2_PLACEMENT_3D('',#1340,#1341,#1342);
#677=EDGE_LOOP('',(#1343,#1344,#1345,#1346));
#678=AXIS2_PLACEMENT_3D('',#1347,#1348,#1349);
#679=EDGE_LOOP('',(#1350,#1351,#1352,#1353));
#680=AXIS2_PLACEMENT_3D('',#1354,#1355,#1356);
#681=EDGE_LOOP('',(#1357,#1358,#1359,#1360));
#682=AXIS2_PLACEMENT_3D('',#1361,#1362,#1363);
#683=EDGE_LOOP('',(#1364,#1365,#1366,#1367));
#684=AXIS2_PLACEMENT_3D('',#1368,#1369,#1370);
#685=EDGE_LOOP('',(#1371,#1372,#1373,#1374));
#686=AXIS2_PLACEMENT_3D('',#1375,#1376,#1377);
#687=EDGE_LOOP('',(#1378,#1379,#1380,#1381));
#688=AXIS2_PLACEMENT_3D('',#1382,#1383,#1384);
#689=EDGE_LOOP('',(#1385,#1386,#1387,#1388));
#690=AXIS2_PLACEMENT_3D('',#1389,#1390,#1391);
#691=EDGE_LOOP('',(#1392,#1393,#1394,#1395,#1396,#1397,#1398,#1399,#1400,#1401,#1402,#1403,#1404,#1405,#1406,#1407,#1408,#1409,#1410,#1411,#1412,#1413,#1414,#1415,#1416,#1417,#1418,#1419,#1420,#1421,#1422,#1423,#1424,#1425,#1426,#1427));
#692=EDGE_LOOP('',(#1428,#1429,#1430,#1431));
#693=EDGE_LOOP('',(#1432,#1433,#1434,#1435));
#694=EDGE_LOOP('',(#1436,#1437,#1438,#1439));
#695=EDGE_LOOP('',(#1440,#1441,#1442,#1443));
#696=AXIS2_PLACEMENT_3D('',#1444,#1445,#1446);
#697=EDGE_LOOP('',(#1447,#1448,#1449,#1450));
#698=AXIS2_PLACEMENT_3D('',#1451,#1452,#1453);
#699=EDGE_LOOP('',(#1454,#1455,#1456,#1457));
#700=AXIS2_PLACEMENT_3D('',#1458,#1459,#1460);
#701=EDGE_LOOP('',(#1461,#1462,#1463,#1464));
#702=AXIS2_PLACEMENT_3D('',#1465,#1466,#1467);
#703=EDGE_LOOP('',(#1468,#1469,#1470,#1471));
#704=AXIS2_PLACEMENT_3D('',#1472,#1473,#1474);
#705=EDGE_LOOP('',(#1475,#1476,#1477,#1478));
#706=AXIS2_PLACEMENT_3D('',#1479,#1480,#1481);
#707=EDGE_LOOP('',(#1482,#1483,#1484,#1485));
#708=AXIS2_PLACEMENT_3D('',#1486,#1487,#1488);
#709=EDGE_LOOP('',(#1489,#1490,#1491,#1492));
#710=AXIS2_PLACEMENT_3D('',#1493,#1494,#1495);
#711=EDGE_LOOP('',(#1496,#1497,#1498,#1499));
#712=AXIS2_PLACEMENT_3D('',#1500,#1501,#1502);
#713=EDGE_LOOP('',(#1503,#1504,#1505,#1506));
#714=AXIS2_PLACEMENT_3D('',#1507,#1508,#1509);
#715=EDGE_LOOP('',(#1510,#1511,#1512,#1513,#1514,#1515,#1516,#1517));
#716=AXIS2_PLACEMENT_3D('',#1518,#1519,#1520);
#717=EDGE_LOOP('',(#1521,#1522,#1523,#1524));
#718=AXIS2_PLACEMENT_3D('',#1525,#1526,#1527);
#719=EDGE_LOOP('',(#1528,#1529,#1530,#1531));
#720=AXIS2_PLACEMENT_3D('',#1532,#1533,#1534);
#721=EDGE_LOOP('',(#1535,#1536,#1537,#1538));
#722=AXIS2_PLACEMENT_3D('',#1539,#1540,#1541);
#723=EDGE_LOOP('',(#1542,#1543,#1544,#1545));
#724=AXIS2_PLACEMENT_3D('',#1546,#1547,#1548);
#725=EDGE_LOOP('',(#1549,#1550,#1551,#1552));
#726=AXIS2_PLACEMENT_3D('',#1553,#1554,#1555);
#727=EDGE_LOOP('',(#1556,#1557,#1558,#1559));
#728=AXIS2_PLACEMENT_3D('',#1560,#1561,#1562);
#729=EDGE_LOOP('',(#1563,#1564,#1565,#1566,#1567,#1568,#1569,#1570));
#730=AXIS2_PLACEMENT_3D('',#1571,#1572,#1573);
#731=EDGE_LOOP('',(#1574,#1575,#1576,#1577));
#732=AXIS2_PLACEMENT_3D('',#1578,#1579,#1580);
#733=EDGE_LOOP('',(#1581,#1582,#1583,#1584));
#734=AXIS2_PLACEMENT_3D('',#1585,#1586,#1587);
#735=EDGE_LOOP('',(#1588,#1589,#1590,#1591));
#736=AXIS2_PLACEMENT_3D('',#1592,#1593,#1594);
#737=EDGE_LOOP('',(#1595,#1596,#1597,#1598));
#738=AXIS2_PLACEMENT_3D('',#1599,#1600,#1601);
#739=EDGE_LOOP('',(#1602,#1603,#1604,#1605));
#740=AXIS2_PLACEMENT_3D('',#1606,#1607,#1608);
#741=EDGE_LOOP('',(#1609,#1610,#1611,#1612));
#742=AXIS2_PLACEMENT_3D('',#1613,#1614,#1615);
#743=EDGE_LOOP('',(#1616,#1617,#1618,#1619));
#744=AXIS2_PLACEMENT_3D('',#1620,#1621,#1622);
#745=EDGE_LOOP('',(#1623,#1624,#1625,#1626,#1627,#1628,#1629,#1630));
#746=AXIS2_PLACEMENT_3D('',#1631,#1632,#1633);
#747=EDGE_LOOP('',(#1634,#1635,#1636,#1637));
#748=AXIS2_PLACEMENT_3D('',#1638,#1639,#1640);
#749=EDGE_LOOP('',(#1641,#1642,#1643,#1644));
#750=AXIS2_PLACEMENT_3D('',#1645,#1646,#1647);
#751=EDGE_LOOP('',(#1648,#1649,#1650,#1651));
#752=AXIS2_PLACEMENT_3D('',#1652,#1653,#1654);
#753=EDGE_LOOP('',(#1655,#1656,#1657,#1658));
#754=AXIS2_PLACEMENT_3D('',#1659,#1660,#1661);
#755=EDGE_LOOP('',(#1662,#1663,#1664,#1665));
#756=AXIS2_PLACEMENT_3D('',#1666,#1667,#1668);
#757=EDGE_LOOP('',(#1669,#1670,#1671,#1672));
#758=AXIS2_PLACEMENT_3D('',#1673,#1674,#1675);
#759=EDGE_LOOP('',(#1676,#1677,#1678,#1679));
#760=AXIS2_PLACEMENT_3D('',#1680,#1681,#1682);
#761=EDGE_LOOP('',(#1683,#1684,#1685,#1686));
#762=AXIS2_PLACEMENT_3D('',#1687,#1688,#1689);
#763=EDGE_LOOP('',(#1690,#1691,#1692,#1693));
#764=EDGE_LOOP('',(#1694,#1695,#1696,#1697));
#765=EDGE_LOOP('',(#1698,#1699,#1700,#1701));
#766=EDGE_LOOP('',(#1702,#1703,#1704,#1705));
#767=AXIS2_PLACEMENT_3D('',#1706,#1707,#1708);
#768=EDGE_LOOP('',(#1709,#1710,#1711,#1712));
#769=AXIS2_PLACEMENT_3D('',#1713,#1714,#1715);
#770=EDGE_LOOP('',(#1716,#1717,#1718,#1719));
#771=AXIS2_PLACEMENT_3D('',#1720,#1721,#1722);
#772=EDGE_LOOP('',(#1723,#1724,#1725,#1726));
#773=AXIS2_PLACEMENT_3D('',#1727,#1728,#1729);
#774=EDGE_LOOP('',(#1730,#1731,#1732,#1733));
#775=AXIS2_PLACEMENT_3D('',#1734,#1735,#1736);
#776=EDGE_LOOP('',(#1737,#1738,#1739,#1740,#1741,#1742,#1743,#1744));
#777=AXIS2_PLACEMENT_3D('',#1745,#1746,#1747);
#778=EDGE_LOOP('',(#1748,#1749,#1750,#1751));
#779=AXIS2_PLACEMENT_3D('',#1752,#1753,#1754);
#780=EDGE_LOOP('',(#1755,#1756,#1757,#1758));
#781=AXIS2_PLACEMENT_3D('',#1759,#1760,#1761);
#782=EDGE_LOOP('',(#1762,#1763,#1764,#1765));
#783=AXIS2_PLACEMENT_3D('',#1766,#1767,#1768);
#784=EDGE_LOOP('',(#1769,#1770,#1771,#1772));
#785=AXIS2_PLACEMENT_3D('',#1773,#1774,#1775);
#786=EDGE_LOOP('',(#1776,#1777,#1778,#1779));
#787=AXIS2_PLACEMENT_3D('',#1780,#1781,#1782);
#788=EDGE_LOOP('',(#1783,#1784,#1785,#1786));
#789=AXIS2_PLACEMENT_3D('',#1787,#1788,#1789);
#790=EDGE_LOOP('',(#1790,#1791,#1792,#1793));
#791=AXIS2_PLACEMENT_3D('',#1794,#1795,#1796);
#792=EDGE_LOOP('',(#1797,#1798,#1799,#1800,#1801,#1802,#1803,#1804));
#793=AXIS2_PLACEMENT_3D('',#1805,#1806,#1807);
#794=EDGE_LOOP('',(#1808,#1809,#1810,#1811));
#795=AXIS2_PLACEMENT_3D('',#1812,#1813,#1814);
#796=EDGE_LOOP('',(#1815,#1816,#1817,#1818));
#797=AXIS2_PLACEMENT_3D('',#1819,#1820,#1821);
#798=EDGE_LOOP('',(#1822,#1823,#1824,#1825));
#799=AXIS2_PLACEMENT_3D('',#1826,#1827,#1828);
#800=EDGE_LOOP('',(#1829,#1830,#1831,#1832));
#801=AXIS2_PLACEMENT_3D('',#1833,#1834,#1835);
#802=EDGE_LOOP('',(#1836,#1837,#1838,#1839));
#803=AXIS2_PLACEMENT_3D('',#1840,#1841,#1842);
#804=EDGE_LOOP('',(#1843,#1844,#1845,#1846));
#805=AXIS2_PLACEMENT_3D('',#1847,#1848,#1849);
#806=EDGE_LOOP('',(#1850,#1851,#1852,#1853));
#807=AXIS2_PLACEMENT_3D('',#1854,#1855,#1856);
#808=EDGE_LOOP('',(#1857,#1858,#1859,#1860));
#809=AXIS2_PLACEMENT_3D('',#1861,#1862,#1863);
#810=EDGE_LOOP('',(#1864,#1865,#1866,#1867,#1868,#1869,#1870,#1871));
#811=AXIS2_PLACEMENT_3D('',#1872,#1873,#1874);
#812=EDGE_LOOP('',(#1875,#1876,#1877,#1878));
#813=AXIS2_PLACEMENT_3D('',#1879,#1880,#1881);
#814=EDGE_LOOP('',(#1882,#1883,#1884,#1885));
#815=AXIS2_PLACEMENT_3D('',#1886,#1887,#1888);
#816=EDGE_LOOP('',(#1889,#1890,#1891,#1892));
#817=AXIS2_PLACEMENT_3D('',#1893,#1894,#1895);
#818=EDGE_LOOP('',(#1896,#1897,#1898,#1899));
#819=AXIS2_PLACEMENT_3D('',#1900,#1901,#1902);
#820=EDGE_LOOP('',(#1903,#1904,#1905,#1906));
#821=AXIS2_PLACEMENT_3D('',#1907,#1908,#1909);
#822=EDGE_LOOP('',(#1910,#1911,#1912,#1913));
#823=AXIS2_PLACEMENT_3D('',#1914,#1915,#1916);
#824=EDGE_LOOP('',(#1917,#1918,#1919,#1920));
#825=AXIS2_PLACEMENT_3D('',#1921,#1922,#1923);
#826=EDGE_LOOP('',(#1924,#1925,#1926,#1927,#1928,#1929,#1930,#1931));
#827=AXIS2_PLACEMENT_3D('',#1932,#1933,#1934);
#828=EDGE_LOOP('',(#1935,#1936,#1937,#1938));
#829=AXIS2_PLACEMENT_3D('',#1939,#1940,#1941);
#830=EDGE_LOOP('',(#1942,#1943,#1944,#1945));
#831=AXIS2_PLACEMENT_3D('',#1946,#1947,#1948);
#832=EDGE_LOOP('',(#1949,#1950,#1951,#1952));
#833=AXIS2_PLACEMENT_3D('',#1953,#1954,#1955);
#834=EDGE_LOOP('',(#1956,#1957,#1958,#1959));
#835=AXIS2_PLACEMENT_3D('',#1960,#1961,#1962);
#836=EDGE_LOOP('',(#1963,#1964,#1965,#1966));
#837=AXIS2_PLACEMENT_3D('',#1967,#1968,#1969);
#838=EDGE_LOOP('',(#1970,#1971,#1972,#1973));
#839=AXIS2_PLACEMENT_3D('',#1974,#1975,#1976);
#840=EDGE_LOOP('',(#1977,#1978,#1979,#1980));
#841=AXIS2_PLACEMENT_3D('',#1981,#1982,#1983);
#842=EDGE_LOOP('',(#1984,#1985,#1986,#1987));
#843=AXIS2_PLACEMENT_3D('',#1988,#1989,#1990);
#844=EDGE_LOOP('',(#1991,#1992,#1993,#1994));
#845=AXIS2_PLACEMENT_3D('',#1995,#1996,#1997);
#846=EDGE_LOOP('',(#1998,#1999,#2000,#2001));
#847=AXIS2_PLACEMENT_3D('',#2002,#2003,#2004);
#848=EDGE_LOOP('',(#2005,#2006,#2007,#2008));
#849=AXIS2_PLACEMENT_3D('',#2009,#2010,#2011);
#850=EDGE_LOOP('',(#2012,#2013,#2014,#2015));
#851=AXIS2_PLACEMENT_3D('',#2016,#2017,#2018);
#852=EDGE_LOOP('',(#2019,#2020,#2021,#2022));
#853=AXIS2_PLACEMENT_3D('',#2023,#2024,#2025);
#854=EDGE_LOOP('',(#2026,#2027,#2028,#2029));
#855=AXIS2_PLACEMENT_3D('',#2030,#2031,#2032);
#856=EDGE_LOOP('',(#2033,#2034,#2035,#2036));
#857=AXIS2_PLACEMENT_3D('',#2037,#2038,#2039);
#858=EDGE_LOOP('',(#2040,#2041,#2042,#2043));
#859=AXIS2_PLACEMENT_3D('',#2044,#2045,#2046);
#860=EDGE_LOOP('',(#2047,#2048,#2049,#2050));
#861=AXIS2_PLACEMENT_3D('',#2051,#2052,#2053);
#862=EDGE_LOOP('',(#2054,#2055,#2056,#2057));
#863=AXIS2_PLACEMENT_3D('',#2058,#2059,#2060);
#864=EDGE_LOOP('',(#2061,#2062,#2063,#2064));
#865=AXIS2_PLACEMENT_3D('',#2065,#2066,#2067);
#866=EDGE_LOOP('',(#2068,#2069,#2070,#2071));
#867=AXIS2_PLACEMENT_3D('',#2072,#2073,#2074);
#868=EDGE_LOOP('',(#2075,#2076,#2077,#2078));
#869=AXIS2_PLACEMENT_3D('',#2079,#2080,#2081);
#870=EDGE_LOOP('',(#2082,#2083,#2084,#2085));
#871=AXIS2_PLACEMENT_3D('',#2086,#2087,#2088);
#872=EDGE_LOOP('',(#2089,#2090,#2091,#2092));
#873=AXIS2_PLACEMENT_3D('',#2093,#2094,#2095);
#874=EDGE_LOOP('',(#2096,#2097,#2098,#2099));
#875=AXIS2_PLACEMENT_3D('',#2100,#2101,#2102);
#876=EDGE_LOOP('',(#2103,#2104,#2105,#2106));
#877=AXIS2_PLACEMENT_3D('',#2107,#2108,#2109);
#878=EDGE_LOOP('',(#2110,#2111,#2112,#2113));
#879=AXIS2_PLACEMENT_3D('',#2114,#2115,#2116);
#880=EDGE_LOOP('',(#2117,#2118,#2119,#2120));
#881=AXIS2_PLACEMENT_3D('',#2121,#2122,#2123);
#882=EDGE_LOOP('',(#2124,#2125,#2126,#2127));
#883=AXIS2_PLACEMENT_3D('',#2128,#2129,#2130);
#884=EDGE_LOOP('',(#2131,#2132,#2133,#2134));
#885=AXIS2_PLACEMENT_3D('',#2135,#2136,#2137);
#886=EDGE_LOOP('',(#2138,#2139,#2140,#2141));
#887=AXIS2_PLACEMENT_3D('',#2142,#2143,#2144);
#888=EDGE_LOOP('',(#2145,#2146,#2147,#2148));
#889=AXIS2_PLACEMENT_3D('',#2149,#2150,#2151);
#890=EDGE_LOOP('',(#2152,#2153,#2154,#2155));
#891=AXIS2_PLACEMENT_3D('',#2156,#2157,#2158);
#892=EDGE_LOOP('',(#2159,#2160,#2161,#2162));
#893=AXIS2_PLACEMENT_3D('',#2163,#2164,#2165);
#894=EDGE_LOOP('',(#2166,#2167,#2168,#2169));
#895=AXIS2_PLACEMENT_3D('',#2170,#2171,#2172);
#896=EDGE_LOOP('',(#2173,#2174,#2175,#2176));
#897=AXIS2_PLACEMENT_3D('',#2177,#2178,#2179);
#898=EDGE_LOOP('',(#2180,#2181,#2182,#2183));
#899=AXIS2_PLACEMENT_3D('',#2184,#2185,#2186);
#900=EDGE_LOOP('',(#2187,#2188,#2189,#2190));
#901=AXIS2_PLACEMENT_3D('',#2191,#2192,#2193);
#902=EDGE_LOOP('',(#2194,#2195,#2196,#2197));
#903=AXIS2_PLACEMENT_3D('',#2198,#2199,#2200);
#904=EDGE_LOOP('',(#2201,#2202,#2203,#2204));
#905=AXIS2_PLACEMENT_3D('',#2205,#2206,#2207);
#906=EDGE_LOOP('',(#2208,#2209,#2210,#2211));
#907=AXIS2_PLACEMENT_3D('',#2212,#2213,#2214);
#908=EDGE_LOOP('',(#2215,#2216,#2217,#2218));
#909=AXIS2_PLACEMENT_3D('',#2219,#2220,#2221);
#910=EDGE_LOOP('',(#2222,#2223,#2224,#2225));
#911=AXIS2_PLACEMENT_3D('',#2226,#2227,#2228);
#912=EDGE_LOOP('',(#2229,#2230,#2231,#2232));
#913=AXIS2_PLACEMENT_3D('',#2233,#2234,#2235);
#914=EDGE_LOOP('',(#2236,#2237,#2238,#2239));
#915=AXIS2_PLACEMENT_3D('',#2240,#2241,#2242);
#916=EDGE_LOOP('',(#2243,#2244,#2245,#2246));
#917=AXIS2_PLACEMENT_3D('',#2247,#2248,#2249);
#918=EDGE_LOOP('',(#2250,#2251,#2252,#2253));
#919=AXIS2_PLACEMENT_3D('',#2254,#2255,#2256);
#920=EDGE_LOOP('',(#2257,#2258,#2259,#2260));
#921=AXIS2_PLACEMENT_3D('',#2261,#2262,#2263);
#922=EDGE_LOOP('',(#2264,#2265,#2266,#2267));
#923=AXIS2_PLACEMENT_3D('',#2268,#2269,#2270);
#924=EDGE_LOOP('',(#2271,#2272,#2273,#2274,#2275));
#925=AXIS2_PLACEMENT_3D('',#2276,#2277,#2278);
#926=EDGE_LOOP('',(#2279,#2280,#2281,#2282));
#927=AXIS2_PLACEMENT_3D('',#2283,#2284,#2285);
#928=EDGE_LOOP('',(#2286,#2287,#2288,#2289));
#929=AXIS2_PLACEMENT_3D('',#2290,#2291,#2292);
#930=EDGE_LOOP('',(#2293,#2294,#2295,#2296,#2297));
#931=AXIS2_PLACEMENT_3D('',#2298,#2299,#2300);
#932=EDGE_LOOP('',(#2301,#2302,#2303,#2304,#2305));
#933=AXIS2_PLACEMENT_3D('',#2306,#2307,#2308);
#934=EDGE_LOOP('',(#2309,#2310,#2311,#2312,#2313,#2314,#2315,#2316));
#935=AXIS2_PLACEMENT_3D('',#2317,#2318,#2319);
#936=EDGE_LOOP('',(#2320,#2321,#2322,#2323));
#937=AXIS2_PLACEMENT_3D('',#2324,#2325,#2326);
#938=EDGE_LOOP('',(#2327,#2328,#2329,#2330));
#939=AXIS2_PLACEMENT_3D('',#2331,#2332,#2333);
#940=EDGE_LOOP('',(#2334,#2335,#2336,#2337,#2338));
#941=AXIS2_PLACEMENT_3D('',#2339,#2340,#2341);
#942=EDGE_LOOP('',(#2342,#2343,#2344,#2345));
#943=AXIS2_PLACEMENT_3D('',#2346,#2347,#2348);
#944=EDGE_LOOP('',(#2349,#2350,#2351,#2352));
#945=AXIS2_PLACEMENT_3D('',#2353,#2354,#2355);
#946=EDGE_LOOP('',(#2356,#2357,#2358,#2359));
#947=AXIS2_PLACEMENT_3D('',#2360,#2361,#2362);
#948=EDGE_LOOP('',(#2363,#2364,#2365,#2366,#2367,#2368));
#949=AXIS2_PLACEMENT_3D('',#2369,#2370,#2371);
#950=EDGE_LOOP('',(#2372,#2373,#2374,#2375));
#951=AXIS2_PLACEMENT_3D('',#2376,#2377,#2378);
#952=EDGE_LOOP('',(#2379,#2380,#2381,#2382,#2383));
#953=AXIS2_PLACEMENT_3D('',#2384,#2385,#2386);
#954=EDGE_LOOP('',(#2387,#2388,#2389,#2390,#2391));
#955=AXIS2_PLACEMENT_3D('',#2392,#2393,#2394);
#956=EDGE_LOOP('',(#2395,#2396,#2397,#2398));
#957=AXIS2_PLACEMENT_3D('',#2399,#2400,#2401);
#958=LINE('',#2402,#2403);
#959=LINE('',#2404,#2405);
#960=LINE('',#2406,#2407);
#961=LINE('',#2408,#2409);
#962=LINE('',#2410,#2411);
#963=LINE('',#2412,#2413);
#964=LINE('',#2414,#2415);
#965=LINE('',#2416,#2417);
#966=LINE('',#2418,#2419);
#967=LINE('',#2420,#2421);
#968=LINE('',#2422,#2423);
#969=LINE('',#2424,#2425);
#970=LINE('',#2426,#2427);
#971=LINE('',#2428,#2429);
#972=LINE('',#2430,#2431);
#973=LINE('',#2432,#2433);
#974=LINE('',#2434,#2435);
#975=LINE('',#2436,#2437);
#976=LINE('',#2438,#2439);
#977=ORIENTED_EDGE('',*,*,#2440,.F.);
#978=ORIENTED_EDGE('',*,*,#2441,.F.);
#979=ORIENTED_EDGE('',*,*,#2442,.T.);
#980=ORIENTED_EDGE('',*,*,#2443,.T.);
#981=ORIENTED_EDGE('',*,*,#2444,.F.);
#982=ORIENTED_EDGE('',*,*,#2445,.F.);
#983=ORIENTED_EDGE('',*,*,#2446,.T.);
#984=ORIENTED_EDGE('',*,*,#2447,.F.);
#985=CARTESIAN_POINT('',(-6.35,0.0,0.0));
#986=DIRECTION('',(1.0,0.0,0.0));
#987=DIRECTION('',(0.0,1.0,0.0));
#988=ORIENTED_EDGE('',*,*,#2448,.T.);
#989=ORIENTED_EDGE('',*,*,#2449,.T.);
#990=ORIENTED_EDGE('',*,*,#2450,.T.);
#991=ORIENTED_EDGE('',*,*,#2451,.F.);
#992=ORIENTED_EDGE('',*,*,#2452,.F.);
#993=ORIENTED_EDGE('',*,*,#2453,.F.);
#994=ORIENTED_EDGE('',*,*,#2454,.T.);
#995=ORIENTED_EDGE('',*,*,#2455,.T.);
#996=ORIENTED_EDGE('',*,*,#2456,.F.);
#997=ORIENTED_EDGE('',*,*,#2457,.T.);
#998=ORIENTED_EDGE('',*,*,#2458,.F.);
#999=ORIENTED_EDGE('',*,*,#2459,.F.);
#1000=ORIENTED_EDGE('',*,*,#2460,.F.);
#1001=ORIENTED_EDGE('',*,*,#2461,.F.);
#1002=ORIENTED_EDGE('',*,*,#2462,.F.);
#1003=ORIENTED_EDGE('',*,*,#2463,.T.);
#1004=ORIENTED_EDGE('',*,*,#2464,.T.);
#1005=ORIENTED_EDGE('',*,*,#2465,.F.);
#1006=ORIENTED_EDGE('',*,*,#2466,.F.);
#1007=ORIENTED_EDGE('',*,*,#2467,.T.);
#1008=ORIENTED_EDGE('',*,*,#2468,.T.);
#1009=ORIENTED_EDGE('',*,*,#2469,.F.);
#1010=ORIENTED_EDGE('',*,*,#2470,.F.);
#1011=ORIENTED_EDGE('',*,*,#2471,.T.);
#1012=ORIENTED_EDGE('',*,*,#2472,.T.);
#1013=ORIENTED_EDGE('',*,*,#2473,.F.);
#1014=ORIENTED_EDGE('',*,*,#2474,.F.);
#1015=ORIENTED_EDGE('',*,*,#2475,.T.);
#1016=ORIENTED_EDGE('',*,*,#2476,.T.);
#1017=ORIENTED_EDGE('',*,*,#2477,.F.);
#1018=ORIENTED_EDGE('',*,*,#2478,.F.);
#1019=ORIENTED_EDGE('',*,*,#2479,.F.);
#1020=ORIENTED_EDGE('',*,*,#2480,.F.);
#1021=ORIENTED_EDGE('',*,*,#2481,.F.);
#1022=ORIENTED_EDGE('',*,*,#2447,.T.);
#1023=ORIENTED_EDGE('',*,*,#2482,.T.);
#1024=CARTESIAN_POINT('',(-6.35,2.54,-5.715));
#1025=DIRECTION('',(-0.0,1.0,0.0));
#1026=DIRECTION('',(1.0,0.0,0.0));
#1027=ORIENTED_EDGE('',*,*,#2483,.T.);
#1028=ORIENTED_EDGE('',*,*,#2484,.F.);
#1029=ORIENTED_EDGE('',*,*,#2485,.T.);
#1030=ORIENTED_EDGE('',*,*,#2486,.F.);
#1031=ORIENTED_EDGE('',*,*,#2487,.T.);
#1032=ORIENTED_EDGE('',*,*,#2488,.F.);
#1033=ORIENTED_EDGE('',*,*,#2489,.F.);
#1034=ORIENTED_EDGE('',*,*,#2490,.T.);
#1035=ORIENTED_EDGE('',*,*,#2491,.F.);
#1036=ORIENTED_EDGE('',*,*,#2492,.F.);
#1037=ORIENTED_EDGE('',*,*,#2493,.F.);
#1038=ORIENTED_EDGE('',*,*,#2494,.T.);
#1039=ORIENTED_EDGE('',*,*,#2495,.F.);
#1040=ORIENTED_EDGE('',*,*,#2496,.F.);
#1041=ORIENTED_EDGE('',*,*,#2442,.F.);
#1042=ORIENTED_EDGE('',*,*,#2497,.T.);
#1043=ORIENTED_EDGE('',*,*,#2498,.T.);
#1044=ORIENTED_EDGE('',*,*,#2499,.F.);
#1045=ORIENTED_EDGE('',*,*,#2500,.F.);
#1046=ORIENTED_EDGE('',*,*,#2501,.T.);
#1047=ORIENTED_EDGE('',*,*,#2502,.T.);
#1048=ORIENTED_EDGE('',*,*,#2503,.T.);
#1049=ORIENTED_EDGE('',*,*,#2504,.T.);
#1050=ORIENTED_EDGE('',*,*,#2505,.T.);
#1051=CARTESIAN_POINT('',(-6.35,0.0,5.715));
#1052=DIRECTION('',(0.0,0.0,1.0));
#1053=DIRECTION('',(1.0,0.0,0.0));
#1054=ORIENTED_EDGE('',*,*,#2446,.F.);
#1055=ORIENTED_EDGE('',*,*,#2506,.F.);
#1056=ORIENTED_EDGE('',*,*,#2507,.F.);
#1057=ORIENTED_EDGE('',*,*,#2482,.F.);
#1058=CARTESIAN_POINT('',(-6.35,0.0,5.715));
#1059=DIRECTION('',(0.0,0.0,1.0));
#1060=DIRECTION('',(1.0,0.0,0.0));
#1061=ORIENTED_EDGE('',*,*,#2441,.T.);
#1062=ORIENTED_EDGE('',*,*,#2508,.T.);
#1063=ORIENTED_EDGE('',*,*,#2509,.T.);
#1064=ORIENTED_EDGE('',*,*,#2510,.T.);
#1065=ORIENTED_EDGE('',*,*,#2511,.T.);
#1066=ORIENTED_EDGE('',*,*,#2512,.T.);
#1067=ORIENTED_EDGE('',*,*,#2513,.F.);
#1068=ORIENTED_EDGE('',*,*,#2514,.F.);
#1069=ORIENTED_EDGE('',*,*,#2515,.T.);
#1070=ORIENTED_EDGE('',*,*,#2516,.T.);
#1071=ORIENTED_EDGE('',*,*,#2517,.F.);
#1072=ORIENTED_EDGE('',*,*,#2518,.F.);
#1073=ORIENTED_EDGE('',*,*,#2519,.T.);
#1074=ORIENTED_EDGE('',*,*,#2520,.T.);
#1075=ORIENTED_EDGE('',*,*,#2521,.F.);
#1076=ORIENTED_EDGE('',*,*,#2522,.F.);
#1077=ORIENTED_EDGE('',*,*,#2523,.T.);
#1078=ORIENTED_EDGE('',*,*,#2524,.T.);
#1079=ORIENTED_EDGE('',*,*,#2525,.F.);
#1080=ORIENTED_EDGE('',*,*,#2526,.F.);
#1081=ORIENTED_EDGE('',*,*,#2527,.T.);
#1082=ORIENTED_EDGE('',*,*,#2528,.T.);
#1083=ORIENTED_EDGE('',*,*,#2529,.T.);
#1084=ORIENTED_EDGE('',*,*,#2530,.T.);
#1085=ORIENTED_EDGE('',*,*,#2531,.F.);
#1086=ORIENTED_EDGE('',*,*,#2532,.F.);
#1087=ORIENTED_EDGE('',*,*,#2494,.F.);
#1088=ORIENTED_EDGE('',*,*,#2533,.T.);
#1089=ORIENTED_EDGE('',*,*,#2534,.T.);
#1090=ORIENTED_EDGE('',*,*,#2535,.F.);
#1091=ORIENTED_EDGE('',*,*,#2501,.F.);
#1092=ORIENTED_EDGE('',*,*,#2536,.T.);
#1093=ORIENTED_EDGE('',*,*,#2537,.T.);
#1094=ORIENTED_EDGE('',*,*,#2538,.F.);
#1095=ORIENTED_EDGE('',*,*,#2497,.F.);
#1096=CARTESIAN_POINT('',(-6.35,-2.54,5.715));
#1097=DIRECTION('',(0.0,-1.0,0.0));
#1098=DIRECTION('',(0.0,0.0,-1.0));
#1099=ORIENTED_EDGE('',*,*,#2538,.T.);
#1100=ORIENTED_EDGE('',*,*,#2539,.F.);
#1101=ORIENTED_EDGE('',*,*,#2540,.T.);
#1102=ORIENTED_EDGE('',*,*,#2541,.F.);
#1103=ORIENTED_EDGE('',*,*,#2483,.F.);
#1104=CARTESIAN_POINT('',(-3.175,-1.524,-3.175));
#1105=DIRECTION('',(-1.0,0.0,0.0));
#1106=DIRECTION('',(0.0,0.0,1.0));
#1107=ORIENTED_EDGE('',*,*,#2541,.T.);
#1108=ORIENTED_EDGE('',*,*,#2542,.T.);
#1109=ORIENTED_EDGE('',*,*,#2543,.T.);
#1110=ORIENTED_EDGE('',*,*,#2484,.T.);
#1111=CARTESIAN_POINT('',(0.0,-1.778,5.461));
#1112=DIRECTION('',(0.0,0.707106781186547,0.707106781186547));
#1113=DIRECTION('',(1.0,0.0,-0.0));
#1114=ORIENTED_EDGE('',*,*,#2492,.T.);
#1115=ORIENTED_EDGE('',*,*,#2544,.F.);
#1116=ORIENTED_EDGE('',*,*,#2545,.F.);
#1117=ORIENTED_EDGE('',*,*,#2546,.T.);
#1118=ORIENTED_EDGE('',*,*,#2547,.F.);
#1119=CARTESIAN_POINT('',(0.0,-1.778,5.461));
#1120=DIRECTION('',(0.0,0.707106781186547,0.707106781186547));
#1121=DIRECTION('',(1.0,0.0,-0.0));
#1122=ORIENTED_EDGE('',*,*,#2548,.T.);
#1123=ORIENTED_EDGE('',*,*,#2549,.F.);
#1124=ORIENTED_EDGE('',*,*,#2499,.T.);
#1125=ORIENTED_EDGE('',*,*,#2550,.T.);
#1126=CARTESIAN_POINT('',(0.0,-1.778,5.461));
#1127=DIRECTION('',(0.0,0.707106781186547,0.707106781186547));
#1128=DIRECTION('',(1.0,0.0,-0.0));
#1129=ORIENTED_EDGE('',*,*,#2543,.F.);
#1130=ORIENTED_EDGE('',*,*,#2551,.T.);
#1131=ORIENTED_EDGE('',*,*,#2552,.T.);
#1132=ORIENTED_EDGE('',*,*,#2485,.F.);
#1133=CARTESIAN_POINT('',(-5.588,0.0,5.461));
#1134=DIRECTION('',(0.707106781186547,0.0,0.707106781186547));
#1135=DIRECTION('',(0.0,-1.0,0.0));
#1136=ORIENTED_EDGE('',*,*,#2552,.F.);
#1137=ORIENTED_EDGE('',*,*,#2553,.T.);
#1138=ORIENTED_EDGE('',*,*,#2554,.T.);
#1139=ORIENTED_EDGE('',*,*,#2486,.T.);
#1140=CARTESIAN_POINT('',(-4.064,1.778,5.461));
#1141=DIRECTION('',(0.0,-0.707106781186547,0.707106781186547));
#1142=DIRECTION('',(-1.0,0.0,0.0));
#1143=ORIENTED_EDGE('',*,*,#2554,.F.);
#1144=ORIENTED_EDGE('',*,*,#2555,.T.);
#1145=ORIENTED_EDGE('',*,*,#2556,.T.);
#1146=ORIENTED_EDGE('',*,*,#2557,.F.);
#1147=ORIENTED_EDGE('',*,*,#2487,.F.);
#1148=CARTESIAN_POINT('',(-3.048,2.286,5.461));
#1149=DIRECTION('',(0.707106781186547,0.0,0.707106781186547));
#1150=DIRECTION('',(0.0,-1.0,0.0));
#1151=ORIENTED_EDGE('',*,*,#2532,.T.);
#1152=ORIENTED_EDGE('',*,*,#2558,.F.);
#1153=ORIENTED_EDGE('',*,*,#2457,.F.);
#1154=ORIENTED_EDGE('',*,*,#2559,.F.);
#1155=ORIENTED_EDGE('',*,*,#2560,.T.);
#1156=ORIENTED_EDGE('',*,*,#2561,.T.);
#1157=ORIENTED_EDGE('',*,*,#2544,.T.);
#1158=ORIENTED_EDGE('',*,*,#2562,.F.);
#1159=CARTESIAN_POINT('',(-6.35,2.54,5.715));
#1160=DIRECTION('',(0.0,0.0,1.0));
#1161=DIRECTION('',(1.0,0.0,0.0));
#1162=ORIENTED_EDGE('',*,*,#2557,.T.);
#1163=ORIENTED_EDGE('',*,*,#2563,.T.);
#1164=ORIENTED_EDGE('',*,*,#2564,.T.);
#1165=ORIENTED_EDGE('',*,*,#2565,.F.);
#1166=ORIENTED_EDGE('',*,*,#2566,.F.);
#1167=ORIENTED_EDGE('',*,*,#2567,.F.);
#1168=ORIENTED_EDGE('',*,*,#2568,.T.);
#1169=ORIENTED_EDGE('',*,*,#2569,.F.);
#1170=CARTESIAN_POINT('',(-6.35,2.54,5.715));
#1171=DIRECTION('',(0.0,0.0,1.0));
#1172=DIRECTION('',(1.0,0.0,0.0));
#1173=ORIENTED_EDGE('',*,*,#2570,.T.);
#1174=ORIENTED_EDGE('',*,*,#2571,.T.);
#1175=ORIENTED_EDGE('',*,*,#2566,.T.);
#1176=ORIENTED_EDGE('',*,*,#2572,.T.);
#1177=ORIENTED_EDGE('',*,*,#2573,.F.);
#1178=ORIENTED_EDGE('',*,*,#2574,.F.);
#1179=ORIENTED_EDGE('',*,*,#2495,.T.);
#1180=ORIENTED_EDGE('',*,*,#2562,.T.);
#1181=ORIENTED_EDGE('',*,*,#2491,.T.);
#1182=ORIENTED_EDGE('',*,*,#2559,.T.);
#1183=ORIENTED_EDGE('',*,*,#2456,.T.);
#1184=CARTESIAN_POINT('',(3.81,0.0,0.0));
#1185=DIRECTION('',(1.0,0.0,0.0));
#1186=DIRECTION('',(0.0,1.0,0.0));
#1187=ORIENTED_EDGE('',*,*,#2574,.T.);
#1188=ORIENTED_EDGE('',*,*,#2575,.F.);
#1189=ORIENTED_EDGE('',*,*,#2443,.F.);
#1190=ORIENTED_EDGE('',*,*,#2496,.T.);
#1191=CARTESIAN_POINT('',(-6.35,-3.048,5.715));
#1192=DIRECTION('',(0.0,-1.0,0.0));
#1193=DIRECTION('',(0.0,0.0,-1.0));
#1194=ORIENTED_EDGE('',*,*,#2575,.T.);
#1195=ORIENTED_EDGE('',*,*,#2573,.T.);
#1196=ORIENTED_EDGE('',*,*,#2576,.T.);
#1197=ORIENTED_EDGE('',*,*,#2444,.T.);
#1198=CARTESIAN_POINT('',(-6.35,0.0,6.731));
#1199=DIRECTION('',(0.0,0.0,1.0));
#1200=DIRECTION('',(1.0,0.0,0.0));
#1201=ORIENTED_EDGE('',*,*,#2506,.T.);
#1202=ORIENTED_EDGE('',*,*,#2445,.T.);
#1203=ORIENTED_EDGE('',*,*,#2576,.F.);
#1204=ORIENTED_EDGE('',*,*,#2572,.F.);
#1205=ORIENTED_EDGE('',*,*,#2565,.T.);
#1206=ORIENTED_EDGE('',*,*,#2488,.T.);
#1207=ORIENTED_EDGE('',*,*,#2569,.T.);
#1208=CARTESIAN_POINT('',(3.81,3.048,5.715));
#1209=DIRECTION('',(-0.0,1.0,0.0));
#1210=DIRECTION('',(1.0,0.0,0.0));
#1211=ORIENTED_EDGE('',*,*,#2577,.F.);
#1212=ORIENTED_EDGE('',*,*,#2578,.T.);
#1213=ORIENTED_EDGE('',*,*,#2567,.T.);
#1214=ORIENTED_EDGE('',*,*,#2571,.F.);
#1215=ORIENTED_EDGE('',*,*,#2579,.F.);
#1216=ORIENTED_EDGE('',*,*,#2580,.T.);
#1217=ORIENTED_EDGE('',*,*,#2581,.F.);
#1218=ORIENTED_EDGE('',*,*,#2582,.F.);
#1219=ORIENTED_EDGE('',*,*,#2583,.F.);
#1220=ORIENTED_EDGE('',*,*,#2584,.F.);
#1221=CARTESIAN_POINT('',(-3.81,4.064,1.905));
#1222=DIRECTION('',(-0.0,1.0,0.0));
#1223=DIRECTION('',(1.0,0.0,0.0));
#1224=ORIENTED_EDGE('',*,*,#2585,.F.);
#1225=ORIENTED_EDGE('',*,*,#2584,.T.);
#1226=ORIENTED_EDGE('',*,*,#2586,.T.);
#1227=ORIENTED_EDGE('',*,*,#2587,.F.);
#1228=ORIENTED_EDGE('',*,*,#2555,.F.);
#1229=ORIENTED_EDGE('',*,*,#2588,.F.);
#1230=ORIENTED_EDGE('',*,*,#2589,.T.);
#1231=ORIENTED_EDGE('',*,*,#2590,.F.);
#1232=CARTESIAN_POINT('',(-2.794,3.048,5.715));
#1233=DIRECTION('',(-1.0,0.0,0.0));
#1234=DIRECTION('',(0.0,0.0,1.0));
#1235=ORIENTED_EDGE('',*,*,#2591,.T.);
#1236=ORIENTED_EDGE('',*,*,#2454,.F.);
#1237=ORIENTED_EDGE('',*,*,#2592,.F.);
#1238=ORIENTED_EDGE('',*,*,#2593,.F.);
#1239=CARTESIAN_POINT('',(-3.81,2.54,1.905));
#1240=DIRECTION('',(0.0,0.0,-1.0));
#1241=DIRECTION('',(0.0,-1.0,0.0));
#1242=ORIENTED_EDGE('',*,*,#2594,.T.);
#1243=ORIENTED_EDGE('',*,*,#2450,.F.);
#1244=ORIENTED_EDGE('',*,*,#2590,.T.);
#1245=ORIENTED_EDGE('',*,*,#2595,.F.);
#1246=CARTESIAN_POINT('',(-3.81,2.54,1.905));
#1247=DIRECTION('',(0.0,0.0,-1.0));
#1248=DIRECTION('',(0.0,-1.0,0.0));
#1249=ORIENTED_EDGE('',*,*,#2596,.F.);
#1250=ORIENTED_EDGE('',*,*,#2597,.F.);
#1251=ORIENTED_EDGE('',*,*,#2593,.T.);
#1252=ORIENTED_EDGE('',*,*,#2598,.F.);
#1253=CARTESIAN_POINT('',(2.19075,1.778,1.651));
#1254=DIRECTION('',(0.0,-0.707106781186547,0.707106781186547));
#1255=DIRECTION('',(-1.0,0.0,0.0));
#1256=ORIENTED_EDGE('',*,*,#2592,.T.);
#1257=ORIENTED_EDGE('',*,*,#2453,.T.);
#1258=ORIENTED_EDGE('',*,*,#2599,.T.);
#1259=ORIENTED_EDGE('',*,*,#2600,.T.);
#1260=ORIENTED_EDGE('',*,*,#2598,.T.);
#1261=CARTESIAN_POINT('',(1.5875,4.064,1.905));
#1262=DIRECTION('',(1.0,0.0,0.0));
#1263=DIRECTION('',(0.0,1.0,0.0));
#1264=ORIENTED_EDGE('',*,*,#2601,.T.);
#1265=ORIENTED_EDGE('',*,*,#2602,.F.);
#1266=ORIENTED_EDGE('',*,*,#2603,.T.);
#1267=ORIENTED_EDGE('',*,*,#2604,.T.);
#1268=ORIENTED_EDGE('',*,*,#2588,.T.);
#1269=ORIENTED_EDGE('',*,*,#2553,.F.);
#1270=CARTESIAN_POINT('',(5.334,1.524,5.715));
#1271=DIRECTION('',(-0.0,1.0,0.0));
#1272=DIRECTION('',(1.0,0.0,0.0));
#1273=ORIENTED_EDGE('',*,*,#2605,.T.);
#1274=ORIENTED_EDGE('',*,*,#2596,.T.);
#1275=ORIENTED_EDGE('',*,*,#2600,.F.);
#1276=ORIENTED_EDGE('',*,*,#2606,.F.);
#1277=ORIENTED_EDGE('',*,*,#2607,.F.);
#1278=ORIENTED_EDGE('',*,*,#2608,.F.);
#1279=CARTESIAN_POINT('',(5.334,1.524,5.715));
#1280=DIRECTION('',(-0.0,1.0,0.0));
#1281=DIRECTION('',(1.0,0.0,0.0));
#1282=ORIENTED_EDGE('',*,*,#2589,.F.);
#1283=ORIENTED_EDGE('',*,*,#2604,.F.);
#1284=ORIENTED_EDGE('',*,*,#2609,.F.);
#1285=ORIENTED_EDGE('',*,*,#2595,.T.);
#1286=CARTESIAN_POINT('',(-2.19075,1.778,1.651));
#1287=DIRECTION('',(0.0,-0.707106781186547,0.707106781186547));
#1288=DIRECTION('',(-1.0,0.0,0.0));
#1289=ORIENTED_EDGE('',*,*,#2603,.F.);
#1290=ORIENTED_EDGE('',*,*,#2610,.F.);
#1291=ORIENTED_EDGE('',*,*,#2451,.T.);
#1292=ORIENTED_EDGE('',*,*,#2594,.F.);
#1293=ORIENTED_EDGE('',*,*,#2609,.T.);
#1294=CARTESIAN_POINT('',(-1.5875,4.064,-3.175));
#1295=DIRECTION('',(-1.0,0.0,0.0));
#1296=DIRECTION('',(0.0,0.0,1.0));
#1297=ORIENTED_EDGE('',*,*,#2611,.T.);
#1298=ORIENTED_EDGE('',*,*,#2534,.F.);
#1299=ORIENTED_EDGE('',*,*,#2612,.F.);
#1300=ORIENTED_EDGE('',*,*,#2613,.T.);
#1301=ORIENTED_EDGE('',*,*,#2614,.T.);
#1302=ORIENTED_EDGE('',*,*,#2606,.T.);
#1303=ORIENTED_EDGE('',*,*,#2599,.F.);
#1304=ORIENTED_EDGE('',*,*,#2452,.T.);
#1305=ORIENTED_EDGE('',*,*,#2610,.T.);
#1306=ORIENTED_EDGE('',*,*,#2602,.T.);
#1307=ORIENTED_EDGE('',*,*,#2615,.T.);
#1308=ORIENTED_EDGE('',*,*,#2616,.T.);
#1309=ORIENTED_EDGE('',*,*,#2539,.T.);
#1310=ORIENTED_EDGE('',*,*,#2537,.F.);
#1311=ORIENTED_EDGE('',*,*,#2617,.F.);
#1312=ORIENTED_EDGE('',*,*,#2618,.T.);
#1313=ORIENTED_EDGE('',*,*,#2619,.T.);
#1314=ORIENTED_EDGE('',*,*,#2620,.T.);
#1315=ORIENTED_EDGE('',*,*,#2621,.F.);
#1316=ORIENTED_EDGE('',*,*,#2622,.F.);
#1317=ORIENTED_EDGE('',*,*,#2623,.T.);
#1318=ORIENTED_EDGE('',*,*,#2624,.F.);
#1319=ORIENTED_EDGE('',*,*,#2625,.F.);
#1320=ORIENTED_EDGE('',*,*,#2626,.T.);
#1321=ORIENTED_EDGE('',*,*,#2627,.T.);
#1322=ORIENTED_EDGE('',*,*,#2628,.F.);
#1323=ORIENTED_EDGE('',*,*,#2629,.F.);
#1324=ORIENTED_EDGE('',*,*,#2630,.T.);
#1325=ORIENTED_EDGE('',*,*,#2631,.T.);
#1326=ORIENTED_EDGE('',*,*,#2632,.T.);
#1327=ORIENTED_EDGE('',*,*,#2633,.F.);
#1328=ORIENTED_EDGE('',*,*,#2634,.F.);
#1329=CARTESIAN_POINT('',(-6.35,2.54,-3.175));
#1330=DIRECTION('',(0.0,0.0,1.0));
#1331=DIRECTION('',(1.0,0.0,0.0));
#1332=ORIENTED_EDGE('',*,*,#2635,.F.);
#1333=ORIENTED_EDGE('',*,*,#2636,.F.);
#1334=ORIENTED_EDGE('',*,*,#2637,.F.);
#1335=ORIENTED_EDGE('',*,*,#2638,.F.);
#1336=ORIENTED_EDGE('',*,*,#2639,.F.);
#1337=ORIENTED_EDGE('',*,*,#2640,.F.);
#1338=ORIENTED_EDGE('',*,*,#2641,.F.);
#1339=ORIENTED_EDGE('',*,*,#2642,.T.);
#1340=CARTESIAN_POINT('',(3.4925,0.0,0.0));
#1341=DIRECTION('',(1.0,0.0,0.0));
#1342=DIRECTION('',(0.0,1.0,0.0));
#1343=ORIENTED_EDGE('',*,*,#2643,.F.);
#1344=ORIENTED_EDGE('',*,*,#2634,.T.);
#1345=ORIENTED_EDGE('',*,*,#2644,.F.);
#1346=ORIENTED_EDGE('',*,*,#2645,.T.);
#1347=CARTESIAN_POINT('',(3.4925,0.0,0.0));
#1348=DIRECTION('',(1.0,0.0,0.0));
#1349=DIRECTION('',(0.0,1.0,0.0));
#1350=ORIENTED_EDGE('',*,*,#2646,.F.);
#1351=ORIENTED_EDGE('',*,*,#2647,.T.);
#1352=ORIENTED_EDGE('',*,*,#2648,.T.);
#1353=ORIENTED_EDGE('',*,*,#2642,.F.);
#1354=CARTESIAN_POINT('',(3.5814,3.1496,-7.2263));
#1355=DIRECTION('',(-0.962964019714175,0.269629925519993,0.0));
#1356=DIRECTION('',(0.0,0.0,1.0));
#1357=ORIENTED_EDGE('',*,*,#2648,.F.);
#1358=ORIENTED_EDGE('',*,*,#2649,.F.);
#1359=ORIENTED_EDGE('',*,*,#2650,.T.);
#1360=ORIENTED_EDGE('',*,*,#2651,.T.);
#1361=CARTESIAN_POINT('',(3.81,3.1496,-7.4549));
#1362=DIRECTION('',(0.0,0.269629925519993,-0.962964019714175));
#1363=DIRECTION('',(-1.0,0.0,0.0));
#1364=ORIENTED_EDGE('',*,*,#2652,.F.);
#1365=ORIENTED_EDGE('',*,*,#2653,.F.);
#1366=ORIENTED_EDGE('',*,*,#2635,.T.);
#1367=ORIENTED_EDGE('',*,*,#2651,.F.);
#1368=CARTESIAN_POINT('',(3.4925,0.8255,-7.5438));
#1369=DIRECTION('',(0.0,0.0,-1.0));
#1370=DIRECTION('',(0.0,-1.0,0.0));
#1371=ORIENTED_EDGE('',*,*,#2653,.T.);
#1372=ORIENTED_EDGE('',*,*,#2654,.F.);
#1373=ORIENTED_EDGE('',*,*,#2655,.F.);
#1374=ORIENTED_EDGE('',*,*,#2636,.T.);
#1375=CARTESIAN_POINT('',(3.4925,0.8255,-6.4008));
#1376=DIRECTION('',(-1.0,0.0,-0.0));
#1377=DIRECTION('',(0.0,0.0,-1.0));
#1378=ORIENTED_EDGE('',*,*,#2637,.T.);
#1379=ORIENTED_EDGE('',*,*,#2655,.T.);
#1380=ORIENTED_EDGE('',*,*,#2656,.F.);
#1381=ORIENTED_EDGE('',*,*,#2657,.F.);
#1382=CARTESIAN_POINT('',(3.4925,-0.3175,2.921));
#1383=DIRECTION('',(0.0,-1.0,0.0));
#1384=DIRECTION('',(0.0,0.0,-1.0));
#1385=ORIENTED_EDGE('',*,*,#2644,.T.);
#1386=ORIENTED_EDGE('',*,*,#2633,.T.);
#1387=ORIENTED_EDGE('',*,*,#2658,.F.);
#1388=ORIENTED_EDGE('',*,*,#2659,.T.);
#1389=CARTESIAN_POINT('',(3.4925,-0.3175,2.921));
#1390=DIRECTION('',(0.0,-1.0,0.0));
#1391=DIRECTION('',(0.0,0.0,-1.0));
#1392=ORIENTED_EDGE('',*,*,#2527,.F.);
#1393=ORIENTED_EDGE('',*,*,#2660,.T.);
#1394=ORIENTED_EDGE('',*,*,#2661,.F.);
#1395=ORIENTED_EDGE('',*,*,#2662,.F.);
#1396=ORIENTED_EDGE('',*,*,#2523,.F.);
#1397=ORIENTED_EDGE('',*,*,#2663,.T.);
#1398=ORIENTED_EDGE('',*,*,#2664,.F.);
#1399=ORIENTED_EDGE('',*,*,#2665,.F.);
#1400=ORIENTED_EDGE('',*,*,#2519,.F.);
#1401=ORIENTED_EDGE('',*,*,#2666,.T.);
#1402=ORIENTED_EDGE('',*,*,#2667,.F.);
#1403=ORIENTED_EDGE('',*,*,#2668,.F.);
#1404=ORIENTED_EDGE('',*,*,#2515,.F.);
#1405=ORIENTED_EDGE('',*,*,#2669,.T.);
#1406=ORIENTED_EDGE('',*,*,#2670,.F.);
#1407=ORIENTED_EDGE('',*,*,#2671,.F.);
#1408=ORIENTED_EDGE('',*,*,#2511,.F.);
#1409=ORIENTED_EDGE('',*,*,#2672,.T.);
#1410=ORIENTED_EDGE('',*,*,#2478,.T.);
#1411=ORIENTED_EDGE('',*,*,#2673,.T.);
#1412=ORIENTED_EDGE('',*,*,#2674,.F.);
#1413=ORIENTED_EDGE('',*,*,#2675,.F.);
#1414=ORIENTED_EDGE('',*,*,#2474,.T.);
#1415=ORIENTED_EDGE('',*,*,#2676,.T.);
#1416=ORIENTED_EDGE('',*,*,#2677,.F.);
#1417=ORIENTED_EDGE('',*,*,#2678,.F.);
#1418=ORIENTED_EDGE('',*,*,#2470,.T.);
#1419=ORIENTED_EDGE('',*,*,#2679,.T.);
#1420=ORIENTED_EDGE('',*,*,#2680,.F.);
#1421=ORIENTED_EDGE('',*,*,#2681,.F.);
#1422=ORIENTED_EDGE('',*,*,#2466,.T.);
#1423=ORIENTED_EDGE('',*,*,#2682,.T.);
#1424=ORIENTED_EDGE('',*,*,#2683,.F.);
#1425=ORIENTED_EDGE('',*,*,#2684,.F.);
#1426=ORIENTED_EDGE('',*,*,#2462,.T.);
#1427=ORIENTED_EDGE('',*,*,#2685,.F.);
#1428=ORIENTED_EDGE('',*,*,#2657,.T.);
#1429=ORIENTED_EDGE('',*,*,#2686,.F.);
#1430=ORIENTED_EDGE('',*,*,#2687,.F.);
#1431=ORIENTED_EDGE('',*,*,#2638,.T.);
#1432=ORIENTED_EDGE('',*,*,#2688,.T.);
#1433=ORIENTED_EDGE('',*,*,#2689,.F.);
#1434=ORIENTED_EDGE('',*,*,#2690,.F.);
#1435=ORIENTED_EDGE('',*,*,#2691,.T.);
#1436=ORIENTED_EDGE('',*,*,#2692,.T.);
#1437=ORIENTED_EDGE('',*,*,#2693,.T.);
#1438=ORIENTED_EDGE('',*,*,#2694,.F.);
#1439=ORIENTED_EDGE('',*,*,#2695,.F.);
#1440=ORIENTED_EDGE('',*,*,#2696,.T.);
#1441=ORIENTED_EDGE('',*,*,#2697,.T.);
#1442=ORIENTED_EDGE('',*,*,#2698,.F.);
#1443=ORIENTED_EDGE('',*,*,#2699,.F.);
#1444=CARTESIAN_POINT('',(-6.35,-2.54,-5.715));
#1445=DIRECTION('',(0.0,0.0,-1.0));
#1446=DIRECTION('',(0.0,-1.0,0.0));
#1447=ORIENTED_EDGE('',*,*,#2459,.T.);
#1448=ORIENTED_EDGE('',*,*,#2700,.F.);
#1449=ORIENTED_EDGE('',*,*,#2530,.F.);
#1450=ORIENTED_EDGE('',*,*,#2701,.T.);
#1451=CARTESIAN_POINT('',(-6.35,-2.54,-5.715));
#1452=DIRECTION('',(0.0,0.0,-1.0));
#1453=DIRECTION('',(0.0,-1.0,0.0));
#1454=ORIENTED_EDGE('',*,*,#2508,.F.);
#1455=ORIENTED_EDGE('',*,*,#2440,.T.);
#1456=ORIENTED_EDGE('',*,*,#2481,.T.);
#1457=ORIENTED_EDGE('',*,*,#2702,.F.);
#1458=CARTESIAN_POINT('',(-6.35,-2.54,-5.715));
#1459=DIRECTION('',(0.0,0.0,-1.0));
#1460=DIRECTION('',(0.0,-1.0,0.0));
#1461=ORIENTED_EDGE('',*,*,#2687,.T.);
#1462=ORIENTED_EDGE('',*,*,#2703,.F.);
#1463=ORIENTED_EDGE('',*,*,#2704,.F.);
#1464=ORIENTED_EDGE('',*,*,#2639,.T.);
#1465=CARTESIAN_POINT('',(3.4925,0.3175,-6.4008));
#1466=DIRECTION('',(-0.0,1.0,0.0));
#1467=DIRECTION('',(1.0,0.0,0.0));
#1468=ORIENTED_EDGE('',*,*,#2705,.F.);
#1469=ORIENTED_EDGE('',*,*,#2631,.F.);
#1470=ORIENTED_EDGE('',*,*,#2643,.T.);
#1471=ORIENTED_EDGE('',*,*,#2706,.F.);
#1472=CARTESIAN_POINT('',(3.4925,0.3175,-6.4008));
#1473=DIRECTION('',(-0.0,1.0,0.0));
#1474=DIRECTION('',(1.0,0.0,0.0));
#1475=ORIENTED_EDGE('',*,*,#2704,.T.);
#1476=ORIENTED_EDGE('',*,*,#2707,.F.);
#1477=ORIENTED_EDGE('',*,*,#2708,.F.);
#1478=ORIENTED_EDGE('',*,*,#2640,.T.);
#1479=CARTESIAN_POINT('',(3.4925,0.8255,-6.4008));
#1480=DIRECTION('',(-1.0,0.0,-0.0));
#1481=DIRECTION('',(0.0,0.0,-1.0));
#1482=ORIENTED_EDGE('',*,*,#2641,.T.);
#1483=ORIENTED_EDGE('',*,*,#2708,.T.);
#1484=ORIENTED_EDGE('',*,*,#2709,.F.);
#1485=ORIENTED_EDGE('',*,*,#2710,.T.);
#1486=CARTESIAN_POINT('',(3.4925,3.4671,-6.9088));
#1487=DIRECTION('',(0.0,0.0,1.0));
#1488=DIRECTION('',(1.0,0.0,0.0));
#1489=ORIENTED_EDGE('',*,*,#2711,.T.);
#1490=ORIENTED_EDGE('',*,*,#2712,.T.);
#1491=ORIENTED_EDGE('',*,*,#2646,.T.);
#1492=ORIENTED_EDGE('',*,*,#2710,.F.);
#1493=CARTESIAN_POINT('',(3.81,3.1496,-6.9977));
#1494=DIRECTION('',(0.0,0.269629925519993,0.962964019714175));
#1495=DIRECTION('',(1.0,-0.0,0.0));
#1496=ORIENTED_EDGE('',*,*,#2713,.F.);
#1497=ORIENTED_EDGE('',*,*,#2649,.T.);
#1498=ORIENTED_EDGE('',*,*,#2647,.F.);
#1499=ORIENTED_EDGE('',*,*,#2712,.F.);
#1500=CARTESIAN_POINT('',(3.4925,3.4671,-7.5438));
#1501=DIRECTION('',(-0.0,1.0,0.0));
#1502=DIRECTION('',(1.0,0.0,0.0));
#1503=ORIENTED_EDGE('',*,*,#2711,.F.);
#1504=ORIENTED_EDGE('',*,*,#2714,.F.);
#1505=ORIENTED_EDGE('',*,*,#2650,.F.);
#1506=ORIENTED_EDGE('',*,*,#2713,.T.);
#1507=CARTESIAN_POINT('',(4.0386,3.1496,-7.2263));
#1508=DIRECTION('',(0.962964019714175,0.269629925519993,0.0));
#1509=DIRECTION('',(0.0,0.0,-1.0));
#1510=ORIENTED_EDGE('',*,*,#2709,.T.);
#1511=ORIENTED_EDGE('',*,*,#2707,.T.);
#1512=ORIENTED_EDGE('',*,*,#2703,.T.);
#1513=ORIENTED_EDGE('',*,*,#2686,.T.);
#1514=ORIENTED_EDGE('',*,*,#2656,.T.);
#1515=ORIENTED_EDGE('',*,*,#2654,.T.);
#1516=ORIENTED_EDGE('',*,*,#2652,.T.);
#1517=ORIENTED_EDGE('',*,*,#2714,.T.);
#1518=CARTESIAN_POINT('',(4.1275,0.0,0.0));
#1519=DIRECTION('',(1.0,0.0,0.0));
#1520=DIRECTION('',(0.0,1.0,0.0));
#1521=ORIENTED_EDGE('',*,*,#2658,.T.);
#1522=ORIENTED_EDGE('',*,*,#2632,.F.);
#1523=ORIENTED_EDGE('',*,*,#2705,.T.);
#1524=ORIENTED_EDGE('',*,*,#2715,.T.);
#1525=CARTESIAN_POINT('',(4.1275,0.0,0.0));
#1526=DIRECTION('',(1.0,0.0,0.0));
#1527=DIRECTION('',(0.0,1.0,0.0));
#1528=ORIENTED_EDGE('',*,*,#2716,.F.);
#1529=ORIENTED_EDGE('',*,*,#2715,.F.);
#1530=ORIENTED_EDGE('',*,*,#2717,.F.);
#1531=ORIENTED_EDGE('',*,*,#2718,.T.);
#1532=CARTESIAN_POINT('',(4.0386,0.0,2.6035));
#1533=DIRECTION('',(0.962964019714175,0.0,0.269629925519993));
#1534=DIRECTION('',(0.0,-1.0,0.0));
#1535=ORIENTED_EDGE('',*,*,#2718,.F.);
#1536=ORIENTED_EDGE('',*,*,#2719,.T.);
#1537=ORIENTED_EDGE('',*,*,#2720,.F.);
#1538=ORIENTED_EDGE('',*,*,#2721,.F.);
#1539=CARTESIAN_POINT('',(3.4925,0.3175,2.921));
#1540=DIRECTION('',(0.0,0.0,1.0));
#1541=DIRECTION('',(1.0,0.0,0.0));
#1542=ORIENTED_EDGE('',*,*,#2716,.T.);
#1543=ORIENTED_EDGE('',*,*,#2721,.T.);
#1544=ORIENTED_EDGE('',*,*,#2722,.T.);
#1545=ORIENTED_EDGE('',*,*,#2659,.F.);
#1546=CARTESIAN_POINT('',(3.81,-0.2286,2.6035));
#1547=DIRECTION('',(0.0,-0.962964019714175,0.269629925519993));
#1548=DIRECTION('',(-1.0,0.0,0.0));
#1549=ORIENTED_EDGE('',*,*,#2722,.F.);
#1550=ORIENTED_EDGE('',*,*,#2720,.T.);
#1551=ORIENTED_EDGE('',*,*,#2723,.T.);
#1552=ORIENTED_EDGE('',*,*,#2645,.F.);
#1553=CARTESIAN_POINT('',(3.5814,0.0,2.6035));
#1554=DIRECTION('',(-0.962964019714175,0.0,0.269629925519993));
#1555=DIRECTION('',(0.0,1.0,0.0));
#1556=ORIENTED_EDGE('',*,*,#2723,.F.);
#1557=ORIENTED_EDGE('',*,*,#2719,.F.);
#1558=ORIENTED_EDGE('',*,*,#2717,.T.);
#1559=ORIENTED_EDGE('',*,*,#2706,.T.);
#1560=CARTESIAN_POINT('',(3.81,0.2286,2.6035));
#1561=DIRECTION('',(0.0,0.962964019714175,0.269629925519993));
#1562=DIRECTION('',(1.0,0.0,-0.0));
#1563=ORIENTED_EDGE('',*,*,#2724,.F.);
#1564=ORIENTED_EDGE('',*,*,#2725,.F.);
#1565=ORIENTED_EDGE('',*,*,#2726,.F.);
#1566=ORIENTED_EDGE('',*,*,#2691,.F.);
#1567=ORIENTED_EDGE('',*,*,#2727,.F.);
#1568=ORIENTED_EDGE('',*,*,#2728,.F.);
#1569=ORIENTED_EDGE('',*,*,#2729,.F.);
#1570=ORIENTED_EDGE('',*,*,#2730,.T.);
#1571=CARTESIAN_POINT('',(-1.5875,0.0,0.0));
#1572=DIRECTION('',(1.0,0.0,0.0));
#1573=DIRECTION('',(0.0,1.0,0.0));
#1574=ORIENTED_EDGE('',*,*,#2731,.F.);
#1575=ORIENTED_EDGE('',*,*,#2622,.T.);
#1576=ORIENTED_EDGE('',*,*,#2732,.F.);
#1577=ORIENTED_EDGE('',*,*,#2733,.T.);
#1578=CARTESIAN_POINT('',(-1.5875,0.0,0.0));
#1579=DIRECTION('',(1.0,0.0,0.0));
#1580=DIRECTION('',(0.0,1.0,0.0));
#1581=ORIENTED_EDGE('',*,*,#2734,.F.);
#1582=ORIENTED_EDGE('',*,*,#2735,.T.);
#1583=ORIENTED_EDGE('',*,*,#2736,.T.);
#1584=ORIENTED_EDGE('',*,*,#2730,.F.);
#1585=CARTESIAN_POINT('',(-1.4986,3.1496,-7.2263));
#1586=DIRECTION('',(-0.962964019714175,0.269629925519993,0.0));
#1587=DIRECTION('',(0.0,0.0,1.0));
#1588=ORIENTED_EDGE('',*,*,#2736,.F.);
#1589=ORIENTED_EDGE('',*,*,#2737,.F.);
#1590=ORIENTED_EDGE('',*,*,#2738,.T.);
#1591=ORIENTED_EDGE('',*,*,#2739,.T.);
#1592=CARTESIAN_POINT('',(-1.27,3.1496,-7.4549));
#1593=DIRECTION('',(0.0,0.269629925519993,-0.962964019714175));
#1594=DIRECTION('',(-1.0,0.0,0.0));
#1595=ORIENTED_EDGE('',*,*,#2740,.F.);
#1596=ORIENTED_EDGE('',*,*,#2741,.F.);
#1597=ORIENTED_EDGE('',*,*,#2724,.T.);
#1598=ORIENTED_EDGE('',*,*,#2739,.F.);
#1599=CARTESIAN_POINT('',(-1.5875,0.8255,-7.5438));
#1600=DIRECTION('',(0.0,0.0,-1.0));
#1601=DIRECTION('',(0.0,-1.0,0.0));
#1602=ORIENTED_EDGE('',*,*,#2741,.T.);
#1603=ORIENTED_EDGE('',*,*,#2742,.F.);
#1604=ORIENTED_EDGE('',*,*,#2743,.F.);
#1605=ORIENTED_EDGE('',*,*,#2725,.T.);
#1606=CARTESIAN_POINT('',(-1.5875,0.8255,-6.4008));
#1607=DIRECTION('',(-1.0,0.0,-0.0));
#1608=DIRECTION('',(0.0,0.0,-1.0));
#1609=ORIENTED_EDGE('',*,*,#2726,.T.);
#1610=ORIENTED_EDGE('',*,*,#2743,.T.);
#1611=ORIENTED_EDGE('',*,*,#2744,.F.);
#1612=ORIENTED_EDGE('',*,*,#2688,.F.);
#1613=CARTESIAN_POINT('',(-1.5875,-0.3175,2.921));
#1614=DIRECTION('',(0.0,-1.0,0.0));
#1615=DIRECTION('',(0.0,0.0,-1.0));
#1616=ORIENTED_EDGE('',*,*,#2732,.T.);
#1617=ORIENTED_EDGE('',*,*,#2621,.T.);
#1618=ORIENTED_EDGE('',*,*,#2745,.F.);
#1619=ORIENTED_EDGE('',*,*,#2746,.F.);
#1620=CARTESIAN_POINT('',(-1.5875,-0.3175,2.921));
#1621=DIRECTION('',(0.0,-1.0,0.0));
#1622=DIRECTION('',(0.0,0.0,-1.0));
#1623=ORIENTED_EDGE('',*,*,#2747,.T.);
#1624=ORIENTED_EDGE('',*,*,#2748,.T.);
#1625=ORIENTED_EDGE('',*,*,#2749,.T.);
#1626=ORIENTED_EDGE('',*,*,#2689,.T.);
#1627=ORIENTED_EDGE('',*,*,#2744,.T.);
#1628=ORIENTED_EDGE('',*,*,#2742,.T.);
#1629=ORIENTED_EDGE('',*,*,#2740,.T.);
#1630=ORIENTED_EDGE('',*,*,#2750,.T.);
#1631=CARTESIAN_POINT('',(-0.9525,0.0,0.0));
#1632=DIRECTION('',(1.0,0.0,0.0));
#1633=DIRECTION('',(0.0,1.0,0.0));
#1634=ORIENTED_EDGE('',*,*,#2745,.T.);
#1635=ORIENTED_EDGE('',*,*,#2620,.F.);
#1636=ORIENTED_EDGE('',*,*,#2751,.T.);
#1637=ORIENTED_EDGE('',*,*,#2752,.F.);
#1638=CARTESIAN_POINT('',(-0.9525,0.0,0.0));
#1639=DIRECTION('',(1.0,0.0,0.0));
#1640=DIRECTION('',(0.0,1.0,0.0));
#1641=ORIENTED_EDGE('',*,*,#2753,.F.);
#1642=ORIENTED_EDGE('',*,*,#2750,.F.);
#1643=ORIENTED_EDGE('',*,*,#2738,.F.);
#1644=ORIENTED_EDGE('',*,*,#2754,.T.);
#1645=CARTESIAN_POINT('',(-1.0414,3.1496,-7.2263));
#1646=DIRECTION('',(0.962964019714175,0.269629925519993,0.0));
#1647=DIRECTION('',(0.0,0.0,-1.0));
#1648=ORIENTED_EDGE('',*,*,#2754,.F.);
#1649=ORIENTED_EDGE('',*,*,#2737,.T.);
#1650=ORIENTED_EDGE('',*,*,#2735,.F.);
#1651=ORIENTED_EDGE('',*,*,#2755,.F.);
#1652=CARTESIAN_POINT('',(-1.5875,3.4671,-7.5438));
#1653=DIRECTION('',(-0.0,1.0,0.0));
#1654=DIRECTION('',(1.0,0.0,0.0));
#1655=ORIENTED_EDGE('',*,*,#2753,.T.);
#1656=ORIENTED_EDGE('',*,*,#2755,.T.);
#1657=ORIENTED_EDGE('',*,*,#2734,.T.);
#1658=ORIENTED_EDGE('',*,*,#2756,.F.);
#1659=CARTESIAN_POINT('',(-1.27,3.1496,-6.9977));
#1660=DIRECTION('',(0.0,0.269629925519993,0.962964019714175));
#1661=DIRECTION('',(1.0,-0.0,0.0));
#1662=ORIENTED_EDGE('',*,*,#2729,.T.);
#1663=ORIENTED_EDGE('',*,*,#2757,.T.);
#1664=ORIENTED_EDGE('',*,*,#2747,.F.);
#1665=ORIENTED_EDGE('',*,*,#2756,.T.);
#1666=CARTESIAN_POINT('',(-1.5875,3.4671,-6.9088));
#1667=DIRECTION('',(0.0,0.0,1.0));
#1668=DIRECTION('',(1.0,0.0,0.0));
#1669=ORIENTED_EDGE('',*,*,#2758,.T.);
#1670=ORIENTED_EDGE('',*,*,#2748,.F.);
#1671=ORIENTED_EDGE('',*,*,#2757,.F.);
#1672=ORIENTED_EDGE('',*,*,#2728,.T.);
#1673=CARTESIAN_POINT('',(-1.5875,0.8255,-6.4008));
#1674=DIRECTION('',(-1.0,0.0,-0.0));
#1675=DIRECTION('',(0.0,0.0,-1.0));
#1676=ORIENTED_EDGE('',*,*,#2749,.F.);
#1677=ORIENTED_EDGE('',*,*,#2758,.F.);
#1678=ORIENTED_EDGE('',*,*,#2727,.T.);
#1679=ORIENTED_EDGE('',*,*,#2690,.T.);
#1680=CARTESIAN_POINT('',(-1.5875,0.3175,-6.4008));
#1681=DIRECTION('',(-0.0,1.0,0.0));
#1682=DIRECTION('',(1.0,0.0,0.0));
#1683=ORIENTED_EDGE('',*,*,#2751,.F.);
#1684=ORIENTED_EDGE('',*,*,#2619,.F.);
#1685=ORIENTED_EDGE('',*,*,#2731,.T.);
#1686=ORIENTED_EDGE('',*,*,#2759,.T.);
#1687=CARTESIAN_POINT('',(-1.5875,0.3175,-6.4008));
#1688=DIRECTION('',(-0.0,1.0,0.0));
#1689=DIRECTION('',(1.0,0.0,0.0));
#1690=ORIENTED_EDGE('',*,*,#2760,.F.);
#1691=ORIENTED_EDGE('',*,*,#2761,.F.);
#1692=ORIENTED_EDGE('',*,*,#2762,.F.);
#1693=ORIENTED_EDGE('',*,*,#2763,.F.);
#1694=ORIENTED_EDGE('',*,*,#2764,.T.);
#1695=ORIENTED_EDGE('',*,*,#2765,.F.);
#1696=ORIENTED_EDGE('',*,*,#2766,.F.);
#1697=ORIENTED_EDGE('',*,*,#2767,.T.);
#1698=ORIENTED_EDGE('',*,*,#2746,.T.);
#1699=ORIENTED_EDGE('',*,*,#2752,.T.);
#1700=ORIENTED_EDGE('',*,*,#2759,.F.);
#1701=ORIENTED_EDGE('',*,*,#2733,.F.);
#1702=ORIENTED_EDGE('',*,*,#2768,.T.);
#1703=ORIENTED_EDGE('',*,*,#2769,.F.);
#1704=ORIENTED_EDGE('',*,*,#2770,.F.);
#1705=ORIENTED_EDGE('',*,*,#2771,.T.);
#1706=CARTESIAN_POINT('',(-6.35,0.0,-0.0762));
#1707=DIRECTION('',(0.0,0.0,1.0));
#1708=DIRECTION('',(1.0,0.0,0.0));
#1709=ORIENTED_EDGE('',*,*,#2772,.T.);
#1710=ORIENTED_EDGE('',*,*,#2763,.T.);
#1711=ORIENTED_EDGE('',*,*,#2773,.F.);
#1712=ORIENTED_EDGE('',*,*,#2505,.F.);
#1713=CARTESIAN_POINT('',(-5.08,1.016,6.731));
#1714=DIRECTION('',(-1.0,0.0,0.0));
#1715=DIRECTION('',(0.0,0.0,1.0));
#1716=ORIENTED_EDGE('',*,*,#2773,.T.);
#1717=ORIENTED_EDGE('',*,*,#2762,.T.);
#1718=ORIENTED_EDGE('',*,*,#2774,.F.);
#1719=ORIENTED_EDGE('',*,*,#2502,.F.);
#1720=CARTESIAN_POINT('',(-5.08,-1.016,6.731));
#1721=DIRECTION('',(0.0,-1.0,0.0));
#1722=DIRECTION('',(0.0,0.0,-1.0));
#1723=ORIENTED_EDGE('',*,*,#2774,.T.);
#1724=ORIENTED_EDGE('',*,*,#2761,.T.);
#1725=ORIENTED_EDGE('',*,*,#2775,.F.);
#1726=ORIENTED_EDGE('',*,*,#2503,.F.);
#1727=CARTESIAN_POINT('',(2.54,-1.016,6.731));
#1728=DIRECTION('',(1.0,0.0,0.0));
#1729=DIRECTION('',(0.0,1.0,0.0));
#1730=ORIENTED_EDGE('',*,*,#2775,.T.);
#1731=ORIENTED_EDGE('',*,*,#2760,.T.);
#1732=ORIENTED_EDGE('',*,*,#2772,.F.);
#1733=ORIENTED_EDGE('',*,*,#2504,.F.);
#1734=CARTESIAN_POINT('',(2.54,1.016,6.731));
#1735=DIRECTION('',(-0.0,1.0,0.0));
#1736=DIRECTION('',(1.0,0.0,0.0));
#1737=ORIENTED_EDGE('',*,*,#2776,.F.);
#1738=ORIENTED_EDGE('',*,*,#2777,.F.);
#1739=ORIENTED_EDGE('',*,*,#2778,.F.);
#1740=ORIENTED_EDGE('',*,*,#2695,.T.);
#1741=ORIENTED_EDGE('',*,*,#2779,.F.);
#1742=ORIENTED_EDGE('',*,*,#2780,.F.);
#1743=ORIENTED_EDGE('',*,*,#2781,.F.);
#1744=ORIENTED_EDGE('',*,*,#2782,.T.);
#1745=CARTESIAN_POINT('',(0.9525,0.0,0.0));
#1746=DIRECTION('',(1.0,0.0,0.0));
#1747=DIRECTION('',(0.0,1.0,0.0));
#1748=ORIENTED_EDGE('',*,*,#2783,.F.);
#1749=ORIENTED_EDGE('',*,*,#2626,.F.);
#1750=ORIENTED_EDGE('',*,*,#2784,.F.);
#1751=ORIENTED_EDGE('',*,*,#2767,.F.);
#1752=CARTESIAN_POINT('',(0.9525,0.0,0.0));
#1753=DIRECTION('',(1.0,0.0,0.0));
#1754=DIRECTION('',(0.0,1.0,0.0));
#1755=ORIENTED_EDGE('',*,*,#2785,.F.);
#1756=ORIENTED_EDGE('',*,*,#2786,.T.);
#1757=ORIENTED_EDGE('',*,*,#2787,.T.);
#1758=ORIENTED_EDGE('',*,*,#2782,.F.);
#1759=CARTESIAN_POINT('',(1.0414,-3.1496,-7.22880000000126));
#1760=DIRECTION('',(-0.962964019714175,-0.269629925519993,0.0));
#1761=DIRECTION('',(-0.269629925519993,0.962964019714175,0.0));
#1762=ORIENTED_EDGE('',*,*,#2787,.F.);
#1763=ORIENTED_EDGE('',*,*,#2788,.F.);
#1764=ORIENTED_EDGE('',*,*,#2789,.T.);
#1765=ORIENTED_EDGE('',*,*,#2790,.T.);
#1766=CARTESIAN_POINT('',(1.27,-3.1496,-6.9977));
#1767=DIRECTION('',(0.0,-0.269629925519993,0.962964019714175));
#1768=DIRECTION('',(-1.0,0.0,0.0));
#1769=ORIENTED_EDGE('',*,*,#2791,.F.);
#1770=ORIENTED_EDGE('',*,*,#2792,.F.);
#1771=ORIENTED_EDGE('',*,*,#2776,.T.);
#1772=ORIENTED_EDGE('',*,*,#2790,.F.);
#1773=CARTESIAN_POINT('',(0.9525,-0.820000000000022,-6.9088));
#1774=DIRECTION('',(0.0,0.0,1.0));
#1775=DIRECTION('',(1.0,0.0,0.0));
#1776=ORIENTED_EDGE('',*,*,#2792,.T.);
#1777=ORIENTED_EDGE('',*,*,#2793,.F.);
#1778=ORIENTED_EDGE('',*,*,#2794,.F.);
#1779=ORIENTED_EDGE('',*,*,#2777,.T.);
#1780=CARTESIAN_POINT('',(0.9525,-0.820000000000022,-6.40879999999946));
#1781=DIRECTION('',(-1.0,0.0,-0.0));
#1782=DIRECTION('',(0.0,0.0,-1.0));
#1783=ORIENTED_EDGE('',*,*,#2778,.T.);
#1784=ORIENTED_EDGE('',*,*,#2794,.T.);
#1785=ORIENTED_EDGE('',*,*,#2795,.F.);
#1786=ORIENTED_EDGE('',*,*,#2692,.F.);
#1787=CARTESIAN_POINT('',(0.9525,-0.31999999999999,2.921));
#1788=DIRECTION('',(0.0,-1.0,0.0));
#1789=DIRECTION('',(0.0,0.0,-1.0));
#1790=ORIENTED_EDGE('',*,*,#2784,.T.);
#1791=ORIENTED_EDGE('',*,*,#2625,.T.);
#1792=ORIENTED_EDGE('',*,*,#2796,.F.);
#1793=ORIENTED_EDGE('',*,*,#2764,.F.);
#1794=CARTESIAN_POINT('',(0.9525,-0.31999999999999,2.921));
#1795=DIRECTION('',(0.0,-1.0,0.0));
#1796=DIRECTION('',(0.0,0.0,-1.0));
#1797=ORIENTED_EDGE('',*,*,#2797,.T.);
#1798=ORIENTED_EDGE('',*,*,#2798,.T.);
#1799=ORIENTED_EDGE('',*,*,#2799,.T.);
#1800=ORIENTED_EDGE('',*,*,#2693,.F.);
#1801=ORIENTED_EDGE('',*,*,#2795,.T.);
#1802=ORIENTED_EDGE('',*,*,#2793,.T.);
#1803=ORIENTED_EDGE('',*,*,#2791,.T.);
#1804=ORIENTED_EDGE('',*,*,#2800,.T.);
#1805=CARTESIAN_POINT('',(1.5875,0.0,0.0));
#1806=DIRECTION('',(1.0,0.0,0.0));
#1807=DIRECTION('',(0.0,1.0,0.0));
#1808=ORIENTED_EDGE('',*,*,#2796,.T.);
#1809=ORIENTED_EDGE('',*,*,#2624,.T.);
#1810=ORIENTED_EDGE('',*,*,#2801,.T.);
#1811=ORIENTED_EDGE('',*,*,#2765,.T.);
#1812=CARTESIAN_POINT('',(1.5875,0.0,0.0));
#1813=DIRECTION('',(1.0,0.0,0.0));
#1814=DIRECTION('',(0.0,1.0,0.0));
#1815=ORIENTED_EDGE('',*,*,#2802,.F.);
#1816=ORIENTED_EDGE('',*,*,#2800,.F.);
#1817=ORIENTED_EDGE('',*,*,#2789,.F.);
#1818=ORIENTED_EDGE('',*,*,#2803,.T.);
#1819=CARTESIAN_POINT('',(1.4986,-3.1496,-7.22880000000126));
#1820=DIRECTION('',(0.962964019714175,-0.269629925519993,0.0));
#1821=DIRECTION('',(0.0,0.0,-1.0));
#1822=ORIENTED_EDGE('',*,*,#2803,.F.);
#1823=ORIENTED_EDGE('',*,*,#2788,.T.);
#1824=ORIENTED_EDGE('',*,*,#2786,.F.);
#1825=ORIENTED_EDGE('',*,*,#2804,.F.);
#1826=CARTESIAN_POINT('',(0.9525,-3.4671,-6.9088));
#1827=DIRECTION('',(0.0,-1.0,0.0));
#1828=DIRECTION('',(0.0,0.0,-1.0));
#1829=ORIENTED_EDGE('',*,*,#2802,.T.);
#1830=ORIENTED_EDGE('',*,*,#2804,.T.);
#1831=ORIENTED_EDGE('',*,*,#2785,.T.);
#1832=ORIENTED_EDGE('',*,*,#2805,.F.);
#1833=CARTESIAN_POINT('',(1.27,-3.1496,-7.45989999999998));
#1834=DIRECTION('',(0.0,-0.269629925519993,-0.962964019714175));
#1835=DIRECTION('',(0.0,-0.962964019714175,0.269629925519993));
#1836=ORIENTED_EDGE('',*,*,#2781,.T.);
#1837=ORIENTED_EDGE('',*,*,#2806,.T.);
#1838=ORIENTED_EDGE('',*,*,#2797,.F.);
#1839=ORIENTED_EDGE('',*,*,#2805,.T.);
#1840=CARTESIAN_POINT('',(0.9525,-3.4671,-7.54879999999998));
#1841=DIRECTION('',(0.0,0.0,-1.0));
#1842=DIRECTION('',(0.0,-1.0,0.0));
#1843=ORIENTED_EDGE('',*,*,#2807,.T.);
#1844=ORIENTED_EDGE('',*,*,#2798,.F.);
#1845=ORIENTED_EDGE('',*,*,#2806,.F.);
#1846=ORIENTED_EDGE('',*,*,#2780,.T.);
#1847=CARTESIAN_POINT('',(0.9525,-0.820000000000022,-6.40879999999946));
#1848=DIRECTION('',(-1.0,0.0,-0.0));
#1849=DIRECTION('',(0.0,0.0,-1.0));
#1850=ORIENTED_EDGE('',*,*,#2694,.T.);
#1851=ORIENTED_EDGE('',*,*,#2799,.F.);
#1852=ORIENTED_EDGE('',*,*,#2807,.F.);
#1853=ORIENTED_EDGE('',*,*,#2779,.T.);
#1854=CARTESIAN_POINT('',(0.9525,0.31999999999999,-6.40879999999946));
#1855=DIRECTION('',(-0.0,1.0,0.0));
#1856=DIRECTION('',(1.0,0.0,0.0));
#1857=ORIENTED_EDGE('',*,*,#2801,.F.);
#1858=ORIENTED_EDGE('',*,*,#2623,.F.);
#1859=ORIENTED_EDGE('',*,*,#2783,.T.);
#1860=ORIENTED_EDGE('',*,*,#2766,.T.);
#1861=CARTESIAN_POINT('',(0.9525,0.31999999999999,-6.40879999999946));
#1862=DIRECTION('',(-0.0,1.0,0.0));
#1863=DIRECTION('',(1.0,0.0,0.0));
#1864=ORIENTED_EDGE('',*,*,#2808,.F.);
#1865=ORIENTED_EDGE('',*,*,#2809,.F.);
#1866=ORIENTED_EDGE('',*,*,#2810,.F.);
#1867=ORIENTED_EDGE('',*,*,#2699,.T.);
#1868=ORIENTED_EDGE('',*,*,#2811,.F.);
#1869=ORIENTED_EDGE('',*,*,#2812,.F.);
#1870=ORIENTED_EDGE('',*,*,#2813,.F.);
#1871=ORIENTED_EDGE('',*,*,#2814,.T.);
#1872=CARTESIAN_POINT('',(-4.1275,0.0,0.0));
#1873=DIRECTION('',(1.0,0.0,0.0));
#1874=DIRECTION('',(0.0,1.0,0.0));
#1875=ORIENTED_EDGE('',*,*,#2815,.F.);
#1876=ORIENTED_EDGE('',*,*,#2630,.F.);
#1877=ORIENTED_EDGE('',*,*,#2816,.F.);
#1878=ORIENTED_EDGE('',*,*,#2771,.F.);
#1879=CARTESIAN_POINT('',(-4.1275,0.0,0.0));
#1880=DIRECTION('',(1.0,0.0,0.0));
#1881=DIRECTION('',(0.0,1.0,0.0));
#1882=ORIENTED_EDGE('',*,*,#2817,.F.);
#1883=ORIENTED_EDGE('',*,*,#2818,.T.);
#1884=ORIENTED_EDGE('',*,*,#2819,.T.);
#1885=ORIENTED_EDGE('',*,*,#2814,.F.);
#1886=CARTESIAN_POINT('',(-4.0386,-3.1496,-7.22880000000126));
#1887=DIRECTION('',(-0.962964019714175,-0.269629925519993,0.0));
#1888=DIRECTION('',(-0.269629925519993,0.962964019714175,0.0));
#1889=ORIENTED_EDGE('',*,*,#2819,.F.);
#1890=ORIENTED_EDGE('',*,*,#2820,.F.);
#1891=ORIENTED_EDGE('',*,*,#2821,.T.);
#1892=ORIENTED_EDGE('',*,*,#2822,.T.);
#1893=CARTESIAN_POINT('',(-3.81,-3.1496,-6.9977));
#1894=DIRECTION('',(0.0,-0.269629925519993,0.962964019714175));
#1895=DIRECTION('',(-1.0,0.0,0.0));
#1896=ORIENTED_EDGE('',*,*,#2823,.F.);
#1897=ORIENTED_EDGE('',*,*,#2824,.F.);
#1898=ORIENTED_EDGE('',*,*,#2808,.T.);
#1899=ORIENTED_EDGE('',*,*,#2822,.F.);
#1900=CARTESIAN_POINT('',(-4.1275,-0.820000000000022,-6.9088));
#1901=DIRECTION('',(0.0,0.0,1.0));
#1902=DIRECTION('',(1.0,0.0,0.0));
#1903=ORIENTED_EDGE('',*,*,#2824,.T.);
#1904=ORIENTED_EDGE('',*,*,#2825,.F.);
#1905=ORIENTED_EDGE('',*,*,#2826,.F.);
#1906=ORIENTED_EDGE('',*,*,#2809,.T.);
#1907=CARTESIAN_POINT('',(-4.1275,-0.820000000000022,-6.40879999999946));
#1908=DIRECTION('',(-1.0,0.0,-0.0));
#1909=DIRECTION('',(0.0,0.0,-1.0));
#1910=ORIENTED_EDGE('',*,*,#2810,.T.);
#1911=ORIENTED_EDGE('',*,*,#2826,.T.);
#1912=ORIENTED_EDGE('',*,*,#2827,.F.);
#1913=ORIENTED_EDGE('',*,*,#2696,.F.);
#1914=CARTESIAN_POINT('',(-4.1275,-0.31999999999999,2.921));
#1915=DIRECTION('',(0.0,-1.0,0.0));
#1916=DIRECTION('',(0.0,0.0,-1.0));
#1917=ORIENTED_EDGE('',*,*,#2816,.T.);
#1918=ORIENTED_EDGE('',*,*,#2629,.T.);
#1919=ORIENTED_EDGE('',*,*,#2828,.F.);
#1920=ORIENTED_EDGE('',*,*,#2768,.F.);
#1921=CARTESIAN_POINT('',(-4.1275,-0.31999999999999,2.921));
#1922=DIRECTION('',(0.0,-1.0,0.0));
#1923=DIRECTION('',(0.0,0.0,-1.0));
#1924=ORIENTED_EDGE('',*,*,#2829,.T.);
#1925=ORIENTED_EDGE('',*,*,#2830,.T.);
#1926=ORIENTED_EDGE('',*,*,#2831,.T.);
#1927=ORIENTED_EDGE('',*,*,#2697,.F.);
#1928=ORIENTED_EDGE('',*,*,#2827,.T.);
#1929=ORIENTED_EDGE('',*,*,#2825,.T.);
#1930=ORIENTED_EDGE('',*,*,#2823,.T.);
#1931=ORIENTED_EDGE('',*,*,#2832,.T.);
#1932=CARTESIAN_POINT('',(-3.4925,0.0,0.0));
#1933=DIRECTION('',(1.0,0.0,0.0));
#1934=DIRECTION('',(0.0,1.0,0.0));
#1935=ORIENTED_EDGE('',*,*,#2828,.T.);
#1936=ORIENTED_EDGE('',*,*,#2628,.T.);
#1937=ORIENTED_EDGE('',*,*,#2833,.T.);
#1938=ORIENTED_EDGE('',*,*,#2769,.T.);
#1939=CARTESIAN_POINT('',(-3.4925,0.0,0.0));
#1940=DIRECTION('',(1.0,0.0,0.0));
#1941=DIRECTION('',(0.0,1.0,0.0));
#1942=ORIENTED_EDGE('',*,*,#2834,.F.);
#1943=ORIENTED_EDGE('',*,*,#2832,.F.);
#1944=ORIENTED_EDGE('',*,*,#2821,.F.);
#1945=ORIENTED_EDGE('',*,*,#2835,.T.);
#1946=CARTESIAN_POINT('',(-3.5814,-3.1496,-7.22880000000126));
#1947=DIRECTION('',(0.962964019714175,-0.269629925519993,0.0));
#1948=DIRECTION('',(0.0,0.0,-1.0));
#1949=ORIENTED_EDGE('',*,*,#2835,.F.);
#1950=ORIENTED_EDGE('',*,*,#2820,.T.);
#1951=ORIENTED_EDGE('',*,*,#2818,.F.);
#1952=ORIENTED_EDGE('',*,*,#2836,.F.);
#1953=CARTESIAN_POINT('',(-4.1275,-3.4671,-6.9088));
#1954=DIRECTION('',(0.0,-1.0,0.0));
#1955=DIRECTION('',(0.0,0.0,-1.0));
#1956=ORIENTED_EDGE('',*,*,#2834,.T.);
#1957=ORIENTED_EDGE('',*,*,#2836,.T.);
#1958=ORIENTED_EDGE('',*,*,#2817,.T.);
#1959=ORIENTED_EDGE('',*,*,#2837,.F.);
#1960=CARTESIAN_POINT('',(-3.81,-3.1496,-7.45989999999998));
#1961=DIRECTION('',(0.0,-0.269629925519993,-0.962964019714175));
#1962=DIRECTION('',(0.0,-0.962964019714175,0.269629925519993));
#1963=ORIENTED_EDGE('',*,*,#2813,.T.);
#1964=ORIENTED_EDGE('',*,*,#2838,.T.);
#1965=ORIENTED_EDGE('',*,*,#2829,.F.);
#1966=ORIENTED_EDGE('',*,*,#2837,.T.);
#1967=CARTESIAN_POINT('',(-4.1275,-3.4671,-7.54879999999998));
#1968=DIRECTION('',(0.0,0.0,-1.0));
#1969=DIRECTION('',(0.0,-1.0,0.0));
#1970=ORIENTED_EDGE('',*,*,#2839,.T.);
#1971=ORIENTED_EDGE('',*,*,#2830,.F.);
#1972=ORIENTED_EDGE('',*,*,#2838,.F.);
#1973=ORIENTED_EDGE('',*,*,#2812,.T.);
#1974=CARTESIAN_POINT('',(-4.1275,-0.820000000000022,-6.40879999999946));
#1975=DIRECTION('',(-1.0,0.0,-0.0));
#1976=DIRECTION('',(0.0,0.0,-1.0));
#1977=ORIENTED_EDGE('',*,*,#2831,.F.);
#1978=ORIENTED_EDGE('',*,*,#2839,.F.);
#1979=ORIENTED_EDGE('',*,*,#2811,.T.);
#1980=ORIENTED_EDGE('',*,*,#2698,.T.);
#1981=CARTESIAN_POINT('',(-4.1275,0.31999999999999,-6.40879999999946));
#1982=DIRECTION('',(-0.0,1.0,0.0));
#1983=DIRECTION('',(1.0,0.0,0.0));
#1984=ORIENTED_EDGE('',*,*,#2833,.F.);
#1985=ORIENTED_EDGE('',*,*,#2627,.F.);
#1986=ORIENTED_EDGE('',*,*,#2815,.T.);
#1987=ORIENTED_EDGE('',*,*,#2770,.T.);
#1988=CARTESIAN_POINT('',(-4.1275,0.31999999999999,-6.40879999999946));
#1989=DIRECTION('',(-0.0,1.0,0.0));
#1990=DIRECTION('',(1.0,0.0,0.0));
#1991=ORIENTED_EDGE('',*,*,#2461,.T.);
#1992=ORIENTED_EDGE('',*,*,#2840,.T.);
#1993=ORIENTED_EDGE('',*,*,#2528,.F.);
#1994=ORIENTED_EDGE('',*,*,#2685,.T.);
#1995=CARTESIAN_POINT('',(4.98899999999884,2.54,-5.715));
#1996=DIRECTION('',(-0.707106781186498,0.0,-0.707106781186597));
#1997=DIRECTION('',(-0.707106781186597,0.0,0.707106781186498));
#1998=ORIENTED_EDGE('',*,*,#2529,.F.);
#1999=ORIENTED_EDGE('',*,*,#2840,.F.);
#2000=ORIENTED_EDGE('',*,*,#2460,.T.);
#2001=ORIENTED_EDGE('',*,*,#2701,.F.);
#2002=CARTESIAN_POINT('',(5.36999999999884,2.54,-6.096));
#2003=DIRECTION('',(0.707106781186498,0.0,-0.707106781186597));
#2004=DIRECTION('',(0.0,-1.0,0.0));
#2005=ORIENTED_EDGE('',*,*,#2841,.T.);
#2006=ORIENTED_EDGE('',*,*,#2842,.F.);
#2007=ORIENTED_EDGE('',*,*,#2463,.F.);
#2008=ORIENTED_EDGE('',*,*,#2684,.T.);
#2009=CARTESIAN_POINT('',(4.318,2.54,-5.715));
#2010=DIRECTION('',(1.0,0.0,0.0));
#2011=DIRECTION('',(0.0,1.0,0.0));
#2012=ORIENTED_EDGE('',*,*,#2843,.T.);
#2013=ORIENTED_EDGE('',*,*,#2844,.T.);
#2014=ORIENTED_EDGE('',*,*,#2845,.T.);
#2015=ORIENTED_EDGE('',*,*,#2525,.T.);
#2016=CARTESIAN_POINT('',(0.0,0.0,-4.953));
#2017=DIRECTION('',(0.0,0.0,-1.0));
#2018=DIRECTION('',(0.0,-1.0,0.0));
#2019=ORIENTED_EDGE('',*,*,#2842,.T.);
#2020=ORIENTED_EDGE('',*,*,#2846,.T.);
#2021=ORIENTED_EDGE('',*,*,#2847,.T.);
#2022=ORIENTED_EDGE('',*,*,#2464,.F.);
#2023=CARTESIAN_POINT('',(0.0,0.0,-4.953));
#2024=DIRECTION('',(0.0,0.0,-1.0));
#2025=DIRECTION('',(0.0,-1.0,0.0));
#2026=ORIENTED_EDGE('',*,*,#2845,.F.);
#2027=ORIENTED_EDGE('',*,*,#2848,.F.);
#2028=ORIENTED_EDGE('',*,*,#2660,.F.);
#2029=ORIENTED_EDGE('',*,*,#2526,.T.);
#2030=CARTESIAN_POINT('',(4.318,-1.524,-5.715));
#2031=DIRECTION('',(1.0,0.0,0.0));
#2032=DIRECTION('',(0.0,1.0,0.0));
#2033=ORIENTED_EDGE('',*,*,#2848,.T.);
#2034=ORIENTED_EDGE('',*,*,#2844,.F.);
#2035=ORIENTED_EDGE('',*,*,#2849,.F.);
#2036=ORIENTED_EDGE('',*,*,#2661,.T.);
#2037=CARTESIAN_POINT('',(3.302,-1.524,-5.715));
#2038=DIRECTION('',(-0.0,1.0,0.0));
#2039=DIRECTION('',(1.0,0.0,0.0));
#2040=ORIENTED_EDGE('',*,*,#2662,.T.);
#2041=ORIENTED_EDGE('',*,*,#2849,.T.);
#2042=ORIENTED_EDGE('',*,*,#2843,.F.);
#2043=ORIENTED_EDGE('',*,*,#2524,.F.);
#2044=CARTESIAN_POINT('',(3.302,-2.54,-5.715));
#2045=DIRECTION('',(-1.0,0.0,0.0));
#2046=DIRECTION('',(0.0,0.0,1.0));
#2047=ORIENTED_EDGE('',*,*,#2465,.T.);
#2048=ORIENTED_EDGE('',*,*,#2847,.F.);
#2049=ORIENTED_EDGE('',*,*,#2850,.F.);
#2050=ORIENTED_EDGE('',*,*,#2682,.F.);
#2051=CARTESIAN_POINT('',(3.302,1.524,-5.715));
#2052=DIRECTION('',(-1.0,0.0,0.0));
#2053=DIRECTION('',(0.0,0.0,1.0));
#2054=ORIENTED_EDGE('',*,*,#2850,.T.);
#2055=ORIENTED_EDGE('',*,*,#2846,.F.);
#2056=ORIENTED_EDGE('',*,*,#2841,.F.);
#2057=ORIENTED_EDGE('',*,*,#2683,.T.);
#2058=CARTESIAN_POINT('',(4.318,1.524,-5.715));
#2059=DIRECTION('',(0.0,-1.0,0.0));
#2060=DIRECTION('',(0.0,0.0,-1.0));
#2061=ORIENTED_EDGE('',*,*,#2851,.T.);
#2062=ORIENTED_EDGE('',*,*,#2852,.F.);
#2063=ORIENTED_EDGE('',*,*,#2467,.F.);
#2064=ORIENTED_EDGE('',*,*,#2681,.T.);
#2065=CARTESIAN_POINT('',(1.778,2.54,-5.715));
#2066=DIRECTION('',(1.0,0.0,0.0));
#2067=DIRECTION('',(0.0,1.0,0.0));
#2068=ORIENTED_EDGE('',*,*,#2853,.T.);
#2069=ORIENTED_EDGE('',*,*,#2854,.T.);
#2070=ORIENTED_EDGE('',*,*,#2855,.T.);
#2071=ORIENTED_EDGE('',*,*,#2521,.T.);
#2072=CARTESIAN_POINT('',(-2.54,0.0,-4.953));
#2073=DIRECTION('',(0.0,0.0,-1.0));
#2074=DIRECTION('',(0.0,-1.0,0.0));
#2075=ORIENTED_EDGE('',*,*,#2852,.T.);
#2076=ORIENTED_EDGE('',*,*,#2856,.T.);
#2077=ORIENTED_EDGE('',*,*,#2857,.T.);
#2078=ORIENTED_EDGE('',*,*,#2468,.F.);
#2079=CARTESIAN_POINT('',(-2.54,0.0,-4.953));
#2080=DIRECTION('',(0.0,0.0,-1.0));
#2081=DIRECTION('',(0.0,-1.0,0.0));
#2082=ORIENTED_EDGE('',*,*,#2855,.F.);
#2083=ORIENTED_EDGE('',*,*,#2858,.F.);
#2084=ORIENTED_EDGE('',*,*,#2663,.F.);
#2085=ORIENTED_EDGE('',*,*,#2522,.T.);
#2086=CARTESIAN_POINT('',(1.778,-1.524,-5.715));
#2087=DIRECTION('',(1.0,0.0,0.0));
#2088=DIRECTION('',(0.0,1.0,0.0));
#2089=ORIENTED_EDGE('',*,*,#2858,.T.);
#2090=ORIENTED_EDGE('',*,*,#2854,.F.);
#2091=ORIENTED_EDGE('',*,*,#2859,.F.);
#2092=ORIENTED_EDGE('',*,*,#2664,.T.);
#2093=CARTESIAN_POINT('',(0.762,-1.524,-5.715));
#2094=DIRECTION('',(-0.0,1.0,0.0));
#2095=DIRECTION('',(1.0,0.0,0.0));
#2096=ORIENTED_EDGE('',*,*,#2665,.T.);
#2097=ORIENTED_EDGE('',*,*,#2859,.T.);
#2098=ORIENTED_EDGE('',*,*,#2853,.F.);
#2099=ORIENTED_EDGE('',*,*,#2520,.F.);
#2100=CARTESIAN_POINT('',(0.762,-2.54,-5.715));
#2101=DIRECTION('',(-1.0,0.0,0.0));
#2102=DIRECTION('',(0.0,0.0,1.0));
#2103=ORIENTED_EDGE('',*,*,#2469,.T.);
#2104=ORIENTED_EDGE('',*,*,#2857,.F.);
#2105=ORIENTED_EDGE('',*,*,#2860,.F.);
#2106=ORIENTED_EDGE('',*,*,#2679,.F.);
#2107=CARTESIAN_POINT('',(0.762,1.524,-5.715));
#2108=DIRECTION('',(-1.0,0.0,0.0));
#2109=DIRECTION('',(0.0,0.0,1.0));
#2110=ORIENTED_EDGE('',*,*,#2860,.T.);
#2111=ORIENTED_EDGE('',*,*,#2856,.F.);
#2112=ORIENTED_EDGE('',*,*,#2851,.F.);
#2113=ORIENTED_EDGE('',*,*,#2680,.T.);
#2114=CARTESIAN_POINT('',(1.778,1.524,-5.715));
#2115=DIRECTION('',(0.0,-1.0,0.0));
#2116=DIRECTION('',(0.0,0.0,-1.0));
#2117=ORIENTED_EDGE('',*,*,#2861,.T.);
#2118=ORIENTED_EDGE('',*,*,#2862,.F.);
#2119=ORIENTED_EDGE('',*,*,#2471,.F.);
#2120=ORIENTED_EDGE('',*,*,#2678,.T.);
#2121=CARTESIAN_POINT('',(-0.762,2.54,-5.715));
#2122=DIRECTION('',(1.0,0.0,0.0));
#2123=DIRECTION('',(0.0,1.0,0.0));
#2124=ORIENTED_EDGE('',*,*,#2863,.T.);
#2125=ORIENTED_EDGE('',*,*,#2864,.T.);
#2126=ORIENTED_EDGE('',*,*,#2865,.T.);
#2127=ORIENTED_EDGE('',*,*,#2517,.T.);
#2128=CARTESIAN_POINT('',(-5.08,0.0,-4.953));
#2129=DIRECTION('',(0.0,0.0,-1.0));
#2130=DIRECTION('',(0.0,-1.0,0.0));
#2131=ORIENTED_EDGE('',*,*,#2862,.T.);
#2132=ORIENTED_EDGE('',*,*,#2866,.T.);
#2133=ORIENTED_EDGE('',*,*,#2867,.T.);
#2134=ORIENTED_EDGE('',*,*,#2472,.F.);
#2135=CARTESIAN_POINT('',(-5.08,0.0,-4.953));
#2136=DIRECTION('',(0.0,0.0,-1.0));
#2137=DIRECTION('',(0.0,-1.0,0.0));
#2138=ORIENTED_EDGE('',*,*,#2865,.F.);
#2139=ORIENTED_EDGE('',*,*,#2868,.F.);
#2140=ORIENTED_EDGE('',*,*,#2666,.F.);
#2141=ORIENTED_EDGE('',*,*,#2518,.T.);
#2142=CARTESIAN_POINT('',(-0.762,-1.524,-5.715));
#2143=DIRECTION('',(1.0,0.0,0.0));
#2144=DIRECTION('',(0.0,1.0,0.0));
#2145=ORIENTED_EDGE('',*,*,#2868,.T.);
#2146=ORIENTED_EDGE('',*,*,#2864,.F.);
#2147=ORIENTED_EDGE('',*,*,#2869,.F.);
#2148=ORIENTED_EDGE('',*,*,#2667,.T.);
#2149=CARTESIAN_POINT('',(-1.778,-1.524,-5.715));
#2150=DIRECTION('',(-0.0,1.0,0.0));
#2151=DIRECTION('',(1.0,0.0,0.0));
#2152=ORIENTED_EDGE('',*,*,#2668,.T.);
#2153=ORIENTED_EDGE('',*,*,#2869,.T.);
#2154=ORIENTED_EDGE('',*,*,#2863,.F.);
#2155=ORIENTED_EDGE('',*,*,#2516,.F.);
#2156=CARTESIAN_POINT('',(-1.778,-2.54,-5.715));
#2157=DIRECTION('',(-1.0,0.0,0.0));
#2158=DIRECTION('',(0.0,0.0,1.0));
#2159=ORIENTED_EDGE('',*,*,#2473,.T.);
#2160=ORIENTED_EDGE('',*,*,#2867,.F.);
#2161=ORIENTED_EDGE('',*,*,#2870,.F.);
#2162=ORIENTED_EDGE('',*,*,#2676,.F.);
#2163=CARTESIAN_POINT('',(-1.778,1.524,-5.715));
#2164=DIRECTION('',(-1.0,0.0,0.0));
#2165=DIRECTION('',(0.0,0.0,1.0));
#2166=ORIENTED_EDGE('',*,*,#2870,.T.);
#2167=ORIENTED_EDGE('',*,*,#2866,.F.);
#2168=ORIENTED_EDGE('',*,*,#2861,.F.);
#2169=ORIENTED_EDGE('',*,*,#2677,.T.);
#2170=CARTESIAN_POINT('',(-0.762,1.524,-5.715));
#2171=DIRECTION('',(0.0,-1.0,0.0));
#2172=DIRECTION('',(0.0,0.0,-1.0));
#2173=ORIENTED_EDGE('',*,*,#2871,.T.);
#2174=ORIENTED_EDGE('',*,*,#2872,.F.);
#2175=ORIENTED_EDGE('',*,*,#2475,.F.);
#2176=ORIENTED_EDGE('',*,*,#2675,.T.);
#2177=CARTESIAN_POINT('',(-3.302,2.54,-5.715));
#2178=DIRECTION('',(1.0,0.0,0.0));
#2179=DIRECTION('',(0.0,1.0,0.0));
#2180=ORIENTED_EDGE('',*,*,#2873,.T.);
#2181=ORIENTED_EDGE('',*,*,#2874,.T.);
#2182=ORIENTED_EDGE('',*,*,#2875,.T.);
#2183=ORIENTED_EDGE('',*,*,#2513,.T.);
#2184=CARTESIAN_POINT('',(-7.62,0.0,-4.953));
#2185=DIRECTION('',(0.0,0.0,-1.0));
#2186=DIRECTION('',(0.0,-1.0,0.0));
#2187=ORIENTED_EDGE('',*,*,#2872,.T.);
#2188=ORIENTED_EDGE('',*,*,#2876,.T.);
#2189=ORIENTED_EDGE('',*,*,#2877,.T.);
#2190=ORIENTED_EDGE('',*,*,#2476,.F.);
#2191=CARTESIAN_POINT('',(-7.62,0.0,-4.953));
#2192=DIRECTION('',(0.0,0.0,-1.0));
#2193=DIRECTION('',(0.0,-1.0,0.0));
#2194=ORIENTED_EDGE('',*,*,#2875,.F.);
#2195=ORIENTED_EDGE('',*,*,#2878,.F.);
#2196=ORIENTED_EDGE('',*,*,#2669,.F.);
#2197=ORIENTED_EDGE('',*,*,#2514,.T.);
#2198=CARTESIAN_POINT('',(-3.302,-1.524,-5.715));
#2199=DIRECTION('',(1.0,0.0,0.0));
#2200=DIRECTION('',(0.0,1.0,0.0));
#2201=ORIENTED_EDGE('',*,*,#2878,.T.);
#2202=ORIENTED_EDGE('',*,*,#2874,.F.);
#2203=ORIENTED_EDGE('',*,*,#2879,.F.);
#2204=ORIENTED_EDGE('',*,*,#2670,.T.);
#2205=CARTESIAN_POINT('',(-4.318,-1.524,-5.715));
#2206=DIRECTION('',(-0.0,1.0,0.0));
#2207=DIRECTION('',(1.0,0.0,0.0));
#2208=ORIENTED_EDGE('',*,*,#2671,.T.);
#2209=ORIENTED_EDGE('',*,*,#2879,.T.);
#2210=ORIENTED_EDGE('',*,*,#2873,.F.);
#2211=ORIENTED_EDGE('',*,*,#2512,.F.);
#2212=CARTESIAN_POINT('',(-4.318,-2.54,-5.715));
#2213=DIRECTION('',(-1.0,0.0,0.0));
#2214=DIRECTION('',(0.0,0.0,1.0));
#2215=ORIENTED_EDGE('',*,*,#2477,.T.);
#2216=ORIENTED_EDGE('',*,*,#2877,.F.);
#2217=ORIENTED_EDGE('',*,*,#2880,.F.);
#2218=ORIENTED_EDGE('',*,*,#2673,.F.);
#2219=CARTESIAN_POINT('',(-4.318,1.524,-5.715));
#2220=DIRECTION('',(-1.0,0.0,0.0));
#2221=DIRECTION('',(0.0,0.0,1.0));
#2222=ORIENTED_EDGE('',*,*,#2880,.T.);
#2223=ORIENTED_EDGE('',*,*,#2876,.F.);
#2224=ORIENTED_EDGE('',*,*,#2871,.F.);
#2225=ORIENTED_EDGE('',*,*,#2674,.T.);
#2226=CARTESIAN_POINT('',(-3.302,1.524,-5.715));
#2227=DIRECTION('',(0.0,-1.0,0.0));
#2228=DIRECTION('',(0.0,0.0,-1.0));
#2229=ORIENTED_EDGE('',*,*,#2510,.F.);
#2230=ORIENTED_EDGE('',*,*,#2881,.F.);
#2231=ORIENTED_EDGE('',*,*,#2479,.T.);
#2232=ORIENTED_EDGE('',*,*,#2672,.F.);
#2233=CARTESIAN_POINT('',(-5.36999999999884,2.54,-6.096));
#2234=DIRECTION('',(0.707106781186498,0.0,-0.707106781186597));
#2235=DIRECTION('',(0.0,-1.0,0.0));
#2236=ORIENTED_EDGE('',*,*,#2480,.T.);
#2237=ORIENTED_EDGE('',*,*,#2881,.T.);
#2238=ORIENTED_EDGE('',*,*,#2509,.F.);
#2239=ORIENTED_EDGE('',*,*,#2702,.T.);
#2240=CARTESIAN_POINT('',(-5.75099999999884,2.54,-5.715));
#2241=DIRECTION('',(-0.707106781186498,0.0,-0.707106781186597));
#2242=DIRECTION('',(-0.707106781186597,0.0,0.707106781186498));
#2243=ORIENTED_EDGE('',*,*,#2531,.T.);
#2244=ORIENTED_EDGE('',*,*,#2700,.T.);
#2245=ORIENTED_EDGE('',*,*,#2458,.T.);
#2246=ORIENTED_EDGE('',*,*,#2558,.T.);
#2247=CARTESIAN_POINT('',(6.35,0.0,0.0));
#2248=DIRECTION('',(1.0,0.0,0.0));
#2249=DIRECTION('',(0.0,1.0,0.0));
#2250=ORIENTED_EDGE('',*,*,#2546,.F.);
#2251=ORIENTED_EDGE('',*,*,#2882,.T.);
#2252=ORIENTED_EDGE('',*,*,#2613,.F.);
#2253=ORIENTED_EDGE('',*,*,#2883,.T.);
#2254=CARTESIAN_POINT('',(-5.334,-1.524,5.715));
#2255=DIRECTION('',(0.0,-1.0,0.0));
#2256=DIRECTION('',(0.0,0.0,-1.0));
#2257=ORIENTED_EDGE('',*,*,#2618,.F.);
#2258=ORIENTED_EDGE('',*,*,#2884,.T.);
#2259=ORIENTED_EDGE('',*,*,#2548,.F.);
#2260=ORIENTED_EDGE('',*,*,#2885,.F.);
#2261=CARTESIAN_POINT('',(-5.334,-1.524,5.715));
#2262=DIRECTION('',(0.0,-1.0,0.0));
#2263=DIRECTION('',(0.0,0.0,-1.0));
#2264=ORIENTED_EDGE('',*,*,#2616,.F.);
#2265=ORIENTED_EDGE('',*,*,#2886,.F.);
#2266=ORIENTED_EDGE('',*,*,#2542,.F.);
#2267=ORIENTED_EDGE('',*,*,#2540,.F.);
#2268=CARTESIAN_POINT('',(-5.334,-1.524,5.715));
#2269=DIRECTION('',(0.0,-1.0,0.0));
#2270=DIRECTION('',(0.0,0.0,-1.0));
#2271=ORIENTED_EDGE('',*,*,#2547,.T.);
#2272=ORIENTED_EDGE('',*,*,#2883,.F.);
#2273=ORIENTED_EDGE('',*,*,#2612,.T.);
#2274=ORIENTED_EDGE('',*,*,#2533,.F.);
#2275=ORIENTED_EDGE('',*,*,#2493,.T.);
#2276=CARTESIAN_POINT('',(3.175,-1.524,5.715));
#2277=DIRECTION('',(1.0,0.0,0.0));
#2278=DIRECTION('',(0.0,1.0,0.0));
#2279=ORIENTED_EDGE('',*,*,#2607,.T.);
#2280=ORIENTED_EDGE('',*,*,#2614,.F.);
#2281=ORIENTED_EDGE('',*,*,#2882,.F.);
#2282=ORIENTED_EDGE('',*,*,#2887,.F.);
#2283=CARTESIAN_POINT('',(5.334,-1.524,5.715));
#2284=DIRECTION('',(1.0,0.0,0.0));
#2285=DIRECTION('',(0.0,1.0,0.0));
#2286=ORIENTED_EDGE('',*,*,#2888,.F.);
#2287=ORIENTED_EDGE('',*,*,#2887,.T.);
#2288=ORIENTED_EDGE('',*,*,#2545,.T.);
#2289=ORIENTED_EDGE('',*,*,#2561,.F.);
#2290=CARTESIAN_POINT('',(5.588,0.0,5.461));
#2291=DIRECTION('',(-0.707106781186547,0.0,0.707106781186547));
#2292=DIRECTION('',(0.0,1.0,0.0));
#2293=ORIENTED_EDGE('',*,*,#2889,.F.);
#2294=ORIENTED_EDGE('',*,*,#2608,.T.);
#2295=ORIENTED_EDGE('',*,*,#2888,.T.);
#2296=ORIENTED_EDGE('',*,*,#2560,.F.);
#2297=ORIENTED_EDGE('',*,*,#2490,.F.);
#2298=CARTESIAN_POINT('',(4.064,1.778,5.461));
#2299=DIRECTION('',(0.0,-0.707106781186547,0.707106781186547));
#2300=DIRECTION('',(-1.0,0.0,0.0));
#2301=ORIENTED_EDGE('',*,*,#2564,.F.);
#2302=ORIENTED_EDGE('',*,*,#2890,.F.);
#2303=ORIENTED_EDGE('',*,*,#2891,.T.);
#2304=ORIENTED_EDGE('',*,*,#2889,.T.);
#2305=ORIENTED_EDGE('',*,*,#2489,.T.);
#2306=CARTESIAN_POINT('',(3.048,2.286,5.461));
#2307=DIRECTION('',(-0.707106781186547,0.0,0.707106781186547));
#2308=DIRECTION('',(0.0,1.0,0.0));
#2309=ORIENTED_EDGE('',*,*,#2891,.F.);
#2310=ORIENTED_EDGE('',*,*,#2892,.T.);
#2311=ORIENTED_EDGE('',*,*,#2893,.F.);
#2312=ORIENTED_EDGE('',*,*,#2580,.F.);
#2313=ORIENTED_EDGE('',*,*,#2894,.F.);
#2314=ORIENTED_EDGE('',*,*,#2591,.F.);
#2315=ORIENTED_EDGE('',*,*,#2597,.T.);
#2316=ORIENTED_EDGE('',*,*,#2605,.F.);
#2317=CARTESIAN_POINT('',(2.794,1.524,5.715));
#2318=DIRECTION('',(1.0,0.0,0.0));
#2319=DIRECTION('',(0.0,1.0,0.0));
#2320=ORIENTED_EDGE('',*,*,#2449,.F.);
#2321=ORIENTED_EDGE('',*,*,#2895,.T.);
#2322=ORIENTED_EDGE('',*,*,#2577,.T.);
#2323=ORIENTED_EDGE('',*,*,#2585,.T.);
#2324=CARTESIAN_POINT('',(-3.81,2.54,1.905));
#2325=DIRECTION('',(0.0,0.0,-1.0));
#2326=DIRECTION('',(0.0,-1.0,0.0));
#2327=ORIENTED_EDGE('',*,*,#2579,.T.);
#2328=ORIENTED_EDGE('',*,*,#2570,.F.);
#2329=ORIENTED_EDGE('',*,*,#2455,.F.);
#2330=ORIENTED_EDGE('',*,*,#2894,.T.);
#2331=CARTESIAN_POINT('',(-3.81,2.54,1.905));
#2332=DIRECTION('',(0.0,0.0,-1.0));
#2333=DIRECTION('',(0.0,-1.0,0.0));
#2334=ORIENTED_EDGE('',*,*,#2568,.F.);
#2335=ORIENTED_EDGE('',*,*,#2578,.F.);
#2336=ORIENTED_EDGE('',*,*,#2895,.F.);
#2337=ORIENTED_EDGE('',*,*,#2448,.F.);
#2338=ORIENTED_EDGE('',*,*,#2507,.T.);
#2339=CARTESIAN_POINT('',(-3.81,0.0,0.0));
#2340=DIRECTION('',(1.0,0.0,0.0));
#2341=DIRECTION('',(0.0,1.0,0.0));
#2342=ORIENTED_EDGE('',*,*,#2893,.T.);
#2343=ORIENTED_EDGE('',*,*,#2896,.F.);
#2344=ORIENTED_EDGE('',*,*,#2897,.F.);
#2345=ORIENTED_EDGE('',*,*,#2581,.T.);
#2346=CARTESIAN_POINT('',(1.4478,4.064,2.8448));
#2347=DIRECTION('',(-0.0,-1.0,0.0));
#2348=DIRECTION('',(-1.0,0.0,0.0));
#2349=ORIENTED_EDGE('',*,*,#2897,.T.);
#2350=ORIENTED_EDGE('',*,*,#2898,.F.);
#2351=ORIENTED_EDGE('',*,*,#2899,.F.);
#2352=ORIENTED_EDGE('',*,*,#2582,.T.);
#2353=CARTESIAN_POINT('',(-1.4478,4.064,4.191));
#2354=DIRECTION('',(0.0,0.0,1.0));
#2355=DIRECTION('',(1.0,0.0,0.0));
#2356=ORIENTED_EDGE('',*,*,#2899,.T.);
#2357=ORIENTED_EDGE('',*,*,#2900,.F.);
#2358=ORIENTED_EDGE('',*,*,#2586,.F.);
#2359=ORIENTED_EDGE('',*,*,#2583,.T.);
#2360=CARTESIAN_POINT('',(-1.4478,4.064,2.8448));
#2361=DIRECTION('',(-0.0,-1.0,0.0));
#2362=DIRECTION('',(-1.0,0.0,0.0));
#2363=ORIENTED_EDGE('',*,*,#2587,.T.);
#2364=ORIENTED_EDGE('',*,*,#2900,.T.);
#2365=ORIENTED_EDGE('',*,*,#2898,.T.);
#2366=ORIENTED_EDGE('',*,*,#2896,.T.);
#2367=ORIENTED_EDGE('',*,*,#2892,.F.);
#2368=ORIENTED_EDGE('',*,*,#2901,.F.);
#2369=CARTESIAN_POINT('',(2.794,3.048,5.715));
#2370=DIRECTION('',(-0.0,1.0,0.0));
#2371=DIRECTION('',(1.0,0.0,0.0));
#2372=ORIENTED_EDGE('',*,*,#2556,.F.);
#2373=ORIENTED_EDGE('',*,*,#2901,.T.);
#2374=ORIENTED_EDGE('',*,*,#2890,.T.);
#2375=ORIENTED_EDGE('',*,*,#2563,.F.);
#2376=CARTESIAN_POINT('',(0.0,3.302,5.461));
#2377=DIRECTION('',(0.0,-0.707106781186547,0.707106781186547));
#2378=DIRECTION('',(-1.0,0.0,0.0));
#2379=ORIENTED_EDGE('',*,*,#2535,.T.);
#2380=ORIENTED_EDGE('',*,*,#2611,.F.);
#2381=ORIENTED_EDGE('',*,*,#2885,.T.);
#2382=ORIENTED_EDGE('',*,*,#2550,.F.);
#2383=ORIENTED_EDGE('',*,*,#2498,.F.);
#2384=CARTESIAN_POINT('',(1.905,-1.524,-3.175));
#2385=DIRECTION('',(-1.0,0.0,0.0));
#2386=DIRECTION('',(0.0,0.0,1.0));
#2387=ORIENTED_EDGE('',*,*,#2549,.T.);
#2388=ORIENTED_EDGE('',*,*,#2884,.F.);
#2389=ORIENTED_EDGE('',*,*,#2617,.T.);
#2390=ORIENTED_EDGE('',*,*,#2536,.F.);
#2391=ORIENTED_EDGE('',*,*,#2500,.T.);
#2392=CARTESIAN_POINT('',(-1.905,-1.524,5.715));
#2393=DIRECTION('',(1.0,0.0,0.0));
#2394=DIRECTION('',(0.0,1.0,0.0));
#2395=ORIENTED_EDGE('',*,*,#2886,.T.);
#2396=ORIENTED_EDGE('',*,*,#2615,.F.);
#2397=ORIENTED_EDGE('',*,*,#2601,.F.);
#2398=ORIENTED_EDGE('',*,*,#2551,.F.);
#2399=CARTESIAN_POINT('',(-5.334,1.524,5.715));
#2400=DIRECTION('',(-1.0,0.0,0.0));
#2401=DIRECTION('',(0.0,0.0,1.0));
#2402=CARTESIAN_POINT('',(3.175,0.508,-7.493));
#2403=VECTOR('',#2902,3.17999999999998);
#2404=CARTESIAN_POINT('',(3.175,3.68799999999998,-7.493));
#2405=VECTOR('',#2903,1.27);
#2406=CARTESIAN_POINT('',(4.445,3.68799999999998,-7.493));
#2407=VECTOR('',#2904,3.17999999999998);
#2408=CARTESIAN_POINT('',(4.445,0.508,-7.493));
#2409=VECTOR('',#2905,1.27);
#2410=CARTESIAN_POINT('',(-1.905,0.508,-7.493));
#2411=VECTOR('',#2906,3.17999999999998);
#2412=CARTESIAN_POINT('',(-1.905,3.68799999999998,-7.493));
#2413=VECTOR('',#2907,1.27);
#2414=CARTESIAN_POINT('',(-0.635,3.68799999999998,-7.493));
#2415=VECTOR('',#2908,3.17999999999998);
#2416=CARTESIAN_POINT('',(-0.635,0.508,-7.493));
#2417=VECTOR('',#2909,1.27);
#2418=CARTESIAN_POINT('',(1.905,-0.509999999999992,-7.493));
#2419=VECTOR('',#2910,3.175);
#2420=CARTESIAN_POINT('',(1.905,-3.6850000000005,-7.493));
#2421=VECTOR('',#2911,1.27);
#2422=CARTESIAN_POINT('',(0.635,-3.6850000000005,-7.493));
#2423=VECTOR('',#2912,3.175);
#2424=CARTESIAN_POINT('',(0.635,-0.509999999999992,-7.493));
#2425=VECTOR('',#2913,1.27);
#2426=CARTESIAN_POINT('',(-3.175,-0.509999999999992,-7.493));
#2427=VECTOR('',#2914,3.175);
#2428=CARTESIAN_POINT('',(-3.175,-3.6850000000005,-7.493));
#2429=VECTOR('',#2915,1.27);
#2430=CARTESIAN_POINT('',(-4.445,-3.6850000000005,-7.493));
#2431=VECTOR('',#2916,3.175);
#2432=CARTESIAN_POINT('',(-4.445,-0.509999999999992,-7.493));
#2433=VECTOR('',#2917,1.27);
#2434=CARTESIAN_POINT('',(5.2578,2.54,5.715));
#2435=VECTOR('',#2918,0.889);
#2436=CARTESIAN_POINT('',(6.1468,2.54,5.715));
#2437=VECTOR('',#2919,1.29963105587239);
#2438=CARTESIAN_POINT('',(5.7023,2.54,4.4937462870513));
#2439=VECTOR('',#2920,1.29963105587239);
#2440=EDGE_CURVE('',#2921,#2922,#2923,.T.);
#2441=EDGE_CURVE('',#2924,#2921,#2925,.T.);
#2442=EDGE_CURVE('',#2924,#2926,#2927,.T.);
#2443=EDGE_CURVE('',#2926,#2928,#2929,.T.);
#2444=EDGE_CURVE('',#2930,#2928,#2931,.T.);
#2445=EDGE_CURVE('',#2932,#2930,#2933,.T.);
#2446=EDGE_CURVE('',#2932,#2934,#2935,.T.);
#2447=EDGE_CURVE('',#2922,#2934,#2936,.T.);
#2448=EDGE_CURVE('',#2937,#2938,#2939,.T.);
#2449=EDGE_CURVE('',#2938,#2940,#2941,.T.);
#2450=EDGE_CURVE('',#2940,#2942,#2943,.T.);
#2451=EDGE_CURVE('',#2944,#2942,#2945,.T.);
#2452=EDGE_CURVE('',#2946,#2944,#2947,.T.);
#2453=EDGE_CURVE('',#2948,#2946,#2949,.T.);
#2454=EDGE_CURVE('',#2948,#2950,#2951,.T.);
#2455=EDGE_CURVE('',#2950,#2952,#2953,.T.);
#2456=EDGE_CURVE('',#2954,#2952,#2955,.T.);
#2457=EDGE_CURVE('',#2954,#2956,#2957,.T.);
#2458=EDGE_CURVE('',#2958,#2956,#2959,.T.);
#2459=EDGE_CURVE('',#2960,#2958,#2961,.T.);
#2460=EDGE_CURVE('',#2962,#2960,#2963,.T.);
#2461=EDGE_CURVE('',#2964,#2962,#2965,.T.);
#2462=EDGE_CURVE('',#2966,#2964,#2967,.T.);
#2463=EDGE_CURVE('',#2966,#2968,#2969,.T.);
#2464=EDGE_CURVE('',#2968,#2970,#2971,.T.);
#2465=EDGE_CURVE('',#2972,#2970,#2973,.T.);
#2466=EDGE_CURVE('',#2974,#2972,#2975,.T.);
#2467=EDGE_CURVE('',#2974,#2976,#2977,.T.);
#2468=EDGE_CURVE('',#2976,#2978,#2979,.T.);
#2469=EDGE_CURVE('',#2980,#2978,#2981,.T.);
#2470=EDGE_CURVE('',#2982,#2980,#2983,.T.);
#2471=EDGE_CURVE('',#2982,#2984,#2985,.T.);
#2472=EDGE_CURVE('',#2984,#2986,#2987,.T.);
#2473=EDGE_CURVE('',#2988,#2986,#2989,.T.);
#2474=EDGE_CURVE('',#2990,#2988,#2991,.T.);
#2475=EDGE_CURVE('',#2990,#2992,#2993,.T.);
#2476=EDGE_CURVE('',#2992,#2994,#2995,.T.);
#2477=EDGE_CURVE('',#2996,#2994,#2997,.T.);
#2478=EDGE_CURVE('',#2998,#2996,#2999,.T.);
#2479=EDGE_CURVE('',#3000,#2998,#3001,.T.);
#2480=EDGE_CURVE('',#3002,#3000,#3003,.T.);
#2481=EDGE_CURVE('',#2922,#3002,#3004,.T.);
#2482=EDGE_CURVE('',#2934,#2937,#3005,.T.);
#2483=EDGE_CURVE('',#3006,#3007,#3008,.T.);
#2484=EDGE_CURVE('',#3009,#3007,#3010,.T.);
#2485=EDGE_CURVE('',#3009,#3011,#3012,.T.);
#2486=EDGE_CURVE('',#3013,#3011,#3014,.T.);
#2487=EDGE_CURVE('',#3013,#3015,#3016,.T.);
#2488=EDGE_CURVE('',#3017,#3015,#3018,.T.);
#2489=EDGE_CURVE('',#3019,#3017,#3020,.T.);
#2490=EDGE_CURVE('',#3019,#3021,#3022,.T.);
#2491=EDGE_CURVE('',#3023,#3021,#3024,.T.);
#2492=EDGE_CURVE('',#3025,#3023,#3026,.T.);
#2493=EDGE_CURVE('',#3027,#3025,#3028,.T.);
#2494=EDGE_CURVE('',#3027,#3029,#3030,.T.);
#2495=EDGE_CURVE('',#3031,#3029,#3032,.T.);
#2496=EDGE_CURVE('',#2926,#3031,#3033,.T.);
#2497=EDGE_CURVE('',#2924,#3006,#3034,.T.);
#2498=EDGE_CURVE('',#3035,#3036,#3037,.T.);
#2499=EDGE_CURVE('',#3038,#3036,#3039,.T.);
#2500=EDGE_CURVE('',#3040,#3038,#3041,.T.);
#2501=EDGE_CURVE('',#3040,#3035,#3042,.T.);
#2502=EDGE_CURVE('',#3043,#3044,#3045,.T.);
#2503=EDGE_CURVE('',#3044,#3046,#3047,.T.);
#2504=EDGE_CURVE('',#3046,#3048,#3049,.T.);
#2505=EDGE_CURVE('',#3048,#3043,#3050,.T.);
#2506=EDGE_CURVE('',#3051,#2932,#3052,.T.);
#2507=EDGE_CURVE('',#2937,#3051,#3053,.T.);
#2508=EDGE_CURVE('',#2921,#3054,#3055,.T.);
#2509=EDGE_CURVE('',#3054,#3056,#3057,.T.);
#2510=EDGE_CURVE('',#3056,#3058,#3059,.T.);
#2511=EDGE_CURVE('',#3058,#3060,#3061,.T.);
#2512=EDGE_CURVE('',#3060,#3062,#3063,.T.);
#2513=EDGE_CURVE('',#3064,#3062,#3065,.T.);
#2514=EDGE_CURVE('',#3066,#3064,#3067,.T.);
#2515=EDGE_CURVE('',#3066,#3068,#3069,.T.);
#2516=EDGE_CURVE('',#3068,#3070,#3071,.T.);
#2517=EDGE_CURVE('',#3072,#3070,#3073,.T.);
#2518=EDGE_CURVE('',#3074,#3072,#3075,.T.);
#2519=EDGE_CURVE('',#3074,#3076,#3077,.T.);
#2520=EDGE_CURVE('',#3076,#3078,#3079,.T.);
#2521=EDGE_CURVE('',#3080,#3078,#3081,.T.);
#2522=EDGE_CURVE('',#3082,#3080,#3083,.T.);
#2523=EDGE_CURVE('',#3082,#3084,#3085,.T.);
#2524=EDGE_CURVE('',#3084,#3086,#3087,.T.);
#2525=EDGE_CURVE('',#3088,#3086,#3089,.T.);
#2526=EDGE_CURVE('',#3090,#3088,#3091,.T.);
#2527=EDGE_CURVE('',#3090,#3092,#3093,.T.);
#2528=EDGE_CURVE('',#3092,#3094,#3095,.T.);
#2529=EDGE_CURVE('',#3094,#3096,#3097,.T.);
#2530=EDGE_CURVE('',#3096,#3098,#3099,.T.);
#2531=EDGE_CURVE('',#3100,#3098,#3101,.T.);
#2532=EDGE_CURVE('',#3029,#3100,#3102,.T.);
#2533=EDGE_CURVE('',#3027,#3103,#3104,.T.);
#2534=EDGE_CURVE('',#3103,#3105,#3106,.T.);
#2535=EDGE_CURVE('',#3035,#3105,#3107,.T.);
#2536=EDGE_CURVE('',#3040,#3108,#3109,.T.);
#2537=EDGE_CURVE('',#3108,#3110,#3111,.T.);
#2538=EDGE_CURVE('',#3006,#3110,#3112,.T.);
#2539=EDGE_CURVE('',#3113,#3110,#3114,.T.);
#2540=EDGE_CURVE('',#3113,#3115,#3116,.T.);
#2541=EDGE_CURVE('',#3007,#3115,#3117,.T.);
#2542=EDGE_CURVE('',#3115,#3118,#3119,.T.);
#2543=EDGE_CURVE('',#3118,#3009,#3120,.T.);
#2544=EDGE_CURVE('',#3121,#3023,#3122,.T.);
#2545=EDGE_CURVE('',#3123,#3121,#3124,.T.);
#2546=EDGE_CURVE('',#3123,#3125,#3126,.T.);
#2547=EDGE_CURVE('',#3025,#3125,#3127,.T.);
#2548=EDGE_CURVE('',#3128,#3129,#3130,.T.);
#2549=EDGE_CURVE('',#3038,#3129,#3131,.T.);
#2550=EDGE_CURVE('',#3036,#3128,#3132,.T.);
#2551=EDGE_CURVE('',#3118,#3133,#3134,.T.);
#2552=EDGE_CURVE('',#3133,#3011,#3135,.T.);
#2553=EDGE_CURVE('',#3133,#3136,#3137,.T.);
#2554=EDGE_CURVE('',#3136,#3013,#3138,.T.);
#2555=EDGE_CURVE('',#3136,#3139,#3140,.T.);
#2556=EDGE_CURVE('',#3139,#3141,#3142,.T.);
#2557=EDGE_CURVE('',#3015,#3141,#3143,.T.);
#2558=EDGE_CURVE('',#2956,#3100,#3144,.T.);
#2559=EDGE_CURVE('',#3021,#2954,#3145,.T.);
#2560=EDGE_CURVE('',#3021,#3146,#3147,.T.);
#2561=EDGE_CURVE('',#3146,#3121,#3148,.T.);
#2562=EDGE_CURVE('',#3029,#3023,#3149,.T.);
#2563=EDGE_CURVE('',#3141,#3150,#3151,.T.);
#2564=EDGE_CURVE('',#3150,#3017,#3152,.T.);
#2565=EDGE_CURVE('',#3153,#3017,#3154,.T.);
#2566=EDGE_CURVE('',#3155,#3153,#3156,.T.);
#2567=EDGE_CURVE('',#3157,#3155,#3158,.T.);
#2568=EDGE_CURVE('',#3157,#3051,#3159,.T.);
#2569=EDGE_CURVE('',#3015,#3051,#3160,.T.);
#2570=EDGE_CURVE('',#2952,#3161,#3162,.T.);
#2571=EDGE_CURVE('',#3161,#3155,#3163,.T.);
#2572=EDGE_CURVE('',#3153,#3164,#3165,.T.);
#2573=EDGE_CURVE('',#3166,#3164,#3167,.T.);
#2574=EDGE_CURVE('',#3031,#3166,#3168,.T.);
#2575=EDGE_CURVE('',#2928,#3166,#3169,.T.);
#2576=EDGE_CURVE('',#3164,#2930,#3170,.T.);
#2577=EDGE_CURVE('',#3171,#3172,#3173,.T.);
#2578=EDGE_CURVE('',#3171,#3157,#3174,.T.);
#2579=EDGE_CURVE('',#3175,#3161,#3176,.T.);
#2580=EDGE_CURVE('',#3175,#3177,#3178,.T.);
#2581=EDGE_CURVE('',#3179,#3177,#3180,.T.);
#2582=EDGE_CURVE('',#3181,#3179,#3182,.T.);
#2583=EDGE_CURVE('',#3183,#3181,#3184,.T.);
#2584=EDGE_CURVE('',#3172,#3183,#3185,.T.);
#2585=EDGE_CURVE('',#3172,#2940,#3186,.T.);
#2586=EDGE_CURVE('',#3183,#3187,#3188,.T.);
#2587=EDGE_CURVE('',#3139,#3187,#3189,.T.);
#2588=EDGE_CURVE('',#3190,#3136,#3191,.T.);
#2589=EDGE_CURVE('',#3190,#3192,#3193,.T.);
#2590=EDGE_CURVE('',#2940,#3192,#3194,.T.);
#2591=EDGE_CURVE('',#3195,#2950,#3196,.T.);
#2592=EDGE_CURVE('',#3197,#2948,#3198,.T.);
#2593=EDGE_CURVE('',#3195,#3197,#3199,.T.);
#2594=EDGE_CURVE('',#3200,#2942,#3201,.T.);
#2595=EDGE_CURVE('',#3200,#3192,#3202,.T.);
#2596=EDGE_CURVE('',#3203,#3204,#3205,.T.);
#2597=EDGE_CURVE('',#3195,#3203,#3206,.T.);
#2598=EDGE_CURVE('',#3204,#3197,#3207,.T.);
#2599=EDGE_CURVE('',#2946,#3208,#3209,.T.);
#2600=EDGE_CURVE('',#3208,#3204,#3210,.T.);
#2601=EDGE_CURVE('',#3133,#3211,#3212,.T.);
#2602=EDGE_CURVE('',#3213,#3211,#3214,.T.);
#2603=EDGE_CURVE('',#3213,#3215,#3216,.T.);
#2604=EDGE_CURVE('',#3215,#3190,#3217,.T.);
#2605=EDGE_CURVE('',#3218,#3203,#3219,.T.);
#2606=EDGE_CURVE('',#3220,#3208,#3221,.T.);
#2607=EDGE_CURVE('',#3222,#3220,#3223,.T.);
#2608=EDGE_CURVE('',#3218,#3222,#3224,.T.);
#2609=EDGE_CURVE('',#3200,#3215,#3225,.T.);
#2610=EDGE_CURVE('',#2944,#3213,#3226,.T.);
#2611=EDGE_CURVE('',#3227,#3105,#3228,.T.);
#2612=EDGE_CURVE('',#3229,#3103,#3230,.T.);
#2613=EDGE_CURVE('',#3229,#3231,#3232,.T.);
#2614=EDGE_CURVE('',#3231,#3220,#3233,.T.);
#2615=EDGE_CURVE('',#3211,#3234,#3235,.T.);
#2616=EDGE_CURVE('',#3234,#3113,#3236,.T.);
#2617=EDGE_CURVE('',#3237,#3108,#3238,.T.);
#2618=EDGE_CURVE('',#3237,#3227,#3239,.T.);
#2619=EDGE_CURVE('',#3240,#3241,#3242,.T.);
#2620=EDGE_CURVE('',#3241,#3243,#3244,.T.);
#2621=EDGE_CURVE('',#3245,#3243,#3246,.T.);
#2622=EDGE_CURVE('',#3240,#3245,#3247,.T.);
#2623=EDGE_CURVE('',#3248,#3249,#3250,.T.);
#2624=EDGE_CURVE('',#3251,#3249,#3252,.T.);
#2625=EDGE_CURVE('',#3253,#3251,#3254,.T.);
#2626=EDGE_CURVE('',#3253,#3248,#3255,.T.);
#2627=EDGE_CURVE('',#3256,#3257,#3258,.T.);
#2628=EDGE_CURVE('',#3259,#3257,#3260,.T.);
#2629=EDGE_CURVE('',#3261,#3259,#3262,.T.);
#2630=EDGE_CURVE('',#3261,#3256,#3263,.T.);
#2631=EDGE_CURVE('',#3264,#3265,#3266,.T.);
#2632=EDGE_CURVE('',#3265,#3267,#3268,.T.);
#2633=EDGE_CURVE('',#3269,#3267,#3270,.T.);
#2634=EDGE_CURVE('',#3264,#3269,#3271,.T.);
#2635=EDGE_CURVE('',#3272,#3273,#3274,.T.);
#2636=EDGE_CURVE('',#3275,#3272,#3276,.T.);
#2637=EDGE_CURVE('',#3277,#3275,#3278,.T.);
#2638=EDGE_CURVE('',#3279,#3277,#3280,.T.);
#2639=EDGE_CURVE('',#3281,#3279,#3282,.T.);
#2640=EDGE_CURVE('',#3283,#3281,#3284,.T.);
#2641=EDGE_CURVE('',#3285,#3283,#3286,.T.);
#2642=EDGE_CURVE('',#3285,#3273,#3287,.T.);
#2643=EDGE_CURVE('',#3264,#3288,#3289,.T.);
#2644=EDGE_CURVE('',#3290,#3269,#3291,.T.);
#2645=EDGE_CURVE('',#3290,#3288,#3292,.T.);
#2646=EDGE_CURVE('',#3293,#3285,#3294,.T.);
#2647=EDGE_CURVE('',#3293,#3295,#3296,.T.);
#2648=EDGE_CURVE('',#3295,#3273,#3297,.T.);
#2649=EDGE_CURVE('',#3298,#3295,#3299,.T.);
#2650=EDGE_CURVE('',#3298,#3300,#3301,.T.);
#2651=EDGE_CURVE('',#3300,#3273,#3302,.T.);
#2652=EDGE_CURVE('',#3303,#3300,#3304,.T.);
#2653=EDGE_CURVE('',#3272,#3303,#3305,.T.);
#2654=EDGE_CURVE('',#3306,#3303,#3307,.T.);
#2655=EDGE_CURVE('',#3275,#3306,#3308,.T.);
#2656=EDGE_CURVE('',#3309,#3306,#3310,.T.);
#2657=EDGE_CURVE('',#3277,#3309,#3311,.T.);
#2658=EDGE_CURVE('',#3312,#3267,#3313,.T.);
#2659=EDGE_CURVE('',#3312,#3290,#3314,.T.);
#2660=EDGE_CURVE('',#3090,#3315,#3316,.T.);
#2661=EDGE_CURVE('',#3317,#3315,#3318,.T.);
#2662=EDGE_CURVE('',#3084,#3317,#3319,.T.);
#2663=EDGE_CURVE('',#3082,#3320,#3321,.T.);
#2664=EDGE_CURVE('',#3322,#3320,#3323,.T.);
#2665=EDGE_CURVE('',#3076,#3322,#3324,.T.);
#2666=EDGE_CURVE('',#3074,#3325,#3326,.T.);
#2667=EDGE_CURVE('',#3327,#3325,#3328,.T.);
#2668=EDGE_CURVE('',#3068,#3327,#3329,.T.);
#2669=EDGE_CURVE('',#3066,#3330,#3331,.T.);
#2670=EDGE_CURVE('',#3332,#3330,#3333,.T.);
#2671=EDGE_CURVE('',#3060,#3332,#3334,.T.);
#2672=EDGE_CURVE('',#3058,#2998,#3335,.T.);
#2673=EDGE_CURVE('',#2996,#3336,#3337,.T.);
#2674=EDGE_CURVE('',#3338,#3336,#3339,.T.);
#2675=EDGE_CURVE('',#2990,#3338,#3340,.T.);
#2676=EDGE_CURVE('',#2988,#3341,#3342,.T.);
#2677=EDGE_CURVE('',#3343,#3341,#3344,.T.);
#2678=EDGE_CURVE('',#2982,#3343,#3345,.T.);
#2679=EDGE_CURVE('',#2980,#3346,#3347,.T.);
#2680=EDGE_CURVE('',#3348,#3346,#3349,.T.);
#2681=EDGE_CURVE('',#2974,#3348,#3350,.T.);
#2682=EDGE_CURVE('',#2972,#3351,#3352,.T.);
#2683=EDGE_CURVE('',#3353,#3351,#3354,.T.);
#2684=EDGE_CURVE('',#2966,#3353,#3355,.T.);
#2685=EDGE_CURVE('',#3092,#2964,#3356,.T.);
#2686=EDGE_CURVE('',#3357,#3309,#3358,.T.);
#2687=EDGE_CURVE('',#3279,#3357,#3359,.T.);
#2688=EDGE_CURVE('',#3360,#3361,#3362,.T.);
#2689=EDGE_CURVE('',#3363,#3361,#3364,.T.);
#2690=EDGE_CURVE('',#3365,#3363,#3366,.T.);
#2691=EDGE_CURVE('',#3365,#3360,#3367,.T.);
#2692=EDGE_CURVE('',#3368,#3369,#3370,.T.);
#2693=EDGE_CURVE('',#3369,#3371,#3372,.T.);
#2694=EDGE_CURVE('',#3373,#3371,#3374,.T.);
#2695=EDGE_CURVE('',#3368,#3373,#3375,.T.);
#2696=EDGE_CURVE('',#3376,#3377,#3378,.T.);
#2697=EDGE_CURVE('',#3377,#3379,#3380,.T.);
#2698=EDGE_CURVE('',#3381,#3379,#3382,.T.);
#2699=EDGE_CURVE('',#3376,#3381,#3383,.T.);
#2700=EDGE_CURVE('',#3098,#2958,#3384,.T.);
#2701=EDGE_CURVE('',#3096,#2960,#3385,.T.);
#2702=EDGE_CURVE('',#3054,#3002,#3386,.T.);
#2703=EDGE_CURVE('',#3387,#3357,#3388,.T.);
#2704=EDGE_CURVE('',#3281,#3387,#3389,.T.);
#2705=EDGE_CURVE('',#3265,#3390,#3391,.T.);
#2706=EDGE_CURVE('',#3390,#3288,#3392,.T.);
#2707=EDGE_CURVE('',#3393,#3387,#3394,.T.);
#2708=EDGE_CURVE('',#3283,#3393,#3395,.T.);
#2709=EDGE_CURVE('',#3396,#3393,#3397,.T.);
#2710=EDGE_CURVE('',#3396,#3285,#3398,.T.);
#2711=EDGE_CURVE('',#3396,#3399,#3400,.T.);
#2712=EDGE_CURVE('',#3399,#3293,#3401,.T.);
#2713=EDGE_CURVE('',#3298,#3399,#3402,.T.);
#2714=EDGE_CURVE('',#3300,#3396,#3403,.T.);
#2715=EDGE_CURVE('',#3390,#3312,#3404,.T.);
#2716=EDGE_CURVE('',#3312,#3405,#3406,.T.);
#2717=EDGE_CURVE('',#3407,#3390,#3408,.T.);
#2718=EDGE_CURVE('',#3407,#3405,#3409,.T.);
#2719=EDGE_CURVE('',#3407,#3410,#3411,.T.);
#2720=EDGE_CURVE('',#3412,#3410,#3413,.T.);
#2721=EDGE_CURVE('',#3405,#3412,#3414,.T.);
#2722=EDGE_CURVE('',#3412,#3290,#3415,.T.);
#2723=EDGE_CURVE('',#3410,#3288,#3416,.T.);
#2724=EDGE_CURVE('',#3417,#3418,#3419,.T.);
#2725=EDGE_CURVE('',#3420,#3417,#3421,.T.);
#2726=EDGE_CURVE('',#3360,#3420,#3422,.T.);
#2727=EDGE_CURVE('',#3423,#3365,#3424,.T.);
#2728=EDGE_CURVE('',#3425,#3423,#3426,.T.);
#2729=EDGE_CURVE('',#3427,#3425,#3428,.T.);
#2730=EDGE_CURVE('',#3427,#3418,#3429,.T.);
#2731=EDGE_CURVE('',#3240,#3430,#3431,.T.);
#2732=EDGE_CURVE('',#3432,#3245,#3433,.T.);
#2733=EDGE_CURVE('',#3432,#3430,#3434,.T.);
#2734=EDGE_CURVE('',#3435,#3427,#3436,.T.);
#2735=EDGE_CURVE('',#3435,#3437,#3438,.T.);
#2736=EDGE_CURVE('',#3437,#3418,#3439,.T.);
#2737=EDGE_CURVE('',#3440,#3437,#3441,.T.);
#2738=EDGE_CURVE('',#3440,#3442,#3443,.T.);
#2739=EDGE_CURVE('',#3442,#3418,#3444,.T.);
#2740=EDGE_CURVE('',#3445,#3442,#3446,.T.);
#2741=EDGE_CURVE('',#3417,#3445,#3447,.T.);
#2742=EDGE_CURVE('',#3448,#3445,#3449,.T.);
#2743=EDGE_CURVE('',#3420,#3448,#3450,.T.);
#2744=EDGE_CURVE('',#3361,#3448,#3451,.T.);
#2745=EDGE_CURVE('',#3452,#3243,#3453,.T.);
#2746=EDGE_CURVE('',#3432,#3452,#3454,.T.);
#2747=EDGE_CURVE('',#3455,#3456,#3457,.T.);
#2748=EDGE_CURVE('',#3456,#3458,#3459,.T.);
#2749=EDGE_CURVE('',#3458,#3363,#3460,.T.);
#2750=EDGE_CURVE('',#3442,#3455,#3461,.T.);
#2751=EDGE_CURVE('',#3241,#3462,#3463,.T.);
#2752=EDGE_CURVE('',#3452,#3462,#3464,.T.);
#2753=EDGE_CURVE('',#3455,#3465,#3466,.T.);
#2754=EDGE_CURVE('',#3440,#3465,#3467,.T.);
#2755=EDGE_CURVE('',#3465,#3435,#3468,.T.);
#2756=EDGE_CURVE('',#3455,#3427,#3469,.T.);
#2757=EDGE_CURVE('',#3425,#3456,#3470,.T.);
#2758=EDGE_CURVE('',#3423,#3458,#3471,.T.);
#2759=EDGE_CURVE('',#3430,#3462,#3472,.T.);
#2760=EDGE_CURVE('',#3473,#3474,#3475,.T.);
#2761=EDGE_CURVE('',#3476,#3473,#3477,.T.);
#2762=EDGE_CURVE('',#3478,#3476,#3479,.T.);
#2763=EDGE_CURVE('',#3474,#3478,#3480,.T.);
#2764=EDGE_CURVE('',#3481,#3482,#3483,.T.);
#2765=EDGE_CURVE('',#3484,#3482,#3485,.T.);
#2766=EDGE_CURVE('',#3486,#3484,#3487,.T.);
#2767=EDGE_CURVE('',#3486,#3481,#3488,.T.);
#2768=EDGE_CURVE('',#3489,#3490,#3491,.T.);
#2769=EDGE_CURVE('',#3492,#3490,#3493,.T.);
#2770=EDGE_CURVE('',#3494,#3492,#3495,.T.);
#2771=EDGE_CURVE('',#3494,#3489,#3496,.T.);
#2772=EDGE_CURVE('',#3048,#3474,#3497,.T.);
#2773=EDGE_CURVE('',#3043,#3478,#3498,.T.);
#2774=EDGE_CURVE('',#3044,#3476,#3499,.T.);
#2775=EDGE_CURVE('',#3046,#3473,#3500,.T.);
#2776=EDGE_CURVE('',#3501,#3502,#3503,.T.);
#2777=EDGE_CURVE('',#3504,#3501,#3505,.T.);
#2778=EDGE_CURVE('',#3368,#3504,#3506,.T.);
#2779=EDGE_CURVE('',#3507,#3373,#3508,.T.);
#2780=EDGE_CURVE('',#3509,#3507,#3510,.T.);
#2781=EDGE_CURVE('',#3511,#3509,#3512,.T.);
#2782=EDGE_CURVE('',#3511,#3502,#3513,.T.);
#2783=EDGE_CURVE('',#3248,#3486,#3514,.T.);
#2784=EDGE_CURVE('',#3481,#3253,#3515,.T.);
#2785=EDGE_CURVE('',#3516,#3511,#3517,.T.);
#2786=EDGE_CURVE('',#3516,#3518,#3519,.T.);
#2787=EDGE_CURVE('',#3518,#3502,#3520,.T.);
#2788=EDGE_CURVE('',#3521,#3518,#3522,.T.);
#2789=EDGE_CURVE('',#3521,#3523,#3524,.T.);
#2790=EDGE_CURVE('',#3523,#3502,#3525,.T.);
#2791=EDGE_CURVE('',#3526,#3523,#3527,.T.);
#2792=EDGE_CURVE('',#3501,#3526,#3528,.T.);
#2793=EDGE_CURVE('',#3529,#3526,#3530,.T.);
#2794=EDGE_CURVE('',#3504,#3529,#3531,.T.);
#2795=EDGE_CURVE('',#3369,#3529,#3532,.T.);
#2796=EDGE_CURVE('',#3482,#3251,#3533,.T.);
#2797=EDGE_CURVE('',#3534,#3535,#3536,.T.);
#2798=EDGE_CURVE('',#3535,#3537,#3538,.T.);
#2799=EDGE_CURVE('',#3537,#3371,#3539,.T.);
#2800=EDGE_CURVE('',#3523,#3534,#3540,.T.);
#2801=EDGE_CURVE('',#3249,#3484,#3541,.T.);
#2802=EDGE_CURVE('',#3534,#3542,#3543,.T.);
#2803=EDGE_CURVE('',#3521,#3542,#3544,.T.);
#2804=EDGE_CURVE('',#3542,#3516,#3545,.T.);
#2805=EDGE_CURVE('',#3534,#3511,#3546,.T.);
#2806=EDGE_CURVE('',#3509,#3535,#3547,.T.);
#2807=EDGE_CURVE('',#3507,#3537,#3548,.T.);
#2808=EDGE_CURVE('',#3549,#3550,#3551,.T.);
#2809=EDGE_CURVE('',#3552,#3549,#3553,.T.);
#2810=EDGE_CURVE('',#3376,#3552,#3554,.T.);
#2811=EDGE_CURVE('',#3555,#3381,#3556,.T.);
#2812=EDGE_CURVE('',#3557,#3555,#3558,.T.);
#2813=EDGE_CURVE('',#3559,#3557,#3560,.T.);
#2814=EDGE_CURVE('',#3559,#3550,#3561,.T.);
#2815=EDGE_CURVE('',#3256,#3494,#3562,.T.);
#2816=EDGE_CURVE('',#3489,#3261,#3563,.T.);
#2817=EDGE_CURVE('',#3564,#3559,#3565,.T.);
#2818=EDGE_CURVE('',#3564,#3566,#3567,.T.);
#2819=EDGE_CURVE('',#3566,#3550,#3568,.T.);
#2820=EDGE_CURVE('',#3569,#3566,#3570,.T.);
#2821=EDGE_CURVE('',#3569,#3571,#3572,.T.);
#2822=EDGE_CURVE('',#3571,#3550,#3573,.T.);
#2823=EDGE_CURVE('',#3574,#3571,#3575,.T.);
#2824=EDGE_CURVE('',#3549,#3574,#3576,.T.);
#2825=EDGE_CURVE('',#3577,#3574,#3578,.T.);
#2826=EDGE_CURVE('',#3552,#3577,#3579,.T.);
#2827=EDGE_CURVE('',#3377,#3577,#3580,.T.);
#2828=EDGE_CURVE('',#3490,#3259,#3581,.T.);
#2829=EDGE_CURVE('',#3582,#3583,#3584,.T.);
#2830=EDGE_CURVE('',#3583,#3585,#3586,.T.);
#2831=EDGE_CURVE('',#3585,#3379,#3587,.T.);
#2832=EDGE_CURVE('',#3571,#3582,#3588,.T.);
#2833=EDGE_CURVE('',#3257,#3492,#3589,.T.);
#2834=EDGE_CURVE('',#3582,#3590,#3591,.T.);
#2835=EDGE_CURVE('',#3569,#3590,#3592,.T.);
#2836=EDGE_CURVE('',#3590,#3564,#3593,.T.);
#2837=EDGE_CURVE('',#3582,#3559,#3594,.T.);
#2838=EDGE_CURVE('',#3557,#3583,#3595,.T.);
#2839=EDGE_CURVE('',#3555,#3585,#3596,.T.);
#2840=EDGE_CURVE('',#2962,#3094,#3597,.T.);
#2841=EDGE_CURVE('',#3353,#3598,#3599,.T.);
#2842=EDGE_CURVE('',#2968,#3598,#3600,.T.);
#2843=EDGE_CURVE('',#3086,#3601,#3602,.T.);
#2844=EDGE_CURVE('',#3601,#3603,#3604,.T.);
#2845=EDGE_CURVE('',#3603,#3088,#3605,.T.);
#2846=EDGE_CURVE('',#3598,#3606,#3607,.T.);
#2847=EDGE_CURVE('',#3606,#2970,#3608,.T.);
#2848=EDGE_CURVE('',#3315,#3603,#3609,.T.);
#2849=EDGE_CURVE('',#3317,#3601,#3610,.T.);
#2850=EDGE_CURVE('',#3351,#3606,#3611,.T.);
#2851=EDGE_CURVE('',#3348,#3612,#3613,.T.);
#2852=EDGE_CURVE('',#2976,#3612,#3614,.T.);
#2853=EDGE_CURVE('',#3078,#3615,#3616,.T.);
#2854=EDGE_CURVE('',#3615,#3617,#3618,.T.);
#2855=EDGE_CURVE('',#3617,#3080,#3619,.T.);
#2856=EDGE_CURVE('',#3612,#3620,#3621,.T.);
#2857=EDGE_CURVE('',#3620,#2978,#3622,.T.);
#2858=EDGE_CURVE('',#3320,#3617,#3623,.T.);
#2859=EDGE_CURVE('',#3322,#3615,#3624,.T.);
#2860=EDGE_CURVE('',#3346,#3620,#3625,.T.);
#2861=EDGE_CURVE('',#3343,#3626,#3627,.T.);
#2862=EDGE_CURVE('',#2984,#3626,#3628,.T.);
#2863=EDGE_CURVE('',#3070,#3629,#3630,.T.);
#2864=EDGE_CURVE('',#3629,#3631,#3632,.T.);
#2865=EDGE_CURVE('',#3631,#3072,#3633,.T.);
#2866=EDGE_CURVE('',#3626,#3634,#3635,.T.);
#2867=EDGE_CURVE('',#3634,#2986,#3636,.T.);
#2868=EDGE_CURVE('',#3325,#3631,#3637,.T.);
#2869=EDGE_CURVE('',#3327,#3629,#3638,.T.);
#2870=EDGE_CURVE('',#3341,#3634,#3639,.T.);
#2871=EDGE_CURVE('',#3338,#3640,#3641,.T.);
#2872=EDGE_CURVE('',#2992,#3640,#3642,.T.);
#2873=EDGE_CURVE('',#3062,#3643,#3644,.T.);
#2874=EDGE_CURVE('',#3643,#3645,#3646,.T.);
#2875=EDGE_CURVE('',#3645,#3064,#3647,.T.);
#2876=EDGE_CURVE('',#3640,#3648,#3649,.T.);
#2877=EDGE_CURVE('',#3648,#2994,#3650,.T.);
#2878=EDGE_CURVE('',#3330,#3645,#3651,.T.);
#2879=EDGE_CURVE('',#3332,#3643,#3652,.T.);
#2880=EDGE_CURVE('',#3336,#3648,#3653,.T.);
#2881=EDGE_CURVE('',#3000,#3056,#3654,.T.);
#2882=EDGE_CURVE('',#3123,#3231,#3655,.T.);
#2883=EDGE_CURVE('',#3229,#3125,#3656,.T.);
#2884=EDGE_CURVE('',#3237,#3129,#3657,.T.);
#2885=EDGE_CURVE('',#3227,#3128,#3658,.T.);
#2886=EDGE_CURVE('',#3118,#3234,#3659,.T.);
#2887=EDGE_CURVE('',#3222,#3123,#3660,.T.);
#2888=EDGE_CURVE('',#3222,#3146,#3661,.T.);
#2889=EDGE_CURVE('',#3218,#3019,#3662,.T.);
#2890=EDGE_CURVE('',#3663,#3150,#3664,.T.);
#2891=EDGE_CURVE('',#3663,#3218,#3665,.T.);
#2892=EDGE_CURVE('',#3663,#3666,#3667,.T.);
#2893=EDGE_CURVE('',#3177,#3666,#3668,.T.);
#2894=EDGE_CURVE('',#2950,#3175,#3669,.T.);
#2895=EDGE_CURVE('',#2938,#3171,#3670,.T.);
#2896=EDGE_CURVE('',#3671,#3666,#3672,.T.);
#2897=EDGE_CURVE('',#3179,#3671,#3673,.T.);
#2898=EDGE_CURVE('',#3674,#3671,#3675,.T.);
#2899=EDGE_CURVE('',#3181,#3674,#3676,.T.);
#2900=EDGE_CURVE('',#3187,#3674,#3677,.T.);
#2901=EDGE_CURVE('',#3139,#3663,#3678,.T.);
#2902=DIRECTION('',(0.0,1.0,0.0));
#2903=DIRECTION('',(1.0,0.0,0.0));
#2904=DIRECTION('',(0.0,-1.0,0.0));
#2905=DIRECTION('',(-1.0,0.0,0.0));
#2906=DIRECTION('',(0.0,1.0,0.0));
#2907=DIRECTION('',(1.0,0.0,0.0));
#2908=DIRECTION('',(0.0,-1.0,0.0));
#2909=DIRECTION('',(-1.0,0.0,0.0));
#2910=DIRECTION('',(0.0,-1.0,0.0));
#2911=DIRECTION('',(-1.0,0.0,0.0));
#2912=DIRECTION('',(0.0,1.0,0.0));
#2913=DIRECTION('',(1.0,0.0,0.0));
#2914=DIRECTION('',(0.0,-1.0,0.0));
#2915=DIRECTION('',(-1.0,0.0,0.0));
#2916=DIRECTION('',(0.0,1.0,0.0));
#2917=DIRECTION('',(1.0,0.0,0.0));
#2918=DIRECTION('',(1.0,0.0,0.0));
#2919=DIRECTION('',(-0.342020143325699,0.0,-0.939692620785897));
#2920=DIRECTION('',(-0.342020143325699,0.0,0.939692620785897));
#2921=VERTEX_POINT('',#3679);
#2922=VERTEX_POINT('',#3680);
#2923=LINE('',#3681,#3682);
#2924=VERTEX_POINT('',#3683);
#2925=LINE('',#3684,#3685);
#2926=VERTEX_POINT('',#3686);
#2927=LINE('',#3687,#3688);
#2928=VERTEX_POINT('',#3689);
#2929=LINE('',#3690,#3691);
#2930=VERTEX_POINT('',#3692);
#2931=LINE('',#3693,#3694);
#2932=VERTEX_POINT('',#3695);
#2933=LINE('',#3696,#3697);
#2934=VERTEX_POINT('',#3698);
#2935=LINE('',#3699,#3700);
#2936=LINE('',#3701,#3702);
#2937=VERTEX_POINT('',#3703);
#2938=VERTEX_POINT('',#3704);
#2939=LINE('',#3705,#3706);
#2940=VERTEX_POINT('',#3707);
#2941=LINE('',#3708,#3709);
#2942=VERTEX_POINT('',#3710);
#2943=LINE('',#3711,#3712);
#2944=VERTEX_POINT('',#3713);
#2945=LINE('',#3714,#3715);
#2946=VERTEX_POINT('',#3716);
#2947=LINE('',#3717,#3718);
#2948=VERTEX_POINT('',#3719);
#2949=LINE('',#3720,#3721);
#2950=VERTEX_POINT('',#3722);
#2951=LINE('',#3723,#3724);
#2952=VERTEX_POINT('',#3725);
#2953=LINE('',#3726,#3727);
#2954=VERTEX_POINT('',#3728);
#2955=LINE('',#3729,#3730);
#2956=VERTEX_POINT('',#3731);
#2957=LINE('',#3732,#3733);
#2958=VERTEX_POINT('',#3734);
#2959=LINE('',#3735,#3736);
#2960=VERTEX_POINT('',#3737);
#2961=LINE('',#3738,#3739);
#2962=VERTEX_POINT('',#3740);
#2963=LINE('',#3741,#3742);
#2964=VERTEX_POINT('',#3743);
#2965=LINE('',#3744,#3745);
#2966=VERTEX_POINT('',#3746);
#2967=LINE('',#3747,#3748);
#2968=VERTEX_POINT('',#3749);
#2969=LINE('',#3750,#3751);
#2970=VERTEX_POINT('',#3752);
#2971=LINE('',#3753,#3754);
#2972=VERTEX_POINT('',#3755);
#2973=LINE('',#3756,#3757);
#2974=VERTEX_POINT('',#3758);
#2975=LINE('',#3759,#3760);
#2976=VERTEX_POINT('',#3761);
#2977=LINE('',#3762,#3763);
#2978=VERTEX_POINT('',#3764);
#2979=LINE('',#3765,#3766);
#2980=VERTEX_POINT('',#3767);
#2981=LINE('',#3768,#3769);
#2982=VERTEX_POINT('',#3770);
#2983=LINE('',#3771,#3772);
#2984=VERTEX_POINT('',#3773);
#2985=LINE('',#3774,#3775);
#2986=VERTEX_POINT('',#3776);
#2987=LINE('',#3777,#3778);
#2988=VERTEX_POINT('',#3779);
#2989=LINE('',#3780,#3781);
#2990=VERTEX_POINT('',#3782);
#2991=LINE('',#3783,#3784);
#2992=VERTEX_POINT('',#3785);
#2993=LINE('',#3786,#3787);
#2994=VERTEX_POINT('',#3788);
#2995=LINE('',#3789,#3790);
#2996=VERTEX_POINT('',#3791);
#2997=LINE('',#3792,#3793);
#2998=VERTEX_POINT('',#3794);
#2999=LINE('',#3795,#3796);
#3000=VERTEX_POINT('',#3797);
#3001=LINE('',#3798,#3799);
#3002=VERTEX_POINT('',#3800);
#3003=LINE('',#3801,#3802);
#3004=LINE('',#3803,#3804);
#3005=LINE('',#3805,#3806);
#3006=VERTEX_POINT('',#3807);
#3007=VERTEX_POINT('',#3808);
#3008=LINE('',#3809,#3810);
#3009=VERTEX_POINT('',#3811);
#3010=LINE('',#3812,#3813);
#3011=VERTEX_POINT('',#3814);
#3012=LINE('',#3815,#3816);
#3013=VERTEX_POINT('',#3817);
#3014=LINE('',#3818,#3819);
#3015=VERTEX_POINT('',#3820);
#3016=LINE('',#3821,#3822);
#3017=VERTEX_POINT('',#3823);
#3018=LINE('',#3824,#3825);
#3019=VERTEX_POINT('',#3826);
#3020=LINE('',#3827,#3828);
#3021=VERTEX_POINT('',#3829);
#3022=LINE('',#3830,#3831);
#3023=VERTEX_POINT('',#3832);
#3024=LINE('',#3833,#3834);
#3025=VERTEX_POINT('',#3835);
#3026=LINE('',#3836,#3837);
#3027=VERTEX_POINT('',#3838);
#3028=LINE('',#3839,#3840);
#3029=VERTEX_POINT('',#3841);
#3030=LINE('',#3842,#3843);
#3031=VERTEX_POINT('',#3844);
#3032=LINE('',#3845,#3846);
#3033=LINE('',#3847,#3848);
#3034=LINE('',#3849,#3850);
#3035=VERTEX_POINT('',#3851);
#3036=VERTEX_POINT('',#3852);
#3037=LINE('',#3853,#3854);
#3038=VERTEX_POINT('',#3855);
#3039=LINE('',#3856,#3857);
#3040=VERTEX_POINT('',#3858);
#3041=LINE('',#3859,#3860);
#3042=LINE('',#3861,#3862);
#3043=VERTEX_POINT('',#3863);
#3044=VERTEX_POINT('',#3864);
#3045=LINE('',#3865,#3866);
#3046=VERTEX_POINT('',#3867);
#3047=LINE('',#3868,#3869);
#3048=VERTEX_POINT('',#3870);
#3049=LINE('',#3871,#3872);
#3050=LINE('',#3873,#3874);
#3051=VERTEX_POINT('',#3875);
#3052=LINE('',#3876,#3877);
#3053=LINE('',#3878,#3879);
#3054=VERTEX_POINT('',#3880);
#3055=LINE('',#3881,#3882);
#3056=VERTEX_POINT('',#3883);
#3057=LINE('',#3884,#3885);
#3058=VERTEX_POINT('',#3886);
#3059=LINE('',#3887,#3888);
#3060=VERTEX_POINT('',#3889);
#3061=LINE('',#3890,#3891);
#3062=VERTEX_POINT('',#3892);
#3063=LINE('',#3893,#3894);
#3064=VERTEX_POINT('',#3895);
#3065=LINE('',#3896,#3897);
#3066=VERTEX_POINT('',#3898);
#3067=LINE('',#3899,#3900);
#3068=VERTEX_POINT('',#3901);
#3069=LINE('',#3902,#3903);
#3070=VERTEX_POINT('',#3904);
#3071=LINE('',#3905,#3906);
#3072=VERTEX_POINT('',#3907);
#3073=LINE('',#3908,#3909);
#3074=VERTEX_POINT('',#3910);
#3075=LINE('',#3911,#3912);
#3076=VERTEX_POINT('',#3913);
#3077=LINE('',#3914,#3915);
#3078=VERTEX_POINT('',#3916);
#3079=LINE('',#3917,#3918);
#3080=VERTEX_POINT('',#3919);
#3081=LINE('',#3920,#3921);
#3082=VERTEX_POINT('',#3922);
#3083=LINE('',#3923,#3924);
#3084=VERTEX_POINT('',#3925);
#3085=LINE('',#3926,#3927);
#3086=VERTEX_POINT('',#3928);
#3087=LINE('',#3929,#3930);
#3088=VERTEX_POINT('',#3931);
#3089=LINE('',#3932,#3933);
#3090=VERTEX_POINT('',#3934);
#3091=LINE('',#3935,#3936);
#3092=VERTEX_POINT('',#3937);
#3093=LINE('',#3938,#3939);
#3094=VERTEX_POINT('',#3940);
#3095=LINE('',#3941,#3942);
#3096=VERTEX_POINT('',#3943);
#3097=LINE('',#3944,#3945);
#3098=VERTEX_POINT('',#3946);
#3099=LINE('',#3947,#3948);
#3100=VERTEX_POINT('',#3949);
#3101=LINE('',#3950,#3951);
#3102=LINE('',#3952,#3953);
#3103=VERTEX_POINT('',#3954);
#3104=LINE('',#3955,#3956);
#3105=VERTEX_POINT('',#3957);
#3106=LINE('',#3958,#3959);
#3107=LINE('',#3960,#3961);
#3108=VERTEX_POINT('',#3962);
#3109=LINE('',#3963,#3964);
#3110=VERTEX_POINT('',#3965);
#3111=LINE('',#3966,#3967);
#3112=LINE('',#3968,#3969);
#3113=VERTEX_POINT('',#3970);
#3114=LINE('',#3971,#3972);
#3115=VERTEX_POINT('',#3973);
#3116=LINE('',#3974,#3975);
#3117=LINE('',#3976,#3977);
#3118=VERTEX_POINT('',#3978);
#3119=LINE('',#3979,#3980);
#3120=LINE('',#3981,#3982);
#3121=VERTEX_POINT('',#3983);
#3122=LINE('',#3984,#3985);
#3123=VERTEX_POINT('',#3986);
#3124=LINE('',#3987,#3988);
#3125=VERTEX_POINT('',#3989);
#3126=LINE('',#3990,#3991);
#3127=LINE('',#3992,#3993);
#3128=VERTEX_POINT('',#3994);
#3129=VERTEX_POINT('',#3995);
#3130=LINE('',#3996,#3997);
#3131=LINE('',#3998,#3999);
#3132=LINE('',#4000,#4001);
#3133=VERTEX_POINT('',#4002);
#3134=LINE('',#4003,#4004);
#3135=LINE('',#4005,#4006);
#3136=VERTEX_POINT('',#4007);
#3137=LINE('',#4008,#4009);
#3138=LINE('',#4010,#4011);
#3139=VERTEX_POINT('',#4012);
#3140=LINE('',#4013,#4014);
#3141=VERTEX_POINT('',#4015);
#3142=LINE('',#4016,#4017);
#3143=LINE('',#4018,#4019);
#3144=LINE('',#4020,#4021);
#3145=LINE('',#4022,#4023);
#3146=VERTEX_POINT('',#4024);
#3147=LINE('',#4025,#4026);
#3148=LINE('',#4027,#4028);
#3149=LINE('',#4029,#4030);
#3150=VERTEX_POINT('',#4031);
#3151=LINE('',#4032,#4033);
#3152=LINE('',#4034,#4035);
#3153=VERTEX_POINT('',#4036);
#3154=LINE('',#4037,#4038);
#3155=VERTEX_POINT('',#4039);
#3156=LINE('',#4040,#4041);
#3157=VERTEX_POINT('',#4042);
#3158=LINE('',#4043,#4044);
#3159=LINE('',#4045,#4046);
#3160=LINE('',#4047,#4048);
#3161=VERTEX_POINT('',#4049);
#3162=LINE('',#4050,#4051);
#3163=LINE('',#4052,#4053);
#3164=VERTEX_POINT('',#4054);
#3165=LINE('',#4055,#4056);
#3166=VERTEX_POINT('',#4057);
#3167=LINE('',#4058,#4059);
#3168=LINE('',#4060,#4061);
#3169=LINE('',#4062,#4063);
#3170=LINE('',#4064,#4065);
#3171=VERTEX_POINT('',#4066);
#3172=VERTEX_POINT('',#4067);
#3173=LINE('',#4068,#4069);
#3174=LINE('',#4070,#4071);
#3175=VERTEX_POINT('',#4072);
#3176=LINE('',#4073,#4074);
#3177=VERTEX_POINT('',#4075);
#3178=LINE('',#4076,#4077);
#3179=VERTEX_POINT('',#4078);
#3180=CIRCLE('',#4079,1.3462);
#3181=VERTEX_POINT('',#4080);
#3182=LINE('',#4081,#4082);
#3183=VERTEX_POINT('',#4083);
#3184=CIRCLE('',#4084,1.3462);
#3185=LINE('',#4085,#4086);
#3186=LINE('',#4087,#4088);
#3187=VERTEX_POINT('',#4089);
#3188=LINE('',#4090,#4091);
#3189=LINE('',#4092,#4093);
#3190=VERTEX_POINT('',#4094);
#3191=LINE('',#4095,#4096);
#3192=VERTEX_POINT('',#4097);
#3193=LINE('',#4098,#4099);
#3194=LINE('',#4100,#4101);
#3195=VERTEX_POINT('',#4102);
#3196=LINE('',#4103,#4104);
#3197=VERTEX_POINT('',#4105);
#3198=LINE('',#4106,#4107);
#3199=LINE('',#4108,#4109);
#3200=VERTEX_POINT('',#4110);
#3201=LINE('',#4111,#4112);
#3202=LINE('',#4113,#4114);
#3203=VERTEX_POINT('',#4115);
#3204=VERTEX_POINT('',#4116);
#3205=LINE('',#4117,#4118);
#3206=LINE('',#4119,#4120);
#3207=LINE('',#4121,#4122);
#3208=VERTEX_POINT('',#4123);
#3209=LINE('',#4124,#4125);
#3210=LINE('',#4126,#4127);
#3211=VERTEX_POINT('',#4128);
#3212=LINE('',#4129,#4130);
#3213=VERTEX_POINT('',#4131);
#3214=LINE('',#4132,#4133);
#3215=VERTEX_POINT('',#4134);
#3216=LINE('',#4135,#4136);
#3217=LINE('',#4137,#4138);
#3218=VERTEX_POINT('',#4139);
#3219=LINE('',#4140,#4141);
#3220=VERTEX_POINT('',#4142);
#3221=LINE('',#4143,#4144);
#3222=VERTEX_POINT('',#4145);
#3223=LINE('',#4146,#4147);
#3224=LINE('',#4148,#4149);
#3225=LINE('',#4150,#4151);
#3226=LINE('',#4152,#4153);
#3227=VERTEX_POINT('',#4154);
#3228=LINE('',#4155,#4156);
#3229=VERTEX_POINT('',#4157);
#3230=LINE('',#4158,#4159);
#3231=VERTEX_POINT('',#4160);
#3232=LINE('',#4161,#4162);
#3233=LINE('',#4163,#4164);
#3234=VERTEX_POINT('',#4165);
#3235=LINE('',#4166,#4167);
#3236=LINE('',#4168,#4169);
#3237=VERTEX_POINT('',#4170);
#3238=LINE('',#4171,#4172);
#3239=LINE('',#4173,#4174);
#3240=VERTEX_POINT('',#4175);
#3241=VERTEX_POINT('',#4176);
#3242=LINE('',#4177,#4178);
#3243=VERTEX_POINT('',#4179);
#3244=LINE('',#4180,#4181);
#3245=VERTEX_POINT('',#4182);
#3246=LINE('',#4183,#4184);
#3247=LINE('',#4185,#4186);
#3248=VERTEX_POINT('',#4187);
#3249=VERTEX_POINT('',#4188);
#3250=LINE('',#4189,#4190);
#3251=VERTEX_POINT('',#4191);
#3252=LINE('',#4192,#4193);
#3253=VERTEX_POINT('',#4194);
#3254=LINE('',#4195,#4196);
#3255=LINE('',#4197,#4198);
#3256=VERTEX_POINT('',#4199);
#3257=VERTEX_POINT('',#4200);
#3258=LINE('',#4201,#4202);
#3259=VERTEX_POINT('',#4203);
#3260=LINE('',#4204,#4205);
#3261=VERTEX_POINT('',#4206);
#3262=LINE('',#4207,#4208);
#3263=LINE('',#4209,#4210);
#3264=VERTEX_POINT('',#4211);
#3265=VERTEX_POINT('',#4212);
#3266=LINE('',#4213,#4214);
#3267=VERTEX_POINT('',#4215);
#3268=LINE('',#4216,#4217);
#3269=VERTEX_POINT('',#4218);
#3270=LINE('',#4219,#4220);
#3271=LINE('',#4221,#4222);
#3272=VERTEX_POINT('',#4223);
#3273=VERTEX_POINT('',#4224);
#3274=LINE('',#4225,#4226);
#3275=VERTEX_POINT('',#4227);
#3276=CIRCLE('',#4228,1.143);
#3277=VERTEX_POINT('',#4229);
#3278=LINE('',#4230,#4231);
#3279=VERTEX_POINT('',#4232);
#3280=LINE('',#4233,#4234);
#3281=VERTEX_POINT('',#4235);
#3282=LINE('',#4236,#4237);
#3283=VERTEX_POINT('',#4238);
#3284=CIRCLE('',#4239,0.508);
#3285=VERTEX_POINT('',#4240);
#3286=LINE('',#4241,#4242);
#3287=LINE('',#4243,#4244);
#3288=VERTEX_POINT('',#4245);
#3289=LINE('',#4246,#4247);
#3290=VERTEX_POINT('',#4248);
#3291=LINE('',#4249,#4250);
#3292=LINE('',#4251,#4252);
#3293=VERTEX_POINT('',#4253);
#3294=LINE('',#4254,#4255);
#3295=VERTEX_POINT('',#4256);
#3296=LINE('',#4257,#4258);
#3297=LINE('',#4259,#4260);
#3298=VERTEX_POINT('',#4261);
#3299=LINE('',#4262,#4263);
#3300=VERTEX_POINT('',#4264);
#3301=LINE('',#4265,#4266);
#3302=LINE('',#4267,#4268);
#3303=VERTEX_POINT('',#4269);
#3304=LINE('',#4270,#4271);
#3305=LINE('',#4272,#4273);
#3306=VERTEX_POINT('',#4274);
#3307=CIRCLE('',#4275,1.143);
#3308=LINE('',#4276,#4277);
#3309=VERTEX_POINT('',#4278);
#3310=LINE('',#4279,#4280);
#3311=LINE('',#4281,#4282);
#3312=VERTEX_POINT('',#4283);
#3313=LINE('',#4284,#4285);
#3314=LINE('',#4286,#4287);
#3315=VERTEX_POINT('',#4288);
#3316=LINE('',#4289,#4290);
#3317=VERTEX_POINT('',#4291);
#3318=LINE('',#4292,#4293);
#3319=LINE('',#4294,#4295);
#3320=VERTEX_POINT('',#4296);
#3321=LINE('',#4297,#4298);
#3322=VERTEX_POINT('',#4299);
#3323=LINE('',#4300,#4301);
#3324=LINE('',#4302,#4303);
#3325=VERTEX_POINT('',#4304);
#3326=LINE('',#4305,#4306);
#3327=VERTEX_POINT('',#4307);
#3328=LINE('',#4308,#4309);
#3329=LINE('',#4310,#4311);
#3330=VERTEX_POINT('',#4312);
#3331=LINE('',#4313,#4314);
#3332=VERTEX_POINT('',#4315);
#3333=LINE('',#4316,#4317);
#3334=LINE('',#4318,#4319);
#3335=LINE('',#4320,#4321);
#3336=VERTEX_POINT('',#4322);
#3337=LINE('',#4323,#4324);
#3338=VERTEX_POINT('',#4325);
#3339=LINE('',#4326,#4327);
#3340=LINE('',#4328,#4329);
#3341=VERTEX_POINT('',#4330);
#3342=LINE('',#4331,#4332);
#3343=VERTEX_POINT('',#4333);
#3344=LINE('',#4334,#4335);
#3345=LINE('',#4336,#4337);
#3346=VERTEX_POINT('',#4338);
#3347=LINE('',#4339,#4340);
#3348=VERTEX_POINT('',#4341);
#3349=LINE('',#4342,#4343);
#3350=LINE('',#4344,#4345);
#3351=VERTEX_POINT('',#4346);
#3352=LINE('',#4347,#4348);
#3353=VERTEX_POINT('',#4349);
#3354=LINE('',#4350,#4351);
#3355=LINE('',#4352,#4353);
#3356=LINE('',#4354,#4355);
#3357=VERTEX_POINT('',#4356);
#3358=LINE('',#4357,#4358);
#3359=LINE('',#4359,#4360);
#3360=VERTEX_POINT('',#4361);
#3361=VERTEX_POINT('',#4362);
#3362=LINE('',#4363,#4364);
#3363=VERTEX_POINT('',#4365);
#3364=LINE('',#4366,#4367);
#3365=VERTEX_POINT('',#4368);
#3366=LINE('',#4369,#4370);
#3367=LINE('',#4371,#4372);
#3368=VERTEX_POINT('',#4373);
#3369=VERTEX_POINT('',#4374);
#3370=LINE('',#4375,#4376);
#3371=VERTEX_POINT('',#4377);
#3372=LINE('',#4378,#4379);
#3373=VERTEX_POINT('',#4380);
#3374=LINE('',#4381,#4382);
#3375=LINE('',#4383,#4384);
#3376=VERTEX_POINT('',#4385);
#3377=VERTEX_POINT('',#4386);
#3378=LINE('',#4387,#4388);
#3379=VERTEX_POINT('',#4389);
#3380=LINE('',#4390,#4391);
#3381=VERTEX_POINT('',#4392);
#3382=LINE('',#4393,#4394);
#3383=LINE('',#4395,#4396);
#3384=LINE('',#4397,#4398);
#3385=LINE('',#4399,#4400);
#3386=LINE('',#4401,#4402);
#3387=VERTEX_POINT('',#4403);
#3388=LINE('',#4404,#4405);
#3389=LINE('',#4406,#4407);
#3390=VERTEX_POINT('',#4408);
#3391=LINE('',#4409,#4410);
#3392=LINE('',#4411,#4412);
#3393=VERTEX_POINT('',#4413);
#3394=CIRCLE('',#4414,0.508);
#3395=LINE('',#4415,#4416);
#3396=VERTEX_POINT('',#4417);
#3397=LINE('',#4418,#4419);
#3398=LINE('',#4420,#4421);
#3399=VERTEX_POINT('',#4422);
#3400=LINE('',#4423,#4424);
#3401=LINE('',#4425,#4426);
#3402=LINE('',#4427,#4428);
#3403=LINE('',#4429,#4430);
#3404=LINE('',#4431,#4432);
#3405=VERTEX_POINT('',#4433);
#3406=LINE('',#4434,#4435);
#3407=VERTEX_POINT('',#4436);
#3408=LINE('',#4437,#4438);
#3409=LINE('',#4439,#4440);
#3410=VERTEX_POINT('',#4441);
#3411=LINE('',#4442,#4443);
#3412=VERTEX_POINT('',#4444);
#3413=LINE('',#4445,#4446);
#3414=LINE('',#4447,#4448);
#3415=LINE('',#4449,#4450);
#3416=LINE('',#4451,#4452);
#3417=VERTEX_POINT('',#4453);
#3418=VERTEX_POINT('',#4454);
#3419=LINE('',#4455,#4456);
#3420=VERTEX_POINT('',#4457);
#3421=CIRCLE('',#4458,1.143);
#3422=LINE('',#4459,#4460);
#3423=VERTEX_POINT('',#4461);
#3424=LINE('',#4462,#4463);
#3425=VERTEX_POINT('',#4464);
#3426=CIRCLE('',#4465,0.508);
#3427=VERTEX_POINT('',#4466);
#3428=LINE('',#4467,#4468);
#3429=LINE('',#4469,#4470);
#3430=VERTEX_POINT('',#4471);
#3431=LINE('',#4472,#4473);
#3432=VERTEX_POINT('',#4474);
#3433=LINE('',#4475,#4476);
#3434=LINE('',#4477,#4478);
#3435=VERTEX_POINT('',#4479);
#3436=LINE('',#4480,#4481);
#3437=VERTEX_POINT('',#4482);
#3438=LINE('',#4483,#4484);
#3439=LINE('',#4485,#4486);
#3440=VERTEX_POINT('',#4487);
#3441=LINE('',#4488,#4489);
#3442=VERTEX_POINT('',#4490);
#3443=LINE('',#4491,#4492);
#3444=LINE('',#4493,#4494);
#3445=VERTEX_POINT('',#4495);
#3446=LINE('',#4496,#4497);
#3447=LINE('',#4498,#4499);
#3448=VERTEX_POINT('',#4500);
#3449=CIRCLE('',#4501,1.143);
#3450=LINE('',#4502,#4503);
#3451=LINE('',#4504,#4505);
#3452=VERTEX_POINT('',#4506);
#3453=LINE('',#4507,#4508);
#3454=LINE('',#4509,#4510);
#3455=VERTEX_POINT('',#4511);
#3456=VERTEX_POINT('',#4512);
#3457=LINE('',#4513,#4514);
#3458=VERTEX_POINT('',#4515);
#3459=CIRCLE('',#4516,0.508);
#3460=LINE('',#4517,#4518);
#3461=LINE('',#4519,#4520);
#3462=VERTEX_POINT('',#4521);
#3463=LINE('',#4522,#4523);
#3464=LINE('',#4524,#4525);
#3465=VERTEX_POINT('',#4526);
#3466=LINE('',#4527,#4528);
#3467=LINE('',#4529,#4530);
#3468=LINE('',#4531,#4532);
#3469=LINE('',#4533,#4534);
#3470=LINE('',#4535,#4536);
#3471=LINE('',#4537,#4538);
#3472=LINE('',#4539,#4540);
#3473=VERTEX_POINT('',#4541);
#3474=VERTEX_POINT('',#4542);
#3475=LINE('',#4543,#4544);
#3476=VERTEX_POINT('',#4545);
#3477=LINE('',#4546,#4547);
#3478=VERTEX_POINT('',#4548);
#3479=LINE('',#4549,#4550);
#3480=LINE('',#4551,#4552);
#3481=VERTEX_POINT('',#4553);
#3482=VERTEX_POINT('',#4554);
#3483=LINE('',#4555,#4556);
#3484=VERTEX_POINT('',#4557);
#3485=LINE('',#4558,#4559);
#3486=VERTEX_POINT('',#4560);
#3487=LINE('',#4561,#4562);
#3488=LINE('',#4563,#4564);
#3489=VERTEX_POINT('',#4565);
#3490=VERTEX_POINT('',#4566);
#3491=LINE('',#4567,#4568);
#3492=VERTEX_POINT('',#4569);
#3493=LINE('',#4570,#4571);
#3494=VERTEX_POINT('',#4572);
#3495=LINE('',#4573,#4574);
#3496=LINE('',#4575,#4576);
#3497=LINE('',#4577,#4578);
#3498=LINE('',#4579,#4580);
#3499=LINE('',#4581,#4582);
#3500=LINE('',#4583,#4584);
#3501=VERTEX_POINT('',#4585);
#3502=VERTEX_POINT('',#4586);
#3503=LINE('',#4587,#4588);
#3504=VERTEX_POINT('',#4589);
#3505=CIRCLE('',#4590,0.500000000000032);
#3506=LINE('',#4591,#4592);
#3507=VERTEX_POINT('',#4593);
#3508=LINE('',#4594,#4595);
#3509=VERTEX_POINT('',#4596);
#3510=CIRCLE('',#4597,1.14000000000001);
#3511=VERTEX_POINT('',#4598);
#3512=LINE('',#4599,#4600);
#3513=LINE('',#4601,#4602);
#3514=LINE('',#4603,#4604);
#3515=LINE('',#4605,#4606);
#3516=VERTEX_POINT('',#4607);
#3517=LINE('',#4608,#4609);
#3518=VERTEX_POINT('',#4610);
#3519=LINE('',#4611,#4612);
#3520=LINE('',#4613,#4614);
#3521=VERTEX_POINT('',#4615);
#3522=LINE('',#4616,#4617);
#3523=VERTEX_POINT('',#4618);
#3524=LINE('',#4619,#4620);
#3525=LINE('',#4621,#4622);
#3526=VERTEX_POINT('',#4623);
#3527=LINE('',#4624,#4625);
#3528=LINE('',#4626,#4627);
#3529=VERTEX_POINT('',#4628);
#3530=CIRCLE('',#4629,0.500000000000032);
#3531=LINE('',#4630,#4631);
#3532=LINE('',#4632,#4633);
#3533=LINE('',#4634,#4635);
#3534=VERTEX_POINT('',#4636);
#3535=VERTEX_POINT('',#4637);
#3536=LINE('',#4638,#4639);
#3537=VERTEX_POINT('',#4640);
#3538=CIRCLE('',#4641,1.14000000000001);
#3539=LINE('',#4642,#4643);
#3540=LINE('',#4644,#4645);
#3541=LINE('',#4646,#4647);
#3542=VERTEX_POINT('',#4648);
#3543=LINE('',#4649,#4650);
#3544=LINE('',#4651,#4652);
#3545=LINE('',#4653,#4654);
#3546=LINE('',#4655,#4656);
#3547=LINE('',#4657,#4658);
#3548=LINE('',#4659,#4660);
#3549=VERTEX_POINT('',#4661);
#3550=VERTEX_POINT('',#4662);
#3551=LINE('',#4663,#4664);
#3552=VERTEX_POINT('',#4665);
#3553=CIRCLE('',#4666,0.500000000000032);
#3554=LINE('',#4667,#4668);
#3555=VERTEX_POINT('',#4669);
#3556=LINE('',#4670,#4671);
#3557=VERTEX_POINT('',#4672);
#3558=CIRCLE('',#4673,1.14000000000001);
#3559=VERTEX_POINT('',#4674);
#3560=LINE('',#4675,#4676);
#3561=LINE('',#4677,#4678);
#3562=LINE('',#4679,#4680);
#3563=LINE('',#4681,#4682);
#3564=VERTEX_POINT('',#4683);
#3565=LINE('',#4684,#4685);
#3566=VERTEX_POINT('',#4686);
#3567=LINE('',#4687,#4688);
#3568=LINE('',#4689,#4690);
#3569=VERTEX_POINT('',#4691);
#3570=LINE('',#4692,#4693);
#3571=VERTEX_POINT('',#4694);
#3572=LINE('',#4695,#4696);
#3573=LINE('',#4697,#4698);
#3574=VERTEX_POINT('',#4699);
#3575=LINE('',#4700,#4701);
#3576=LINE('',#4702,#4703);
#3577=VERTEX_POINT('',#4704);
#3578=CIRCLE('',#4705,0.500000000000032);
#3579=LINE('',#4706,#4707);
#3580=LINE('',#4708,#4709);
#3581=LINE('',#4710,#4711);
#3582=VERTEX_POINT('',#4712);
#3583=VERTEX_POINT('',#4713);
#3584=LINE('',#4714,#4715);
#3585=VERTEX_POINT('',#4716);
#3586=CIRCLE('',#4717,1.14000000000001);
#3587=LINE('',#4718,#4719);
#3588=LINE('',#4720,#4721);
#3589=LINE('',#4722,#4723);
#3590=VERTEX_POINT('',#4724);
#3591=LINE('',#4725,#4726);
#3592=LINE('',#4727,#4728);
#3593=LINE('',#4729,#4730);
#3594=LINE('',#4731,#4732);
#3595=LINE('',#4733,#4734);
#3596=LINE('',#4735,#4736);
#3597=LINE('',#4737,#4738);
#3598=VERTEX_POINT('',#4739);
#3599=LINE('',#4740,#4741);
#3600=LINE('',#4742,#4743);
#3601=VERTEX_POINT('',#4744);
#3602=LINE('',#4745,#4746);
#3603=VERTEX_POINT('',#4747);
#3604=LINE('',#4748,#4749);
#3605=LINE('',#4750,#4751);
#3606=VERTEX_POINT('',#4752);
#3607=LINE('',#4753,#4754);
#3608=LINE('',#4755,#4756);
#3609=LINE('',#4757,#4758);
#3610=LINE('',#4759,#4760);
#3611=LINE('',#4761,#4762);
#3612=VERTEX_POINT('',#4763);
#3613=LINE('',#4764,#4765);
#3614=LINE('',#4766,#4767);
#3615=VERTEX_POINT('',#4768);
#3616=LINE('',#4769,#4770);
#3617=VERTEX_POINT('',#4771);
#3618=LINE('',#4772,#4773);
#3619=LINE('',#4774,#4775);
#3620=VERTEX_POINT('',#4776);
#3621=LINE('',#4777,#4778);
#3622=LINE('',#4779,#4780);
#3623=LINE('',#4781,#4782);
#3624=LINE('',#4783,#4784);
#3625=LINE('',#4785,#4786);
#3626=VERTEX_POINT('',#4787);
#3627=LINE('',#4788,#4789);
#3628=LINE('',#4790,#4791);
#3629=VERTEX_POINT('',#4792);
#3630=LINE('',#4793,#4794);
#3631=VERTEX_POINT('',#4795);
#3632=LINE('',#4796,#4797);
#3633=LINE('',#4798,#4799);
#3634=VERTEX_POINT('',#4800);
#3635=LINE('',#4801,#4802);
#3636=LINE('',#4803,#4804);
#3637=LINE('',#4805,#4806);
#3638=LINE('',#4807,#4808);
#3639=LINE('',#4809,#4810);
#3640=VERTEX_POINT('',#4811);
#3641=LINE('',#4812,#4813);
#3642=LINE('',#4814,#4815);
#3643=VERTEX_POINT('',#4816);
#3644=LINE('',#4817,#4818);
#3645=VERTEX_POINT('',#4819);
#3646=LINE('',#4820,#4821);
#3647=LINE('',#4822,#4823);
#3648=VERTEX_POINT('',#4824);
#3649=LINE('',#4825,#4826);
#3650=LINE('',#4827,#4828);
#3651=LINE('',#4829,#4830);
#3652=LINE('',#4831,#4832);
#3653=LINE('',#4833,#4834);
#3654=LINE('',#4835,#4836);
#3655=LINE('',#4837,#4838);
#3656=LINE('',#4839,#4840);
#3657=LINE('',#4841,#4842);
#3658=LINE('',#4843,#4844);
#3659=LINE('',#4845,#4846);
#3660=LINE('',#4847,#4848);
#3661=LINE('',#4849,#4850);
#3662=LINE('',#4851,#4852);
#3663=VERTEX_POINT('',#4853);
#3664=LINE('',#4854,#4855);
#3665=LINE('',#4856,#4857);
#3666=VERTEX_POINT('',#4858);
#3667=LINE('',#4859,#4860);
#3668=LINE('',#4861,#4862);
#3669=LINE('',#4863,#4864);
#3670=LINE('',#4865,#4866);
#3671=VERTEX_POINT('',#4867);
#3672=CIRCLE('',#4868,1.3462);
#3673=LINE('',#4869,#4870);
#3674=VERTEX_POINT('',#4871);
#3675=LINE('',#4872,#4873);
#3676=LINE('',#4874,#4875);
#3677=CIRCLE('',#4876,1.3462);
#3678=LINE('',#4877,#4878);
#3679=CARTESIAN_POINT('',(-6.35,-2.54,-5.715));
#3680=CARTESIAN_POINT('',(-6.35,2.54,-5.715));
#3681=CARTESIAN_POINT('',(-6.35,-2.54,-5.715));
#3682=VECTOR('',#4879,5.08);
#3683=CARTESIAN_POINT('',(-6.35,-2.54,5.715));
#3684=CARTESIAN_POINT('',(-6.35,-2.54,5.715));
#3685=VECTOR('',#4880,11.43);
#3686=CARTESIAN_POINT('',(-6.35,-3.048,5.715));
#3687=CARTESIAN_POINT('',(-6.35,-2.54,5.715));
#3688=VECTOR('',#4881,0.508);
#3689=CARTESIAN_POINT('',(-6.35,-3.048,6.731));
#3690=CARTESIAN_POINT('',(-6.35,-3.048,5.715));
#3691=VECTOR('',#4882,1.016);
#3692=CARTESIAN_POINT('',(-6.35,3.048,6.731));
#3693=CARTESIAN_POINT('',(-6.35,3.048,6.731));
#3694=VECTOR('',#4883,6.096);
#3695=CARTESIAN_POINT('',(-6.35,3.048,5.715));
#3696=CARTESIAN_POINT('',(-6.35,3.048,5.715));
#3697=VECTOR('',#4884,1.016);
#3698=CARTESIAN_POINT('',(-6.35,2.54,5.715));
#3699=CARTESIAN_POINT('',(-6.35,3.048,5.715));
#3700=VECTOR('',#4885,0.508);
#3701=CARTESIAN_POINT('',(-6.35,2.54,-5.715));
#3702=VECTOR('',#4886,11.43);
#3703=CARTESIAN_POINT('',(-3.81,2.54,5.715));
#3704=CARTESIAN_POINT('',(-3.81,2.54,1.905));
#3705=CARTESIAN_POINT('',(-3.81,2.54,5.715));
#3706=VECTOR('',#4887,3.81);
#3707=CARTESIAN_POINT('',(-2.794,2.54,1.905));
#3708=CARTESIAN_POINT('',(-3.81,2.54,1.905));
#3709=VECTOR('',#4888,1.016);
#3710=CARTESIAN_POINT('',(-1.5875,2.54,1.905));
#3711=CARTESIAN_POINT('',(-2.794,2.54,1.905));
#3712=VECTOR('',#4889,1.2065);
#3713=CARTESIAN_POINT('',(-1.5875,2.54,-3.175));
#3714=CARTESIAN_POINT('',(-1.5875,2.54,-3.175));
#3715=VECTOR('',#4890,5.08);
#3716=CARTESIAN_POINT('',(1.5875,2.54,-3.175));
#3717=CARTESIAN_POINT('',(1.5875,2.54,-3.175));
#3718=VECTOR('',#4891,3.175);
#3719=CARTESIAN_POINT('',(1.5875,2.54,1.905));
#3720=CARTESIAN_POINT('',(1.5875,2.54,1.905));
#3721=VECTOR('',#4892,5.08);
#3722=CARTESIAN_POINT('',(2.794,2.54,1.905));
#3723=CARTESIAN_POINT('',(1.5875,2.54,1.905));
#3724=VECTOR('',#4893,1.2065);
#3725=CARTESIAN_POINT('',(3.81,2.54,1.905));
#3726=CARTESIAN_POINT('',(2.794,2.54,1.905));
#3727=VECTOR('',#4894,1.016);
#3728=CARTESIAN_POINT('',(3.81,2.54,5.715));
#3729=CARTESIAN_POINT('',(3.81,2.54,5.715));
#3730=VECTOR('',#4895,3.81);
#3731=CARTESIAN_POINT('',(6.35,2.54,5.715));
#3732=CARTESIAN_POINT('',(3.81,2.54,5.715));
#3733=VECTOR('',#4896,2.54);
#3734=CARTESIAN_POINT('',(6.35,2.54,-5.715));
#3735=CARTESIAN_POINT('',(6.35,2.54,-5.715));
#3736=VECTOR('',#4897,11.43);
#3737=CARTESIAN_POINT('',(5.75099999999884,2.54,-5.715));
#3738=CARTESIAN_POINT('',(5.75099999999884,2.54,-5.715));
#3739=VECTOR('',#4898,0.59899999999989);
#3740=CARTESIAN_POINT('',(5.36999999999884,2.54,-6.096));
#3741=CARTESIAN_POINT('',(5.36999999999884,2.54,-6.096));
#3742=VECTOR('',#4899,0.53881536726424);
#3743=CARTESIAN_POINT('',(4.98899999999884,2.54,-5.715));
#3744=CARTESIAN_POINT('',(4.98899999999884,2.54,-5.715));
#3745=VECTOR('',#4900,0.53881536726424);
#3746=CARTESIAN_POINT('',(4.318,2.54,-5.715));
#3747=CARTESIAN_POINT('',(4.318,2.54,-5.715));
#3748=VECTOR('',#4901,0.67100000000011);
#3749=CARTESIAN_POINT('',(4.318,2.54,-4.953));
#3750=CARTESIAN_POINT('',(4.318,2.54,-5.715));
#3751=VECTOR('',#4902,0.762);
#3752=CARTESIAN_POINT('',(3.302,2.54,-4.953));
#3753=CARTESIAN_POINT('',(4.318,2.54,-4.953));
#3754=VECTOR('',#4903,1.016);
#3755=CARTESIAN_POINT('',(3.302,2.54,-5.715));
#3756=CARTESIAN_POINT('',(3.302,2.54,-5.715));
#3757=VECTOR('',#4904,0.762);
#3758=CARTESIAN_POINT('',(1.778,2.54,-5.715));
#3759=CARTESIAN_POINT('',(1.778,2.54,-5.715));
#3760=VECTOR('',#4905,1.524);
#3761=CARTESIAN_POINT('',(1.778,2.54,-4.953));
#3762=CARTESIAN_POINT('',(1.778,2.54,-5.715));
#3763=VECTOR('',#4906,0.762);
#3764=CARTESIAN_POINT('',(0.762,2.54,-4.953));
#3765=CARTESIAN_POINT('',(1.778,2.54,-4.953));
#3766=VECTOR('',#4907,1.016);
#3767=CARTESIAN_POINT('',(0.762,2.54,-5.715));
#3768=CARTESIAN_POINT('',(0.762,2.54,-5.715));
#3769=VECTOR('',#4908,0.762);
#3770=CARTESIAN_POINT('',(-0.762,2.54,-5.715));
#3771=CARTESIAN_POINT('',(-0.762,2.54,-5.715));
#3772=VECTOR('',#4909,1.524);
#3773=CARTESIAN_POINT('',(-0.762,2.54,-4.953));
#3774=CARTESIAN_POINT('',(-0.762,2.54,-5.715));
#3775=VECTOR('',#4910,0.762);
#3776=CARTESIAN_POINT('',(-1.778,2.54,-4.953));
#3777=CARTESIAN_POINT('',(-0.762,2.54,-4.953));
#3778=VECTOR('',#4911,1.016);
#3779=CARTESIAN_POINT('',(-1.778,2.54,-5.715));
#3780=CARTESIAN_POINT('',(-1.778,2.54,-5.715));
#3781=VECTOR('',#4912,0.762);
#3782=CARTESIAN_POINT('',(-3.302,2.54,-5.715));
#3783=CARTESIAN_POINT('',(-3.302,2.54,-5.715));
#3784=VECTOR('',#4913,1.524);
#3785=CARTESIAN_POINT('',(-3.302,2.54,-4.953));
#3786=CARTESIAN_POINT('',(-3.302,2.54,-5.715));
#3787=VECTOR('',#4914,0.762);
#3788=CARTESIAN_POINT('',(-4.318,2.54,-4.953));
#3789=CARTESIAN_POINT('',(-3.302,2.54,-4.953));
#3790=VECTOR('',#4915,1.016);
#3791=CARTESIAN_POINT('',(-4.318,2.54,-5.715));
#3792=CARTESIAN_POINT('',(-4.318,2.54,-5.715));
#3793=VECTOR('',#4916,0.762);
#3794=CARTESIAN_POINT('',(-4.98899999999884,2.54,-5.715));
#3795=CARTESIAN_POINT('',(-4.98899999999884,2.54,-5.715));
#3796=VECTOR('',#4917,0.67100000000011);
#3797=CARTESIAN_POINT('',(-5.36999999999884,2.54,-6.096));
#3798=CARTESIAN_POINT('',(-5.36999999999884,2.54,-6.096));
#3799=VECTOR('',#4918,0.53881536726424);
#3800=CARTESIAN_POINT('',(-5.75099999999884,2.54,-5.715));
#3801=CARTESIAN_POINT('',(-5.75099999999884,2.54,-5.715));
#3802=VECTOR('',#4919,0.53881536726424);
#3803=CARTESIAN_POINT('',(-6.35,2.54,-5.715));
#3804=VECTOR('',#4920,0.59899999999989);
#3805=CARTESIAN_POINT('',(-6.35,2.54,5.715));
#3806=VECTOR('',#4921,2.54);
#3807=CARTESIAN_POINT('',(-3.175,-2.54,5.715));
#3808=CARTESIAN_POINT('',(-3.175,-2.032,5.715));
#3809=CARTESIAN_POINT('',(-3.175,-2.54,5.715));
#3810=VECTOR('',#4922,0.508);
#3811=CARTESIAN_POINT('',(-5.842,-2.032,5.715));
#3812=CARTESIAN_POINT('',(-5.842,-2.032,5.715));
#3813=VECTOR('',#4923,2.667);
#3814=CARTESIAN_POINT('',(-5.842,2.032,5.715));
#3815=CARTESIAN_POINT('',(-5.842,-2.032,5.715));
#3816=VECTOR('',#4924,4.064);
#3817=CARTESIAN_POINT('',(-3.302,2.032,5.715));
#3818=CARTESIAN_POINT('',(-3.302,2.032,5.715));
#3819=VECTOR('',#4925,2.54);
#3820=CARTESIAN_POINT('',(-3.302,3.048,5.715));
#3821=CARTESIAN_POINT('',(-3.302,2.032,5.715));
#3822=VECTOR('',#4926,1.016);
#3823=CARTESIAN_POINT('',(3.302,3.048,5.715));
#3824=CARTESIAN_POINT('',(3.302,3.048,5.715));
#3825=VECTOR('',#4927,6.604);
#3826=CARTESIAN_POINT('',(3.302,2.032,5.715));
#3827=CARTESIAN_POINT('',(3.302,2.032,5.715));
#3828=VECTOR('',#4928,1.016);
#3829=CARTESIAN_POINT('',(3.81,2.032,5.715));
#3830=CARTESIAN_POINT('',(3.302,2.032,5.715));
#3831=VECTOR('',#4929,0.508);
#3832=CARTESIAN_POINT('',(3.81,-2.032,5.715));
#3833=CARTESIAN_POINT('',(3.81,-2.032,5.715));
#3834=VECTOR('',#4930,4.064);
#3835=CARTESIAN_POINT('',(3.175,-2.032,5.715));
#3836=CARTESIAN_POINT('',(3.175,-2.032,5.715));
#3837=VECTOR('',#4931,0.635);
#3838=CARTESIAN_POINT('',(3.175,-2.54,5.715));
#3839=CARTESIAN_POINT('',(3.175,-2.54,5.715));
#3840=VECTOR('',#4932,0.508);
#3841=CARTESIAN_POINT('',(3.81,-2.54,5.715));
#3842=CARTESIAN_POINT('',(3.175,-2.54,5.715));
#3843=VECTOR('',#4933,0.635);
#3844=CARTESIAN_POINT('',(3.81,-3.048,5.715));
#3845=CARTESIAN_POINT('',(3.81,-3.048,5.715));
#3846=VECTOR('',#4934,0.508);
#3847=CARTESIAN_POINT('',(-6.35,-3.048,5.715));
#3848=VECTOR('',#4935,10.16);
#3849=CARTESIAN_POINT('',(-6.35,-2.54,5.715));
#3850=VECTOR('',#4936,3.175);
#3851=CARTESIAN_POINT('',(1.905,-2.54,5.715));
#3852=CARTESIAN_POINT('',(1.905,-2.032,5.715));
#3853=CARTESIAN_POINT('',(1.905,-2.54,5.715));
#3854=VECTOR('',#4937,0.508);
#3855=CARTESIAN_POINT('',(-1.905,-2.032,5.715));
#3856=CARTESIAN_POINT('',(-1.905,-2.032,5.715));
#3857=VECTOR('',#4938,3.81);
#3858=CARTESIAN_POINT('',(-1.905,-2.54,5.715));
#3859=CARTESIAN_POINT('',(-1.905,-2.54,5.715));
#3860=VECTOR('',#4939,0.508);
#3861=CARTESIAN_POINT('',(-1.905,-2.54,5.715));
#3862=VECTOR('',#4940,3.81);
#3863=CARTESIAN_POINT('',(-5.08,-1.016,5.715));
#3864=CARTESIAN_POINT('',(2.54,-1.016,5.715));
#3865=CARTESIAN_POINT('',(-5.08,-1.016,5.715));
#3866=VECTOR('',#4941,7.62);
#3867=CARTESIAN_POINT('',(2.54,1.016,5.715));
#3868=CARTESIAN_POINT('',(2.54,-1.016,5.715));
#3869=VECTOR('',#4942,2.032);
#3870=CARTESIAN_POINT('',(-5.08,1.016,5.715));
#3871=CARTESIAN_POINT('',(2.54,1.016,5.715));
#3872=VECTOR('',#4943,7.62);
#3873=CARTESIAN_POINT('',(-5.08,1.016,5.715));
#3874=VECTOR('',#4944,2.032);
#3875=CARTESIAN_POINT('',(-3.81,3.048,5.715));
#3876=CARTESIAN_POINT('',(-3.81,3.048,5.715));
#3877=VECTOR('',#4945,2.54);
#3878=CARTESIAN_POINT('',(-3.81,2.54,5.715));
#3879=VECTOR('',#4946,0.508);
#3880=CARTESIAN_POINT('',(-5.75099999999884,-2.54,-5.715));
#3881=CARTESIAN_POINT('',(-6.35,-2.54,-5.715));
#3882=VECTOR('',#4947,0.59899999999989);
#3883=CARTESIAN_POINT('',(-5.36999999999884,-2.54,-6.096));
#3884=CARTESIAN_POINT('',(-5.75099999999884,-2.54,-5.715));
#3885=VECTOR('',#4948,0.53881536726424);
#3886=CARTESIAN_POINT('',(-4.98899999999884,-2.54,-5.715));
#3887=CARTESIAN_POINT('',(-5.36999999999884,-2.54,-6.096));
#3888=VECTOR('',#4949,0.53881536726424);
#3889=CARTESIAN_POINT('',(-4.318,-2.54,-5.715));
#3890=CARTESIAN_POINT('',(-4.98899999999884,-2.54,-5.715));
#3891=VECTOR('',#4950,0.67100000000011);
#3892=CARTESIAN_POINT('',(-4.318,-2.54,-4.953));
#3893=CARTESIAN_POINT('',(-4.318,-2.54,-5.715));
#3894=VECTOR('',#4951,0.762);
#3895=CARTESIAN_POINT('',(-3.302,-2.54,-4.953));
#3896=CARTESIAN_POINT('',(-3.302,-2.54,-4.953));
#3897=VECTOR('',#4952,1.016);
#3898=CARTESIAN_POINT('',(-3.302,-2.54,-5.715));
#3899=CARTESIAN_POINT('',(-3.302,-2.54,-5.715));
#3900=VECTOR('',#4953,0.762);
#3901=CARTESIAN_POINT('',(-1.778,-2.54,-5.715));
#3902=CARTESIAN_POINT('',(-3.302,-2.54,-5.715));
#3903=VECTOR('',#4954,1.524);
#3904=CARTESIAN_POINT('',(-1.778,-2.54,-4.953));
#3905=CARTESIAN_POINT('',(-1.778,-2.54,-5.715));
#3906=VECTOR('',#4955,0.762);
#3907=CARTESIAN_POINT('',(-0.762,-2.54,-4.953));
#3908=CARTESIAN_POINT('',(-0.762,-2.54,-4.953));
#3909=VECTOR('',#4956,1.016);
#3910=CARTESIAN_POINT('',(-0.762,-2.54,-5.715));
#3911=CARTESIAN_POINT('',(-0.762,-2.54,-5.715));
#3912=VECTOR('',#4957,0.762);
#3913=CARTESIAN_POINT('',(0.762,-2.54,-5.715));
#3914=CARTESIAN_POINT('',(-0.762,-2.54,-5.715));
#3915=VECTOR('',#4958,1.524);
#3916=CARTESIAN_POINT('',(0.762,-2.54,-4.953));
#3917=CARTESIAN_POINT('',(0.762,-2.54,-5.715));
#3918=VECTOR('',#4959,0.762);
#3919=CARTESIAN_POINT('',(1.778,-2.54,-4.953));
#3920=CARTESIAN_POINT('',(1.778,-2.54,-4.953));
#3921=VECTOR('',#4960,1.016);
#3922=CARTESIAN_POINT('',(1.778,-2.54,-5.715));
#3923=CARTESIAN_POINT('',(1.778,-2.54,-5.715));
#3924=VECTOR('',#4961,0.762);
#3925=CARTESIAN_POINT('',(3.302,-2.54,-5.715));
#3926=CARTESIAN_POINT('',(1.778,-2.54,-5.715));
#3927=VECTOR('',#4962,1.524);
#3928=CARTESIAN_POINT('',(3.302,-2.54,-4.953));
#3929=CARTESIAN_POINT('',(3.302,-2.54,-5.715));
#3930=VECTOR('',#4963,0.762);
#3931=CARTESIAN_POINT('',(4.318,-2.54,-4.953));
#3932=CARTESIAN_POINT('',(4.318,-2.54,-4.953));
#3933=VECTOR('',#4964,1.016);
#3934=CARTESIAN_POINT('',(4.318,-2.54,-5.715));
#3935=CARTESIAN_POINT('',(4.318,-2.54,-5.715));
#3936=VECTOR('',#4965,0.762);
#3937=CARTESIAN_POINT('',(4.98899999999884,-2.54,-5.715));
#3938=CARTESIAN_POINT('',(4.318,-2.54,-5.715));
#3939=VECTOR('',#4966,0.67100000000011);
#3940=CARTESIAN_POINT('',(5.36999999999884,-2.54,-6.096));
#3941=CARTESIAN_POINT('',(4.98899999999884,-2.54,-5.715));
#3942=VECTOR('',#4967,0.53881536726424);
#3943=CARTESIAN_POINT('',(5.75099999999884,-2.54,-5.715));
#3944=CARTESIAN_POINT('',(5.36999999999884,-2.54,-6.096));
#3945=VECTOR('',#4968,0.53881536726424);
#3946=CARTESIAN_POINT('',(6.35,-2.54,-5.715));
#3947=CARTESIAN_POINT('',(5.75099999999884,-2.54,-5.715));
#3948=VECTOR('',#4969,0.59899999999989);
#3949=CARTESIAN_POINT('',(6.35,-2.54,5.715));
#3950=CARTESIAN_POINT('',(6.35,-2.54,5.715));
#3951=VECTOR('',#4970,11.43);
#3952=CARTESIAN_POINT('',(3.81,-2.54,5.715));
#3953=VECTOR('',#4971,2.54);
#3954=CARTESIAN_POINT('',(3.175,-2.54,-3.175));
#3955=CARTESIAN_POINT('',(3.175,-2.54,5.715));
#3956=VECTOR('',#4972,8.89);
#3957=CARTESIAN_POINT('',(1.905,-2.54,-3.175));
#3958=CARTESIAN_POINT('',(3.175,-2.54,-3.175));
#3959=VECTOR('',#4973,1.27);
#3960=CARTESIAN_POINT('',(1.905,-2.54,5.715));
#3961=VECTOR('',#4974,8.89);
#3962=CARTESIAN_POINT('',(-1.905,-2.54,-3.175));
#3963=CARTESIAN_POINT('',(-1.905,-2.54,5.715));
#3964=VECTOR('',#4975,8.89);
#3965=CARTESIAN_POINT('',(-3.175,-2.54,-3.175));
#3966=CARTESIAN_POINT('',(-1.905,-2.54,-3.175));
#3967=VECTOR('',#4976,1.27);
#3968=CARTESIAN_POINT('',(-3.175,-2.54,5.715));
#3969=VECTOR('',#4977,8.89);
#3970=CARTESIAN_POINT('',(-3.175,-1.524,-3.175));
#3971=CARTESIAN_POINT('',(-3.175,-1.524,-3.175));
#3972=VECTOR('',#4978,1.016);
#3973=CARTESIAN_POINT('',(-3.175,-1.524,5.207));
#3974=CARTESIAN_POINT('',(-3.175,-1.524,-3.175));
#3975=VECTOR('',#4979,8.382);
#3976=CARTESIAN_POINT('',(-3.175,-2.032,5.715));
#3977=VECTOR('',#4980,0.718420489685484);
#3978=CARTESIAN_POINT('',(-5.334,-1.524,5.207));
#3979=CARTESIAN_POINT('',(-3.175,-1.524,5.207));
#3980=VECTOR('',#4981,2.159);
#3981=CARTESIAN_POINT('',(-5.334,-1.524,5.207));
#3982=VECTOR('',#4982,0.879881810245052);
#3983=CARTESIAN_POINT('',(5.842,-2.032,5.715));
#3984=CARTESIAN_POINT('',(5.842,-2.032,5.715));
#3985=VECTOR('',#4983,2.032);
#3986=CARTESIAN_POINT('',(5.334,-1.524,5.207));
#3987=CARTESIAN_POINT('',(5.334,-1.524,5.207));
#3988=VECTOR('',#4984,0.879881810245052);
#3989=CARTESIAN_POINT('',(3.175,-1.524,5.207));
#3990=CARTESIAN_POINT('',(5.334,-1.524,5.207));
#3991=VECTOR('',#4985,2.159);
#3992=CARTESIAN_POINT('',(3.175,-2.032,5.715));
#3993=VECTOR('',#4986,0.718420489685484);
#3994=CARTESIAN_POINT('',(1.905,-1.524,5.207));
#3995=CARTESIAN_POINT('',(-1.905,-1.524,5.207));
#3996=CARTESIAN_POINT('',(1.905,-1.524,5.207));
#3997=VECTOR('',#4987,3.81);
#3998=CARTESIAN_POINT('',(-1.905,-2.032,5.715));
#3999=VECTOR('',#4988,0.718420489685484);
#4000=CARTESIAN_POINT('',(1.905,-2.032,5.715));
#4001=VECTOR('',#4989,0.718420489685484);
#4002=CARTESIAN_POINT('',(-5.334,1.524,5.207));
#4003=CARTESIAN_POINT('',(-5.334,-1.524,5.207));
#4004=VECTOR('',#4990,3.048);
#4005=CARTESIAN_POINT('',(-5.334,1.524,5.207));
#4006=VECTOR('',#4991,0.879881810245052);
#4007=CARTESIAN_POINT('',(-2.794,1.524,5.207));
#4008=CARTESIAN_POINT('',(-5.334,1.524,5.207));
#4009=VECTOR('',#4992,2.54);
#4010=CARTESIAN_POINT('',(-2.794,1.524,5.207));
#4011=VECTOR('',#4993,0.879881810245052);
#4012=CARTESIAN_POINT('',(-2.794,3.048,5.207));
#4013=CARTESIAN_POINT('',(-2.794,1.524,5.207));
#4014=VECTOR('',#4994,1.524);
#4015=CARTESIAN_POINT('',(-3.302,3.556,5.715));
#4016=CARTESIAN_POINT('',(-2.794,3.048,5.207));
#4017=VECTOR('',#4995,0.879881810245052);
#4018=CARTESIAN_POINT('',(-3.302,3.048,5.715));
#4019=VECTOR('',#4996,0.508);
#4020=CARTESIAN_POINT('',(6.35,2.54,5.715));
#4021=VECTOR('',#4997,5.08);
#4022=CARTESIAN_POINT('',(3.81,2.032,5.715));
#4023=VECTOR('',#4998,0.508);
#4024=CARTESIAN_POINT('',(5.842,2.032,5.715));
#4025=CARTESIAN_POINT('',(3.81,2.032,5.715));
#4026=VECTOR('',#4999,2.032);
#4027=CARTESIAN_POINT('',(5.842,2.032,5.715));
#4028=VECTOR('',#5000,4.064);
#4029=CARTESIAN_POINT('',(3.81,-2.54,5.715));
#4030=VECTOR('',#5001,0.508);
#4031=CARTESIAN_POINT('',(3.302,3.556,5.715));
#4032=CARTESIAN_POINT('',(-3.302,3.556,5.715));
#4033=VECTOR('',#5002,6.604);
#4034=CARTESIAN_POINT('',(3.302,3.556,5.715));
#4035=VECTOR('',#5003,0.508);
#4036=CARTESIAN_POINT('',(3.81,3.048,5.715));
#4037=CARTESIAN_POINT('',(3.81,3.048,5.715));
#4038=VECTOR('',#5004,0.508);
#4039=CARTESIAN_POINT('',(3.81,4.064,5.715));
#4040=CARTESIAN_POINT('',(3.81,4.064,5.715));
#4041=VECTOR('',#5005,1.016);
#4042=CARTESIAN_POINT('',(-3.81,4.064,5.715));
#4043=CARTESIAN_POINT('',(-3.81,4.064,5.715));
#4044=VECTOR('',#5006,7.62);
#4045=CARTESIAN_POINT('',(-3.81,4.064,5.715));
#4046=VECTOR('',#5007,1.016);
#4047=CARTESIAN_POINT('',(-3.302,3.048,5.715));
#4048=VECTOR('',#5008,0.508);
#4049=CARTESIAN_POINT('',(3.81,4.064,1.905));
#4050=CARTESIAN_POINT('',(3.81,2.54,1.905));
#4051=VECTOR('',#5009,1.524);
#4052=CARTESIAN_POINT('',(3.81,4.064,1.905));
#4053=VECTOR('',#5010,3.81);
#4054=CARTESIAN_POINT('',(3.81,3.048,6.731));
#4055=CARTESIAN_POINT('',(3.81,3.048,5.715));
#4056=VECTOR('',#5011,1.016);
#4057=CARTESIAN_POINT('',(3.81,-3.048,6.731));
#4058=CARTESIAN_POINT('',(3.81,-3.048,6.731));
#4059=VECTOR('',#5012,6.096);
#4060=CARTESIAN_POINT('',(3.81,-3.048,5.715));
#4061=VECTOR('',#5013,1.016);
#4062=CARTESIAN_POINT('',(-6.35,-3.048,6.731));
#4063=VECTOR('',#5014,10.16);
#4064=CARTESIAN_POINT('',(3.81,3.048,6.731));
#4065=VECTOR('',#5015,10.16);
#4066=CARTESIAN_POINT('',(-3.81,4.064,1.905));
#4067=CARTESIAN_POINT('',(-2.794,4.064,1.905));
#4068=CARTESIAN_POINT('',(-3.81,4.064,1.905));
#4069=VECTOR('',#5016,1.016);
#4070=CARTESIAN_POINT('',(-3.81,4.064,1.905));
#4071=VECTOR('',#5017,3.81);
#4072=CARTESIAN_POINT('',(2.794,4.064,1.905));
#4073=CARTESIAN_POINT('',(2.794,4.064,1.905));
#4074=VECTOR('',#5018,1.016);
#4075=CARTESIAN_POINT('',(2.794,4.064,2.8448));
#4076=CARTESIAN_POINT('',(2.794,4.064,1.905));
#4077=VECTOR('',#5019,0.9398);
#4078=CARTESIAN_POINT('',(1.4478,4.064,4.191));
#4079=AXIS2_PLACEMENT_3D('',#5020,#5021,#5022);
#4080=CARTESIAN_POINT('',(-1.4478,4.064,4.191));
#4081=CARTESIAN_POINT('',(-1.4478,4.064,4.191));
#4082=VECTOR('',#5023,2.8956);
#4083=CARTESIAN_POINT('',(-2.794,4.064,2.8448));
#4084=AXIS2_PLACEMENT_3D('',#5024,#5025,#5026);
#4085=CARTESIAN_POINT('',(-2.794,4.064,1.905));
#4086=VECTOR('',#5027,0.9398);
#4087=CARTESIAN_POINT('',(-2.794,4.064,1.905));
#4088=VECTOR('',#5028,1.524);
#4089=CARTESIAN_POINT('',(-2.794,3.048,2.8448));
#4090=CARTESIAN_POINT('',(-2.794,4.064,2.8448));
#4091=VECTOR('',#5029,1.016);
#4092=CARTESIAN_POINT('',(-2.794,3.048,5.207));
#4093=VECTOR('',#5030,2.3622);
#4094=CARTESIAN_POINT('',(-2.794,1.524,1.397));
#4095=CARTESIAN_POINT('',(-2.794,1.524,1.397));
#4096=VECTOR('',#5031,3.81);
#4097=CARTESIAN_POINT('',(-2.794,2.032,1.905));
#4098=CARTESIAN_POINT('',(-2.794,1.524,1.397));
#4099=VECTOR('',#5032,0.718420489685484);
#4100=CARTESIAN_POINT('',(-2.794,2.54,1.905));
#4101=VECTOR('',#5033,0.508);
#4102=CARTESIAN_POINT('',(2.794,2.032,1.905));
#4103=CARTESIAN_POINT('',(2.794,2.032,1.905));
#4104=VECTOR('',#5034,0.508);
#4105=CARTESIAN_POINT('',(1.5875,2.032,1.905));
#4106=CARTESIAN_POINT('',(1.5875,2.032,1.905));
#4107=VECTOR('',#5035,0.508);
#4108=CARTESIAN_POINT('',(2.794,2.032,1.905));
#4109=VECTOR('',#5036,1.2065);
#4110=CARTESIAN_POINT('',(-1.5875,2.032,1.905));
#4111=CARTESIAN_POINT('',(-1.5875,2.032,1.905));
#4112=VECTOR('',#5037,0.508);
#4113=CARTESIAN_POINT('',(-1.5875,2.032,1.905));
#4114=VECTOR('',#5038,1.2065);
#4115=CARTESIAN_POINT('',(2.794,1.524,1.397));
#4116=CARTESIAN_POINT('',(1.5875,1.524,1.397));
#4117=CARTESIAN_POINT('',(2.794,1.524,1.397));
#4118=VECTOR('',#5039,1.2065);
#4119=CARTESIAN_POINT('',(2.794,2.032,1.905));
#4120=VECTOR('',#5040,0.718420489685484);
#4121=CARTESIAN_POINT('',(1.5875,1.524,1.397));
#4122=VECTOR('',#5041,0.718420489685484);
#4123=CARTESIAN_POINT('',(1.5875,1.524,-3.175));
#4124=CARTESIAN_POINT('',(1.5875,2.54,-3.175));
#4125=VECTOR('',#5042,1.016);
#4126=CARTESIAN_POINT('',(1.5875,1.524,-3.175));
#4127=VECTOR('',#5043,4.572);
#4128=CARTESIAN_POINT('',(-5.334,1.524,-3.175));
#4129=CARTESIAN_POINT('',(-5.334,1.524,5.207));
#4130=VECTOR('',#5044,8.382);
#4131=CARTESIAN_POINT('',(-1.5875,1.524,-3.175));
#4132=CARTESIAN_POINT('',(-1.5875,1.524,-3.175));
#4133=VECTOR('',#5045,3.7465);
#4134=CARTESIAN_POINT('',(-1.5875,1.524,1.397));
#4135=CARTESIAN_POINT('',(-1.5875,1.524,-3.175));
#4136=VECTOR('',#5046,4.572);
#4137=CARTESIAN_POINT('',(-1.5875,1.524,1.397));
#4138=VECTOR('',#5047,1.2065);
#4139=CARTESIAN_POINT('',(2.794,1.524,5.207));
#4140=CARTESIAN_POINT('',(2.794,1.524,5.207));
#4141=VECTOR('',#5048,3.81);
#4142=CARTESIAN_POINT('',(5.334,1.524,-3.175));
#4143=CARTESIAN_POINT('',(5.334,1.524,-3.175));
#4144=VECTOR('',#5049,3.7465);
#4145=CARTESIAN_POINT('',(5.334,1.524,5.207));
#4146=CARTESIAN_POINT('',(5.334,1.524,5.207));
#4147=VECTOR('',#5050,8.382);
#4148=CARTESIAN_POINT('',(2.794,1.524,5.207));
#4149=VECTOR('',#5051,2.54);
#4150=CARTESIAN_POINT('',(-1.5875,2.032,1.905));
#4151=VECTOR('',#5052,0.718420489685484);
#4152=CARTESIAN_POINT('',(-1.5875,2.54,-3.175));
#4153=VECTOR('',#5053,1.016);
#4154=CARTESIAN_POINT('',(1.905,-1.524,-3.175));
#4155=CARTESIAN_POINT('',(1.905,-1.524,-3.175));
#4156=VECTOR('',#5054,1.016);
#4157=CARTESIAN_POINT('',(3.175,-1.524,-3.175));
#4158=CARTESIAN_POINT('',(3.175,-1.524,-3.175));
#4159=VECTOR('',#5055,1.016);
#4160=CARTESIAN_POINT('',(5.334,-1.524,-3.175));
#4161=CARTESIAN_POINT('',(3.175,-1.524,-3.175));
#4162=VECTOR('',#5056,2.159);
#4163=CARTESIAN_POINT('',(5.334,-1.524,-3.175));
#4164=VECTOR('',#5057,3.048);
#4165=CARTESIAN_POINT('',(-5.334,-1.524,-3.175));
#4166=CARTESIAN_POINT('',(-5.334,1.524,-3.175));
#4167=VECTOR('',#5058,3.048);
#4168=CARTESIAN_POINT('',(-5.334,-1.524,-3.175));
#4169=VECTOR('',#5059,2.159);
#4170=CARTESIAN_POINT('',(-1.905,-1.524,-3.175));
#4171=CARTESIAN_POINT('',(-1.905,-1.524,-3.175));
#4172=VECTOR('',#5060,1.016);
#4173=CARTESIAN_POINT('',(-1.905,-1.524,-3.175));
#4174=VECTOR('',#5061,3.81);
#4175=CARTESIAN_POINT('',(-1.5875,0.3175,-3.175));
#4176=CARTESIAN_POINT('',(-0.9525,0.3175,-3.175));
#4177=CARTESIAN_POINT('',(-1.5875,0.3175,-3.175));
#4178=VECTOR('',#5062,0.635);
#4179=CARTESIAN_POINT('',(-0.9525,-0.3175,-3.175));
#4180=CARTESIAN_POINT('',(-0.9525,0.3175,-3.175));
#4181=VECTOR('',#5063,0.635);
#4182=CARTESIAN_POINT('',(-1.5875,-0.3175,-3.175));
#4183=CARTESIAN_POINT('',(-1.5875,-0.3175,-3.175));
#4184=VECTOR('',#5064,0.635);
#4185=CARTESIAN_POINT('',(-1.5875,0.3175,-3.175));
#4186=VECTOR('',#5065,0.635);
#4187=CARTESIAN_POINT('',(0.9525,0.31999999999999,-3.175));
#4188=CARTESIAN_POINT('',(1.5875,0.31999999999999,-3.175));
#4189=CARTESIAN_POINT('',(0.9525,0.31999999999999,-3.175));
#4190=VECTOR('',#5066,0.635);
#4191=CARTESIAN_POINT('',(1.5875,-0.31999999999999,-3.175));
#4192=CARTESIAN_POINT('',(1.5875,-0.31999999999999,-3.175));
#4193=VECTOR('',#5067,0.63999999999998);
#4194=CARTESIAN_POINT('',(0.9525,-0.31999999999999,-3.175));
#4195=CARTESIAN_POINT('',(0.9525,-0.31999999999999,-3.175));
#4196=VECTOR('',#5068,0.635);
#4197=CARTESIAN_POINT('',(0.9525,-0.31999999999999,-3.175));
#4198=VECTOR('',#5069,0.63999999999998);
#4199=CARTESIAN_POINT('',(-4.1275,0.31999999999999,-3.175));
#4200=CARTESIAN_POINT('',(-3.4925,0.31999999999999,-3.175));
#4201=CARTESIAN_POINT('',(-4.1275,0.31999999999999,-3.175));
#4202=VECTOR('',#5070,0.635);
#4203=CARTESIAN_POINT('',(-3.4925,-0.31999999999999,-3.175));
#4204=CARTESIAN_POINT('',(-3.4925,-0.31999999999999,-3.175));
#4205=VECTOR('',#5071,0.63999999999998);
#4206=CARTESIAN_POINT('',(-4.1275,-0.31999999999999,-3.175));
#4207=CARTESIAN_POINT('',(-4.1275,-0.31999999999999,-3.175));
#4208=VECTOR('',#5072,0.635);
#4209=CARTESIAN_POINT('',(-4.1275,-0.31999999999999,-3.175));
#4210=VECTOR('',#5073,0.63999999999998);
#4211=CARTESIAN_POINT('',(3.4925,0.3175,-3.175));
#4212=CARTESIAN_POINT('',(4.1275,0.3175,-3.175));
#4213=CARTESIAN_POINT('',(3.4925,0.3175,-3.175));
#4214=VECTOR('',#5074,0.635);
#4215=CARTESIAN_POINT('',(4.1275,-0.3175,-3.175));
#4216=CARTESIAN_POINT('',(4.1275,0.3175,-3.175));
#4217=VECTOR('',#5075,0.635);
#4218=CARTESIAN_POINT('',(3.4925,-0.3175,-3.175));
#4219=CARTESIAN_POINT('',(3.4925,-0.3175,-3.175));
#4220=VECTOR('',#5076,0.635);
#4221=CARTESIAN_POINT('',(3.4925,0.3175,-3.175));
#4222=VECTOR('',#5077,0.635);
#4223=CARTESIAN_POINT('',(3.4925,0.8255,-7.5438));
#4224=CARTESIAN_POINT('',(3.4925,2.8321,-7.5438));
#4225=CARTESIAN_POINT('',(3.4925,0.8255,-7.5438));
#4226=VECTOR('',#5078,2.0066);
#4227=CARTESIAN_POINT('',(3.4925,-0.3175,-6.4008));
#4228=AXIS2_PLACEMENT_3D('',#5079,#5080,#5081);
#4229=CARTESIAN_POINT('',(3.4925,-0.3175,-5.715));
#4230=CARTESIAN_POINT('',(3.4925,-0.3175,-5.715));
#4231=VECTOR('',#5082,0.6858);
#4232=CARTESIAN_POINT('',(3.4925,0.3175,-5.715));
#4233=CARTESIAN_POINT('',(3.4925,0.3175,-5.715));
#4234=VECTOR('',#5083,0.635);
#4235=CARTESIAN_POINT('',(3.4925,0.3175,-6.4008));
#4236=CARTESIAN_POINT('',(3.4925,0.3175,-6.4008));
#4237=VECTOR('',#5084,0.6858);
#4238=CARTESIAN_POINT('',(3.4925,0.8255,-6.9088));
#4239=AXIS2_PLACEMENT_3D('',#5085,#5086,#5087);
#4240=CARTESIAN_POINT('',(3.4925,2.8321,-6.9088));
#4241=CARTESIAN_POINT('',(3.4925,2.8321,-6.9088));
#4242=VECTOR('',#5088,2.0066);
#4243=CARTESIAN_POINT('',(3.4925,2.8321,-6.9088));
#4244=VECTOR('',#5089,0.635);
#4245=CARTESIAN_POINT('',(3.4925,0.3175,2.286));
#4246=CARTESIAN_POINT('',(3.4925,0.3175,-3.175));
#4247=VECTOR('',#5090,5.461);
#4248=CARTESIAN_POINT('',(3.4925,-0.3175,2.286));
#4249=CARTESIAN_POINT('',(3.4925,-0.3175,2.286));
#4250=VECTOR('',#5091,5.461);
#4251=CARTESIAN_POINT('',(3.4925,-0.3175,2.286));
#4252=VECTOR('',#5092,0.635);
#4253=CARTESIAN_POINT('',(3.6703,3.4671,-7.0866));
#4254=CARTESIAN_POINT('',(3.6703,3.4671,-7.0866));
#4255=VECTOR('',#5093,0.6829719467153);
#4256=CARTESIAN_POINT('',(3.6703,3.4671,-7.366));
#4257=CARTESIAN_POINT('',(3.6703,3.4671,-7.0866));
#4258=VECTOR('',#5094,0.2794);
#4259=CARTESIAN_POINT('',(3.6703,3.4671,-7.366));
#4260=VECTOR('',#5095,0.6829719467153);
#4261=CARTESIAN_POINT('',(3.9497,3.4671,-7.366));
#4262=CARTESIAN_POINT('',(3.9497,3.4671,-7.366));
#4263=VECTOR('',#5096,0.2794);
#4264=CARTESIAN_POINT('',(4.1275,2.8321,-7.5438));
#4265=CARTESIAN_POINT('',(3.9497,3.4671,-7.366));
#4266=VECTOR('',#5097,0.6829719467153);
#4267=CARTESIAN_POINT('',(4.1275,2.8321,-7.5438));
#4268=VECTOR('',#5098,0.635);
#4269=CARTESIAN_POINT('',(4.1275,0.8255,-7.5438));
#4270=CARTESIAN_POINT('',(4.1275,0.8255,-7.5438));
#4271=VECTOR('',#5099,2.0066);
#4272=CARTESIAN_POINT('',(3.4925,0.8255,-7.5438));
#4273=VECTOR('',#5100,0.635);
#4274=CARTESIAN_POINT('',(4.1275,-0.3175,-6.4008));
#4275=AXIS2_PLACEMENT_3D('',#5101,#5102,#5103);
#4276=CARTESIAN_POINT('',(3.4925,-0.3175,-6.4008));
#4277=VECTOR('',#5104,0.635);
#4278=CARTESIAN_POINT('',(4.1275,-0.3175,-5.715));
#4279=CARTESIAN_POINT('',(4.1275,-0.3175,-5.715));
#4280=VECTOR('',#5105,0.6858);
#4281=CARTESIAN_POINT('',(3.4925,-0.3175,-5.715));
#4282=VECTOR('',#5106,0.635);
#4283=CARTESIAN_POINT('',(4.1275,-0.3175,2.286));
#4284=CARTESIAN_POINT('',(4.1275,-0.3175,2.286));
#4285=VECTOR('',#5107,5.461);
#4286=CARTESIAN_POINT('',(4.1275,-0.3175,2.286));
#4287=VECTOR('',#5108,0.635);
#4288=CARTESIAN_POINT('',(4.318,-1.524,-5.715));
#4289=CARTESIAN_POINT('',(4.318,-2.54,-5.715));
#4290=VECTOR('',#5109,1.016);
#4291=CARTESIAN_POINT('',(3.302,-1.524,-5.715));
#4292=CARTESIAN_POINT('',(3.302,-1.524,-5.715));
#4293=VECTOR('',#5110,1.016);
#4294=CARTESIAN_POINT('',(3.302,-2.54,-5.715));
#4295=VECTOR('',#5111,1.016);
#4296=CARTESIAN_POINT('',(1.778,-1.524,-5.715));
#4297=CARTESIAN_POINT('',(1.778,-2.54,-5.715));
#4298=VECTOR('',#5112,1.016);
#4299=CARTESIAN_POINT('',(0.762,-1.524,-5.715));
#4300=CARTESIAN_POINT('',(0.762,-1.524,-5.715));
#4301=VECTOR('',#5113,1.016);
#4302=CARTESIAN_POINT('',(0.762,-2.54,-5.715));
#4303=VECTOR('',#5114,1.016);
#4304=CARTESIAN_POINT('',(-0.762,-1.524,-5.715));
#4305=CARTESIAN_POINT('',(-0.762,-2.54,-5.715));
#4306=VECTOR('',#5115,1.016);
#4307=CARTESIAN_POINT('',(-1.778,-1.524,-5.715));
#4308=CARTESIAN_POINT('',(-1.778,-1.524,-5.715));
#4309=VECTOR('',#5116,1.016);
#4310=CARTESIAN_POINT('',(-1.778,-2.54,-5.715));
#4311=VECTOR('',#5117,1.016);
#4312=CARTESIAN_POINT('',(-3.302,-1.524,-5.715));
#4313=CARTESIAN_POINT('',(-3.302,-2.54,-5.715));
#4314=VECTOR('',#5118,1.016);
#4315=CARTESIAN_POINT('',(-4.318,-1.524,-5.715));
#4316=CARTESIAN_POINT('',(-4.318,-1.524,-5.715));
#4317=VECTOR('',#5119,1.016);
#4318=CARTESIAN_POINT('',(-4.318,-2.54,-5.715));
#4319=VECTOR('',#5120,1.016);
#4320=CARTESIAN_POINT('',(-4.98899999999884,-2.54,-5.715));
#4321=VECTOR('',#5121,5.08);
#4322=CARTESIAN_POINT('',(-4.318,1.524,-5.715));
#4323=CARTESIAN_POINT('',(-4.318,2.54,-5.715));
#4324=VECTOR('',#5122,1.016);
#4325=CARTESIAN_POINT('',(-3.302,1.524,-5.715));
#4326=CARTESIAN_POINT('',(-3.302,1.524,-5.715));
#4327=VECTOR('',#5123,1.016);
#4328=CARTESIAN_POINT('',(-3.302,2.54,-5.715));
#4329=VECTOR('',#5124,1.016);
#4330=CARTESIAN_POINT('',(-1.778,1.524,-5.715));
#4331=CARTESIAN_POINT('',(-1.778,2.54,-5.715));
#4332=VECTOR('',#5125,1.016);
#4333=CARTESIAN_POINT('',(-0.762,1.524,-5.715));
#4334=CARTESIAN_POINT('',(-0.762,1.524,-5.715));
#4335=VECTOR('',#5126,1.016);
#4336=CARTESIAN_POINT('',(-0.762,2.54,-5.715));
#4337=VECTOR('',#5127,1.016);
#4338=CARTESIAN_POINT('',(0.762,1.524,-5.715));
#4339=CARTESIAN_POINT('',(0.762,2.54,-5.715));
#4340=VECTOR('',#5128,1.016);
#4341=CARTESIAN_POINT('',(1.778,1.524,-5.715));
#4342=CARTESIAN_POINT('',(1.778,1.524,-5.715));
#4343=VECTOR('',#5129,1.016);
#4344=CARTESIAN_POINT('',(1.778,2.54,-5.715));
#4345=VECTOR('',#5130,1.016);
#4346=CARTESIAN_POINT('',(3.302,1.524,-5.715));
#4347=CARTESIAN_POINT('',(3.302,2.54,-5.715));
#4348=VECTOR('',#5131,1.016);
#4349=CARTESIAN_POINT('',(4.318,1.524,-5.715));
#4350=CARTESIAN_POINT('',(4.318,1.524,-5.715));
#4351=VECTOR('',#5132,1.016);
#4352=CARTESIAN_POINT('',(4.318,2.54,-5.715));
#4353=VECTOR('',#5133,1.016);
#4354=CARTESIAN_POINT('',(4.98899999999884,-2.54,-5.715));
#4355=VECTOR('',#5134,5.08);
#4356=CARTESIAN_POINT('',(4.1275,0.3175,-5.715));
#4357=CARTESIAN_POINT('',(4.1275,0.3175,-5.715));
#4358=VECTOR('',#5135,0.635);
#4359=CARTESIAN_POINT('',(3.4925,0.3175,-5.715));
#4360=VECTOR('',#5136,0.635);
#4361=CARTESIAN_POINT('',(-1.5875,-0.3175,-5.715));
#4362=CARTESIAN_POINT('',(-0.9525,-0.3175,-5.715));
#4363=CARTESIAN_POINT('',(-1.5875,-0.3175,-5.715));
#4364=VECTOR('',#5137,0.635);
#4365=CARTESIAN_POINT('',(-0.9525,0.3175,-5.715));
#4366=CARTESIAN_POINT('',(-0.9525,0.3175,-5.715));
#4367=VECTOR('',#5138,0.635);
#4368=CARTESIAN_POINT('',(-1.5875,0.3175,-5.715));
#4369=CARTESIAN_POINT('',(-1.5875,0.3175,-5.715));
#4370=VECTOR('',#5139,0.635);
#4371=CARTESIAN_POINT('',(-1.5875,0.3175,-5.715));
#4372=VECTOR('',#5140,0.635);
#4373=CARTESIAN_POINT('',(0.9525,-0.31999999999999,-5.715));
#4374=CARTESIAN_POINT('',(1.5875,-0.31999999999999,-5.715));
#4375=CARTESIAN_POINT('',(0.9525,-0.31999999999999,-5.715));
#4376=VECTOR('',#5141,0.635);
#4377=CARTESIAN_POINT('',(1.5875,0.31999999999999,-5.715));
#4378=CARTESIAN_POINT('',(1.5875,-0.31999999999999,-5.715));
#4379=VECTOR('',#5142,0.63999999999998);
#4380=CARTESIAN_POINT('',(0.9525,0.31999999999999,-5.715));
#4381=CARTESIAN_POINT('',(0.9525,0.31999999999999,-5.715));
#4382=VECTOR('',#5143,0.635);
#4383=CARTESIAN_POINT('',(0.9525,-0.31999999999999,-5.715));
#4384=VECTOR('',#5144,0.63999999999998);
#4385=CARTESIAN_POINT('',(-4.1275,-0.31999999999999,-5.715));
#4386=CARTESIAN_POINT('',(-3.4925,-0.31999999999999,-5.715));
#4387=CARTESIAN_POINT('',(-4.1275,-0.31999999999999,-5.715));
#4388=VECTOR('',#5145,0.635);
#4389=CARTESIAN_POINT('',(-3.4925,0.31999999999999,-5.715));
#4390=CARTESIAN_POINT('',(-3.4925,-0.31999999999999,-5.715));
#4391=VECTOR('',#5146,0.63999999999998);
#4392=CARTESIAN_POINT('',(-4.1275,0.31999999999999,-5.715));
#4393=CARTESIAN_POINT('',(-4.1275,0.31999999999999,-5.715));
#4394=VECTOR('',#5147,0.635);
#4395=CARTESIAN_POINT('',(-4.1275,-0.31999999999999,-5.715));
#4396=VECTOR('',#5148,0.63999999999998);
#4397=CARTESIAN_POINT('',(6.35,-2.54,-5.715));
#4398=VECTOR('',#5149,5.08);
#4399=CARTESIAN_POINT('',(5.75099999999884,-2.54,-5.715));
#4400=VECTOR('',#5150,5.08);
#4401=CARTESIAN_POINT('',(-5.75099999999884,-2.54,-5.715));
#4402=VECTOR('',#5151,5.08);
#4403=CARTESIAN_POINT('',(4.1275,0.3175,-6.4008));
#4404=CARTESIAN_POINT('',(4.1275,0.3175,-6.4008));
#4405=VECTOR('',#5152,0.6858);
#4406=CARTESIAN_POINT('',(3.4925,0.3175,-6.4008));
#4407=VECTOR('',#5153,0.635);
#4408=CARTESIAN_POINT('',(4.1275,0.3175,2.286));
#4409=CARTESIAN_POINT('',(4.1275,0.3175,-3.175));
#4410=VECTOR('',#5154,5.461);
#4411=CARTESIAN_POINT('',(4.1275,0.3175,2.286));
#4412=VECTOR('',#5155,0.635);
#4413=CARTESIAN_POINT('',(4.1275,0.8255,-6.9088));
#4414=AXIS2_PLACEMENT_3D('',#5156,#5157,#5158);
#4415=CARTESIAN_POINT('',(3.4925,0.8255,-6.9088));
#4416=VECTOR('',#5159,0.635);
#4417=CARTESIAN_POINT('',(4.1275,2.8321,-6.9088));
#4418=CARTESIAN_POINT('',(4.1275,2.8321,-6.9088));
#4419=VECTOR('',#5160,2.0066);
#4420=CARTESIAN_POINT('',(4.1275,2.8321,-6.9088));
#4421=VECTOR('',#5161,0.635);
#4422=CARTESIAN_POINT('',(3.9497,3.4671,-7.0866));
#4423=CARTESIAN_POINT('',(4.1275,2.8321,-6.9088));
#4424=VECTOR('',#5162,0.6829719467153);
#4425=CARTESIAN_POINT('',(3.9497,3.4671,-7.0866));
#4426=VECTOR('',#5163,0.2794);
#4427=CARTESIAN_POINT('',(3.9497,3.4671,-7.366));
#4428=VECTOR('',#5164,0.2794);
#4429=CARTESIAN_POINT('',(4.1275,2.8321,-7.5438));
#4430=VECTOR('',#5165,0.635);
#4431=CARTESIAN_POINT('',(4.1275,0.3175,2.286));
#4432=VECTOR('',#5166,0.635);
#4433=CARTESIAN_POINT('',(3.9497,-0.1397,2.921));
#4434=CARTESIAN_POINT('',(4.1275,-0.3175,2.286));
#4435=VECTOR('',#5167,0.6829719467153);
#4436=CARTESIAN_POINT('',(3.9497,0.1397,2.921));
#4437=CARTESIAN_POINT('',(3.9497,0.1397,2.921));
#4438=VECTOR('',#5168,0.6829719467153);
#4439=CARTESIAN_POINT('',(3.9497,0.1397,2.921));
#4440=VECTOR('',#5169,0.2794);
#4441=CARTESIAN_POINT('',(3.6703,0.1397,2.921));
#4442=CARTESIAN_POINT('',(3.9497,0.1397,2.921));
#4443=VECTOR('',#5170,0.2794);
#4444=CARTESIAN_POINT('',(3.6703,-0.1397,2.921));
#4445=CARTESIAN_POINT('',(3.6703,-0.1397,2.921));
#4446=VECTOR('',#5171,0.2794);
#4447=CARTESIAN_POINT('',(3.9497,-0.1397,2.921));
#4448=VECTOR('',#5172,0.2794);
#4449=CARTESIAN_POINT('',(3.6703,-0.1397,2.921));
#4450=VECTOR('',#5173,0.6829719467153);
#4451=CARTESIAN_POINT('',(3.6703,0.1397,2.921));
#4452=VECTOR('',#5174,0.6829719467153);
#4453=CARTESIAN_POINT('',(-1.5875,0.8255,-7.5438));
#4454=CARTESIAN_POINT('',(-1.5875,2.8321,-7.5438));
#4455=CARTESIAN_POINT('',(-1.5875,0.8255,-7.5438));
#4456=VECTOR('',#5175,2.0066);
#4457=CARTESIAN_POINT('',(-1.5875,-0.3175,-6.4008));
#4458=AXIS2_PLACEMENT_3D('',#5176,#5177,#5178);
#4459=CARTESIAN_POINT('',(-1.5875,-0.3175,-5.715));
#4460=VECTOR('',#5179,0.6858);
#4461=CARTESIAN_POINT('',(-1.5875,0.3175,-6.4008));
#4462=CARTESIAN_POINT('',(-1.5875,0.3175,-6.4008));
#4463=VECTOR('',#5180,0.6858);
#4464=CARTESIAN_POINT('',(-1.5875,0.8255,-6.9088));
#4465=AXIS2_PLACEMENT_3D('',#5181,#5182,#5183);
#4466=CARTESIAN_POINT('',(-1.5875,2.8321,-6.9088));
#4467=CARTESIAN_POINT('',(-1.5875,2.8321,-6.9088));
#4468=VECTOR('',#5184,2.0066);
#4469=CARTESIAN_POINT('',(-1.5875,2.8321,-6.9088));
#4470=VECTOR('',#5185,0.635);
#4471=CARTESIAN_POINT('',(-1.5875,0.3175,-0.0762));
#4472=CARTESIAN_POINT('',(-1.5875,0.3175,-3.175));
#4473=VECTOR('',#5186,3.0988);
#4474=CARTESIAN_POINT('',(-1.5875,-0.3175,-0.0762));
#4475=CARTESIAN_POINT('',(-1.5875,-0.3175,-0.0762));
#4476=VECTOR('',#5187,3.0988);
#4477=CARTESIAN_POINT('',(-1.5875,-0.3175,-0.0762));
#4478=VECTOR('',#5188,0.635);
#4479=CARTESIAN_POINT('',(-1.4097,3.4671,-7.0866));
#4480=CARTESIAN_POINT('',(-1.4097,3.4671,-7.0866));
#4481=VECTOR('',#5189,0.6829719467153);
#4482=CARTESIAN_POINT('',(-1.4097,3.4671,-7.366));
#4483=CARTESIAN_POINT('',(-1.4097,3.4671,-7.0866));
#4484=VECTOR('',#5190,0.2794);
#4485=CARTESIAN_POINT('',(-1.4097,3.4671,-7.366));
#4486=VECTOR('',#5191,0.6829719467153);
#4487=CARTESIAN_POINT('',(-1.1303,3.4671,-7.366));
#4488=CARTESIAN_POINT('',(-1.1303,3.4671,-7.366));
#4489=VECTOR('',#5192,0.2794);
#4490=CARTESIAN_POINT('',(-0.9525,2.8321,-7.5438));
#4491=CARTESIAN_POINT('',(-1.1303,3.4671,-7.366));
#4492=VECTOR('',#5193,0.6829719467153);
#4493=CARTESIAN_POINT('',(-0.9525,2.8321,-7.5438));
#4494=VECTOR('',#5194,0.635);
#4495=CARTESIAN_POINT('',(-0.9525,0.8255,-7.5438));
#4496=CARTESIAN_POINT('',(-0.9525,0.8255,-7.5438));
#4497=VECTOR('',#5195,2.0066);
#4498=CARTESIAN_POINT('',(-1.5875,0.8255,-7.5438));
#4499=VECTOR('',#5196,0.635);
#4500=CARTESIAN_POINT('',(-0.9525,-0.3175,-6.4008));
#4501=AXIS2_PLACEMENT_3D('',#5197,#5198,#5199);
#4502=CARTESIAN_POINT('',(-1.5875,-0.3175,-6.4008));
#4503=VECTOR('',#5200,0.635);
#4504=CARTESIAN_POINT('',(-0.9525,-0.3175,-5.715));
#4505=VECTOR('',#5201,0.6858);
#4506=CARTESIAN_POINT('',(-0.9525,-0.3175,-0.0762));
#4507=CARTESIAN_POINT('',(-0.9525,-0.3175,-0.0762));
#4508=VECTOR('',#5202,3.0988);
#4509=CARTESIAN_POINT('',(-1.5875,-0.3175,-0.0762));
#4510=VECTOR('',#5203,0.635);
#4511=CARTESIAN_POINT('',(-0.9525,2.8321,-6.9088));
#4512=CARTESIAN_POINT('',(-0.9525,0.8255,-6.9088));
#4513=CARTESIAN_POINT('',(-0.9525,2.8321,-6.9088));
#4514=VECTOR('',#5204,2.0066);
#4515=CARTESIAN_POINT('',(-0.9525,0.3175,-6.4008));
#4516=AXIS2_PLACEMENT_3D('',#5205,#5206,#5207);
#4517=CARTESIAN_POINT('',(-0.9525,0.3175,-6.4008));
#4518=VECTOR('',#5208,0.6858);
#4519=CARTESIAN_POINT('',(-0.9525,2.8321,-7.5438));
#4520=VECTOR('',#5209,0.635);
#4521=CARTESIAN_POINT('',(-0.9525,0.3175,-0.0762));
#4522=CARTESIAN_POINT('',(-0.9525,0.3175,-3.175));
#4523=VECTOR('',#5210,3.0988);
#4524=CARTESIAN_POINT('',(-0.9525,-0.3175,-0.0762));
#4525=VECTOR('',#5211,0.635);
#4526=CARTESIAN_POINT('',(-1.1303,3.4671,-7.0866));
#4527=CARTESIAN_POINT('',(-0.9525,2.8321,-6.9088));
#4528=VECTOR('',#5212,0.6829719467153);
#4529=CARTESIAN_POINT('',(-1.1303,3.4671,-7.366));
#4530=VECTOR('',#5213,0.2794);
#4531=CARTESIAN_POINT('',(-1.1303,3.4671,-7.0866));
#4532=VECTOR('',#5214,0.2794);
#4533=CARTESIAN_POINT('',(-0.9525,2.8321,-6.9088));
#4534=VECTOR('',#5215,0.635);
#4535=CARTESIAN_POINT('',(-1.5875,0.8255,-6.9088));
#4536=VECTOR('',#5216,0.635);
#4537=CARTESIAN_POINT('',(-1.5875,0.3175,-6.4008));
#4538=VECTOR('',#5217,0.635);
#4539=CARTESIAN_POINT('',(-1.5875,0.3175,-0.0762));
#4540=VECTOR('',#5218,0.635);
#4541=CARTESIAN_POINT('',(2.54,1.016,-0.0762));
#4542=CARTESIAN_POINT('',(-5.08,1.016,-0.0762));
#4543=CARTESIAN_POINT('',(2.54,1.016,-0.0762));
#4544=VECTOR('',#5219,7.62);
#4545=CARTESIAN_POINT('',(2.54,-1.016,-0.0762));
#4546=CARTESIAN_POINT('',(2.54,-1.016,-0.0762));
#4547=VECTOR('',#5220,2.032);
#4548=CARTESIAN_POINT('',(-5.08,-1.016,-0.0762));
#4549=CARTESIAN_POINT('',(-5.08,-1.016,-0.0762));
#4550=VECTOR('',#5221,7.62);
#4551=CARTESIAN_POINT('',(-5.08,1.016,-0.0762));
#4552=VECTOR('',#5222,2.032);
#4553=CARTESIAN_POINT('',(0.9525,-0.31999999999999,-0.0762));
#4554=CARTESIAN_POINT('',(1.5875,-0.31999999999999,-0.0762));
#4555=CARTESIAN_POINT('',(0.9525,-0.31999999999999,-0.0762));
#4556=VECTOR('',#5223,0.635);
#4557=CARTESIAN_POINT('',(1.5875,0.31999999999999,-0.0762));
#4558=CARTESIAN_POINT('',(1.5875,0.31999999999999,-0.0762));
#4559=VECTOR('',#5224,0.63999999999998);
#4560=CARTESIAN_POINT('',(0.9525,0.31999999999999,-0.0762));
#4561=CARTESIAN_POINT('',(0.9525,0.31999999999999,-0.0762));
#4562=VECTOR('',#5225,0.635);
#4563=CARTESIAN_POINT('',(0.9525,0.31999999999999,-0.0762));
#4564=VECTOR('',#5226,0.63999999999998);
#4565=CARTESIAN_POINT('',(-4.1275,-0.31999999999999,-0.0762));
#4566=CARTESIAN_POINT('',(-3.4925,-0.31999999999999,-0.0762));
#4567=CARTESIAN_POINT('',(-4.1275,-0.31999999999999,-0.0762));
#4568=VECTOR('',#5227,0.635);
#4569=CARTESIAN_POINT('',(-3.4925,0.31999999999999,-0.0762));
#4570=CARTESIAN_POINT('',(-3.4925,0.31999999999999,-0.0762));
#4571=VECTOR('',#5228,0.63999999999998);
#4572=CARTESIAN_POINT('',(-4.1275,0.31999999999999,-0.0762));
#4573=CARTESIAN_POINT('',(-4.1275,0.31999999999999,-0.0762));
#4574=VECTOR('',#5229,0.635);
#4575=CARTESIAN_POINT('',(-4.1275,0.31999999999999,-0.0762));
#4576=VECTOR('',#5230,0.63999999999998);
#4577=CARTESIAN_POINT('',(-5.08,1.016,5.715));
#4578=VECTOR('',#5231,5.7912);
#4579=CARTESIAN_POINT('',(-5.08,-1.016,5.715));
#4580=VECTOR('',#5232,5.7912);
#4581=CARTESIAN_POINT('',(2.54,-1.016,5.715));
#4582=VECTOR('',#5233,5.7912);
#4583=CARTESIAN_POINT('',(2.54,1.016,5.715));
#4584=VECTOR('',#5234,5.7912);
#4585=CARTESIAN_POINT('',(0.9525,-0.820000000000022,-6.9088));
#4586=CARTESIAN_POINT('',(0.9525,-2.8321,-6.9088));
#4587=CARTESIAN_POINT('',(0.9525,-0.820000000000022,-6.9088));
#4588=VECTOR('',#5235,2.01209999999998);
#4589=CARTESIAN_POINT('',(0.9525,-0.31999999999999,-6.40879999999946));
#4590=AXIS2_PLACEMENT_3D('',#5236,#5237,#5238);
#4591=CARTESIAN_POINT('',(0.9525,-0.31999999999999,-5.715));
#4592=VECTOR('',#5239,0.693799999999968);
#4593=CARTESIAN_POINT('',(0.9525,0.31999999999999,-6.40879999999946));
#4594=CARTESIAN_POINT('',(0.9525,0.31999999999999,-6.40879999999946));
#4595=VECTOR('',#5240,0.693799999999968);
#4596=CARTESIAN_POINT('',(0.9525,-0.820000000000022,-7.54879999999998));
#4597=AXIS2_PLACEMENT_3D('',#5241,#5242,#5243);
#4598=CARTESIAN_POINT('',(0.9525,-2.8321,-7.54879999999998));
#4599=CARTESIAN_POINT('',(0.9525,-2.8321,-7.54879999999998));
#4600=VECTOR('',#5244,2.01209999999998);
#4601=CARTESIAN_POINT('',(0.9525,-2.8321,-7.54879999999998));
#4602=VECTOR('',#5245,0.63999999999998);
#4603=CARTESIAN_POINT('',(0.9525,0.31999999999999,-3.175));
#4604=VECTOR('',#5246,3.0988);
#4605=CARTESIAN_POINT('',(0.9525,-0.31999999999999,-0.0762));
#4606=VECTOR('',#5247,3.0988);
#4607=CARTESIAN_POINT('',(1.1303,-3.4671,-7.37099999999998));
#4608=CARTESIAN_POINT('',(1.1303,-3.4671,-7.37099999999998));
#4609=VECTOR('',#5248,0.6829719467153);
#4610=CARTESIAN_POINT('',(1.1303,-3.4671,-7.0866));
#4611=CARTESIAN_POINT('',(1.1303,-3.4671,-7.37099999999998));
#4612=VECTOR('',#5249,0.28439999999998);
#4613=CARTESIAN_POINT('',(1.1303,-3.4671,-7.0866));
#4614=VECTOR('',#5250,0.6829719467153);
#4615=CARTESIAN_POINT('',(1.4097,-3.4671,-7.0866));
#4616=CARTESIAN_POINT('',(1.4097,-3.4671,-7.0866));
#4617=VECTOR('',#5251,0.2794);
#4618=CARTESIAN_POINT('',(1.5875,-2.8321,-6.9088));
#4619=CARTESIAN_POINT('',(1.4097,-3.4671,-7.0866));
#4620=VECTOR('',#5252,0.6829719467153);
#4621=CARTESIAN_POINT('',(1.5875,-2.8321,-6.9088));
#4622=VECTOR('',#5253,0.635);
#4623=CARTESIAN_POINT('',(1.5875,-0.820000000000022,-6.9088));
#4624=CARTESIAN_POINT('',(1.5875,-0.820000000000022,-6.9088));
#4625=VECTOR('',#5254,2.01209999999998);
#4626=CARTESIAN_POINT('',(0.9525,-0.820000000000022,-6.9088));
#4627=VECTOR('',#5255,0.635);
#4628=CARTESIAN_POINT('',(1.5875,-0.31999999999999,-6.40879999999946));
#4629=AXIS2_PLACEMENT_3D('',#5256,#5257,#5258);
#4630=CARTESIAN_POINT('',(0.9525,-0.31999999999999,-6.40879999999946));
#4631=VECTOR('',#5259,0.635);
#4632=CARTESIAN_POINT('',(1.5875,-0.31999999999999,-5.715));
#4633=VECTOR('',#5260,0.693799999999968);
#4634=CARTESIAN_POINT('',(1.5875,-0.31999999999999,-0.0762));
#4635=VECTOR('',#5261,3.0988);
#4636=CARTESIAN_POINT('',(1.5875,-2.8321,-7.54879999999998));
#4637=CARTESIAN_POINT('',(1.5875,-0.820000000000022,-7.54879999999998));
#4638=CARTESIAN_POINT('',(1.5875,-2.8321,-7.54879999999998));
#4639=VECTOR('',#5262,2.01209999999998);
#4640=CARTESIAN_POINT('',(1.5875,0.31999999999999,-6.40879999999946));
#4641=AXIS2_PLACEMENT_3D('',#5263,#5264,#5265);
#4642=CARTESIAN_POINT('',(1.5875,0.31999999999999,-6.40879999999946));
#4643=VECTOR('',#5266,0.693799999999968);
#4644=CARTESIAN_POINT('',(1.5875,-2.8321,-6.9088));
#4645=VECTOR('',#5267,0.63999999999998);
#4646=CARTESIAN_POINT('',(1.5875,0.31999999999999,-3.175));
#4647=VECTOR('',#5268,3.0988);
#4648=CARTESIAN_POINT('',(1.4097,-3.4671,-7.37099999999998));
#4649=CARTESIAN_POINT('',(1.5875,-2.8321,-7.54879999999998));
#4650=VECTOR('',#5269,0.6829719467153);
#4651=CARTESIAN_POINT('',(1.4097,-3.4671,-7.0866));
#4652=VECTOR('',#5270,0.28439999999998);
#4653=CARTESIAN_POINT('',(1.4097,-3.4671,-7.37099999999998));
#4654=VECTOR('',#5271,0.2794);
#4655=CARTESIAN_POINT('',(1.5875,-2.8321,-7.54879999999998));
#4656=VECTOR('',#5272,0.635);
#4657=CARTESIAN_POINT('',(0.9525,-0.820000000000022,-7.54879999999998));
#4658=VECTOR('',#5273,0.635);
#4659=CARTESIAN_POINT('',(0.9525,0.31999999999999,-6.40879999999946));
#4660=VECTOR('',#5274,0.635);
#4661=CARTESIAN_POINT('',(-4.1275,-0.820000000000022,-6.9088));
#4662=CARTESIAN_POINT('',(-4.1275,-2.8321,-6.9088));
#4663=CARTESIAN_POINT('',(-4.1275,-0.820000000000022,-6.9088));
#4664=VECTOR('',#5275,2.01209999999998);
#4665=CARTESIAN_POINT('',(-4.1275,-0.31999999999999,-6.40879999999946));
#4666=AXIS2_PLACEMENT_3D('',#5276,#5277,#5278);
#4667=CARTESIAN_POINT('',(-4.1275,-0.31999999999999,-5.715));
#4668=VECTOR('',#5279,0.693799999999968);
#4669=CARTESIAN_POINT('',(-4.1275,0.31999999999999,-6.40879999999946));
#4670=CARTESIAN_POINT('',(-4.1275,0.31999999999999,-6.40879999999946));
#4671=VECTOR('',#5280,0.693799999999968);
#4672=CARTESIAN_POINT('',(-4.1275,-0.820000000000022,-7.54879999999998));
#4673=AXIS2_PLACEMENT_3D('',#5281,#5282,#5283);
#4674=CARTESIAN_POINT('',(-4.1275,-2.8321,-7.54879999999998));
#4675=CARTESIAN_POINT('',(-4.1275,-2.8321,-7.54879999999998));
#4676=VECTOR('',#5284,2.01209999999998);
#4677=CARTESIAN_POINT('',(-4.1275,-2.8321,-7.54879999999998));
#4678=VECTOR('',#5285,0.63999999999998);
#4679=CARTESIAN_POINT('',(-4.1275,0.31999999999999,-3.175));
#4680=VECTOR('',#5286,3.0988);
#4681=CARTESIAN_POINT('',(-4.1275,-0.31999999999999,-0.0762));
#4682=VECTOR('',#5287,3.0988);
#4683=CARTESIAN_POINT('',(-3.9497,-3.4671,-7.37099999999998));
#4684=CARTESIAN_POINT('',(-3.9497,-3.4671,-7.37099999999998));
#4685=VECTOR('',#5288,0.6829719467153);
#4686=CARTESIAN_POINT('',(-3.9497,-3.4671,-7.0866));
#4687=CARTESIAN_POINT('',(-3.9497,-3.4671,-7.37099999999998));
#4688=VECTOR('',#5289,0.28439999999998);
#4689=CARTESIAN_POINT('',(-3.9497,-3.4671,-7.0866));
#4690=VECTOR('',#5290,0.6829719467153);
#4691=CARTESIAN_POINT('',(-3.6703,-3.4671,-7.0866));
#4692=CARTESIAN_POINT('',(-3.6703,-3.4671,-7.0866));
#4693=VECTOR('',#5291,0.2794);
#4694=CARTESIAN_POINT('',(-3.4925,-2.8321,-6.9088));
#4695=CARTESIAN_POINT('',(-3.6703,-3.4671,-7.0866));
#4696=VECTOR('',#5292,0.6829719467153);
#4697=CARTESIAN_POINT('',(-3.4925,-2.8321,-6.9088));
#4698=VECTOR('',#5293,0.635);
#4699=CARTESIAN_POINT('',(-3.4925,-0.820000000000022,-6.9088));
#4700=CARTESIAN_POINT('',(-3.4925,-0.820000000000022,-6.9088));
#4701=VECTOR('',#5294,2.01209999999998);
#4702=CARTESIAN_POINT('',(-4.1275,-0.820000000000022,-6.9088));
#4703=VECTOR('',#5295,0.635);
#4704=CARTESIAN_POINT('',(-3.4925,-0.31999999999999,-6.40879999999946));
#4705=AXIS2_PLACEMENT_3D('',#5296,#5297,#5298);
#4706=CARTESIAN_POINT('',(-4.1275,-0.31999999999999,-6.40879999999946));
#4707=VECTOR('',#5299,0.635);
#4708=CARTESIAN_POINT('',(-3.4925,-0.31999999999999,-5.715));
#4709=VECTOR('',#5300,0.693799999999968);
#4710=CARTESIAN_POINT('',(-3.4925,-0.31999999999999,-0.0762));
#4711=VECTOR('',#5301,3.0988);
#4712=CARTESIAN_POINT('',(-3.4925,-2.8321,-7.54879999999998));
#4713=CARTESIAN_POINT('',(-3.4925,-0.820000000000022,-7.54879999999998));
#4714=CARTESIAN_POINT('',(-3.4925,-2.8321,-7.54879999999998));
#4715=VECTOR('',#5302,2.01209999999998);
#4716=CARTESIAN_POINT('',(-3.4925,0.31999999999999,-6.40879999999946));
#4717=AXIS2_PLACEMENT_3D('',#5303,#5304,#5305);
#4718=CARTESIAN_POINT('',(-3.4925,0.31999999999999,-6.40879999999946));
#4719=VECTOR('',#5306,0.693799999999968);
#4720=CARTESIAN_POINT('',(-3.4925,-2.8321,-6.9088));
#4721=VECTOR('',#5307,0.63999999999998);
#4722=CARTESIAN_POINT('',(-3.4925,0.31999999999999,-3.175));
#4723=VECTOR('',#5308,3.0988);
#4724=CARTESIAN_POINT('',(-3.6703,-3.4671,-7.37099999999998));
#4725=CARTESIAN_POINT('',(-3.4925,-2.8321,-7.54879999999998));
#4726=VECTOR('',#5309,0.6829719467153);
#4727=CARTESIAN_POINT('',(-3.6703,-3.4671,-7.0866));
#4728=VECTOR('',#5310,0.28439999999998);
#4729=CARTESIAN_POINT('',(-3.6703,-3.4671,-7.37099999999998));
#4730=VECTOR('',#5311,0.2794);
#4731=CARTESIAN_POINT('',(-3.4925,-2.8321,-7.54879999999998));
#4732=VECTOR('',#5312,0.635);
#4733=CARTESIAN_POINT('',(-4.1275,-0.820000000000022,-7.54879999999998));
#4734=VECTOR('',#5313,0.635);
#4735=CARTESIAN_POINT('',(-4.1275,0.31999999999999,-6.40879999999946));
#4736=VECTOR('',#5314,0.635);
#4737=CARTESIAN_POINT('',(5.36999999999884,2.54,-6.096));
#4738=VECTOR('',#5315,5.08);
#4739=CARTESIAN_POINT('',(4.318,1.524,-4.953));
#4740=CARTESIAN_POINT('',(4.318,1.524,-5.715));
#4741=VECTOR('',#5316,0.762);
#4742=CARTESIAN_POINT('',(4.318,2.54,-4.953));
#4743=VECTOR('',#5317,1.016);
#4744=CARTESIAN_POINT('',(3.302,-1.524,-4.953));
#4745=CARTESIAN_POINT('',(3.302,-2.54,-4.953));
#4746=VECTOR('',#5318,1.016);
#4747=CARTESIAN_POINT('',(4.318,-1.524,-4.953));
#4748=CARTESIAN_POINT('',(3.302,-1.524,-4.953));
#4749=VECTOR('',#5319,1.016);
#4750=CARTESIAN_POINT('',(4.318,-1.524,-4.953));
#4751=VECTOR('',#5320,1.016);
#4752=CARTESIAN_POINT('',(3.302,1.524,-4.953));
#4753=CARTESIAN_POINT('',(4.318,1.524,-4.953));
#4754=VECTOR('',#5321,1.016);
#4755=CARTESIAN_POINT('',(3.302,1.524,-4.953));
#4756=VECTOR('',#5322,1.016);
#4757=CARTESIAN_POINT('',(4.318,-1.524,-5.715));
#4758=VECTOR('',#5323,0.762);
#4759=CARTESIAN_POINT('',(3.302,-1.524,-5.715));
#4760=VECTOR('',#5324,0.762);
#4761=CARTESIAN_POINT('',(3.302,1.524,-5.715));
#4762=VECTOR('',#5325,0.762);
#4763=CARTESIAN_POINT('',(1.778,1.524,-4.953));
#4764=CARTESIAN_POINT('',(1.778,1.524,-5.715));
#4765=VECTOR('',#5326,0.762);
#4766=CARTESIAN_POINT('',(1.778,2.54,-4.953));
#4767=VECTOR('',#5327,1.016);
#4768=CARTESIAN_POINT('',(0.762,-1.524,-4.953));
#4769=CARTESIAN_POINT('',(0.762,-2.54,-4.953));
#4770=VECTOR('',#5328,1.016);
#4771=CARTESIAN_POINT('',(1.778,-1.524,-4.953));
#4772=CARTESIAN_POINT('',(0.762,-1.524,-4.953));
#4773=VECTOR('',#5329,1.016);
#4774=CARTESIAN_POINT('',(1.778,-1.524,-4.953));
#4775=VECTOR('',#5330,1.016);
#4776=CARTESIAN_POINT('',(0.762,1.524,-4.953));
#4777=CARTESIAN_POINT('',(1.778,1.524,-4.953));
#4778=VECTOR('',#5331,1.016);
#4779=CARTESIAN_POINT('',(0.762,1.524,-4.953));
#4780=VECTOR('',#5332,1.016);
#4781=CARTESIAN_POINT('',(1.778,-1.524,-5.715));
#4782=VECTOR('',#5333,0.762);
#4783=CARTESIAN_POINT('',(0.762,-1.524,-5.715));
#4784=VECTOR('',#5334,0.762);
#4785=CARTESIAN_POINT('',(0.762,1.524,-5.715));
#4786=VECTOR('',#5335,0.762);
#4787=CARTESIAN_POINT('',(-0.762,1.524,-4.953));
#4788=CARTESIAN_POINT('',(-0.762,1.524,-5.715));
#4789=VECTOR('',#5336,0.762);
#4790=CARTESIAN_POINT('',(-0.762,2.54,-4.953));
#4791=VECTOR('',#5337,1.016);
#4792=CARTESIAN_POINT('',(-1.778,-1.524,-4.953));
#4793=CARTESIAN_POINT('',(-1.778,-2.54,-4.953));
#4794=VECTOR('',#5338,1.016);
#4795=CARTESIAN_POINT('',(-0.762,-1.524,-4.953));
#4796=CARTESIAN_POINT('',(-1.778,-1.524,-4.953));
#4797=VECTOR('',#5339,1.016);
#4798=CARTESIAN_POINT('',(-0.762,-1.524,-4.953));
#4799=VECTOR('',#5340,1.016);
#4800=CARTESIAN_POINT('',(-1.778,1.524,-4.953));
#4801=CARTESIAN_POINT('',(-0.762,1.524,-4.953));
#4802=VECTOR('',#5341,1.016);
#4803=CARTESIAN_POINT('',(-1.778,1.524,-4.953));
#4804=VECTOR('',#5342,1.016);
#4805=CARTESIAN_POINT('',(-0.762,-1.524,-5.715));
#4806=VECTOR('',#5343,0.762);
#4807=CARTESIAN_POINT('',(-1.778,-1.524,-5.715));
#4808=VECTOR('',#5344,0.762);
#4809=CARTESIAN_POINT('',(-1.778,1.524,-5.715));
#4810=VECTOR('',#5345,0.762);
#4811=CARTESIAN_POINT('',(-3.302,1.524,-4.953));
#4812=CARTESIAN_POINT('',(-3.302,1.524,-5.715));
#4813=VECTOR('',#5346,0.762);
#4814=CARTESIAN_POINT('',(-3.302,2.54,-4.953));
#4815=VECTOR('',#5347,1.016);
#4816=CARTESIAN_POINT('',(-4.318,-1.524,-4.953));
#4817=CARTESIAN_POINT('',(-4.318,-2.54,-4.953));
#4818=VECTOR('',#5348,1.016);
#4819=CARTESIAN_POINT('',(-3.302,-1.524,-4.953));
#4820=CARTESIAN_POINT('',(-4.318,-1.524,-4.953));
#4821=VECTOR('',#5349,1.016);
#4822=CARTESIAN_POINT('',(-3.302,-1.524,-4.953));
#4823=VECTOR('',#5350,1.016);
#4824=CARTESIAN_POINT('',(-4.318,1.524,-4.953));
#4825=CARTESIAN_POINT('',(-3.302,1.524,-4.953));
#4826=VECTOR('',#5351,1.016);
#4827=CARTESIAN_POINT('',(-4.318,1.524,-4.953));
#4828=VECTOR('',#5352,1.016);
#4829=CARTESIAN_POINT('',(-3.302,-1.524,-5.715));
#4830=VECTOR('',#5353,0.762);
#4831=CARTESIAN_POINT('',(-4.318,-1.524,-5.715));
#4832=VECTOR('',#5354,0.762);
#4833=CARTESIAN_POINT('',(-4.318,1.524,-5.715));
#4834=VECTOR('',#5355,0.762);
#4835=CARTESIAN_POINT('',(-5.36999999999884,2.54,-6.096));
#4836=VECTOR('',#5356,5.08);
#4837=CARTESIAN_POINT('',(5.334,-1.524,5.207));
#4838=VECTOR('',#5357,8.382);
#4839=CARTESIAN_POINT('',(3.175,-1.524,-3.175));
#4840=VECTOR('',#5358,8.382);
#4841=CARTESIAN_POINT('',(-1.905,-1.524,-3.175));
#4842=VECTOR('',#5359,8.382);
#4843=CARTESIAN_POINT('',(1.905,-1.524,-3.175));
#4844=VECTOR('',#5360,8.382);
#4845=CARTESIAN_POINT('',(-5.334,-1.524,5.207));
#4846=VECTOR('',#5361,8.382);
#4847=CARTESIAN_POINT('',(5.334,1.524,5.207));
#4848=VECTOR('',#5362,3.048);
#4849=CARTESIAN_POINT('',(5.334,1.524,5.207));
#4850=VECTOR('',#5363,0.879881810245052);
#4851=CARTESIAN_POINT('',(2.794,1.524,5.207));
#4852=VECTOR('',#5364,0.879881810245052);
#4853=CARTESIAN_POINT('',(2.794,3.048,5.207));
#4854=CARTESIAN_POINT('',(2.794,3.048,5.207));
#4855=VECTOR('',#5365,0.879881810245052);
#4856=CARTESIAN_POINT('',(2.794,3.048,5.207));
#4857=VECTOR('',#5366,1.524);
#4858=CARTESIAN_POINT('',(2.794,3.048,2.8448));
#4859=CARTESIAN_POINT('',(2.794,3.048,5.207));
#4860=VECTOR('',#5367,2.3622);
#4861=CARTESIAN_POINT('',(2.794,4.064,2.8448));
#4862=VECTOR('',#5368,1.016);
#4863=CARTESIAN_POINT('',(2.794,2.54,1.905));
#4864=VECTOR('',#5369,1.524);
#4865=CARTESIAN_POINT('',(-3.81,2.54,1.905));
#4866=VECTOR('',#5370,1.524);
#4867=CARTESIAN_POINT('',(1.4478,3.048,4.191));
#4868=AXIS2_PLACEMENT_3D('',#5371,#5372,#5373);
#4869=CARTESIAN_POINT('',(1.4478,4.064,4.191));
#4870=VECTOR('',#5374,1.016);
#4871=CARTESIAN_POINT('',(-1.4478,3.048,4.191));
#4872=CARTESIAN_POINT('',(-1.4478,3.048,4.191));
#4873=VECTOR('',#5375,2.8956);
#4874=CARTESIAN_POINT('',(-1.4478,4.064,4.191));
#4875=VECTOR('',#5376,1.016);
#4876=AXIS2_PLACEMENT_3D('',#5377,#5378,#5379);
#4877=CARTESIAN_POINT('',(-2.794,3.048,5.207));
#4878=VECTOR('',#5380,5.588);
#4879=DIRECTION('',(0.0,1.0,0.0));
#4880=DIRECTION('',(0.0,0.0,-1.0));
#4881=DIRECTION('',(0.0,-1.0,0.0));
#4882=DIRECTION('',(0.0,0.0,1.0));
#4883=DIRECTION('',(0.0,-1.0,0.0));
#4884=DIRECTION('',(0.0,0.0,1.0));
#4885=DIRECTION('',(0.0,-1.0,0.0));
#4886=DIRECTION('',(0.0,0.0,1.0));
#4887=DIRECTION('',(0.0,0.0,-1.0));
#4888=DIRECTION('',(1.0,0.0,0.0));
#4889=DIRECTION('',(1.0,0.0,0.0));
#4890=DIRECTION('',(0.0,0.0,1.0));
#4891=DIRECTION('',(-1.0,0.0,0.0));
#4892=DIRECTION('',(0.0,0.0,-1.0));
#4893=DIRECTION('',(1.0,0.0,0.0));
#4894=DIRECTION('',(1.0,0.0,0.0));
#4895=DIRECTION('',(0.0,0.0,-1.0));
#4896=DIRECTION('',(1.0,0.0,0.0));
#4897=DIRECTION('',(0.0,0.0,1.0));
#4898=DIRECTION('',(1.0,0.0,0.0));
#4899=DIRECTION('',(0.707106781186597,0.0,0.707106781186498));
#4900=DIRECTION('',(0.707106781186597,0.0,-0.707106781186498));
#4901=DIRECTION('',(1.0,0.0,0.0));
#4902=DIRECTION('',(0.0,0.0,1.0));
#4903=DIRECTION('',(-1.0,0.0,0.0));
#4904=DIRECTION('',(0.0,0.0,1.0));
#4905=DIRECTION('',(1.0,0.0,0.0));
#4906=DIRECTION('',(0.0,0.0,1.0));
#4907=DIRECTION('',(-1.0,0.0,0.0));
#4908=DIRECTION('',(0.0,0.0,1.0));
#4909=DIRECTION('',(1.0,0.0,0.0));
#4910=DIRECTION('',(0.0,0.0,1.0));
#4911=DIRECTION('',(-1.0,0.0,0.0));
#4912=DIRECTION('',(0.0,0.0,1.0));
#4913=DIRECTION('',(1.0,0.0,0.0));
#4914=DIRECTION('',(0.0,0.0,1.0));
#4915=DIRECTION('',(-1.0,0.0,0.0));
#4916=DIRECTION('',(0.0,0.0,1.0));
#4917=DIRECTION('',(1.0,0.0,0.0));
#4918=DIRECTION('',(0.707106781186597,0.0,0.707106781186498));
#4919=DIRECTION('',(0.707106781186597,0.0,-0.707106781186498));
#4920=DIRECTION('',(1.0,0.0,0.0));
#4921=DIRECTION('',(1.0,0.0,0.0));
#4922=DIRECTION('',(0.0,1.0,0.0));
#4923=DIRECTION('',(1.0,0.0,0.0));
#4924=DIRECTION('',(0.0,1.0,0.0));
#4925=DIRECTION('',(-1.0,0.0,0.0));
#4926=DIRECTION('',(0.0,1.0,0.0));
#4927=DIRECTION('',(-1.0,0.0,0.0));
#4928=DIRECTION('',(0.0,1.0,0.0));
#4929=DIRECTION('',(1.0,0.0,0.0));
#4930=DIRECTION('',(0.0,1.0,0.0));
#4931=DIRECTION('',(1.0,0.0,0.0));
#4932=DIRECTION('',(0.0,1.0,0.0));
#4933=DIRECTION('',(1.0,0.0,0.0));
#4934=DIRECTION('',(0.0,1.0,0.0));
#4935=DIRECTION('',(1.0,0.0,0.0));
#4936=DIRECTION('',(1.0,0.0,0.0));
#4937=DIRECTION('',(0.0,1.0,0.0));
#4938=DIRECTION('',(1.0,0.0,0.0));
#4939=DIRECTION('',(0.0,1.0,0.0));
#4940=DIRECTION('',(1.0,0.0,0.0));
#4941=DIRECTION('',(1.0,0.0,0.0));
#4942=DIRECTION('',(0.0,1.0,0.0));
#4943=DIRECTION('',(-1.0,0.0,0.0));
#4944=DIRECTION('',(0.0,-1.0,0.0));
#4945=DIRECTION('',(-1.0,0.0,0.0));
#4946=DIRECTION('',(0.0,1.0,0.0));
#4947=DIRECTION('',(1.0,0.0,0.0));
#4948=DIRECTION('',(0.707106781186597,0.0,-0.707106781186498));
#4949=DIRECTION('',(0.707106781186597,0.0,0.707106781186498));
#4950=DIRECTION('',(1.0,0.0,0.0));
#4951=DIRECTION('',(0.0,0.0,1.0));
#4952=DIRECTION('',(-1.0,0.0,0.0));
#4953=DIRECTION('',(0.0,0.0,1.0));
#4954=DIRECTION('',(1.0,0.0,0.0));
#4955=DIRECTION('',(0.0,0.0,1.0));
#4956=DIRECTION('',(-1.0,0.0,0.0));
#4957=DIRECTION('',(0.0,0.0,1.0));
#4958=DIRECTION('',(1.0,0.0,0.0));
#4959=DIRECTION('',(0.0,0.0,1.0));
#4960=DIRECTION('',(-1.0,0.0,0.0));
#4961=DIRECTION('',(0.0,0.0,1.0));
#4962=DIRECTION('',(1.0,0.0,0.0));
#4963=DIRECTION('',(0.0,0.0,1.0));
#4964=DIRECTION('',(-1.0,0.0,0.0));
#4965=DIRECTION('',(0.0,0.0,1.0));
#4966=DIRECTION('',(1.0,0.0,0.0));
#4967=DIRECTION('',(0.707106781186597,0.0,-0.707106781186498));
#4968=DIRECTION('',(0.707106781186597,0.0,0.707106781186498));
#4969=DIRECTION('',(1.0,0.0,0.0));
#4970=DIRECTION('',(0.0,0.0,-1.0));
#4971=DIRECTION('',(1.0,0.0,0.0));
#4972=DIRECTION('',(0.0,0.0,-1.0));
#4973=DIRECTION('',(-1.0,0.0,0.0));
#4974=DIRECTION('',(0.0,0.0,-1.0));
#4975=DIRECTION('',(0.0,0.0,-1.0));
#4976=DIRECTION('',(-1.0,0.0,0.0));
#4977=DIRECTION('',(0.0,0.0,-1.0));
#4978=DIRECTION('',(0.0,-1.0,0.0));
#4979=DIRECTION('',(0.0,0.0,1.0));
#4980=DIRECTION('',(0.0,0.707106781186547,-0.707106781186547));
#4981=DIRECTION('',(-1.0,0.0,0.0));
#4982=DIRECTION('',(-0.577350269189626,-0.577350269189626,0.577350269189626));
#4983=DIRECTION('',(-1.0,0.0,0.0));
#4984=DIRECTION('',(0.577350269189626,-0.577350269189626,0.577350269189626));
#4985=DIRECTION('',(-1.0,0.0,0.0));
#4986=DIRECTION('',(0.0,0.707106781186547,-0.707106781186547));
#4987=DIRECTION('',(-1.0,0.0,0.0));
#4988=DIRECTION('',(0.0,0.707106781186547,-0.707106781186547));
#4989=DIRECTION('',(0.0,0.707106781186547,-0.707106781186547));
#4990=DIRECTION('',(0.0,1.0,0.0));
#4991=DIRECTION('',(-0.577350269189626,0.577350269189626,0.577350269189626));
#4992=DIRECTION('',(1.0,0.0,0.0));
#4993=DIRECTION('',(-0.577350269189626,0.577350269189626,0.577350269189626));
#4994=DIRECTION('',(0.0,1.0,0.0));
#4995=DIRECTION('',(-0.577350269189626,0.577350269189626,0.577350269189626));
#4996=DIRECTION('',(0.0,1.0,0.0));
#4997=DIRECTION('',(0.0,-1.0,0.0));
#4998=DIRECTION('',(0.0,1.0,0.0));
#4999=DIRECTION('',(1.0,0.0,0.0));
#5000=DIRECTION('',(0.0,-1.0,0.0));
#5001=DIRECTION('',(0.0,1.0,0.0));
#5002=DIRECTION('',(1.0,0.0,0.0));
#5003=DIRECTION('',(0.0,-1.0,0.0));
#5004=DIRECTION('',(-1.0,0.0,0.0));
#5005=DIRECTION('',(0.0,-1.0,0.0));
#5006=DIRECTION('',(1.0,0.0,0.0));
#5007=DIRECTION('',(0.0,-1.0,0.0));
#5008=DIRECTION('',(-1.0,0.0,0.0));
#5009=DIRECTION('',(0.0,1.0,0.0));
#5010=DIRECTION('',(0.0,0.0,1.0));
#5011=DIRECTION('',(0.0,0.0,1.0));
#5012=DIRECTION('',(0.0,1.0,0.0));
#5013=DIRECTION('',(0.0,0.0,1.0));
#5014=DIRECTION('',(1.0,0.0,0.0));
#5015=DIRECTION('',(-1.0,0.0,0.0));
#5016=DIRECTION('',(1.0,0.0,0.0));
#5017=DIRECTION('',(0.0,0.0,1.0));
#5018=DIRECTION('',(1.0,0.0,0.0));
#5019=DIRECTION('',(0.0,0.0,1.0));
#5020=CARTESIAN_POINT('',(1.4478,4.064,2.8448));
#5021=DIRECTION('',(0.0,1.0,0.0));
#5022=DIRECTION('',(0.0,0.0,1.0));
#5023=DIRECTION('',(1.0,0.0,0.0));
#5024=CARTESIAN_POINT('',(-1.4478,4.064,2.8448));
#5025=DIRECTION('',(0.0,1.0,0.0));
#5026=DIRECTION('',(-1.0,0.0,0.0));
#5027=DIRECTION('',(0.0,0.0,1.0));
#5028=DIRECTION('',(0.0,-1.0,0.0));
#5029=DIRECTION('',(0.0,-1.0,0.0));
#5030=DIRECTION('',(0.0,0.0,-1.0));
#5031=DIRECTION('',(0.0,0.0,1.0));
#5032=DIRECTION('',(0.0,0.707106781186547,0.707106781186547));
#5033=DIRECTION('',(0.0,-1.0,0.0));
#5034=DIRECTION('',(0.0,1.0,0.0));
#5035=DIRECTION('',(0.0,1.0,0.0));
#5036=DIRECTION('',(-1.0,0.0,0.0));
#5037=DIRECTION('',(0.0,1.0,0.0));
#5038=DIRECTION('',(-1.0,0.0,0.0));
#5039=DIRECTION('',(-1.0,0.0,0.0));
#5040=DIRECTION('',(0.0,-0.707106781186547,-0.707106781186547));
#5041=DIRECTION('',(0.0,0.707106781186547,0.707106781186547));
#5042=DIRECTION('',(0.0,-1.0,0.0));
#5043=DIRECTION('',(0.0,0.0,1.0));
#5044=DIRECTION('',(0.0,0.0,-1.0));
#5045=DIRECTION('',(-1.0,0.0,0.0));
#5046=DIRECTION('',(0.0,0.0,1.0));
#5047=DIRECTION('',(-1.0,0.0,0.0));
#5048=DIRECTION('',(0.0,0.0,-1.0));
#5049=DIRECTION('',(-1.0,0.0,0.0));
#5050=DIRECTION('',(0.0,0.0,-1.0));
#5051=DIRECTION('',(1.0,0.0,0.0));
#5052=DIRECTION('',(0.0,-0.707106781186547,-0.707106781186547));
#5053=DIRECTION('',(0.0,-1.0,0.0));
#5054=DIRECTION('',(0.0,-1.0,0.0));
#5055=DIRECTION('',(0.0,-1.0,0.0));
#5056=DIRECTION('',(1.0,0.0,0.0));
#5057=DIRECTION('',(0.0,1.0,0.0));
#5058=DIRECTION('',(0.0,-1.0,0.0));
#5059=DIRECTION('',(1.0,0.0,0.0));
#5060=DIRECTION('',(0.0,-1.0,0.0));
#5061=DIRECTION('',(1.0,0.0,0.0));
#5062=DIRECTION('',(1.0,0.0,0.0));
#5063=DIRECTION('',(0.0,-1.0,0.0));
#5064=DIRECTION('',(1.0,0.0,0.0));
#5065=DIRECTION('',(0.0,-1.0,0.0));
#5066=DIRECTION('',(1.0,0.0,0.0));
#5067=DIRECTION('',(0.0,1.0,0.0));
#5068=DIRECTION('',(1.0,0.0,0.0));
#5069=DIRECTION('',(0.0,1.0,0.0));
#5070=DIRECTION('',(1.0,0.0,0.0));
#5071=DIRECTION('',(0.0,1.0,0.0));
#5072=DIRECTION('',(1.0,0.0,0.0));
#5073=DIRECTION('',(0.0,1.0,0.0));
#5074=DIRECTION('',(1.0,0.0,0.0));
#5075=DIRECTION('',(0.0,-1.0,0.0));
#5076=DIRECTION('',(1.0,0.0,0.0));
#5077=DIRECTION('',(0.0,-1.0,0.0));
#5078=DIRECTION('',(0.0,1.0,0.0));
#5079=CARTESIAN_POINT('',(3.4925,0.8255,-6.4008));
#5080=DIRECTION('',(1.0,0.0,0.0));
#5081=DIRECTION('',(0.0,-1.0,0.0));
#5082=DIRECTION('',(0.0,0.0,-1.0));
#5083=DIRECTION('',(0.0,-1.0,0.0));
#5084=DIRECTION('',(0.0,0.0,1.0));
#5085=CARTESIAN_POINT('',(3.4925,0.8255,-6.4008));
#5086=DIRECTION('',(-1.0,0.0,0.0));
#5087=DIRECTION('',(0.0,0.0,-1.0));
#5088=DIRECTION('',(0.0,-1.0,0.0));
#5089=DIRECTION('',(0.0,0.0,-1.0));
#5090=DIRECTION('',(0.0,0.0,1.0));
#5091=DIRECTION('',(0.0,0.0,-1.0));
#5092=DIRECTION('',(0.0,1.0,0.0));
#5093=DIRECTION('',(-0.260332801156995,-0.929760004131983,0.260332801156995));
#5094=DIRECTION('',(0.0,0.0,-1.0));
#5095=DIRECTION('',(-0.260332801156995,-0.929760004131983,-0.260332801156995));
#5096=DIRECTION('',(-1.0,0.0,0.0));
#5097=DIRECTION('',(0.260332801156995,-0.929760004131983,-0.260332801156995));
#5098=DIRECTION('',(-1.0,0.0,0.0));
#5099=DIRECTION('',(0.0,1.0,0.0));
#5100=DIRECTION('',(1.0,0.0,0.0));
#5101=CARTESIAN_POINT('',(4.1275,0.8255,-6.4008));
#5102=DIRECTION('',(1.0,0.0,0.0));
#5103=DIRECTION('',(0.0,-1.0,0.0));
#5104=DIRECTION('',(1.0,0.0,0.0));
#5105=DIRECTION('',(0.0,0.0,-1.0));
#5106=DIRECTION('',(1.0,0.0,0.0));
#5107=DIRECTION('',(0.0,0.0,-1.0));
#5108=DIRECTION('',(-1.0,0.0,0.0));
#5109=DIRECTION('',(0.0,1.0,0.0));
#5110=DIRECTION('',(1.0,0.0,0.0));
#5111=DIRECTION('',(0.0,1.0,0.0));
#5112=DIRECTION('',(0.0,1.0,0.0));
#5113=DIRECTION('',(1.0,0.0,0.0));
#5114=DIRECTION('',(0.0,1.0,0.0));
#5115=DIRECTION('',(0.0,1.0,0.0));
#5116=DIRECTION('',(1.0,0.0,0.0));
#5117=DIRECTION('',(0.0,1.0,0.0));
#5118=DIRECTION('',(0.0,1.0,0.0));
#5119=DIRECTION('',(1.0,0.0,0.0));
#5120=DIRECTION('',(0.0,1.0,0.0));
#5121=DIRECTION('',(0.0,1.0,0.0));
#5122=DIRECTION('',(0.0,-1.0,0.0));
#5123=DIRECTION('',(-1.0,0.0,0.0));
#5124=DIRECTION('',(0.0,-1.0,0.0));
#5125=DIRECTION('',(0.0,-1.0,0.0));
#5126=DIRECTION('',(-1.0,0.0,0.0));
#5127=DIRECTION('',(0.0,-1.0,0.0));
#5128=DIRECTION('',(0.0,-1.0,0.0));
#5129=DIRECTION('',(-1.0,0.0,0.0));
#5130=DIRECTION('',(0.0,-1.0,0.0));
#5131=DIRECTION('',(0.0,-1.0,0.0));
#5132=DIRECTION('',(-1.0,0.0,0.0));
#5133=DIRECTION('',(0.0,-1.0,0.0));
#5134=DIRECTION('',(0.0,1.0,0.0));
#5135=DIRECTION('',(0.0,-1.0,0.0));
#5136=DIRECTION('',(1.0,0.0,0.0));
#5137=DIRECTION('',(1.0,0.0,0.0));
#5138=DIRECTION('',(0.0,-1.0,0.0));
#5139=DIRECTION('',(1.0,0.0,0.0));
#5140=DIRECTION('',(0.0,-1.0,0.0));
#5141=DIRECTION('',(1.0,0.0,0.0));
#5142=DIRECTION('',(0.0,1.0,0.0));
#5143=DIRECTION('',(1.0,0.0,0.0));
#5144=DIRECTION('',(0.0,1.0,0.0));
#5145=DIRECTION('',(1.0,0.0,0.0));
#5146=DIRECTION('',(0.0,1.0,0.0));
#5147=DIRECTION('',(1.0,0.0,0.0));
#5148=DIRECTION('',(0.0,1.0,0.0));
#5149=DIRECTION('',(0.0,1.0,0.0));
#5150=DIRECTION('',(0.0,1.0,0.0));
#5151=DIRECTION('',(0.0,1.0,0.0));
#5152=DIRECTION('',(0.0,0.0,1.0));
#5153=DIRECTION('',(1.0,0.0,0.0));
#5154=DIRECTION('',(0.0,0.0,1.0));
#5155=DIRECTION('',(-1.0,0.0,0.0));
#5156=CARTESIAN_POINT('',(4.1275,0.8255,-6.4008));
#5157=DIRECTION('',(-1.0,0.0,0.0));
#5158=DIRECTION('',(0.0,0.0,-1.0));
#5159=DIRECTION('',(1.0,0.0,0.0));
#5160=DIRECTION('',(0.0,-1.0,0.0));
#5161=DIRECTION('',(-1.0,0.0,0.0));
#5162=DIRECTION('',(-0.260332801156995,0.929760004131983,-0.260332801156995));
#5163=DIRECTION('',(-1.0,0.0,0.0));
#5164=DIRECTION('',(0.0,0.0,1.0));
#5165=DIRECTION('',(0.0,0.0,1.0));
#5166=DIRECTION('',(0.0,-1.0,0.0));
#5167=DIRECTION('',(-0.260332801156995,0.260332801156995,0.929760004131983));
#5168=DIRECTION('',(0.260332801156995,0.260332801156995,-0.929760004131983));
#5169=DIRECTION('',(0.0,-1.0,0.0));
#5170=DIRECTION('',(-1.0,0.0,0.0));
#5171=DIRECTION('',(0.0,1.0,0.0));
#5172=DIRECTION('',(-1.0,0.0,0.0));
#5173=DIRECTION('',(-0.260332801156995,-0.260332801156995,-0.929760004131983));
#5174=DIRECTION('',(-0.260332801156995,0.260332801156995,-0.929760004131983));
#5175=DIRECTION('',(0.0,1.0,0.0));
#5176=CARTESIAN_POINT('',(-1.5875,0.8255,-6.4008));
#5177=DIRECTION('',(1.0,0.0,0.0));
#5178=DIRECTION('',(0.0,-1.0,0.0));
#5179=DIRECTION('',(0.0,0.0,-1.0));
#5180=DIRECTION('',(0.0,0.0,1.0));
#5181=CARTESIAN_POINT('',(-1.5875,0.8255,-6.4008));
#5182=DIRECTION('',(-1.0,0.0,0.0));
#5183=DIRECTION('',(0.0,0.0,-1.0));
#5184=DIRECTION('',(0.0,-1.0,0.0));
#5185=DIRECTION('',(0.0,0.0,-1.0));
#5186=DIRECTION('',(0.0,0.0,1.0));
#5187=DIRECTION('',(0.0,0.0,-1.0));
#5188=DIRECTION('',(0.0,1.0,0.0));
#5189=DIRECTION('',(-0.260332801156995,-0.929760004131983,0.260332801156995));
#5190=DIRECTION('',(0.0,0.0,-1.0));
#5191=DIRECTION('',(-0.260332801156995,-0.929760004131983,-0.260332801156995));
#5192=DIRECTION('',(-1.0,0.0,0.0));
#5193=DIRECTION('',(0.260332801156995,-0.929760004131983,-0.260332801156995));
#5194=DIRECTION('',(-1.0,0.0,0.0));
#5195=DIRECTION('',(0.0,1.0,0.0));
#5196=DIRECTION('',(1.0,0.0,0.0));
#5197=CARTESIAN_POINT('',(-0.9525,0.8255,-6.4008));
#5198=DIRECTION('',(1.0,0.0,0.0));
#5199=DIRECTION('',(0.0,-1.0,0.0));
#5200=DIRECTION('',(1.0,0.0,0.0));
#5201=DIRECTION('',(0.0,0.0,-1.0));
#5202=DIRECTION('',(0.0,0.0,-1.0));
#5203=DIRECTION('',(1.0,0.0,0.0));
#5204=DIRECTION('',(0.0,-1.0,0.0));
#5205=CARTESIAN_POINT('',(-0.9525,0.8255,-6.4008));
#5206=DIRECTION('',(-1.0,0.0,0.0));
#5207=DIRECTION('',(0.0,0.0,-1.0));
#5208=DIRECTION('',(0.0,0.0,1.0));
#5209=DIRECTION('',(0.0,0.0,1.0));
#5210=DIRECTION('',(0.0,0.0,1.0));
#5211=DIRECTION('',(0.0,1.0,0.0));
#5212=DIRECTION('',(-0.260332801156995,0.929760004131983,-0.260332801156995));
#5213=DIRECTION('',(0.0,0.0,1.0));
#5214=DIRECTION('',(-1.0,0.0,0.0));
#5215=DIRECTION('',(-1.0,0.0,0.0));
#5216=DIRECTION('',(1.0,0.0,0.0));
#5217=DIRECTION('',(1.0,0.0,0.0));
#5218=DIRECTION('',(1.0,0.0,0.0));
#5219=DIRECTION('',(-1.0,0.0,0.0));
#5220=DIRECTION('',(0.0,1.0,0.0));
#5221=DIRECTION('',(1.0,0.0,0.0));
#5222=DIRECTION('',(0.0,-1.0,0.0));
#5223=DIRECTION('',(1.0,0.0,0.0));
#5224=DIRECTION('',(0.0,-1.0,0.0));
#5225=DIRECTION('',(1.0,0.0,0.0));
#5226=DIRECTION('',(0.0,-1.0,0.0));
#5227=DIRECTION('',(1.0,0.0,0.0));
#5228=DIRECTION('',(0.0,-1.0,0.0));
#5229=DIRECTION('',(1.0,0.0,0.0));
#5230=DIRECTION('',(0.0,-1.0,0.0));
#5231=DIRECTION('',(0.0,0.0,-1.0));
#5232=DIRECTION('',(0.0,0.0,-1.0));
#5233=DIRECTION('',(0.0,0.0,-1.0));
#5234=DIRECTION('',(0.0,0.0,-1.0));
#5235=DIRECTION('',(0.0,-1.0,0.0));
#5236=CARTESIAN_POINT('',(0.9525,-0.820000000000022,-6.40879999999946));
#5237=DIRECTION('',(-1.0,0.0,0.0));
#5238=DIRECTION('',(0.0,1.0,0.0));
#5239=DIRECTION('',(0.0,0.0,-1.0));
#5240=DIRECTION('',(0.0,0.0,1.0));
#5241=CARTESIAN_POINT('',(0.9525,-0.820000000000022,-6.40879999999946));
#5242=DIRECTION('',(1.0,0.0,0.0));
#5243=DIRECTION('',(0.0,0.0,-1.0));
#5244=DIRECTION('',(0.0,1.0,0.0));
#5245=DIRECTION('',(0.0,0.0,1.0));
#5246=DIRECTION('',(0.0,0.0,1.0));
#5247=DIRECTION('',(0.0,0.0,-1.0));
#5248=DIRECTION('',(-0.260332801156995,0.929760004131983,-0.260332801156995));
#5249=DIRECTION('',(0.0,0.0,1.0));
#5250=DIRECTION('',(-0.260332801156995,0.929760004131983,0.260332801156995));
#5251=DIRECTION('',(-1.0,0.0,0.0));
#5252=DIRECTION('',(0.260332801156995,0.929760004131983,0.260332801156995));
#5253=DIRECTION('',(-1.0,0.0,0.0));
#5254=DIRECTION('',(0.0,-1.0,0.0));
#5255=DIRECTION('',(1.0,0.0,0.0));
#5256=CARTESIAN_POINT('',(1.5875,-0.820000000000022,-6.40879999999946));
#5257=DIRECTION('',(-1.0,0.0,0.0));
#5258=DIRECTION('',(0.0,1.0,0.0));
#5259=DIRECTION('',(1.0,0.0,0.0));
#5260=DIRECTION('',(0.0,0.0,-1.0));
#5261=DIRECTION('',(0.0,0.0,-1.0));
#5262=DIRECTION('',(0.0,1.0,0.0));
#5263=CARTESIAN_POINT('',(1.5875,-0.820000000000022,-6.40879999999946));
#5264=DIRECTION('',(1.0,0.0,0.0));
#5265=DIRECTION('',(0.0,0.0,-1.0));
#5266=DIRECTION('',(0.0,0.0,1.0));
#5267=DIRECTION('',(0.0,0.0,-1.0));
#5268=DIRECTION('',(0.0,0.0,1.0));
#5269=DIRECTION('',(-0.260332801156995,-0.929760004131983,0.260332801156995));
#5270=DIRECTION('',(0.0,0.0,-1.0));
#5271=DIRECTION('',(-1.0,0.0,0.0));
#5272=DIRECTION('',(-1.0,0.0,0.0));
#5273=DIRECTION('',(1.0,0.0,0.0));
#5274=DIRECTION('',(1.0,0.0,0.0));
#5275=DIRECTION('',(0.0,-1.0,0.0));
#5276=CARTESIAN_POINT('',(-4.1275,-0.820000000000022,-6.40879999999946));
#5277=DIRECTION('',(-1.0,0.0,0.0));
#5278=DIRECTION('',(0.0,1.0,0.0));
#5279=DIRECTION('',(0.0,0.0,-1.0));
#5280=DIRECTION('',(0.0,0.0,1.0));
#5281=CARTESIAN_POINT('',(-4.1275,-0.820000000000022,-6.40879999999946));
#5282=DIRECTION('',(1.0,0.0,0.0));
#5283=DIRECTION('',(0.0,0.0,-1.0));
#5284=DIRECTION('',(0.0,1.0,0.0));
#5285=DIRECTION('',(0.0,0.0,1.0));
#5286=DIRECTION('',(0.0,0.0,1.0));
#5287=DIRECTION('',(0.0,0.0,-1.0));
#5288=DIRECTION('',(-0.260332801156995,0.929760004131983,-0.260332801156995));
#5289=DIRECTION('',(0.0,0.0,1.0));
#5290=DIRECTION('',(-0.260332801156995,0.929760004131983,0.260332801156995));
#5291=DIRECTION('',(-1.0,0.0,0.0));
#5292=DIRECTION('',(0.260332801156995,0.929760004131983,0.260332801156995));
#5293=DIRECTION('',(-1.0,0.0,0.0));
#5294=DIRECTION('',(0.0,-1.0,0.0));
#5295=DIRECTION('',(1.0,0.0,0.0));
#5296=CARTESIAN_POINT('',(-3.4925,-0.820000000000022,-6.40879999999946));
#5297=DIRECTION('',(-1.0,0.0,0.0));
#5298=DIRECTION('',(0.0,1.0,0.0));
#5299=DIRECTION('',(1.0,0.0,0.0));
#5300=DIRECTION('',(0.0,0.0,-1.0));
#5301=DIRECTION('',(0.0,0.0,-1.0));
#5302=DIRECTION('',(0.0,1.0,0.0));
#5303=CARTESIAN_POINT('',(-3.4925,-0.820000000000022,-6.40879999999946));
#5304=DIRECTION('',(1.0,0.0,0.0));
#5305=DIRECTION('',(0.0,0.0,-1.0));
#5306=DIRECTION('',(0.0,0.0,1.0));
#5307=DIRECTION('',(0.0,0.0,-1.0));
#5308=DIRECTION('',(0.0,0.0,1.0));
#5309=DIRECTION('',(-0.260332801156995,-0.929760004131983,0.260332801156995));
#5310=DIRECTION('',(0.0,0.0,-1.0));
#5311=DIRECTION('',(-1.0,0.0,0.0));
#5312=DIRECTION('',(-1.0,0.0,0.0));
#5313=DIRECTION('',(1.0,0.0,0.0));
#5314=DIRECTION('',(1.0,0.0,0.0));
#5315=DIRECTION('',(0.0,-1.0,0.0));
#5316=DIRECTION('',(0.0,0.0,1.0));
#5317=DIRECTION('',(0.0,-1.0,0.0));
#5318=DIRECTION('',(0.0,1.0,0.0));
#5319=DIRECTION('',(1.0,0.0,0.0));
#5320=DIRECTION('',(0.0,-1.0,0.0));
#5321=DIRECTION('',(-1.0,0.0,0.0));
#5322=DIRECTION('',(0.0,1.0,0.0));
#5323=DIRECTION('',(0.0,0.0,1.0));
#5324=DIRECTION('',(0.0,0.0,1.0));
#5325=DIRECTION('',(0.0,0.0,1.0));
#5326=DIRECTION('',(0.0,0.0,1.0));
#5327=DIRECTION('',(0.0,-1.0,0.0));
#5328=DIRECTION('',(0.0,1.0,0.0));
#5329=DIRECTION('',(1.0,0.0,0.0));
#5330=DIRECTION('',(0.0,-1.0,0.0));
#5331=DIRECTION('',(-1.0,0.0,0.0));
#5332=DIRECTION('',(0.0,1.0,0.0));
#5333=DIRECTION('',(0.0,0.0,1.0));
#5334=DIRECTION('',(0.0,0.0,1.0));
#5335=DIRECTION('',(0.0,0.0,1.0));
#5336=DIRECTION('',(0.0,0.0,1.0));
#5337=DIRECTION('',(0.0,-1.0,0.0));
#5338=DIRECTION('',(0.0,1.0,0.0));
#5339=DIRECTION('',(1.0,0.0,0.0));
#5340=DIRECTION('',(0.0,-1.0,0.0));
#5341=DIRECTION('',(-1.0,0.0,0.0));
#5342=DIRECTION('',(0.0,1.0,0.0));
#5343=DIRECTION('',(0.0,0.0,1.0));
#5344=DIRECTION('',(0.0,0.0,1.0));
#5345=DIRECTION('',(0.0,0.0,1.0));
#5346=DIRECTION('',(0.0,0.0,1.0));
#5347=DIRECTION('',(0.0,-1.0,0.0));
#5348=DIRECTION('',(0.0,1.0,0.0));
#5349=DIRECTION('',(1.0,0.0,0.0));
#5350=DIRECTION('',(0.0,-1.0,0.0));
#5351=DIRECTION('',(-1.0,0.0,0.0));
#5352=DIRECTION('',(0.0,1.0,0.0));
#5353=DIRECTION('',(0.0,0.0,1.0));
#5354=DIRECTION('',(0.0,0.0,1.0));
#5355=DIRECTION('',(0.0,0.0,1.0));
#5356=DIRECTION('',(0.0,-1.0,0.0));
#5357=DIRECTION('',(0.0,0.0,-1.0));
#5358=DIRECTION('',(0.0,0.0,1.0));
#5359=DIRECTION('',(0.0,0.0,1.0));
#5360=DIRECTION('',(0.0,0.0,1.0));
#5361=DIRECTION('',(0.0,0.0,-1.0));
#5362=DIRECTION('',(0.0,-1.0,0.0));
#5363=DIRECTION('',(0.577350269189626,0.577350269189626,0.577350269189626));
#5364=DIRECTION('',(0.577350269189626,0.577350269189626,0.577350269189626));
#5365=DIRECTION('',(0.577350269189626,0.577350269189626,0.577350269189626));
#5366=DIRECTION('',(0.0,-1.0,0.0));
#5367=DIRECTION('',(0.0,0.0,-1.0));
#5368=DIRECTION('',(0.0,-1.0,0.0));
#5369=DIRECTION('',(0.0,1.0,0.0));
#5370=DIRECTION('',(0.0,1.0,0.0));
#5371=CARTESIAN_POINT('',(1.4478,3.048,2.8448));
#5372=DIRECTION('',(0.0,1.0,0.0));
#5373=DIRECTION('',(0.0,0.0,1.0));
#5374=DIRECTION('',(0.0,-1.0,0.0));
#5375=DIRECTION('',(1.0,0.0,0.0));
#5376=DIRECTION('',(0.0,-1.0,0.0));
#5377=CARTESIAN_POINT('',(-1.4478,3.048,2.8448));
#5378=DIRECTION('',(0.0,1.0,0.0));
#5379=DIRECTION('',(-1.0,0.0,0.0));
#5380=DIRECTION('',(1.0,0.0,0.0));
#5381=PRESENTATION_LAYER_ASSIGNMENT('','',(#26,#49,#50,#51,#52,#53,#58,#59,#60,#61,#62,#63,#64,#65,#66,#67,#68,#69,#70,#71,#72,#73,#74,#75,#76,#77,#78,#79,#80,#81,#82,#83,#84,#85,#86,#87,#88,#89,#90,#91,#92,#93,#94,#95,#96,#97,#98,#99,#100,#101,#102,#103,#104,#105,#106,#107,#108,#109,#110,#111,#112,#113,#114,#115,#116,#117,#118,#119,#120,#121,#122,#123,#124,#125,#126,#127,#128,#129,#130,#131,#132,#133,#134,#135,#136,#137,#138,#139,#140,#141,#142,#143,#144,#145,#146,#147,#148,#149,#150,#151,#152,#153,#154,#155,#156,#157,#158,#159,#160,#161,#162,#163,#164,#165,#166,#167,#168,#169,#170,#171,#172,#173,#174,#175,#176,#177,#178,#179,#180,#181,#182,#183,#184,#185,#186,#187,#188,#189,#190,#191,#192,#193,#194,#195,#196,#197,#198,#199,#200,#201,#202,#203,#204,#205,#206,#207,#208,#209,#210,#211,#212,#213,#214,#215,#216,#217,#218,#219,#220,#221,#222,#223,#224,#592,#593,#594,#595,#596,#597,#598,#599,#600,#601,#602,#603,#604,#605,#606,#607,#608,#609,#610,#2440,#2441,#2442,#2443,#2444,#2445,#2446,#2447,#2448,#2449,#2450,#2451,#2452,#2453,#2454,#2455,#2456,#2457,#2458,#2459,#2460,#2461,#2462,#2463,#2464,#2465,#2466,#2467,#2468,#2469,#2470,#2471,#2472,#2473,#2474,#2475,#2476,#2477,#2478,#2479,#2480,#2481,#2482,#2483,#2484,#2485,#2486,#2487,#2488,#2489,#2490,#2491,#2492,#2493,#2494,#2495,#2496,#2497,#2498,#2499,#2500,#2501,#2502,#2503,#2504,#2505,#2506,#2507,#2508,#2509,#2510,#2511,#2512,#2513,#2514,#2515,#2516,#2517,#2518,#2519,#2520,#2521,#2522,#2523,#2524,#2525,#2526,#2527,#2528,#2529,#2530,#2531,#2532,#2533,#2534,#2535,#2536,#2537,#2538,#2539,#2540,#2541,#2542,#2543,#2544,#2545,#2546,#2547,#2548,#2549,#2550,#2551,#2552,#2553,#2554,#2555,#2556,#2557,#2558,#2559,#2560,#2561,#2562,#2563,#2564,#2565,#2566,#2567,#2568,#2569,#2570,#2571,#2572,#2573,#2574,#2575,#2576,#2577,#2578,#2579,#2580,#2581,#2582,#2583,#2584,#2585,#2586,#2587,#2588,#2589,#2590,#2591,#2592,#2593,#2594,#2595,#2596,#2597,#2598,#2599,#2600,#2601,#2602,#2603,#2604,#2605,#2606,#2607,#2608,#2609,#2610,#2611,#2612,#2613,#2614,#2615,#2616,#2617,#2618,#2619,#2620,#2621,#2622,#2623,#2624,#2625,#2626,#2627,#2628,#2629,#2630,#2631,#2632,#2633,#2634,#2635,#2636,#2637,#2638,#2639,#2640,#2641,#2642,#2643,#2644,#2645,#2646,#2647,#2648,#2649,#2650,#2651,#2652,#2653,#2654,#2655,#2656,#2657,#2658,#2659,#2660,#2661,#2662,#2663,#2664,#2665,#2666,#2667,#2668,#2669,#2670,#2671,#2672,#2673,#2674,#2675,#2676,#2677,#2678,#2679,#2680,#2681,#2682,#2683,#2684,#2685,#2686,#2687,#2688,#2689,#2690,#2691,#2692,#2693,#2694,#2695,#2696,#2697,#2698,#2699,#2700,#2701,#2702,#2703,#2704,#2705,#2706,#2707,#2708,#2709,#2710,#2711,#2712,#2713,#2714,#2715,#2716,#2717,#2718,#2719,#2720,#2721,#2722,#2723,#2724,#2725,#2726,#2727,#2728,#2729,#2730,#2731,#2732,#2733,#2734,#2735,#2736,#2737,#2738,#2739,#2740,#2741,#2742,#2743,#2744,#2745,#2746,#2747,#2748,#2749,#2750,#2751,#2752,#2753,#2754,#2755,#2756,#2757,#2758,#2759,#2760,#2761,#2762,#2763,#2764,#2765,#2766,#2767,#2768,#2769,#2770,#2771,#2772,#2773,#2774,#2775,#2776,#2777,#2778,#2779,#2780,#2781,#2782,#2783,#2784,#2785,#2786,#2787,#2788,#2789,#2790,#2791,#2792,#2793,#2794,#2795,#2796,#2797,#2798,#2799,#2800,#2801,#2802,#2803,#2804,#2805,#2806,#2807,#2808,#2809,#2810,#2811,#2812,#2813,#2814,#2815,#2816,#2817,#2818,#2819,#2820,#2821,#2822,#2823,#2824,#2825,#2826,#2827,#2828,#2829,#2830,#2831,#2832,#2833,#2834,#2835,#2836,#2837,#2838,#2839,#2840,#2841,#2842,#2843,#2844,#2845,#2846,#2847,#2848,#2849,#2850,#2851,#2852,#2853,#2854,#2855,#2856,#2857,#2858,#2859,#2860,#2861,#2862,#2863,#2864,#2865,#2866,#2867,#2868,#2869,#2870,#2871,#2872,#2873,#2874,#2875,#2876,#2877,#2878,#2879,#2880,#2881,#2882,#2883,#2884,#2885,#2886,#2887,#2888,#2889,#2890,#2891,#2892,#2893,#2894,#2895,#2896,#2897,#2898,#2899,#2900,#2901,#2921,#2922,#2924,#2926,#2928,#2930,#2932,#2934,#2937,#2938,#2940,#2942,#2944,#2946,#2948,#2950,#2952,#2954,#2956,#2958,#2960,#2962,#2964,#2966,#2968,#2970,#2972,#2974,#2976,#2978,#2980,#2982,#2984,#2986,#2988,#2990,#2992,#2994,#2996,#2998,#3000,#3002,#3006,#3007,#3009,#3011,#3013,#3015,#3017,#3019,#3021,#3023,#3025,#3027,#3029,#3031,#3035,#3036,#3038,#3040,#3043,#3044,#3046,#3048,#3051,#3054,#3056,#3058,#3060,#3062,#3064,#3066,#3068,#3070,#3072,#3074,#3076,#3078,#3080,#3082,#3084,#3086,#3088,#3090,#3092,#3094,#3096,#3098,#3100,#3103,#3105,#3108,#3110,#3113,#3115,#3118,#3121,#3123,#3125,#3128,#3129,#3133,#3136,#3139,#3141,#3146,#3150,#3153,#3155,#3157,#3161,#3164,#3166,#3171,#3172,#3175,#3177,#3179,#3181,#3183,#3187,#3190,#3192,#3195,#3197,#3200,#3203,#3204,#3208,#3211,#3213,#3215,#3218,#3220,#3222,#3227,#3229,#3231,#3234,#3237,#3240,#3241,#3243,#3245,#3248,#3249,#3251,#3253,#3256,#3257,#3259,#3261,#3264,#3265,#3267,#3269,#3272,#3273,#3275,#3277,#3279,#3281,#3283,#3285,#3288,#3290,#3293,#3295,#3298,#3300,#3303,#3306,#3309,#3312,#3315,#3317,#3320,#3322,#3325,#3327,#3330,#3332,#3336,#3338,#3341,#3343,#3346,#3348,#3351,#3353,#3357,#3360,#3361,#3363,#3365,#3368,#3369,#3371,#3373,#3376,#3377,#3379,#3381,#3387,#3390,#3393,#3396,#3399,#3405,#3407,#3410,#3412,#3417,#3418,#3420,#3423,#3425,#3427,#3430,#3432,#3435,#3437,#3440,#3442,#3445,#3448,#3452,#3455,#3456,#3458,#3462,#3465,#3473,#3474,#3476,#3478,#3481,#3482,#3484,#3486,#3489,#3490,#3492,#3494,#3501,#3502,#3504,#3507,#3509,#3511,#3516,#3518,#3521,#3523,#3526,#3529,#3534,#3535,#3537,#3542,#3549,#3550,#3552,#3555,#3557,#3559,#3564,#3566,#3569,#3571,#3574,#3577,#3582,#3583,#3585,#3590,#3598,#3601,#3603,#3606,#3612,#3615,#3617,#3620,#3626,#3629,#3631,#3634,#3640,#3643,#3645,#3648,#3663,#3666,#3671,#3674));
ENDSEC;
END-ISO-10303-21;
