ISO-10303-21;
HEADER;
FILE_DESCRIPTION (( 'STEP AP214' ),
    '1' );
FILE_NAME ('LP5814DRLR.STEP',
    '2025-09-16T02:34:26',
    ( '' ),
    ( '' ),
    'SwSTEP 2.0',
    'SolidWorks 2021',
    '' );
FILE_SCHEMA (( 'AUTOMOTIVE_DESIGN' ));
ENDSEC;

DATA;
#1 = DIRECTION ( 'NONE',  ( 0.000000000000000000, 0.000000000000000000, 1.000000000000000000 ) ) ;
#2 = AXIS2_PLACEMENT_3D ( 'NONE', #762, #1219, #970 ) ;
#3 = CARTESIAN_POINT ( 'NONE',  ( 0.5000000000000155431, 0.1799999999999999933, 0.8599999999999995426 ) ) ;
#4 = ADVANCED_FACE ( 'NONE', ( #1878 ), #2822, .T. ) ;
#5 = ORIENTED_EDGE ( 'NONE', *, *, #2552, .F. ) ;
#6 = LINE ( 'NONE', #1236, #1162 ) ;
#7 = ORIENTED_EDGE ( 'NONE', *, *, #1397, .F. ) ;
#8 = EDGE_CURVE ( 'NONE', #2253, #2040, #1671, .T. ) ;
#9 = FACE_OUTER_BOUND ( 'NONE', #2740, .T. ) ;
#10 = CARTESIAN_POINT ( 'NONE',  ( 0.6000000000000003109, 0.05000000000000065503, -0.3600000000000000977 ) ) ;
#11 = SURFACE_SIDE_STYLE ('',( #1918 ) ) ;
#12 = ADVANCED_FACE ( 'NONE', ( #1891 ), #2185, .F. ) ;
#13 = LINE ( 'NONE', #29, #104 ) ;
#14 = DIRECTION ( 'NONE',  ( 1.000000000000000000, 0.000000000000000000, 0.000000000000000000 ) ) ;
#15 = VECTOR ( 'NONE', #3010, 1000.000000000000000 ) ;
#16 = ORIENTED_EDGE ( 'NONE', *, *, #208, .F. ) ;
#17 = DIRECTION ( 'NONE',  ( 1.000000000000000000, 0.000000000000000000, 0.000000000000000000 ) ) ;
#18 = UNCERTAINTY_MEASURE_WITH_UNIT (LENGTH_MEASURE( 1.000000000000000082E-05 ), #1507, 'distance_accuracy_value', 'NONE');
#19 = CARTESIAN_POINT ( 'NONE',  ( -0.4656334405330642134, 0.5499999999999999334, -0.9560646763598703579 ) ) ;
#20 = VECTOR ( 'NONE', #1290, 1000.000000000000000 ) ;
#21 = VECTOR ( 'NONE', #386, 1000.000000000000000 ) ;
#22 = ORIENTED_EDGE ( 'NONE', *, *, #1867, .T. ) ;
#23 = CARTESIAN_POINT ( 'NONE',  ( -0.5000000000000000000, 0.1799999999999999933, -0.8599999999999999867 ) ) ;
#24 = EDGE_LOOP ( 'NONE', ( #1986, #2364, #2108, #2190 ) ) ;
#25 = DIRECTION ( 'NONE',  ( 0.000000000000000000, 1.000000000000000000, 0.000000000000000000 ) ) ;
#26 = CARTESIAN_POINT ( 'NONE',  ( -0.4999999999999896194, 0.1799999999999999933, 0.3599999999999997646 ) ) ;
#27 =( NAMED_UNIT ( * ) PLANE_ANGLE_UNIT ( ) SI_UNIT ( $, .RADIAN. ) );
#28 = VECTOR ( 'NONE', #284, 1000.000000000000000 ) ;
#29 = CARTESIAN_POINT ( 'NONE',  ( 0.5000000000000155431, 0.1799999999999999933, 0.6399999999999995692 ) ) ;
#30 = EDGE_CURVE ( 'NONE', #1495, #1686, #2896, .T. ) ;
#31 = CARTESIAN_POINT ( 'NONE',  ( -0.4999999999999896194, 0.1799999999999999933, 0.1399999999999998190 ) ) ;
#32 = ORIENTED_EDGE ( 'NONE', *, *, #3021, .T. ) ;
#33 = VECTOR ( 'NONE', #436, 1000.000000000000000 ) ;
#34 = PLANE ( 'NONE',  #672 ) ;
#35 = ADVANCED_FACE ( 'NONE', ( #311 ), #2438, .T. ) ;
#36 = DIRECTION ( 'NONE',  ( 0.000000000000000000, 1.000000000000000000, 0.000000000000000000 ) ) ;
#37 = ADVANCED_FACE ( 'NONE', ( #496, #2124 ), #47, .T. ) ;
#38 = EDGE_LOOP ( 'NONE', ( #55, #144, #2858 ) ) ;
#39 = CARTESIAN_POINT ( 'NONE',  ( -0.5000000000000000000, 0.1799999999999999933, -0.6400000000000000133 ) ) ;
#40 = ORIENTED_EDGE ( 'NONE', *, *, #2459, .T. ) ;
#41 = AXIS2_PLACEMENT_3D ( 'NONE', #1837, #927, #3042 ) ;
#42 = FACE_OUTER_BOUND ( 'NONE', #1700, .T. ) ;
#43 = DIRECTION ( 'NONE',  ( 1.000000000000000000, 0.000000000000000000, -0.000000000000000000 ) ) ;
#44 = CARTESIAN_POINT ( 'NONE',  ( -0.5000000000000000000, 0.000000000000000000, -0.8599999999999999867 ) ) ;
#45 = MECHANICAL_DESIGN_GEOMETRIC_PRESENTATION_REPRESENTATION (  '', ( #146 ), #1627 ) ;
#46 = DIRECTION ( 'NONE',  ( 0.000000000000000000, 1.000000000000000000, 0.000000000000000000 ) ) ;
#47 = PLANE ( 'NONE',  #1434 ) ;
#48 = EDGE_CURVE ( 'NONE', #2005, #2308, #2155, .T. ) ;
#49 = ORIENTED_EDGE ( 'NONE', *, *, #2758, .T. ) ;
#50 = ADVANCED_FACE ( 'NONE', ( #744 ), #1685, .F. ) ;
#51 = LINE ( 'NONE', #1926, #1608 ) ;
#52 = ORIENTED_EDGE ( 'NONE', *, *, #1428, .F. ) ;
#53 = LINE ( 'NONE', #67, #759 ) ;
#54 = VECTOR ( 'NONE', #2189, 1000.000000000000000 ) ;
#55 = ORIENTED_EDGE ( 'NONE', *, *, #2702, .T. ) ;
#56 = DIRECTION ( 'NONE',  ( 0.000000000000000000, 0.000000000000000000, 1.000000000000000000 ) ) ;
#57 = LINE ( 'NONE', #768, #1032 ) ;
#58 = ORIENTED_EDGE ( 'NONE', *, *, #334, .F. ) ;
#59 = DIRECTION ( 'NONE',  ( 0.000000000000000000, -0.000000000000000000, 1.000000000000000000 ) ) ;
#60 = DIRECTION ( 'NONE',  ( -0.000000000000000000, 1.000000000000000000, -0.000000000000000000 ) ) ;
#61 = ORIENTED_EDGE ( 'NONE', *, *, #1056, .T. ) ;
#62 = EDGE_CURVE ( 'NONE', #656, #1915, #511, .T. ) ;
#63 = CARTESIAN_POINT ( 'NONE',  ( 0.5000000000000103251, 0.1799999999999999933, 0.1399999999999998190 ) ) ;
#64 = CARTESIAN_POINT ( 'NONE',  ( -0.3500000000000002554, 0.5499999999999999334, -0.7124999999999999112 ) ) ;
#65 = EDGE_CURVE ( 'NONE', #3043, #2524, #2608, .T. ) ;
#66 = ORIENTED_EDGE ( 'NONE', *, *, #786, .T. ) ;
#67 = CARTESIAN_POINT ( 'NONE',  ( -0.6000000000000003109, 0.05000000000000000278, 1.050000000000000266 ) ) ;
#68 = ORIENTED_EDGE ( 'NONE', *, *, #2232, .T. ) ;
#69 = AXIS2_PLACEMENT_3D ( 'NONE', #510, #2408, #1937 ) ;
#70 = CARTESIAN_POINT ( 'NONE',  ( 0.000000000000000000, 0.1799999999999999933, 0.000000000000000000 ) ) ;
#71 = FACE_OUTER_BOUND ( 'NONE', #2602, .T. ) ;
#72 = CARTESIAN_POINT ( 'NONE',  ( -0.7999999999999948264, 0.000000000000000000, -0.1400000000000001521 ) ) ;
#73 = EDGE_CURVE ( 'NONE', #1676, #3050, #1441, .T. ) ;
#74 = EDGE_LOOP ( 'NONE', ( #1106, #930, #633, #820 ) ) ;
#75 = CARTESIAN_POINT ( 'NONE',  ( 0.000000000000000000, 0.1799999999999999933, 0.000000000000000000 ) ) ;
#76 = FILL_AREA_STYLE ('',( #1073 ) ) ;
#77 = VERTEX_POINT ( 'NONE', #296 ) ;
#78 = CARTESIAN_POINT ( 'NONE',  ( -0.6000000000000003109, 0.05000000000000000278, 0.3599999999999998757 ) ) ;
#79 = CARTESIAN_POINT ( 'NONE',  ( 0.8000000000000051514, 0.000000000000000000, -0.3600000000000000977 ) ) ;
#80 = EDGE_LOOP ( 'NONE', ( #1323, #1463, #1642, #2584 ) ) ;
#81 = DIRECTION ( 'NONE',  ( 0.000000000000000000, 0.000000000000000000, 1.000000000000000000 ) ) ;
#82 = ORIENTED_EDGE ( 'NONE', *, *, #1382, .T. ) ;
#83 = EDGE_CURVE ( 'NONE', #2685, #2211, #2479, .T. ) ;
#84 = VECTOR ( 'NONE', #2891, 1000.000000000000000 ) ;
#85 = LINE ( 'NONE', #2918, #2117 ) ;
#86 = DIRECTION ( 'NONE',  ( 0.000000000000000000, 0.000000000000000000, 1.000000000000000000 ) ) ;
#87 = LINE ( 'NONE', #1775, #575 ) ;
#88 = EDGE_LOOP ( 'NONE', ( #225, #1305, #1366, #1749 ) ) ;
#89 = CIRCLE ( 'NONE', #638, 0.05000000000000002359 ) ;
#90 = EDGE_CURVE ( 'NONE', #2089, #2372, #1012, .T. ) ;
#91 = CARTESIAN_POINT ( 'NONE',  ( 0.8000000000000103695, 0.1799999999999999933, 0.1399999999999998190 ) ) ;
#92 = ORIENTED_EDGE ( 'NONE', *, *, #657, .T. ) ;
#93 = ORIENTED_EDGE ( 'NONE', *, *, #2113, .T. ) ;
#94 = CLOSED_SHELL ( 'NONE', ( #867, #2668, #766, #948, #1212, #279 ) ) ;
#95 = DIRECTION ( 'NONE',  ( 0.000000000000000000, 0.000000000000000000, 1.000000000000000000 ) ) ;
#96 = ORIENTED_EDGE ( 'NONE', *, *, #1960, .F. ) ;
#97 = DIRECTION ( 'NONE',  ( 1.000000000000000000, 0.000000000000000000, 0.000000000000000000 ) ) ;
#98 = VECTOR ( 'NONE', #840, 1000.000000000000000 ) ;
#99 = CARTESIAN_POINT ( 'NONE',  ( 0.5000000000000051070, 0.1799999999999999933, -0.3600000000000000977 ) ) ;
#100 = DIRECTION ( 'NONE',  ( -1.000000000000000000, 0.000000000000000000, -0.000000000000000000 ) ) ;
#101 = CARTESIAN_POINT ( 'NONE',  ( -0.6000000000000004219, 0.05000000000000000278, -1.029594932544969366 ) ) ;
#102 = EDGE_CURVE ( 'NONE', #1999, #911, #713, .T. ) ;
#103 = VERTEX_POINT ( 'NONE', #1229 ) ;
#104 = VECTOR ( 'NONE', #1920, 1000.000000000000000 ) ;
#105 = DIRECTION ( 'NONE',  ( -0.9862856015372325480, -0.1650476058606708818, 0.000000000000000000 ) ) ;
#106 = PRESENTATION_STYLE_ASSIGNMENT (( #2969 ) ) ;
#107 = EDGE_CURVE ( 'NONE', #2193, #2872, #1938, .T. ) ;
#108 = ORIENTED_EDGE ( 'NONE', *, *, #2848, .T. ) ;
#109 = EDGE_LOOP ( 'NONE', ( #951, #1358, #2471, #301 ) ) ;
#110 = FILL_AREA_STYLE_COLOUR ( '', #1098 ) ;
#111 = SURFACE_STYLE_FILL_AREA ( #1297 ) ;
#112 = ORIENTED_EDGE ( 'NONE', *, *, #2302, .F. ) ;
#113 = VECTOR ( 'NONE', #233, 1000.000000000000000 ) ;
#114 = DIRECTION ( 'NONE',  ( 0.000000000000000000, 0.000000000000000000, -1.000000000000000000 ) ) ;
#115 = DIRECTION ( 'NONE',  ( 1.000000000000000000, 0.000000000000000000, 0.000000000000000000 ) ) ;
#116 = CARTESIAN_POINT ( 'NONE',  ( 0.8000000000000155875, 0.000000000000000000, 0.6399999999999995692 ) ) ;
#117 = CARTESIAN_POINT ( 'NONE',  ( -0.4999999999999844014, 0.05000000000000005135, 0.6399999999999995692 ) ) ;
#118 = EDGE_LOOP ( 'NONE', ( #2728, #2808, #286, #1207 ) ) ;
#119 = CARTESIAN_POINT ( 'NONE',  ( 0.4656334405330643800, 0.5499999999999998224, -0.9560646763598703579 ) ) ;
#120 = DIRECTION ( 'NONE',  ( -0.000000000000000000, -1.000000000000000000, -0.000000000000000000 ) ) ;
#121 = LINE ( 'NONE', #345, #1479 ) ;
#122 = VECTOR ( 'NONE', #709, 1000.000000000000000 ) ;
#123 = VECTOR ( 'NONE', #2291, 1000.000000000000000 ) ;
#124 = ORIENTED_EDGE ( 'NONE', *, *, #1139, .T. ) ;
#125 = EDGE_CURVE ( 'NONE', #888, #971, #758, .T. ) ;
#126 = ORIENTED_EDGE ( 'NONE', *, *, #315, .F. ) ;
#127 = SURFACE_STYLE_FILL_AREA ( #2490 ) ;
#128 = ADVANCED_FACE ( 'NONE', ( #2671 ), #542, .T. ) ;
#129 = DIRECTION ( 'NONE',  ( 1.000000000000000000, 0.000000000000000000, 0.000000000000000000 ) ) ;
#130 = VECTOR ( 'NONE', #682, 1000.000000000000000 ) ;
#131 = PLANE ( 'NONE',  #2516 ) ;
#132 = LINE ( 'NONE', #2022, #2170 ) ;
#133 = DIRECTION ( 'NONE',  ( 0.000000000000000000, 1.000000000000000000, 0.000000000000000000 ) ) ;
#134 = VERTEX_POINT ( 'NONE', #252 ) ;
#135 = AXIS2_PLACEMENT_3D ( 'NONE', #2413, #2443, #1956 ) ;
#136 = DIRECTION ( 'NONE',  ( 0.1650476058606707708, 0.9862856015372326590, 0.000000000000000000 ) ) ;
#137 = FACE_OUTER_BOUND ( 'NONE', #378, .T. ) ;
#138 = ORIENTED_EDGE ( 'NONE', *, *, #1365, .T. ) ;
#139 = AXIS2_PLACEMENT_3D ( 'NONE', #1962, #828, #100 ) ;
#140 = EDGE_CURVE ( 'NONE', #1957, #1915, #2138, .T. ) ;
#141 = ORIENTED_EDGE ( 'NONE', *, *, #1153, .T. ) ;
#142 = MANIFOLD_SOLID_BREP ( 'Boss-Extrude3[4]', #1191 ) ;
#143 = EDGE_CURVE ( 'NONE', #860, #2782, #1260, .T. ) ;
#144 = ORIENTED_EDGE ( 'NONE', *, *, #2833, .F. ) ;
#145 = PLANE ( 'NONE',  #2284 ) ;
#146 = STYLED_ITEM ( 'NONE', ( #106 ), #142 ) ;
#147 = CARTESIAN_POINT ( 'NONE',  ( -0.8000000000000000444, 0.1799999999999999933, -0.6400000000000000133 ) ) ;
#148 = MANIFOLD_SOLID_BREP ( 'Boss-Extrude3[8]', #1735 ) ;
#149 = DIRECTION ( 'NONE',  ( -0.000000000000000000, -1.000000000000000000, -0.000000000000000000 ) ) ;
#150 = LINE ( 'NONE', #2753, #425 ) ;
#151 = VERTEX_POINT ( 'NONE', #2744 ) ;
#152 = CARTESIAN_POINT ( 'NONE',  ( 0.8000000000000051514, 0.1799999999999999933, -0.3600000000000000977 ) ) ;
#153 = LINE ( 'NONE', #2219, #862 ) ;
#154 = FACE_OUTER_BOUND ( 'NONE', #402, .T. ) ;
#155 = LINE ( 'NONE', #2805, #1894 ) ;
#156 = VECTOR ( 'NONE', #609, 1000.000000000000114 ) ;
#157 = VERTEX_POINT ( 'NONE', #1308 ) ;
#158 = EDGE_LOOP ( 'NONE', ( #32, #183, #920, #49 ) ) ;
#159 = ORIENTED_EDGE ( 'NONE', *, *, #1816, .F. ) ;
#160 = DIRECTION ( 'NONE',  ( -0.000000000000000000, -0.000000000000000000, 1.000000000000000000 ) ) ;
#161 = LINE ( 'NONE', #2992, #2994 ) ;
#162 = LINE ( 'NONE', #612, #207 ) ;
#163 = EDGE_CURVE ( 'NONE', #320, #1411, #121, .T. ) ;
#164 = DIRECTION ( 'NONE',  ( -1.000000000000000000, 0.000000000000000000, -0.000000000000000000 ) ) ;
#165 = DIRECTION ( 'NONE',  ( 0.000000000000000000, 0.000000000000000000, 1.000000000000000000 ) ) ;
#166 = PRESENTATION_LAYER_ASSIGNMENT (  '', '', ( #2738 ) ) ;
#167 = DIRECTION ( 'NONE',  ( 0.000000000000000000, 1.000000000000000000, 0.000000000000000000 ) ) ;
#168 = EDGE_LOOP ( 'NONE', ( #452, #2790, #234, #834 ) ) ;
#169 = MANIFOLD_SOLID_BREP ( 'Boss-Extrude3[5]', #494 ) ;
#170 = LINE ( 'NONE', #2026, #1125 ) ;
#171 = LINE ( 'NONE', #1610, #1902 ) ;
#172 = ADVANCED_FACE ( 'NONE', ( #391 ), #2200, .T. ) ;
#173 = FILL_AREA_STYLE ('',( #2591 ) ) ;
#174 = VECTOR ( 'NONE', #344, 1000.000000000000000 ) ;
#175 = EDGE_LOOP ( 'NONE', ( #193, #209 ) ) ;
#176 = ORIENTED_EDGE ( 'NONE', *, *, #453, .F. ) ;
#177 = ADVANCED_FACE ( 'NONE', ( #154 ), #1062, .F. ) ;
#178 = DIRECTION ( 'NONE',  ( -1.000000000000000000, 0.000000000000000000, -0.000000000000000000 ) ) ;
#179 = CARTESIAN_POINT ( 'NONE',  ( 0.000000000000000000, 0.000000000000000000, 0.000000000000000000 ) ) ;
#180 = VECTOR ( 'NONE', #2596, 1000.000000000000000 ) ;
#181 = CARTESIAN_POINT ( 'NONE',  ( -0.6000000000000003109, 0.05000000000000000278, 0.8599999999999996536 ) ) ;
#182 = CARTESIAN_POINT ( 'NONE',  ( -0.6000000000000003109, 0.05000000000000000278, -0.1400000000000000411 ) ) ;
#183 = ORIENTED_EDGE ( 'NONE', *, *, #1923, .T. ) ;
#184 = DIRECTION ( 'NONE',  ( -0.1650476058606709095, 0.9862856015372325480, 0.000000000000000000 ) ) ;
#185 = EDGE_LOOP ( 'NONE', ( #2269, #2982, #274, #1091 ) ) ;
#186 = ADVANCED_FACE ( 'NONE', ( #1989 ), #2928, .F. ) ;
#187 = AXIS2_PLACEMENT_3D ( 'NONE', #1256, #2695, #568 ) ;
#188 = CARTESIAN_POINT ( 'NONE',  ( 0.000000000000000000, 0.1799999999999999933, 0.000000000000000000 ) ) ;
#189 = DIRECTION ( 'NONE',  ( 0.000000000000000000, 0.000000000000000000, 1.000000000000000000 ) ) ;
#190 = SURFACE_STYLE_FILL_AREA ( #173 ) ;
#191 = ADVANCED_FACE ( 'NONE', ( #855 ), #1754, .T. ) ;
#192 = VECTOR ( 'NONE', #1127, 1000.000000000000000 ) ;
#193 = ORIENTED_EDGE ( 'NONE', *, *, #2884, .T. ) ;
#194 = EDGE_LOOP ( 'NONE', ( #2186, #898, #2604, #1140, #585, #1293, #1288, #795, #2894, #1733, #2990, #329, #1461, #2687, #751, #1251, #944, #2139, #1504, #1944 ) ) ;
#195 = AXIS2_PLACEMENT_3D ( 'NONE', #2950, #385, #1978 ) ;
#196 = CARTESIAN_POINT ( 'NONE',  ( -0.6000000000000003109, 0.05000000000000000278, 0.3599999999999998757 ) ) ;
#197 = SPHERICAL_SURFACE ( 'NONE', #1644, 0.05000000000000000278 ) ;
#198 = CARTESIAN_POINT ( 'NONE',  ( -0.8000000000000000444, 0.000000000000000000, -0.6400000000000000133 ) ) ;
#199 = VERTEX_POINT ( 'NONE', #643 ) ;
#200 = DIRECTION ( 'NONE',  ( -0.1650476058606707430, -0.9862856015372325480, 0.000000000000000000 ) ) ;
#201 = ORIENTED_EDGE ( 'NONE', *, *, #613, .F. ) ;
#202 = EDGE_CURVE ( 'NONE', #2618, #1951, #1584, .T. ) ;
#203 = MANIFOLD_SOLID_BREP ( 'Boss-Extrude3[1]', #2626 ) ;
#204 = CARTESIAN_POINT ( 'NONE',  ( 0.5000000000000051070, 0.1799999999999999933, -0.1400000000000001521 ) ) ;
#205 = CARTESIAN_POINT ( 'NONE',  ( -0.5500339885431615450, 0.05000000000000000278, 1.050000000000000266 ) ) ;
#206 = DIRECTION ( 'NONE',  ( -0.000000000000000000, -0.000000000000000000, -1.000000000000000000 ) ) ;
#207 = VECTOR ( 'NONE', #1388, 1000.000000000000000 ) ;
#208 = EDGE_CURVE ( 'NONE', #336, #640, #2019, .T. ) ;
#209 = ORIENTED_EDGE ( 'NONE', *, *, #1196, .T. ) ;
#210 = MANIFOLD_SOLID_BREP ( 'Boss-Extrude3[3]', #3017 ) ;
#211 = ORIENTED_EDGE ( 'NONE', *, *, #334, .T. ) ;
#212 = CARTESIAN_POINT ( 'NONE',  ( -0.5000000000000000000, 0.1799999999999999933, -0.6400000000000000133 ) ) ;
#213 = DIRECTION ( 'NONE',  ( 1.000000000000000000, 0.000000000000000000, 0.000000000000000000 ) ) ;
#214 = LINE ( 'NONE', #1160, #239 ) ;
#215 = FACE_OUTER_BOUND ( 'NONE', #1845, .T. ) ;
#216 = ORIENTED_EDGE ( 'NONE', *, *, #2439, .F. ) ;
#217 = LINE ( 'NONE', #1178, #1694 ) ;
#218 = ORIENTED_EDGE ( 'NONE', *, *, #1153, .F. ) ;
#219 = VECTOR ( 'NONE', #2878, 1000.000000000000000 ) ;
#220 = FACE_OUTER_BOUND ( 'NONE', #1782, .T. ) ;
#221 = PLANE ( 'NONE',  #1506 ) ;
#222 =( NAMED_UNIT ( * ) PLANE_ANGLE_UNIT ( ) SI_UNIT ( $, .RADIAN. ) );
#223 = VECTOR ( 'NONE', #2947, 1000.000000000000000 ) ;
#224 = APPLICATION_PROTOCOL_DEFINITION ( 'draft international standard', 'automotive_design', 1998, #2052 ) ;
#225 = ORIENTED_EDGE ( 'NONE', *, *, #305, .T. ) ;
#226 = VERTEX_POINT ( 'NONE', #2286 ) ;
#227 = EDGE_CURVE ( 'NONE', #816, #2644, #161, .T. ) ;
#228 = DIRECTION ( 'NONE',  ( 0.000000000000000000, 0.000000000000000000, -1.000000000000000000 ) ) ;
#229 = EDGE_CURVE ( 'NONE', #377, #1179, #2224, .T. ) ;
#230 = LINE ( 'NONE', #3055, #2417 ) ;
#231 = PRODUCT_CONTEXT ( 'NONE', #886, 'mechanical' ) ;
#232 = ORIENTED_EDGE ( 'NONE', *, *, #1094, .T. ) ;
#233 = DIRECTION ( 'NONE',  ( 0.000000000000000000, -1.000000000000000000, 0.000000000000000000 ) ) ;
#234 = ORIENTED_EDGE ( 'NONE', *, *, #2064, .T. ) ;
#235 = CARTESIAN_POINT ( 'NONE',  ( -0.5000000000000000000, 0.000000000000000000, -0.8599999999999999867 ) ) ;
#236 = LINE ( 'NONE', #1437, #2550 ) ;
#237 = ORIENTED_EDGE ( 'NONE', *, *, #2910, .T. ) ;
#238 = VERTEX_POINT ( 'NONE', #3053 ) ;
#239 = VECTOR ( 'NONE', #926, 1000.000000000000000 ) ;
#240 = ADVANCED_FACE ( 'NONE', ( #890 ), #2366, .F. ) ;
#241 = CARTESIAN_POINT ( 'NONE',  ( -0.4999999999999844014, 0.000000000000000000, 0.6399999999999995692 ) ) ;
#242 = EDGE_CURVE ( 'NONE', #199, #2677, #3009, .T. ) ;
#243 = AXIS2_PLACEMENT_3D ( 'NONE', #523, #2606, #1255 ) ;
#244 = FACE_OUTER_BOUND ( 'NONE', #694, .T. ) ;
#245 = ORIENTED_EDGE ( 'NONE', *, *, #1040, .T. ) ;
#246 = CARTESIAN_POINT ( 'NONE',  ( -0.4999999999999896194, 0.1799999999999999933, 0.1399999999999998190 ) ) ;
#247 = VERTEX_POINT ( 'NONE', #716 ) ;
#248 = CARTESIAN_POINT ( 'NONE',  ( 0.5000000000000103251, 0.1799999999999999933, 0.3599999999999997646 ) ) ;
#249 = CARTESIAN_POINT ( 'NONE',  ( -0.5000000000000000000, 0.05000000000000005135, -0.8599999999999999867 ) ) ;
#250 = VECTOR ( 'NONE', #773, 1000.000000000000000 ) ;
#251 = CARTESIAN_POINT ( 'NONE',  ( -0.3500000000000002554, 0.5499999999999999334, -0.7999999999999999334 ) ) ;
#252 = CARTESIAN_POINT ( 'NONE',  ( -0.4656334405330642690, 0.5543577871373828181, 1.005874411264458201 ) ) ;
#253 = VERTEX_POINT ( 'NONE', #1173 ) ;
#254 = CARTESIAN_POINT ( 'NONE',  ( -0.000000000000000000, 0.05000000000000000278, 0.3599999999999997646 ) ) ;
#255 = AXIS2_PLACEMENT_3D ( 'NONE', #2421, #1684, #1952 ) ;
#256 = DIRECTION ( 'NONE',  ( 1.000000000000000000, 0.000000000000000000, 0.000000000000000000 ) ) ;
#257 = EDGE_LOOP ( 'NONE', ( #562, #696, #1755, #1528 ) ) ;
#258 = DIRECTION ( 'NONE',  ( 0.000000000000000000, 0.000000000000000000, 1.000000000000000000 ) ) ;
#259 = ORIENTED_EDGE ( 'NONE', *, *, #837, .T. ) ;
#260 = EDGE_CURVE ( 'NONE', #2971, #2827, #674, .T. ) ;
#261 = CARTESIAN_POINT ( 'NONE',  ( -0.5000000000000000000, 0.1799999999999999933, -0.8599999999999999867 ) ) ;
#262 = DIRECTION ( 'NONE',  ( 0.000000000000000000, -0.000000000000000000, 1.000000000000000000 ) ) ;
#263 = ADVANCED_FACE ( 'NONE', ( #938 ), #1369, .F. ) ;
#264 = DIRECTION ( 'NONE',  ( -1.000000000000000000, 0.000000000000000000, 0.000000000000000000 ) ) ;
#265 = DIRECTION ( 'NONE',  ( 0.000000000000000000, -0.000000000000000000, 1.000000000000000000 ) ) ;
#266 = PRESENTATION_LAYER_ASSIGNMENT (  '', '', ( #1159 ) ) ;
#267 = ORIENTED_EDGE ( 'NONE', *, *, #2912, .T. ) ;
#268 = PLANE ( 'NONE',  #1217 ) ;
#269 = CARTESIAN_POINT ( 'NONE',  ( -0.7999999999999948264, 0.1799999999999999933, -0.1400000000000001521 ) ) ;
#270 = CIRCLE ( 'NONE', #69, 0.08750000000000000833 ) ;
#271 = VECTOR ( 'NONE', #184, 1000.000000000000114 ) ;
#272 = VERTEX_POINT ( 'NONE', #2114 ) ;
#273 = CYLINDRICAL_SURFACE ( 'NONE', #1450, 0.08750000000000000833 ) ;
#274 = ORIENTED_EDGE ( 'NONE', *, *, #2311, .F. ) ;
#275 = ADVANCED_FACE ( 'NONE', ( #2319 ), #2824, .F. ) ;
#276 = FACE_OUTER_BOUND ( 'NONE', #194, .T. ) ;
#277 = DIRECTION ( 'NONE',  ( 0.000000000000000000, 0.000000000000000000, 1.000000000000000000 ) ) ;
#278 = PRESENTATION_STYLE_ASSIGNMENT (( #2377 ) ) ;
#279 = ADVANCED_FACE ( 'NONE', ( #702 ), #2793, .F. ) ;
#280 = CARTESIAN_POINT ( 'NONE',  ( -0.4999999999999844014, 0.000000000000000000, 0.6399999999999995692 ) ) ;
#281 = CARTESIAN_POINT ( 'NONE',  ( -0.4999999999999844014, 0.1799999999999999933, 0.8599999999999995426 ) ) ;
#282 = ORIENTED_EDGE ( 'NONE', *, *, #1657, .F. ) ;
#283 = AXIS2_PLACEMENT_3D ( 'NONE', #1859, #2573, #1899 ) ;
#284 = DIRECTION ( 'NONE',  ( -1.000000000000000000, -0.000000000000000000, -0.000000000000000000 ) ) ;
#285 = CARTESIAN_POINT ( 'NONE',  ( -0.3500000000000002554, 0.5499999999999999334, -0.8874999999999999556 ) ) ;
#286 = ORIENTED_EDGE ( 'NONE', *, *, #1751, .F. ) ;
#287 = LINE ( 'NONE', #3057, #512 ) ;
#288 = EDGE_LOOP ( 'NONE', ( #108, #1884, #1862, #487 ) ) ;
#289 = CIRCLE ( 'NONE', #3008, 0.08750000000000000833 ) ;
#290 = DIRECTION ( 'NONE',  ( -1.000000000000000000, 0.000000000000000000, -0.000000000000000000 ) ) ;
#291 = DIRECTION ( 'NONE',  ( -1.000000000000000000, 0.000000000000000000, -4.353374594594169657E-15 ) ) ;
#292 = FILL_AREA_STYLE ('',( #2167 ) ) ;
#293 = EDGE_CURVE ( 'NONE', #2164, #157, #455, .T. ) ;
#294 = AXIS2_PLACEMENT_3D ( 'NONE', #1486, #1426, #2379 ) ;
#295 = CARTESIAN_POINT ( 'NONE',  ( -0.3500000000000002554, 0.5999999999999999778, -0.8874999999999999556 ) ) ;
#296 = CARTESIAN_POINT ( 'NONE',  ( -0.3500000000000002554, 0.5999999999999999778, -0.7124999999999999112 ) ) ;
#297 = ORIENTED_EDGE ( 'NONE', *, *, #140, .F. ) ;
#298 = ADVANCED_FACE ( 'NONE', ( #1864 ), #1599, .F. ) ;
#299 = CARTESIAN_POINT ( 'NONE',  ( 0.000000000000000000, 0.000000000000000000, 0.000000000000000000 ) ) ;
#300 = SPHERICAL_SURFACE ( 'NONE', #1489, 0.05000000000000000278 ) ;
#301 = ORIENTED_EDGE ( 'NONE', *, *, #2530, .F. ) ;
#302 = CARTESIAN_POINT ( 'NONE',  ( 0.5000000000000103251, 0.000000000000000000, 0.1399999999999998190 ) ) ;
#303 = CIRCLE ( 'NONE', #2, 0.04999999999999998890 ) ;
#304 = VERTEX_POINT ( 'NONE', #2565 ) ;
#305 = EDGE_CURVE ( 'NONE', #2211, #1121, #1122, .T. ) ;
#306 = PLANE ( 'NONE',  #1081 ) ;
#307 = LINE ( 'NONE', #26, #535 ) ;
#308 = PLANE ( 'NONE',  #187 ) ;
#309 = VERTEX_POINT ( 'NONE', #212 ) ;
#310 = CARTESIAN_POINT ( 'NONE',  ( -0.4999999999999896194, 0.1799999999999999933, 0.1399999999999998190 ) ) ;
#311 = FACE_OUTER_BOUND ( 'NONE', #2385, .T. ) ;
#312 = ORIENTED_EDGE ( 'NONE', *, *, #227, .T. ) ;
#313 = MECHANICAL_DESIGN_GEOMETRIC_PRESENTATION_REPRESENTATION (  '', ( #1159 ), #2446 ) ;
#314 = DIRECTION ( 'NONE',  ( -0.000000000000000000, 0.000000000000000000, 1.000000000000000000 ) ) ;
#315 = EDGE_CURVE ( 'NONE', #602, #2395, #1124, .T. ) ;
#316 = CARTESIAN_POINT ( 'NONE',  ( -0.4656334405330642134, 0.5999999999999999778, -0.9560646763598703579 ) ) ;
#317 = AXIS2_PLACEMENT_3D ( 'NONE', #2280, #1336, #2043 ) ;
#318 = VERTEX_POINT ( 'NONE', #1186 ) ;
#319 = FACE_OUTER_BOUND ( 'NONE', #481, .T. ) ;
#320 = VERTEX_POINT ( 'NONE', #196 ) ;
#321 = EDGE_CURVE ( 'NONE', #2395, #966, #2100, .T. ) ;
#322 = VECTOR ( 'NONE', #2730, 1000.000000000000000 ) ;
#323 = CARTESIAN_POINT ( 'NONE',  ( -0.7999999999999948264, 0.1799999999999999933, -0.3600000000000000977 ) ) ;
#324 = CARTESIAN_POINT ( 'NONE',  ( 0.4999999999999998890, 0.1799999999999999933, -0.8599999999999999867 ) ) ;
#325 = CARTESIAN_POINT ( 'NONE',  ( 0.4999999999999998890, 0.05000000000000005135, -0.8599999999999999867 ) ) ;
#326 = ORIENTED_EDGE ( 'NONE', *, *, #2467, .T. ) ;
#327 = CARTESIAN_POINT ( 'NONE',  ( 0.5000000000000103251, 0.1799999999999999933, 0.1399999999999998190 ) ) ;
#328 = PRESENTATION_STYLE_ASSIGNMENT (( #1502 ) ) ;
#329 = ORIENTED_EDGE ( 'NONE', *, *, #880, .T. ) ;
#330 = AXIS2_PLACEMENT_3D ( 'NONE', #1414, #1386, #1157 ) ;
#331 = ORIENTED_EDGE ( 'NONE', *, *, #48, .F. ) ;
#332 = VECTOR ( 'NONE', #1069, 1000.000000000000000 ) ;
#333 = EDGE_CURVE ( 'NONE', #1988, #2609, #952, .T. ) ;
#334 = EDGE_CURVE ( 'NONE', #272, #851, #2590, .T. ) ;
#335 = SURFACE_STYLE_USAGE ( .BOTH. , #1540 ) ;
#336 = VERTEX_POINT ( 'NONE', #3039 ) ;
#337 = CARTESIAN_POINT ( 'NONE',  ( -0.7999999999999896083, 0.1799999999999999933, 0.1399999999999998190 ) ) ;
#338 = AXIS2_PLACEMENT_3D ( 'NONE', #2553, #2582, #1661 ) ;
#339 = ADVANCED_FACE ( 'NONE', ( #1400 ), #1629, .T. ) ;
#340 = PLANE ( 'NONE',  #2369 ) ;
#341 = CARTESIAN_POINT ( 'NONE',  ( 0.4999999999999998890, 0.1799999999999999933, -0.8599999999999999867 ) ) ;
#342 = CARTESIAN_POINT ( 'NONE',  ( 0.000000000000000000, 0.000000000000000000, 0.000000000000000000 ) ) ;
#343 = EDGE_LOOP ( 'NONE', ( #1898, #1576, #2595, #1761 ) ) ;
#344 = DIRECTION ( 'NONE',  ( 0.000000000000000000, 0.000000000000000000, 1.000000000000000000 ) ) ;
#345 = CARTESIAN_POINT ( 'NONE',  ( -0.6000000000000003109, 0.05000000000000000278, 1.050000000000000266 ) ) ;
#346 = ORIENTED_EDGE ( 'NONE', *, *, #333, .F. ) ;
#347 = ORIENTED_EDGE ( 'NONE', *, *, #392, .T. ) ;
#348 = AXIS2_PLACEMENT_3D ( 'NONE', #1214, #996, #1699 ) ;
#349 = LINE ( 'NONE', #838, #156 ) ;
#350 =( NAMED_UNIT ( * ) SI_UNIT ( $, .STERADIAN. ) SOLID_ANGLE_UNIT ( ) );
#351 = ORIENTED_EDGE ( 'NONE', *, *, #3003, .T. ) ;
#352 = FACE_OUTER_BOUND ( 'NONE', #2146, .T. ) ;
#353 = VECTOR ( 'NONE', #1787, 1000.000000000000000 ) ;
#354 = DIRECTION ( 'NONE',  ( -1.000000000000000000, 0.000000000000000000, 0.000000000000000000 ) ) ;
#355 = LINE ( 'NONE', #1758, #1527 ) ;
#356 = DIRECTION ( 'NONE',  ( 1.000000000000000000, 0.000000000000000000, 0.000000000000000000 ) ) ;
#357 = ORIENTED_EDGE ( 'NONE', *, *, #435, .F. ) ;
#358 = EDGE_CURVE ( 'NONE', #320, #2172, #984, .T. ) ;
#359 = CARTESIAN_POINT ( 'NONE',  ( -0.6000000000000003109, 0.05000000000000000278, -1.050000000000000044 ) ) ;
#360 = LINE ( 'NONE', #2012, #174 ) ;
#361 = EDGE_LOOP ( 'NONE', ( #1731, #2491, #1906, #297 ) ) ;
#362 = ADVANCED_FACE ( 'NONE', ( #483 ), #1490, .F. ) ;
#363 = ORIENTED_EDGE ( 'NONE', *, *, #315, .T. ) ;
#364 = VECTOR ( 'NONE', #653, 1000.000000000000000 ) ;
#365 =( NAMED_UNIT ( * ) SI_UNIT ( $, .STERADIAN. ) SOLID_ANGLE_UNIT ( ) );
#366 = VECTOR ( 'NONE', #520, 1000.000000000000000 ) ;
#367 = PLANE ( 'NONE',  #1013 ) ;
#368 = CARTESIAN_POINT ( 'NONE',  ( 0.4656334405330642690, 0.5499999999999999334, -1.050000000000000044 ) ) ;
#369 = CARTESIAN_POINT ( 'NONE',  ( -0.7999999999999948264, 0.000000000000000000, -0.3600000000000000977 ) ) ;
#370 = PLANE ( 'NONE',  #2160 ) ;
#371 = ORIENTED_EDGE ( 'NONE', *, *, #411, .F. ) ;
#372 = EDGE_CURVE ( 'NONE', #2784, #2015, #1273, .T. ) ;
#373 = CARTESIAN_POINT ( 'NONE',  ( 0.5500339885431619891, 0.05000000000000000278, -1.050000000000000044 ) ) ;
#374 = CARTESIAN_POINT ( 'NONE',  ( 0.5000000000000051070, 0.05000000000000000278, -0.000000000000000000 ) ) ;
#375 = EDGE_CURVE ( 'NONE', #745, #1503, #1760, .T. ) ;
#376 = SURFACE_SIDE_STYLE ('',( #1984 ) ) ;
#377 = VERTEX_POINT ( 'NONE', #2426 ) ;
#378 = EDGE_LOOP ( 'NONE', ( #2572, #1542, #2917, #2539 ) ) ;
#379 = ORIENTED_EDGE ( 'NONE', *, *, #83, .T. ) ;
#380 = CARTESIAN_POINT ( 'NONE',  ( -0.8000000000000000444, 0.000000000000000000, -0.8599999999999999867 ) ) ;
#381 =( LENGTH_UNIT ( ) NAMED_UNIT ( * ) SI_UNIT ( .MILLI., .METRE. ) );
#382 = DIRECTION ( 'NONE',  ( 0.000000000000000000, 0.000000000000000000, 1.000000000000000000 ) ) ;
#383 = VECTOR ( 'NONE', #1438, 1000.000000000000114 ) ;
#384 = DIRECTION ( 'NONE',  ( 0.000000000000000000, 0.000000000000000000, -1.000000000000000000 ) ) ;
#385 = DIRECTION ( 'NONE',  ( 0.000000000000000000, 1.000000000000000000, 0.000000000000000000 ) ) ;
#386 = DIRECTION ( 'NONE',  ( -1.000000000000000000, 0.000000000000000000, 0.000000000000000000 ) ) ;
#387 = ORIENTED_EDGE ( 'NONE', *, *, #887, .F. ) ;
#388 = VECTOR ( 'NONE', #149, 1000.000000000000000 ) ;
#389 = DIRECTION ( 'NONE',  ( 1.000000000000000000, 0.000000000000000000, 0.000000000000000000 ) ) ;
#390 = DIRECTION ( 'NONE',  ( 0.000000000000000000, 0.000000000000000000, 1.000000000000000000 ) ) ;
#391 = FACE_OUTER_BOUND ( 'NONE', #109, .T. ) ;
#392 = EDGE_CURVE ( 'NONE', #527, #1846, #544, .T. ) ;
#393 = VERTEX_POINT ( 'NONE', #2411 ) ;
#394 = ORIENTED_EDGE ( 'NONE', *, *, #1244, .F. ) ;
#395 = ORIENTED_EDGE ( 'NONE', *, *, #2625, .F. ) ;
#396 = ADVANCED_FACE ( 'NONE', ( #1429 ), #1444, .T. ) ;
#397 = CARTESIAN_POINT ( 'NONE',  ( 0.8000000000000103695, 0.000000000000000000, 0.1399999999999998190 ) ) ;
#398 = ADVANCED_FACE ( 'NONE', ( #2442 ), #268, .T. ) ;
#399 = DIRECTION ( 'NONE',  ( 1.000000000000000000, 0.000000000000000000, 0.000000000000000000 ) ) ;
#400 =( NAMED_UNIT ( * ) PLANE_ANGLE_UNIT ( ) SI_UNIT ( $, .RADIAN. ) );
#401 = PLANE ( 'NONE',  #813 ) ;
#402 = EDGE_LOOP ( 'NONE', ( #3024, #1814, #1412, #22 ) ) ;
#403 = EDGE_CURVE ( 'NONE', #2440, #1274, #1263, .T. ) ;
#404 = PLANE ( 'NONE',  #2658 ) ;
#405 = DIRECTION ( 'NONE',  ( 1.000000000000000000, 0.000000000000000000, 0.000000000000000000 ) ) ;
#406 = LINE ( 'NONE', #1380, #1946 ) ;
#407 = VECTOR ( 'NONE', #2614, 1000.000000000000000 ) ;
#408 = VERTEX_POINT ( 'NONE', #1941 ) ;
#409 = ORIENTED_EDGE ( 'NONE', *, *, #2302, .T. ) ;
#410 = CARTESIAN_POINT ( 'NONE',  ( 0.000000000000000000, 0.000000000000000000, 0.000000000000000000 ) ) ;
#411 = EDGE_CURVE ( 'NONE', #2971, #1711, #51, .T. ) ;
#412 = DIRECTION ( 'NONE',  ( 1.000000000000000000, 0.000000000000000000, 0.000000000000000000 ) ) ;
#413 = CARTESIAN_POINT ( 'NONE',  ( -0.3500000000000002554, 0.5499999999999999334, -0.8874999999999999556 ) ) ;
#414 = VECTOR ( 'NONE', #2580, 1000.000000000000000 ) ;
#415 = ORIENTED_EDGE ( 'NONE', *, *, #2941, .T. ) ;
#416 = DIRECTION ( 'NONE',  ( 0.000000000000000000, 1.000000000000000000, 0.000000000000000000 ) ) ;
#417 = ADVANCED_FACE ( 'NONE', ( #2657 ), #34, .T. ) ;
#418 = ORIENTED_EDGE ( 'NONE', *, *, #2287, .F. ) ;
#419 = LINE ( 'NONE', #2983, #2710 ) ;
#420 = CARTESIAN_POINT ( 'NONE',  ( 0.8000000000000155875, 0.1799999999999999933, 0.6399999999999995692 ) ) ;
#421 = VECTOR ( 'NONE', #2734, 1000.000000000000000 ) ;
#422 =( NAMED_UNIT ( * ) SI_UNIT ( $, .STERADIAN. ) SOLID_ANGLE_UNIT ( ) );
#423 = VECTOR ( 'NONE', #2654, 1000.000000000000114 ) ;
#424 = EDGE_LOOP ( 'NONE', ( #112, #2640, #92, #1476 ) ) ;
#425 = VECTOR ( 'NONE', #632, 1000.000000000000000 ) ;
#426 = ORIENTED_EDGE ( 'NONE', *, *, #771, .F. ) ;
#427 = CARTESIAN_POINT ( 'NONE',  ( -0.7999999999999896083, 0.1799999999999999933, 0.1399999999999998190 ) ) ;
#428 = EDGE_CURVE ( 'NONE', #2677, #2193, #514, .T. ) ;
#429 = AXIS2_PLACEMENT_3D ( 'NONE', #410, #2579, #1613 ) ;
#430 = CARTESIAN_POINT ( 'NONE',  ( 0.5000000000000051070, 0.05000000000000005135, -0.1400000000000001521 ) ) ;
#431 = ORIENTED_EDGE ( 'NONE', *, *, #1169, .T. ) ;
#432 = DIRECTION ( 'NONE',  ( 1.000000000000000000, 0.000000000000000000, 0.000000000000000000 ) ) ;
#433 = ORIENTED_EDGE ( 'NONE', *, *, #1204, .T. ) ;
#434 = VECTOR ( 'NONE', #1742, 1000.000000000000000 ) ;
#435 = EDGE_CURVE ( 'NONE', #3025, #2172, #1218, .T. ) ;
#436 = DIRECTION ( 'NONE',  ( 1.000000000000000000, 0.000000000000000000, 0.000000000000000000 ) ) ;
#437 = CARTESIAN_POINT ( 'NONE',  ( -0.5500339885431615450, 0.05000000000000000278, 1.050000000000000266 ) ) ;
#438 = EDGE_LOOP ( 'NONE', ( #1383, #889, #866, #459, #2349, #2091, #3056, #729, #371, #2907, #1392, #937, #1611, #2097, #124, #1368, #1009, #1582, #2890, #2754, #2926, #351, #1432, #2842, #1648, #895, #2202, #1656, #2563, #1691, #3005, #554, #1693, #2028, #2972, #2162, #936, #211, #2775, #2310 ) ) ;
#439 = EDGE_LOOP ( 'NONE', ( #40, #2282, #2660, #852 ) ) ;
#440 = VECTOR ( 'NONE', #2324, 1000.000000000000114 ) ;
#441 = DIRECTION ( 'NONE',  ( -0.000000000000000000, 1.000000000000000000, -0.000000000000000000 ) ) ;
#442 = LINE ( 'NONE', #427, #1353 ) ;
#443 = LINE ( 'NONE', #1389, #580 ) ;
#444 = PRESENTATION_STYLE_ASSIGNMENT (( #2538 ) ) ;
#445 = ORIENTED_EDGE ( 'NONE', *, *, #2625, .T. ) ;
#446 = DIRECTION ( 'NONE',  ( 0.1644365636917767270, 0.9826341575191896993, 0.08596934917627636896 ) ) ;
#447 = EDGE_LOOP ( 'NONE', ( #2031, #2888, #997, #2332 ) ) ;
#448 = PLANE ( 'NONE',  #931 ) ;
#449 = LINE ( 'NONE', #915, #2304 ) ;
#450 = SURFACE_SIDE_STYLE ('',( #190 ) ) ;
#451 = EDGE_CURVE ( 'NONE', #2956, #1840, #2869, .T. ) ;
#452 = ORIENTED_EDGE ( 'NONE', *, *, #1005, .T. ) ;
#453 = EDGE_CURVE ( 'NONE', #2029, #1988, #776, .T. ) ;
#454 = ORIENTED_EDGE ( 'NONE', *, *, #2630, .F. ) ;
#455 = LINE ( 'NONE', #2301, #180 ) ;
#456 = PLANE ( 'NONE',  #1402 ) ;
#457 = PLANE ( 'NONE',  #1668 ) ;
#458 = CARTESIAN_POINT ( 'NONE',  ( 0.5999999999999996447, 0.05000000000000000278, -1.000530997845577641 ) ) ;
#459 = ORIENTED_EDGE ( 'NONE', *, *, #1397, .T. ) ;
#460 = LINE ( 'NONE', #474, #611 ) ;
#461 = ORIENTED_EDGE ( 'NONE', *, *, #577, .F. ) ;
#462 = VECTOR ( 'NONE', #3020, 1000.000000000000000 ) ;
#463 = FACE_OUTER_BOUND ( 'NONE', #2049, .T. ) ;
#464 = LINE ( 'NONE', #668, #2152 ) ;
#465 =( LENGTH_UNIT ( ) NAMED_UNIT ( * ) SI_UNIT ( .MILLI., .METRE. ) );
#466 = EDGE_CURVE ( 'NONE', #320, #103, #748, .T. ) ;
#467 = EDGE_CURVE ( 'NONE', #1278, #318, #1459, .T. ) ;
#468 = ORIENTED_EDGE ( 'NONE', *, *, #293, .F. ) ;
#469 = ORIENTED_EDGE ( 'NONE', *, *, #841, .F. ) ;
#470 = VECTOR ( 'NONE', #120, 1000.000000000000000 ) ;
#471 = CARTESIAN_POINT ( 'NONE',  ( -0.7999999999999896083, 0.1799999999999999933, 0.3599999999999997646 ) ) ;
#472 = CARTESIAN_POINT ( 'NONE',  ( 0.5500339885431619891, 0.05000000000000000278, -1.050000000000000044 ) ) ;
#473 = ORIENTED_EDGE ( 'NONE', *, *, #163, .T. ) ;
#474 = CARTESIAN_POINT ( 'NONE',  ( -0.8000000000000000444, 0.1799999999999999933, -0.8599999999999999867 ) ) ;
#475 = ORIENTED_EDGE ( 'NONE', *, *, #541, .F. ) ;
#476 = VECTOR ( 'NONE', #2126, 1000.000000000000000 ) ;
#477 = LINE ( 'NONE', #1874, #775 ) ;
#478 = DIRECTION ( 'NONE',  ( 0.000000000000000000, 1.000000000000000000, 0.000000000000000000 ) ) ;
#479 = VECTOR ( 'NONE', #356, 1000.000000000000000 ) ;
#480 = CARTESIAN_POINT ( 'NONE',  ( -0.7999999999999948264, 0.000000000000000000, -0.3600000000000000977 ) ) ;
#481 = EDGE_LOOP ( 'NONE', ( #2940, #1163, #2198, #3013 ) ) ;
#482 = CIRCLE ( 'NONE', #1820, 0.08750000000000000833 ) ;
#483 = FACE_OUTER_BOUND ( 'NONE', #564, .T. ) ;
#484 = UNCERTAINTY_MEASURE_WITH_UNIT (LENGTH_MEASURE( 1.000000000000000082E-05 ), #381, 'distance_accuracy_value', 'NONE');
#485 = COLOUR_RGB ( '',0.7921568627450980005, 0.8196078431372548767, 0.9333333333333333481 ) ;
#486 = DIRECTION ( 'NONE',  ( 0.000000000000000000, 0.000000000000000000, 1.000000000000000000 ) ) ;
#487 = ORIENTED_EDGE ( 'NONE', *, *, #945, .T. ) ;
#488 = CARTESIAN_POINT ( 'NONE',  ( 0.6000000000000003109, 0.05000000000000065503, -0.8599999999999999867 ) ) ;
#489 = ORIENTED_EDGE ( 'NONE', *, *, #2467, .F. ) ;
#490 = ADVANCED_FACE ( 'NONE', ( #1687 ), #2641, .T. ) ;
#491 = CARTESIAN_POINT ( 'NONE',  ( 0.4999999999999998890, 0.1799999999999999933, -0.6400000000000000133 ) ) ;
#492 = FACE_OUTER_BOUND ( 'NONE', #2802, .T. ) ;
#493 = LINE ( 'NONE', #2864, #383 ) ;
#494 = CLOSED_SHELL ( 'NONE', ( #2004, #50, #1940, #594, #1928, #362 ) ) ;
#495 = CARTESIAN_POINT ( 'NONE',  ( -0.5782454608194167456, 0.1799999999999999933, -0.3600000000000000977 ) ) ;
#496 = FACE_OUTER_BOUND ( 'NONE', #704, .T. ) ;
#497 = EDGE_LOOP ( 'NONE', ( #1939, #804, #1456, #765 ) ) ;
#498 = AXIS2_PLACEMENT_3D ( 'NONE', #2795, #675, #1572 ) ;
#499 = DIRECTION ( 'NONE',  ( 0.000000000000000000, 1.000000000000000000, 0.000000000000000000 ) ) ;
#500 = EDGE_CURVE ( 'NONE', #2578, #1165, #2523, .T. ) ;
#501 = VECTOR ( 'NONE', #2457, 1000.000000000000000 ) ;
#502 = ADVANCED_FACE ( 'NONE', ( #1130 ), #3032, .F. ) ;
#503 = DIRECTION ( 'NONE',  ( 0.000000000000000000, 1.000000000000000000, 0.000000000000000000 ) ) ;
#504 = ORIENTED_EDGE ( 'NONE', *, *, #466, .F. ) ;
#505 = ORIENTED_EDGE ( 'NONE', *, *, #321, .T. ) ;
#506 = LINE ( 'NONE', #2876, #1714 ) ;
#507 = CARTESIAN_POINT ( 'NONE',  ( 0.000000000000000000, 0.000000000000000000, 0.000000000000000000 ) ) ;
#508 = EDGE_CURVE ( 'NONE', #2447, #2095, #2039, .T. ) ;
#509 = DIRECTION ( 'NONE',  ( -0.000000000000000000, -0.000000000000000000, -1.000000000000000000 ) ) ;
#510 = CARTESIAN_POINT ( 'NONE',  ( -0.3500000000000002554, 0.5999999999999999778, -0.7999999999999999334 ) ) ;
#511 = LINE ( 'NONE', #964, #250 ) ;
#512 = VECTOR ( 'NONE', #943, 1000.000000000000000 ) ;
#513 = EDGE_LOOP ( 'NONE', ( #2125, #379, #1748, #58 ) ) ;
#514 = LINE ( 'NONE', #2381, #1858 ) ;
#515 = DIRECTION ( 'NONE',  ( 0.000000000000000000, -0.000000000000000000, 1.000000000000000000 ) ) ;
#516 = EDGE_CURVE ( 'NONE', #2241, #1711, #1561, .T. ) ;
#517 = AXIS2_PLACEMENT_3D ( 'NONE', #2329, #2122, #3060 ) ;
#518 = AXIS2_PLACEMENT_3D ( 'NONE', #1030, #1971, #17 ) ;
#519 = EDGE_LOOP ( 'NONE', ( #2531, #770, #395, #942 ) ) ;
#520 = DIRECTION ( 'NONE',  ( -0.000000000000000000, -1.000000000000000000, -0.000000000000000000 ) ) ;
#521 = ORIENTED_EDGE ( 'NONE', *, *, #2978, .T. ) ;
#522 = SPHERICAL_SURFACE ( 'NONE', #3052, 0.05000000000000000278 ) ;
#523 = CARTESIAN_POINT ( 'NONE',  ( -0.4656334405330642134, 0.5499999999999999334, 0.9560646763598708020 ) ) ;
#524 = ADVANCED_FACE ( 'NONE', ( #1872 ), #1332, .T. ) ;
#525 = DIRECTION ( 'NONE',  ( 1.000000000000000000, 0.000000000000000000, 0.000000000000000000 ) ) ;
#526 = CARTESIAN_POINT ( 'NONE',  ( 0.5782454608194167456, 0.1799999999999999933, -1.050000000000000044 ) ) ;
#527 = VERTEX_POINT ( 'NONE', #1359 ) ;
#528 = VECTOR ( 'NONE', #1697, 1000.000000000000000 ) ;
#529 = DIRECTION ( 'NONE',  ( 0.000000000000000000, 0.000000000000000000, -1.000000000000000000 ) ) ;
#530 = AXIS2_PLACEMENT_3D ( 'NONE', #368, #1574, #2243 ) ;
#531 = LINE ( 'NONE', #1203, #1732 ) ;
#532 = ORIENTED_EDGE ( 'NONE', *, *, #1056, .F. ) ;
#533 = CARTESIAN_POINT ( 'NONE',  ( -0.4999999999999947820, 0.1799999999999999933, -0.1400000000000001521 ) ) ;
#534 = ORIENTED_EDGE ( 'NONE', *, *, #1834, .T. ) ;
#535 = VECTOR ( 'NONE', #2181, 1000.000000000000000 ) ;
#536 = DIRECTION ( 'NONE',  ( 0.000000000000000000, 0.000000000000000000, 1.000000000000000000 ) ) ;
#537 = FACE_OUTER_BOUND ( 'NONE', #606, .T. ) ;
#538 = VERTEX_POINT ( 'NONE', #2107 ) ;
#539 = COLOUR_RGB ( '',0.7921568627450980005, 0.8196078431372548767, 0.9333333333333333481 ) ;
#540 = LINE ( 'NONE', #2908, #2338 ) ;
#541 = EDGE_CURVE ( 'NONE', #558, #2025, #1808, .T. ) ;
#542 = CYLINDRICAL_SURFACE ( 'NONE', #294, 0.05000000000000002359 ) ;
#543 = ORIENTED_EDGE ( 'NONE', *, *, #2704, .T. ) ;
#544 = LINE ( 'NONE', #761, #28 ) ;
#545 = EDGE_CURVE ( 'NONE', #2015, #2784, #968, .T. ) ;
#546 = LINE ( 'NONE', #2397, #407 ) ;
#547 = ORIENTED_EDGE ( 'NONE', *, *, #2610, .T. ) ;
#548 = FACE_OUTER_BOUND ( 'NONE', #1995, .T. ) ;
#549 = CIRCLE ( 'NONE', #2581, 0.04999999999999991257 ) ;
#550 = ORIENTED_EDGE ( 'NONE', *, *, #730, .F. ) ;
#551 = CARTESIAN_POINT ( 'NONE',  ( -0.7999999999999948264, 0.1799999999999999933, -0.1400000000000001521 ) ) ;
#552 = CARTESIAN_POINT ( 'NONE',  ( -0.6000000000000003109, 0.05000000000000000278, 0.6399999999999999023 ) ) ;
#553 = DIRECTION ( 'NONE',  ( 0.000000000000000000, 1.000000000000000000, 0.000000000000000000 ) ) ;
#554 = ORIENTED_EDGE ( 'NONE', *, *, #2331, .T. ) ;
#555 = DIRECTION ( 'NONE',  ( -1.000000000000000000, 0.000000000000000000, 0.000000000000000000 ) ) ;
#556 = SURFACE_SIDE_STYLE ('',( #2955 ) ) ;
#557 = ADVANCED_FACE ( 'NONE', ( #929 ), #1839, .F. ) ;
#558 = VERTEX_POINT ( 'NONE', #1590 ) ;
#559 = EDGE_CURVE ( 'NONE', #2815, #1686, #1855, .T. ) ;
#560 = ORIENTED_EDGE ( 'NONE', *, *, #1137, .F. ) ;
#561 = PRESENTATION_LAYER_ASSIGNMENT (  '', '', ( #2451 ) ) ;
#562 = ORIENTED_EDGE ( 'NONE', *, *, #229, .F. ) ;
#563 = CARTESIAN_POINT ( 'NONE',  ( 0.4999999999999998890, 0.1799999999999999933, -0.6400000000000000133 ) ) ;
#564 = EDGE_LOOP ( 'NONE', ( #2748, #1664, #1185, #454 ) ) ;
#565 = CIRCLE ( 'NONE', #1065, 0.05000000000000002359 ) ;
#566 = DIRECTION ( 'NONE',  ( 0.000000000000000000, 0.000000000000000000, -1.000000000000000000 ) ) ;
#567 = LINE ( 'NONE', #369, #2619 ) ;
#568 = DIRECTION ( 'NONE',  ( 1.000000000000000000, 0.000000000000000000, 0.000000000000000000 ) ) ;
#569 = ORIENTED_EDGE ( 'NONE', *, *, #2059, .T. ) ;
#570 = DIRECTION ( 'NONE',  ( 0.000000000000000000, 0.000000000000000000, 1.000000000000000000 ) ) ;
#571 =( NAMED_UNIT ( * ) SI_UNIT ( $, .STERADIAN. ) SOLID_ANGLE_UNIT ( ) );
#572 = VERTEX_POINT ( 'NONE', #2571 ) ;
#573 = AXIS2_PLACEMENT_3D ( 'NONE', #2883, #499, #2141 ) ;
#574 = VERTEX_POINT ( 'NONE', #1391 ) ;
#575 = VECTOR ( 'NONE', #2496, 1000.000000000000000 ) ;
#576 = SURFACE_SIDE_STYLE ('',( #127 ) ) ;
#577 = EDGE_CURVE ( 'NONE', #1448, #1595, #859, .T. ) ;
#578 = ORIENTED_EDGE ( 'NONE', *, *, #1169, .F. ) ;
#579 = CARTESIAN_POINT ( 'NONE',  ( 0.4999999999999998890, 0.1799999999999999933, -0.6400000000000000133 ) ) ;
#580 = VECTOR ( 'NONE', #2339, 1000.000000000000000 ) ;
#581 = DIRECTION ( 'NONE',  ( 0.000000000000000000, 0.000000000000000000, -1.000000000000000000 ) ) ;
#582 = DIRECTION ( 'NONE',  ( 0.000000000000000000, 0.000000000000000000, 1.000000000000000000 ) ) ;
#583 = LINE ( 'NONE', #2964, #681 ) ;
#584 = EDGE_CURVE ( 'NONE', #393, #1269, #150, .T. ) ;
#585 = ORIENTED_EDGE ( 'NONE', *, *, #2232, .F. ) ;
#586 = CARTESIAN_POINT ( 'NONE',  ( 0.000000000000000000, 0.000000000000000000, 0.000000000000000000 ) ) ;
#587 = DIRECTION ( 'NONE',  ( 0.000000000000000000, 1.000000000000000000, 0.000000000000000000 ) ) ;
#588 = ADVANCED_FACE ( 'NONE', ( #2783 ), #401, .T. ) ;
#589 = ORIENTED_EDGE ( 'NONE', *, *, #90, .F. ) ;
#590 = MECHANICAL_DESIGN_GEOMETRIC_PRESENTATION_REPRESENTATION (  '', ( #835 ), #2575 ) ;
#591 = EDGE_LOOP ( 'NONE', ( #2518, #1863, #547, #918 ) ) ;
#592 = DIRECTION ( 'NONE',  ( -1.000000000000000000, 0.000000000000000000, 0.000000000000000000 ) ) ;
#593 =( NAMED_UNIT ( * ) PLANE_ANGLE_UNIT ( ) SI_UNIT ( $, .RADIAN. ) );
#594 = ADVANCED_FACE ( 'NONE', ( #877 ), #665, .F. ) ;
#595 = VERTEX_POINT ( 'NONE', #2556 ) ;
#596 = DIRECTION ( 'NONE',  ( 0.000000000000000000, 0.000000000000000000, -1.000000000000000000 ) ) ;
#597 = VECTOR ( 'NONE', #596, 1000.000000000000000 ) ;
#598 = EDGE_CURVE ( 'NONE', #1076, #1552, #2801, .T. ) ;
#599 = CARTESIAN_POINT ( 'NONE',  ( -0.3500000000000002554, 0.5999999999999999778, -0.7999999999999999334 ) ) ;
#600 = CARTESIAN_POINT ( 'NONE',  ( -0.7999999999999948264, 0.000000000000000000, -0.3600000000000000977 ) ) ;
#601 = LINE ( 'NONE', #2197, #1911 ) ;
#602 = VERTEX_POINT ( 'NONE', #1147 ) ;
#603 = CARTESIAN_POINT ( 'NONE',  ( 0.000000000000000000, 0.05000000000000000278, -0.6400000000000000133 ) ) ;
#604 = DIRECTION ( 'NONE',  ( 0.000000000000000000, 0.000000000000000000, -1.000000000000000000 ) ) ;
#605 =( NAMED_UNIT ( * ) SI_UNIT ( $, .STERADIAN. ) SOLID_ANGLE_UNIT ( ) );
#606 = EDGE_LOOP ( 'NONE', ( #1777, #2703, #2874, #1339 ) ) ;
#607 = ORIENTED_EDGE ( 'NONE', *, *, #2406, .T. ) ;
#608 =( GEOMETRIC_REPRESENTATION_CONTEXT ( 3 ) GLOBAL_UNCERTAINTY_ASSIGNED_CONTEXT ( ( #2597 ) ) GLOBAL_UNIT_ASSIGNED_CONTEXT ( ( #2392, #27, #2650 ) ) REPRESENTATION_CONTEXT ( 'NONE', 'WORKASPACE' ) );
#609 = DIRECTION ( 'NONE',  ( 0.1650476058606709095, -0.9862856015372325480, 0.000000000000000000 ) ) ;
#610 =( LENGTH_UNIT ( ) NAMED_UNIT ( * ) SI_UNIT ( .MILLI., .METRE. ) );
#611 = VECTOR ( 'NONE', #1897, 1000.000000000000000 ) ;
#612 = CARTESIAN_POINT ( 'NONE',  ( 0.5000000000000103251, 0.1799999999999999933, 0.1399999999999998190 ) ) ;
#613 = EDGE_CURVE ( 'NONE', #954, #602, #1164, .T. ) ;
#614 = DIRECTION ( 'NONE',  ( 0.000000000000000000, 0.000000000000000000, -1.000000000000000000 ) ) ;
#615 = CARTESIAN_POINT ( 'NONE',  ( 0.4999999999999998890, 0.1799999999999999933, -0.8599999999999999867 ) ) ;
#616 = DIRECTION ( 'NONE',  ( 0.000000000000000000, 0.000000000000000000, 1.000000000000000000 ) ) ;
#617 = ORIENTED_EDGE ( 'NONE', *, *, #3061, .F. ) ;
#618 = VECTOR ( 'NONE', #2757, 1000.000000000000000 ) ;
#619 = CARTESIAN_POINT ( 'NONE',  ( 0.5000000000000103251, 0.1799999999999999933, 0.1399999999999998190 ) ) ;
#620 = DIRECTION ( 'NONE',  ( 1.000000000000000000, 0.000000000000000000, 0.000000000000000000 ) ) ;
#621 = EDGE_CURVE ( 'NONE', #625, #1070, #217, .T. ) ;
#622 = ORIENTED_EDGE ( 'NONE', *, *, #2076, .T. ) ;
#623 = VERTEX_POINT ( 'NONE', #2145 ) ;
#624 = EDGE_CURVE ( 'NONE', #2425, #625, #2130, .T. ) ;
#625 = VERTEX_POINT ( 'NONE', #2358 ) ;
#626 = DIRECTION ( 'NONE',  ( 0.000000000000000000, 0.000000000000000000, 1.000000000000000000 ) ) ;
#627 = PRESENTATION_STYLE_ASSIGNMENT (( #1785 ) ) ;
#628 = FACE_OUTER_BOUND ( 'NONE', #513, .T. ) ;
#629 = PRODUCT_DEFINITION ( 'UNKNOWN', '', #1573, #2127 ) ;
#630 = DIRECTION ( 'NONE',  ( -0.000000000000000000, 0.000000000000000000, -1.000000000000000000 ) ) ;
#631 = CARTESIAN_POINT ( 'NONE',  ( 0.5000000000000051070, 0.1799999999999999933, -0.3600000000000000977 ) ) ;
#632 = DIRECTION ( 'NONE',  ( 0.000000000000000000, -1.000000000000000000, 0.000000000000000000 ) ) ;
#633 = ORIENTED_EDGE ( 'NONE', *, *, #1548, .T. ) ;
#634 = VECTOR ( 'NONE', #2932, 1000.000000000000114 ) ;
#635 = DIRECTION ( 'NONE',  ( 0.000000000000000000, -0.000000000000000000, 1.000000000000000000 ) ) ;
#636 = FACE_OUTER_BOUND ( 'NONE', #2517, .T. ) ;
#637 = DIRECTION ( 'NONE',  ( -0.000000000000000000, -1.000000000000000000, -0.000000000000000000 ) ) ;
#638 = AXIS2_PLACEMENT_3D ( 'NONE', #876, #2781, #165 ) ;
#639 = EDGE_CURVE ( 'NONE', #309, #2958, #2163, .T. ) ;
#640 = VERTEX_POINT ( 'NONE', #695 ) ;
#641 = ORIENTED_EDGE ( 'NONE', *, *, #841, .T. ) ;
#642 = PLANE ( 'NONE',  #950 ) ;
#643 = CARTESIAN_POINT ( 'NONE',  ( -0.4999999999999947820, 0.1799999999999999933, -0.1400000000000001521 ) ) ;
#644 = EDGE_CURVE ( 'NONE', #3050, #1020, #6, .T. ) ;
#645 = FACE_OUTER_BOUND ( 'NONE', #1235, .T. ) ;
#646 = CLOSED_SHELL ( 'NONE', ( #1674, #1805, #240, #2746, #2401, #1413 ) ) ;
#647 = PLANE ( 'NONE',  #1423 ) ;
#648 = SURFACE_SIDE_STYLE ('',( #2088 ) ) ;
#649 = VERTEX_POINT ( 'NONE', #2119 ) ;
#650 = CARTESIAN_POINT ( 'NONE',  ( 0.000000000000000000, 0.1799999999999999933, 0.000000000000000000 ) ) ;
#651 = ORIENTED_EDGE ( 'NONE', *, *, #2528, .F. ) ;
#652 = CARTESIAN_POINT ( 'NONE',  ( -0.6000000000000003109, 0.05000000000000000278, -0.6399999999999999023 ) ) ;
#653 = DIRECTION ( 'NONE',  ( 1.000000000000000000, 0.000000000000000000, 0.000000000000000000 ) ) ;
#654 = AXIS2_PLACEMENT_3D ( 'NONE', #2629, #503, #515 ) ;
#655 = EDGE_CURVE ( 'NONE', #1676, #2067, #1633, .T. ) ;
#656 = VERTEX_POINT ( 'NONE', #737 ) ;
#657 = EDGE_CURVE ( 'NONE', #1964, #736, #287, .T. ) ;
#658 = VERTEX_POINT ( 'NONE', #1931 ) ;
#659 = CARTESIAN_POINT ( 'NONE',  ( 0.5000000000000103251, 0.1799999999999999933, 0.1399999999999998190 ) ) ;
#660 = LINE ( 'NONE', #2102, #1744 ) ;
#661 = EDGE_CURVE ( 'NONE', #2023, #911, #1677, .T. ) ;
#662 = CARTESIAN_POINT ( 'NONE',  ( 0.8000000000000155875, 0.1799999999999999933, 0.8599999999999995426 ) ) ;
#663 = AXIS2_PLACEMENT_3D ( 'NONE', #2045, #1624, #2787 ) ;
#664 = ORIENTED_EDGE ( 'NONE', *, *, #2140, .T. ) ;
#665 = PLANE ( 'NONE',  #2885 ) ;
#666 = ORIENTED_EDGE ( 'NONE', *, *, #2854, .F. ) ;
#667 = LINE ( 'NONE', #3046, #1614 ) ;
#668 = CARTESIAN_POINT ( 'NONE',  ( -0.5000000000000000000, 0.1799999999999999933, -0.8599999999999999867 ) ) ;
#669 = CARTESIAN_POINT ( 'NONE',  ( -0.4656334405330642690, 0.5543577871373828181, -1.005874411264457757 ) ) ;
#670 = CIRCLE ( 'NONE', #2651, 0.04999999999999998890 ) ;
#671 = ORIENTED_EDGE ( 'NONE', *, *, #907, .F. ) ;
#672 = AXIS2_PLACEMENT_3D ( 'NONE', #2612, #529, #1015 ) ;
#673 = ORIENTED_EDGE ( 'NONE', *, *, #965, .T. ) ;
#674 = LINE ( 'NONE', #2068, #1515 ) ;
#675 = DIRECTION ( 'NONE',  ( 0.1644365636917769213, -0.9826341575191896993, 0.08596934917627638284 ) ) ;
#676 = ADVANCED_FACE ( 'NONE', ( #2399 ), #2873, .T. ) ;
#677 = LINE ( 'NONE', #691, #1279 ) ;
#678 = EDGE_LOOP ( 'NONE', ( #1521, #1089, #2823, #2455 ) ) ;
#679 = CARTESIAN_POINT ( 'NONE',  ( -0.3500000000000002554, 0.5499999999999999334, -0.7999999999999999334 ) ) ;
#680 = ORIENTED_EDGE ( 'NONE', *, *, #1111, .T. ) ;
#681 = VECTOR ( 'NONE', #1532, 1000.000000000000000 ) ;
#682 = DIRECTION ( 'NONE',  ( 0.000000000000000000, 0.000000000000000000, -1.000000000000000000 ) ) ;
#683 = LINE ( 'NONE', #2526, #1750 ) ;
#684 = EDGE_CURVE ( 'NONE', #538, #793, #2603, .T. ) ;
#685 = FACE_OUTER_BOUND ( 'NONE', #1294, .T. ) ;
#686 = ORIENTED_EDGE ( 'NONE', *, *, #62, .T. ) ;
#687 = ORIENTED_EDGE ( 'NONE', *, *, #2613, .F. ) ;
#688 = AXIS2_PLACEMENT_3D ( 'NONE', #755, #1696, #2433 ) ;
#689 = DIRECTION ( 'NONE',  ( 0.000000000000000000, 0.000000000000000000, 1.000000000000000000 ) ) ;
#690 = CARTESIAN_POINT ( 'NONE',  ( -0.7999999999999896083, 0.1799999999999999933, 0.1399999999999998190 ) ) ;
#691 = CARTESIAN_POINT ( 'NONE',  ( -0.6006993187647086119, 0.04582103584647611444, -1.000896609834292184 ) ) ;
#692 = EDGE_CURVE ( 'NONE', #1237, #2440, #1914, .T. ) ;
#693 =( NAMED_UNIT ( * ) SI_UNIT ( $, .STERADIAN. ) SOLID_ANGLE_UNIT ( ) );
#694 = EDGE_LOOP ( 'NONE', ( #2209, #2131, #2350, #822 ) ) ;
#695 = CARTESIAN_POINT ( 'NONE',  ( -0.5782454608194167456, 0.1799999999999999933, 0.8599999999999996536 ) ) ;
#696 = ORIENTED_EDGE ( 'NONE', *, *, #1180, .F. ) ;
#697 = CARTESIAN_POINT ( 'NONE',  ( -0.5782454608194167456, 0.1799999999999999933, -1.050000000000000044 ) ) ;
#698 = CARTESIAN_POINT ( 'NONE',  ( -0.4656334405330642690, 0.5499999999999999334, 0.9560646763598708020 ) ) ;
#699 = CARTESIAN_POINT ( 'NONE',  ( 0.5000000000000155431, 0.1799999999999999933, 0.6399999999999995692 ) ) ;
#700 = COLOUR_RGB ( '',0.7921568627450980005, 0.8196078431372548767, 0.9333333333333333481 ) ;
#701 = ORIENTED_EDGE ( 'NONE', *, *, #661, .F. ) ;
#702 = FACE_OUTER_BOUND ( 'NONE', #361, .T. ) ;
#703 = DIRECTION ( 'NONE',  ( -0.1644365636917767270, -0.9826341575191896993, 0.08596934917627636896 ) ) ;
#704 = EDGE_LOOP ( 'NONE', ( #431, #2633, #1351, #141 ) ) ;
#705 = DIRECTION ( 'NONE',  ( -0.000000000000000000, -0.000000000000000000, -1.000000000000000000 ) ) ;
#706 = ORIENTED_EDGE ( 'NONE', *, *, #1689, .T. ) ;
#707 = VECTOR ( 'NONE', #1812, 1000.000000000000000 ) ;
#708 = DIRECTION ( 'NONE',  ( 0.000000000000000000, 0.000000000000000000, -1.000000000000000000 ) ) ;
#709 = DIRECTION ( 'NONE',  ( -1.000000000000000000, -0.000000000000000000, -0.000000000000000000 ) ) ;
#710 = PLANE ( 'NONE',  #853 ) ;
#711 = VECTOR ( 'NONE', #2034, 1000.000000000000000 ) ;
#712 = ADVANCED_FACE ( 'NONE', ( #1190 ), #1447, .T. ) ;
#713 = LINE ( 'NONE', #281, #1143 ) ;
#714 = ORIENTED_EDGE ( 'NONE', *, *, #1563, .F. ) ;
#715 = VECTOR ( 'NONE', #2093, 1000.000000000000000 ) ;
#716 = CARTESIAN_POINT ( 'NONE',  ( -0.4999999999999947820, 0.05000000000000005135, -0.3600000000000000977 ) ) ;
#717 = EDGE_CURVE ( 'NONE', #1840, #1223, #460, .T. ) ;
#718 = CARTESIAN_POINT ( 'NONE',  ( 0.5000000000000051070, 0.1799999999999999933, -0.1400000000000001521 ) ) ;
#719 = ADVANCED_FACE ( 'NONE', ( #2843 ), #273, .T. ) ;
#720 = ORIENTED_EDGE ( 'NONE', *, *, #924, .F. ) ;
#721 = CARTESIAN_POINT ( 'NONE',  ( 0.5000000000000051070, 0.05000000000000005135, -0.3600000000000000977 ) ) ;
#722 = EDGE_LOOP ( 'NONE', ( #2897, #1997, #1990, #1092 ) ) ;
#723 =( GEOMETRIC_REPRESENTATION_CONTEXT ( 3 ) GLOBAL_UNCERTAINTY_ASSIGNED_CONTEXT ( ( #484 ) ) GLOBAL_UNIT_ASSIGNED_CONTEXT ( ( #381, #1819, #1570 ) ) REPRESENTATION_CONTEXT ( 'NONE', 'WORKASPACE' ) );
#724 = CARTESIAN_POINT ( 'NONE',  ( -0.8000000000000000444, 0.000000000000000000, -0.8599999999999999867 ) ) ;
#725 = DIRECTION ( 'NONE',  ( -1.000000000000000000, -0.000000000000000000, -0.000000000000000000 ) ) ;
#726 = VECTOR ( 'NONE', #2967, 1000.000000000000000 ) ;
#727 = DIRECTION ( 'NONE',  ( 0.000000000000000000, 0.000000000000000000, 1.000000000000000000 ) ) ;
#728 = CARTESIAN_POINT ( 'NONE',  ( 0.000000000000000000, 0.000000000000000000, 0.000000000000000000 ) ) ;
#729 = ORIENTED_EDGE ( 'NONE', *, *, #516, .T. ) ;
#730 = EDGE_CURVE ( 'NONE', #1237, #888, #2645, .T. ) ;
#731 = VECTOR ( 'NONE', #1496, 1000.000000000000114 ) ;
#732 = DIRECTION ( 'NONE',  ( -0.000000000000000000, -1.000000000000000000, -0.000000000000000000 ) ) ;
#733 = UNCERTAINTY_MEASURE_WITH_UNIT (LENGTH_MEASURE( 1.000000000000000082E-05 ), #2235, 'distance_accuracy_value', 'NONE');
#734 = EDGE_CURVE ( 'NONE', #238, #736, #1462, .T. ) ;
#735 = CARTESIAN_POINT ( 'NONE',  ( -0.3500000000000002554, 0.5499999999999999334, -0.7999999999999999334 ) ) ;
#736 = VERTEX_POINT ( 'NONE', #2386 ) ;
#737 = CARTESIAN_POINT ( 'NONE',  ( 0.7999999999999999334, 0.1799999999999999933, -0.6400000000000000133 ) ) ;
#738 = VERTEX_POINT ( 'NONE', #721 ) ;
#739 = DIRECTION ( 'NONE',  ( -1.000000000000000000, 0.000000000000000000, -0.000000000000000000 ) ) ;
#740 = DIRECTION ( 'NONE',  ( -0.1650476058606709095, 0.9862856015372325480, 0.000000000000000000 ) ) ;
#741 = SURFACE_SIDE_STYLE ('',( #2362 ) ) ;
#742 = AXIS2_PLACEMENT_3D ( 'NONE', #981, #2880, #1905 ) ;
#743 = PLANE ( 'NONE',  #2454 ) ;
#744 = FACE_OUTER_BOUND ( 'NONE', #2414, .T. ) ;
#745 = VERTEX_POINT ( 'NONE', #2617 ) ;
#746 = VECTOR ( 'NONE', #2506, 1000.000000000000000 ) ;
#747 = EDGE_CURVE ( 'NONE', #2732, #199, #1419, .T. ) ;
#748 = LINE ( 'NONE', #254, #2797 ) ;
#749 = PLANE ( 'NONE',  #135 ) ;
#750 = EDGE_CURVE ( 'NONE', #2675, #851, #53, .T. ) ;
#751 = ORIENTED_EDGE ( 'NONE', *, *, #2792, .F. ) ;
#752 = CARTESIAN_POINT ( 'NONE',  ( 0.4999999999999998890, 0.000000000000000000, -0.8599999999999999867 ) ) ;
#753 = ORIENTED_EDGE ( 'NONE', *, *, #358, .F. ) ;
#754 = DIRECTION ( 'NONE',  ( 1.000000000000000000, 0.000000000000000000, 0.000000000000000000 ) ) ;
#755 = CARTESIAN_POINT ( 'NONE',  ( -0.5513850386878470511, 0.03756865555344258284, 1.000896609834292628 ) ) ;
#756 = CARTESIAN_POINT ( 'NONE',  ( 0.4579955535483849483, 0.5543577871373828181, -1.005874411264457757 ) ) ;
#757 = LINE ( 'NONE', #1027, #423 ) ;
#758 = LINE ( 'NONE', #1655, #1979 ) ;
#759 = VECTOR ( 'NONE', #97, 1000.000000000000000 ) ;
#760 = ORIENTED_EDGE ( 'NONE', *, *, #1483, .F. ) ;
#761 = CARTESIAN_POINT ( 'NONE',  ( 0.5000000000000051070, 0.1799999999999999933, -0.3600000000000000977 ) ) ;
#762 = CARTESIAN_POINT ( 'NONE',  ( -0.4656334405330642134, 0.5499999999999999334, -0.9560646763598703579 ) ) ;
#763 = EDGE_LOOP ( 'NONE', ( #3038, #680, #1039, #1123 ) ) ;
#764 = DIRECTION ( 'NONE',  ( 0.000000000000000000, 0.000000000000000000, -1.000000000000000000 ) ) ;
#765 = ORIENTED_EDGE ( 'NONE', *, *, #2943, .F. ) ;
#766 = ADVANCED_FACE ( 'NONE', ( #1509 ), #367, .F. ) ;
#767 = FACE_OUTER_BOUND ( 'NONE', #2144, .T. ) ;
#768 = CARTESIAN_POINT ( 'NONE',  ( -0.4999999999999896194, 0.000000000000000000, 0.1399999999999998190 ) ) ;
#769 = CARTESIAN_POINT ( 'NONE',  ( -0.000000000000000000, 0.05000000000000000278, -0.8599999999999999867 ) ) ;
#770 = ORIENTED_EDGE ( 'NONE', *, *, #2833, .T. ) ;
#771 = EDGE_CURVE ( 'NONE', #1487, #623, #2226, .T. ) ;
#772 = FACE_OUTER_BOUND ( 'NONE', #1059, .T. ) ;
#773 = DIRECTION ( 'NONE',  ( -0.000000000000000000, -1.000000000000000000, -0.000000000000000000 ) ) ;
#774 = EDGE_LOOP ( 'NONE', ( #363, #159, #1043, #1662 ) ) ;
#775 = VECTOR ( 'NONE', #899, 1000.000000000000000 ) ;
#776 = LINE ( 'NONE', #2911, #1752 ) ;
#777 = AXIS2_PLACEMENT_3D ( 'NONE', #1285, #1806, #842 ) ;
#778 = LINE ( 'NONE', #1019, #1783 ) ;
#779 = ORIENTED_EDGE ( 'NONE', *, *, #2206, .F. ) ;
#780 = FACE_OUTER_BOUND ( 'NONE', #118, .T. ) ;
#781 = ORIENTED_EDGE ( 'NONE', *, *, #2647, .F. ) ;
#782 = EDGE_CURVE ( 'NONE', #1487, #1063, #2661, .T. ) ;
#783 = DIRECTION ( 'NONE',  ( 0.000000000000000000, 0.000000000000000000, 1.000000000000000000 ) ) ;
#784 = CARTESIAN_POINT ( 'NONE',  ( -0.7999999999999896083, 0.1799999999999999933, 0.1399999999999998190 ) ) ;
#785 = DIRECTION ( 'NONE',  ( 1.000000000000000000, 0.000000000000000000, -0.000000000000000000 ) ) ;
#786 = EDGE_CURVE ( 'NONE', #2732, #595, #2476, .T. ) ;
#787 = ORIENTED_EDGE ( 'NONE', *, *, #321, .F. ) ;
#788 = CARTESIAN_POINT ( 'NONE',  ( 0.7999999999999999334, 0.1799999999999999933, -0.8599999999999999867 ) ) ;
#789 =( LENGTH_UNIT ( ) NAMED_UNIT ( * ) SI_UNIT ( .MILLI., .METRE. ) );
#790 = ORIENTED_EDGE ( 'NONE', *, *, #453, .T. ) ;
#791 = ORIENTED_EDGE ( 'NONE', *, *, #786, .F. ) ;
#792 = LINE ( 'NONE', #285, #54 ) ;
#793 = VERTEX_POINT ( 'NONE', #826 ) ;
#794 = DIRECTION ( 'NONE',  ( -1.000000000000000000, 0.000000000000000000, -0.000000000000000000 ) ) ;
#795 = ORIENTED_EDGE ( 'NONE', *, *, #2686, .T. ) ;
#796 = DIRECTION ( 'NONE',  ( -0.9862856015372325480, -0.1650476058606709373, 0.000000000000000000 ) ) ;
#797 = DIRECTION ( 'NONE',  ( -0.000000000000000000, -0.000000000000000000, 1.000000000000000000 ) ) ;
#798 = CARTESIAN_POINT ( 'NONE',  ( -0.5149477206099258852, 0.5582523802930334789, -0.9524122329063193781 ) ) ;
#799 =( BOUNDED_CURVE ( )  B_SPLINE_CURVE ( 3, ( #205, #1827, #1134, #2078 ),
 .UNSPECIFIED., .F., .T. ) 
 B_SPLINE_CURVE_WITH_KNOTS ( ( 4, 4 ),
 ( 2.059754885394077029, 3.616165869370703945 ),
 .UNSPECIFIED. ) 
 CURVE ( )  GEOMETRIC_REPRESENTATION_ITEM ( )  RATIONAL_B_SPLINE_CURVE ( ( 1.000000000000000000, 0.8081162888163890834, 0.8081162888163890834, 1.000000000000000000 ) ) 
 REPRESENTATION_ITEM ( '' )  );
#800 = ORIENTED_EDGE ( 'NONE', *, *, #3027, .T. ) ;
#801 = CARTESIAN_POINT ( 'NONE',  ( 0.000000000000000000, 0.1799999999999999933, 0.000000000000000000 ) ) ;
#802 = ORIENTED_EDGE ( 'NONE', *, *, #584, .F. ) ;
#803 = EDGE_CURVE ( 'NONE', #971, #408, #2902, .T. ) ;
#804 = ORIENTED_EDGE ( 'NONE', *, *, #803, .F. ) ;
#805 = PRESENTATION_STYLE_ASSIGNMENT (( #2223 ) ) ;
#806 = FILL_AREA_STYLE_COLOUR ( '', #1262 ) ;
#807 = ADVANCED_FACE ( 'NONE', ( #780 ), #1299, .F. ) ;
#808 = PRESENTATION_LAYER_ASSIGNMENT (  '', '', ( #1650 ) ) ;
#809 = ORIENTED_EDGE ( 'NONE', *, *, #2347, .F. ) ;
#810 = DIRECTION ( 'NONE',  ( 1.000000000000000000, 0.000000000000000000, 0.000000000000000000 ) ) ;
#811 = AXIS2_PLACEMENT_3D ( 'NONE', #698, #1182, #2361 ) ;
#812 = PLANE ( 'NONE',  #2857 ) ;
#813 = AXIS2_PLACEMENT_3D ( 'NONE', #650, #167, #1115 ) ;
#814 = LINE ( 'NONE', #552, #885 ) ;
#815 = PLANE ( 'NONE',  #1468 ) ;
#816 = VERTEX_POINT ( 'NONE', #533 ) ;
#817 = DIRECTION ( 'NONE',  ( 0.000000000000000000, 1.000000000000000000, 0.000000000000000000 ) ) ;
#818 = LINE ( 'NONE', #1565, #470 ) ;
#819 = CARTESIAN_POINT ( 'NONE',  ( 0.4999999999999998890, 0.000000000000000000, -0.6400000000000000133 ) ) ;
#820 = ORIENTED_EDGE ( 'NONE', *, *, #1139, .F. ) ;
#821 = EDGE_CURVE ( 'NONE', #2029, #836, #1705, .T. ) ;
#822 = ORIENTED_EDGE ( 'NONE', *, *, #717, .T. ) ;
#823 = VECTOR ( 'NONE', #1363, 1000.000000000000000 ) ;
#824 = DIRECTION ( 'NONE',  ( 0.000000000000000000, -0.000000000000000000, 1.000000000000000000 ) ) ;
#825 = EDGE_LOOP ( 'NONE', ( #1341, #5, #2901, #2468 ) ) ;
#826 = CARTESIAN_POINT ( 'NONE',  ( 0.4999999999999998890, 0.000000000000000000, -0.8599999999999999867 ) ) ;
#827 = CARTESIAN_POINT ( 'NONE',  ( 0.5000000000000051070, 0.1799999999999999933, -0.3600000000000000977 ) ) ;
#828 = DIRECTION ( 'NONE',  ( 0.000000000000000000, 0.000000000000000000, -1.000000000000000000 ) ) ;
#829 = PLANE ( 'NONE',  #1865 ) ;
#830 = ORIENTED_EDGE ( 'NONE', *, *, #1000, .F. ) ;
#831 = VECTOR ( 'NONE', #582, 1000.000000000000000 ) ;
#832 = LINE ( 'NONE', #619, #1660 ) ;
#833 = LINE ( 'NONE', #2453, #917 ) ;
#834 = ORIENTED_EDGE ( 'NONE', *, *, #750, .T. ) ;
#835 = STYLED_ITEM ( 'NONE', ( #1536 ), #148 ) ;
#836 = VERTEX_POINT ( 'NONE', #2691 ) ;
#837 = EDGE_CURVE ( 'NONE', #2095, #2903, #1314, .T. ) ;
#838 = CARTESIAN_POINT ( 'NONE',  ( 0.6000000000000003109, 0.05000000000000065503, 0.8599999999999996536 ) ) ;
#839 = SURFACE_SIDE_STYLE ('',( #111 ) ) ;
#840 = DIRECTION ( 'NONE',  ( 0.000000000000000000, 0.000000000000000000, 1.000000000000000000 ) ) ;
#841 = EDGE_CURVE ( 'NONE', #2164, #2283, #1295, .T. ) ;
#842 = DIRECTION ( 'NONE',  ( -0.000000000000000000, 0.000000000000000000, -1.000000000000000000 ) ) ;
#843 = DIRECTION ( 'NONE',  ( -1.000000000000000000, 0.000000000000000000, 0.000000000000000000 ) ) ;
#844 =( GEOMETRIC_REPRESENTATION_CONTEXT ( 3 ) GLOBAL_UNCERTAINTY_ASSIGNED_CONTEXT ( ( #923 ) ) GLOBAL_UNIT_ASSIGNED_CONTEXT ( ( #2256, #2688, #2489 ) ) REPRESENTATION_CONTEXT ( 'NONE', 'WORKASPACE' ) );
#845 = CARTESIAN_POINT ( 'NONE',  ( -0.5500339885431614340, 0.05000000000000000278, -1.050000000000000044 ) ) ;
#846 = ORIENTED_EDGE ( 'NONE', *, *, #208, .T. ) ;
#847 = DIRECTION ( 'NONE',  ( 0.000000000000000000, 0.000000000000000000, 1.000000000000000000 ) ) ;
#848 = DIRECTION ( 'NONE',  ( -0.000000000000000000, -1.000000000000000000, -0.000000000000000000 ) ) ;
#849 = DIRECTION ( 'NONE',  ( -0.000000000000000000, -0.000000000000000000, 1.000000000000000000 ) ) ;
#850 = ORIENTED_EDGE ( 'NONE', *, *, #403, .F. ) ;
#851 = VERTEX_POINT ( 'NONE', #2461 ) ;
#852 = ORIENTED_EDGE ( 'NONE', *, *, #451, .T. ) ;
#853 = AXIS2_PLACEMENT_3D ( 'NONE', #2847, #2420, #2667 ) ;
#854 = CARTESIAN_POINT ( 'NONE',  ( -0.6000000000000003109, 0.05000000000000000278, 1.050000000000000266 ) ) ;
#855 = FACE_OUTER_BOUND ( 'NONE', #956, .T. ) ;
#856 = CARTESIAN_POINT ( 'NONE',  ( 0.5189377785133357790, 0.2358236237651693823, 1.033742539505241531 ) ) ;
#857 = LINE ( 'NONE', #1344, #879 ) ;
#858 = APPLICATION_PROTOCOL_DEFINITION ( 'draft international standard', 'automotive_design', 1998, #886 ) ;
#859 = LINE ( 'NONE', #2540, #2700 ) ;
#860 = VERTEX_POINT ( 'NONE', #2191 ) ;
#861 = ADVANCED_FACE ( 'NONE', ( #319 ), #1021, .F. ) ;
#862 = VECTOR ( 'NONE', #2484, 1000.000000000000000 ) ;
#863 = DIRECTION ( 'NONE',  ( 0.000000000000000000, -1.000000000000000000, 0.000000000000000000 ) ) ;
#864 = LINE ( 'NONE', #1102, #1653 ) ;
#865 = CARTESIAN_POINT ( 'NONE',  ( 0.7999999999999999334, 0.000000000000000000, -0.8599999999999999867 ) ) ;
#866 = ORIENTED_EDGE ( 'NONE', *, *, #1563, .T. ) ;
#867 = ADVANCED_FACE ( 'NONE', ( #548 ), #2889, .F. ) ;
#868 = EDGE_LOOP ( 'NONE', ( #802, #1568, #1257, #687 ) ) ;
#869 = AXIS2_PLACEMENT_3D ( 'NONE', #2548, #2838, #1 ) ;
#870 = ORIENTED_EDGE ( 'NONE', *, *, #692, .F. ) ;
#871 = CARTESIAN_POINT ( 'NONE',  ( -0.8000000000000000444, 0.1799999999999999933, -0.8599999999999999867 ) ) ;
#872 = DIRECTION ( 'NONE',  ( -0.000000000000000000, -0.000000000000000000, -1.000000000000000000 ) ) ;
#873 = VECTOR ( 'NONE', #2294, 1000.000000000000000 ) ;
#874 = LINE ( 'NONE', #2735, #353 ) ;
#875 = FACE_OUTER_BOUND ( 'NONE', #2058, .T. ) ;
#876 = CARTESIAN_POINT ( 'NONE',  ( -0.4656334405330642134, 0.5499999999999999334, -0.9560646763598703579 ) ) ;
#877 = FACE_OUTER_BOUND ( 'NONE', #2721, .T. ) ;
#878 = VERTEX_POINT ( 'NONE', #1494 ) ;
#879 = VECTOR ( 'NONE', #384, 1000.000000000000000 ) ;
#880 = EDGE_CURVE ( 'NONE', #304, #2524, #2210, .T. ) ;
#881 = LINE ( 'NONE', #652, #2316 ) ;
#882 = CARTESIAN_POINT ( 'NONE',  ( -0.7999999999999843903, 0.1799999999999999933, 0.6399999999999995692 ) ) ;
#883 = EDGE_CURVE ( 'NONE', #2776, #656, #1991, .T. ) ;
#884 = DIRECTION ( 'NONE',  ( 0.000000000000000000, -0.000000000000000000, -1.000000000000000000 ) ) ;
#885 = VECTOR ( 'NONE', #1531, 1000.000000000000114 ) ;
#886 = APPLICATION_CONTEXT ( 'automotive_design' ) ;
#887 = EDGE_CURVE ( 'NONE', #656, #2293, #1756, .T. ) ;
#888 = VERTEX_POINT ( 'NONE', #1529 ) ;
#889 = ORIENTED_EDGE ( 'NONE', *, *, #661, .T. ) ;
#890 = FACE_OUTER_BOUND ( 'NONE', #2714, .T. ) ;
#891 = FACE_OUTER_BOUND ( 'NONE', #1472, .T. ) ;
#892 = CLOSED_SHELL ( 'NONE', ( #1829, #298, #2213, #861, #1266, #12 ) ) ;
#893 = LINE ( 'NONE', #2306, #2615 ) ;
#894 = LINE ( 'NONE', #1161, #2861 ) ;
#895 = ORIENTED_EDGE ( 'NONE', *, *, #1488, .T. ) ;
#896 = DIRECTION ( 'NONE',  ( -0.000000000000000000, -1.000000000000000000, -0.000000000000000000 ) ) ;
#897 = AXIS2_PLACEMENT_3D ( 'NONE', #1283, #1034, #1049 ) ;
#898 = ORIENTED_EDGE ( 'NONE', *, *, #2528, .T. ) ;
#899 = DIRECTION ( 'NONE',  ( 0.000000000000000000, 0.000000000000000000, -1.000000000000000000 ) ) ;
#900 = DIRECTION ( 'NONE',  ( 0.000000000000000000, -1.000000000000000000, 0.000000000000000000 ) ) ;
#901 = DIRECTION ( 'NONE',  ( 1.000000000000000000, 0.000000000000000000, 0.000000000000000000 ) ) ;
#902 = ORIENTED_EDGE ( 'NONE', *, *, #2391, .T. ) ;
#903 = ORIENTED_EDGE ( 'NONE', *, *, #1976, .T. ) ;
#904 = ADVANCED_FACE ( 'NONE', ( #352 ), #1543, .T. ) ;
#905 = CARTESIAN_POINT ( 'NONE',  ( 0.6000000000000005329, 0.04999999999999999584, 1.029594932544969810 ) ) ;
#906 = DIRECTION ( 'NONE',  ( 1.000000000000000000, 0.000000000000000000, 0.000000000000000000 ) ) ;
#907 = EDGE_CURVE ( 'NONE', #2609, #2915, #1355, .T. ) ;
#908 = DIRECTION ( 'NONE',  ( -1.000000000000000000, 0.000000000000000000, -0.000000000000000000 ) ) ;
#909 = DIRECTION ( 'NONE',  ( -1.000000000000000000, 0.000000000000000000, -0.000000000000000000 ) ) ;
#910 = VECTOR ( 'NONE', #2828, 1000.000000000000000 ) ;
#911 = VERTEX_POINT ( 'NONE', #2961 ) ;
#912 = CARTESIAN_POINT ( 'NONE',  ( 0.5000000000000051070, 0.000000000000000000, -0.1400000000000001521 ) ) ;
#913 = ORIENTED_EDGE ( 'NONE', *, *, #1040, .F. ) ;
#914 = DIRECTION ( 'NONE',  ( 0.1650476058606707430, 0.9862856015372325480, 0.000000000000000000 ) ) ;
#915 = CARTESIAN_POINT ( 'NONE',  ( 0.5999999999999996447, 0.05000000000000000278, 1.050000000000000266 ) ) ;
#916 = CARTESIAN_POINT ( 'NONE',  ( 0.5000000000000051070, 0.1799999999999999933, -0.3600000000000000977 ) ) ;
#917 = VECTOR ( 'NONE', #848, 1000.000000000000000 ) ;
#918 = ORIENTED_EDGE ( 'NONE', *, *, #2536, .F. ) ;
#919 = VECTOR ( 'NONE', #3044, 1000.000000000000000 ) ;
#920 = ORIENTED_EDGE ( 'NONE', *, *, #1524, .T. ) ;
#921 = EDGE_CURVE ( 'NONE', #2791, #2915, #874, .T. ) ;
#922 = CARTESIAN_POINT ( 'NONE',  ( 0.5793899252090641827, 0.04999999999999999584, 1.050000000000000044 ) ) ;
#923 = UNCERTAINTY_MEASURE_WITH_UNIT (LENGTH_MEASURE( 1.000000000000000082E-05 ), #2256, 'distance_accuracy_value', 'NONE');
#924 = EDGE_CURVE ( 'NONE', #2261, #572, #1557, .T. ) ;
#925 = DIRECTION ( 'NONE',  ( -0.000000000000000000, -1.000000000000000000, -0.000000000000000000 ) ) ;
#926 = DIRECTION ( 'NONE',  ( 0.000000000000000000, -1.000000000000000000, 0.000000000000000000 ) ) ;
#927 = DIRECTION ( 'NONE',  ( 0.000000000000000000, 1.000000000000000000, 0.000000000000000000 ) ) ;
#928 = ORIENTED_EDGE ( 'NONE', *, *, #1492, .F. ) ;
#929 = FACE_OUTER_BOUND ( 'NONE', #722, .T. ) ;
#930 = ORIENTED_EDGE ( 'NONE', *, *, #2287, .T. ) ;
#931 = AXIS2_PLACEMENT_3D ( 'NONE', #1394, #2344, #1421 ) ;
#932 = LINE ( 'NONE', #2803, #130 ) ;
#933 = DIRECTION ( 'NONE',  ( 0.000000000000000000, 1.000000000000000000, 0.000000000000000000 ) ) ;
#934 = DIRECTION ( 'NONE',  ( 0.000000000000000000, -0.000000000000000000, -1.000000000000000000 ) ) ;
#935 = VECTOR ( 'NONE', #975, 1000.000000000000000 ) ;
#936 = ORIENTED_EDGE ( 'NONE', *, *, #1688, .F. ) ;
#937 = ORIENTED_EDGE ( 'NONE', *, *, #2439, .T. ) ;
#938 = FACE_OUTER_BOUND ( 'NONE', #1793, .T. ) ;
#939 = EDGE_CURVE ( 'NONE', #736, #2844, #2566, .T. ) ;
#940 = CARTESIAN_POINT ( 'NONE',  ( -0.4999999999999844014, 0.1799999999999999933, 0.8599999999999995426 ) ) ;
#941 = CARTESIAN_POINT ( 'NONE',  ( 0.000000000000000000, 0.000000000000000000, 0.000000000000000000 ) ) ;
#942 = ORIENTED_EDGE ( 'NONE', *, *, #2592, .F. ) ;
#943 = DIRECTION ( 'NONE',  ( 0.000000000000000000, -1.000000000000000000, 0.000000000000000000 ) ) ;
#944 = ORIENTED_EDGE ( 'NONE', *, *, #2406, .F. ) ;
#945 = EDGE_CURVE ( 'NONE', #2425, #1374, #1821, .T. ) ;
#946 = DIRECTION ( 'NONE',  ( 0.000000000000000000, 0.000000000000000000, -1.000000000000000000 ) ) ;
#947 = CARTESIAN_POINT ( 'NONE',  ( -0.5500339885431614340, 0.05000000000000000278, -1.050000000000000044 ) ) ;
#948 = ADVANCED_FACE ( 'NONE', ( #1850 ), #2535, .F. ) ;
#949 = CARTESIAN_POINT ( 'NONE',  ( 0.000000000000000000, 0.5999999999999999778, 0.000000000000000000 ) ) ;
#950 = AXIS2_PLACEMENT_3D ( 'NONE', #871, #1818, #1583 ) ;
#951 = ORIENTED_EDGE ( 'NONE', *, *, #2811, .F. ) ;
#952 = LINE ( 'NONE', #1893, #2314 ) ;
#953 = DIRECTION ( 'NONE',  ( -0.000000000000000000, -1.000000000000000000, -0.000000000000000000 ) ) ;
#954 = VERTEX_POINT ( 'NONE', #2766 ) ;
#955 = CARTESIAN_POINT ( 'NONE',  ( -0.4656334405330642134, 0.5499999999999999334, 0.9560646763598708020 ) ) ;
#956 = EDGE_LOOP ( 'NONE', ( #1817, #394, #617, #578 ) ) ;
#957 = VECTOR ( 'NONE', #2404, 1000.000000000000000 ) ;
#958 = PLANE ( 'NONE',  #1227 ) ;
#959 = DIRECTION ( 'NONE',  ( -1.000000000000000000, -0.000000000000000000, -0.000000000000000000 ) ) ;
#960 = LINE ( 'NONE', #2136, #219 ) ;
#961 = ADVANCED_FACE ( 'NONE', ( #645 ), #1601, .F. ) ;
#962 = CARTESIAN_POINT ( 'NONE',  ( -0.5000000000000000000, 0.1799999999999999933, -0.8599999999999999867 ) ) ;
#963 = AXIS2_PLACEMENT_3D ( 'NONE', #2240, #2706, #1768 ) ;
#964 = CARTESIAN_POINT ( 'NONE',  ( 0.7999999999999999334, 0.1799999999999999933, -0.6400000000000000133 ) ) ;
#965 = EDGE_CURVE ( 'NONE', #2400, #2447, #162, .T. ) ;
#966 = VERTEX_POINT ( 'NONE', #1082 ) ;
#967 = AXIS2_PLACEMENT_3D ( 'NONE', #1408, #933, #1875 ) ;
#968 = CIRCLE ( 'NONE', #2255, 0.08750000000000000833 ) ;
#969 = DIRECTION ( 'NONE',  ( 1.000000000000000000, 0.000000000000000000, 0.000000000000000000 ) ) ;
#970 = DIRECTION ( 'NONE',  ( 0.9862856015372325480, -0.1650476058606708818, 0.000000000000000000 ) ) ;
#971 = VERTEX_POINT ( 'NONE', #397 ) ;
#972 = DIRECTION ( 'NONE',  ( -1.000000000000000000, -0.000000000000000000, -0.000000000000000000 ) ) ;
#973 = ORIENTED_EDGE ( 'NONE', *, *, #48, .T. ) ;
#974 = AXIS2_PLACEMENT_3D ( 'NONE', #659, #1354, #1643 ) ;
#975 = DIRECTION ( 'NONE',  ( 0.000000000000000000, 0.000000000000000000, -1.000000000000000000 ) ) ;
#976 = CARTESIAN_POINT ( 'NONE',  ( 0.6000000000000003109, 0.05000000000000065503, 0.6399999999999999023 ) ) ;
#977 = VECTOR ( 'NONE', #2041, 1000.000000000000000 ) ;
#978 = EDGE_CURVE ( 'NONE', #408, #226, #2549, .T. ) ;
#979 = ADVANCED_FACE ( 'NONE', ( #628 ), #1585, .T. ) ;
#980 = DIRECTION ( 'NONE',  ( -0.000000000000000000, -0.000000000000000000, -1.000000000000000000 ) ) ;
#981 = CARTESIAN_POINT ( 'NONE',  ( -0.4999999999999844014, 0.1799999999999999933, 0.6399999999999995692 ) ) ;
#982 = ORIENTED_EDGE ( 'NONE', *, *, #8, .F. ) ;
#983 = VECTOR ( 'NONE', #1512, 1000.000000000000000 ) ;
#984 = LINE ( 'NONE', #78, #2705 ) ;
#985 = AXIS2_PLACEMENT_3D ( 'NONE', #2892, #478, #2636 ) ;
#986 =( BOUNDED_CURVE ( )  B_SPLINE_CURVE ( 3, ( #1792, #101, #1052, #845 ),
 .UNSPECIFIED., .F., .T. ) 
 B_SPLINE_CURVE_WITH_KNOTS ( ( 4, 4 ),
 ( 5.808612091398670962, 7.365023075375304984 ),
 .UNSPECIFIED. ) 
 CURVE ( )  GEOMETRIC_REPRESENTATION_ITEM ( )  RATIONAL_B_SPLINE_CURVE ( ( 1.000000000000000000, 0.8081162888163874181, 0.8081162888163874181, 1.000000000000000000 ) ) 
 REPRESENTATION_ITEM ( '' )  );
#987 = CARTESIAN_POINT ( 'NONE',  ( 0.5189377785133355570, 0.2314658366277864421, -0.9839328046006537987 ) ) ;
#988 = EDGE_LOOP ( 'NONE', ( #1721, #664, #2268, #2733 ) ) ;
#989 = DIRECTION ( 'NONE',  ( 1.000000000000000000, 0.000000000000000000, 0.000000000000000000 ) ) ;
#990 = EDGE_LOOP ( 'NONE', ( #1261, #245, #1398, #2488 ) ) ;
#991 = MECHANICAL_DESIGN_GEOMETRIC_PRESENTATION_REPRESENTATION (  '', ( #2960 ), #2300 ) ;
#992 = CARTESIAN_POINT ( 'NONE',  ( -0.7999999999999896083, 0.1799999999999999933, 0.1399999999999998190 ) ) ;
#993 = CARTESIAN_POINT ( 'NONE',  ( 0.5000000000000155431, 0.1799999999999999933, 0.6399999999999995692 ) ) ;
#994 = FACE_OUTER_BOUND ( 'NONE', #678, .T. ) ;
#995 = DIRECTION ( 'NONE',  ( 1.000000000000000000, 0.000000000000000000, 0.000000000000000000 ) ) ;
#996 = DIRECTION ( 'NONE',  ( 0.1644365636917769213, -0.9826341575191896993, 0.08596934917627638284 ) ) ;
#997 = ORIENTED_EDGE ( 'NONE', *, *, #2924, .F. ) ;
#998 = VECTOR ( 'NONE', #1772, 1000.000000000000000 ) ;
#999 = DIRECTION ( 'NONE',  ( -1.000000000000000000, -0.000000000000000000, -0.000000000000000000 ) ) ;
#1000 = EDGE_CURVE ( 'NONE', #1057, #309, #1110, .T. ) ;
#1001 = FACE_OUTER_BOUND ( 'NONE', #591, .T. ) ;
#1002 = ORIENTED_EDGE ( 'NONE', *, *, #2912, .F. ) ;
#1003 = DIRECTION ( 'NONE',  ( 0.000000000000000000, 1.000000000000000000, 0.000000000000000000 ) ) ;
#1004 = EDGE_LOOP ( 'NONE', ( #2277, #673, #2669, #2946 ) ) ;
#1005 = EDGE_CURVE ( 'NONE', #851, #2211, #1095, .T. ) ;
#1006 = DIRECTION ( 'NONE',  ( 1.000000000000000000, 0.000000000000000000, 0.000000000000000000 ) ) ;
#1007 = CARTESIAN_POINT ( 'NONE',  ( 0.6000000000000003109, 0.05000000000000065503, -0.1400000000000000411 ) ) ;
#1008 = FACE_OUTER_BOUND ( 'NONE', #763, .T. ) ;
#1009 = ORIENTED_EDGE ( 'NONE', *, *, #2910, .F. ) ;
#1010 = VECTOR ( 'NONE', #2576, 1000.000000000000000 ) ;
#1011 = PLANE ( 'NONE',  #2238 ) ;
#1012 = LINE ( 'NONE', #31, #1831 ) ;
#1013 = AXIS2_PLACEMENT_3D ( 'NONE', #1974, #1738, #81 ) ;
#1014 = ORIENTED_EDGE ( 'NONE', *, *, #2811, .T. ) ;
#1015 = DIRECTION ( 'NONE',  ( -1.000000000000000000, 0.000000000000000000, -0.000000000000000000 ) ) ;
#1016 = EDGE_CURVE ( 'NONE', #2685, #272, #2053, .T. ) ;
#1017 = VECTOR ( 'NONE', #725, 1000.000000000000000 ) ;
#1018 = EDGE_CURVE ( 'NONE', #1076, #1057, #1616, .T. ) ;
#1019 = CARTESIAN_POINT ( 'NONE',  ( 0.5000000000000051070, 0.1799999999999999933, -0.3600000000000000977 ) ) ;
#1020 = VERTEX_POINT ( 'NONE', #1343 ) ;
#1021 = PLANE ( 'NONE',  #2085 ) ;
#1022 = ORIENTED_EDGE ( 'NONE', *, *, #2900, .F. ) ;
#1023 = FACE_OUTER_BOUND ( 'NONE', #1781, .T. ) ;
#1024 = CARTESIAN_POINT ( 'NONE',  ( -0.6000000000000003109, 0.05000000000000000278, -1.050000000000000044 ) ) ;
#1025 = PLANE ( 'NONE',  #1518 ) ;
#1026 = ORIENTED_EDGE ( 'NONE', *, *, #3036, .F. ) ;
#1027 = CARTESIAN_POINT ( 'NONE',  ( 0.6000000000000003109, 0.05000000000000065503, -0.6399999999999999023 ) ) ;
#1028 = SURFACE_STYLE_FILL_AREA ( #76 ) ;
#1029 = ORIENTED_EDGE ( 'NONE', *, *, #2080, .T. ) ;
#1030 = CARTESIAN_POINT ( 'NONE',  ( 0.5000000000000103251, 0.1799999999999999933, 0.1399999999999998190 ) ) ;
#1031 = DIRECTION ( 'NONE',  ( 0.1650476058606709095, -0.9862856015372325480, 0.000000000000000000 ) ) ;
#1032 = VECTOR ( 'NONE', #2403, 1000.000000000000000 ) ;
#1033 = ORIENTED_EDGE ( 'NONE', *, *, #1232, .F. ) ;
#1034 = DIRECTION ( 'NONE',  ( 1.000000000000000000, 0.000000000000000000, 0.000000000000000000 ) ) ;
#1035 = ORIENTED_EDGE ( 'NONE', *, *, #2173, .F. ) ;
#1036 = CARTESIAN_POINT ( 'NONE',  ( -0.7999999999999843903, 0.1799999999999999933, 0.6399999999999995692 ) ) ;
#1037 = DIRECTION ( 'NONE',  ( 1.000000000000000000, 0.000000000000000000, 0.000000000000000000 ) ) ;
#1038 = CARTESIAN_POINT ( 'NONE',  ( 0.000000000000000000, 0.05000000000000000278, 0.1399999999999998190 ) ) ;
#1039 = ORIENTED_EDGE ( 'NONE', *, *, #624, .T. ) ;
#1040 = EDGE_CURVE ( 'NONE', #2372, #3025, #442, .T. ) ;
#1041 = CARTESIAN_POINT ( 'NONE',  ( -0.4999999999999896194, 0.1799999999999999933, 0.1399999999999998190 ) ) ;
#1042 = VECTOR ( 'NONE', #14, 1000.000000000000000 ) ;
#1043 = ORIENTED_EDGE ( 'NONE', *, *, #1524, .F. ) ;
#1044 = EDGE_CURVE ( 'NONE', #2293, #538, #2070, .T. ) ;
#1045 = ORIENTED_EDGE ( 'NONE', *, *, #821, .T. ) ;
#1046 = AXIS2_PLACEMENT_3D ( 'NONE', #2492, #114, #1064 ) ;
#1047 = CARTESIAN_POINT ( 'NONE',  ( 0.000000000000000000, 0.1799999999999999933, 0.000000000000000000 ) ) ;
#1048 = ORIENTED_EDGE ( 'NONE', *, *, #644, .F. ) ;
#1049 = DIRECTION ( 'NONE',  ( 0.000000000000000000, 0.000000000000000000, -1.000000000000000000 ) ) ;
#1050 = DIRECTION ( 'NONE',  ( 1.000000000000000000, 0.000000000000000000, 0.000000000000000000 ) ) ;
#1051 = CARTESIAN_POINT ( 'NONE',  ( -0.6000000000000003109, 0.05000000000000000278, 1.050000000000000266 ) ) ;
#1052 = CARTESIAN_POINT ( 'NONE',  ( -0.5793899252090640717, 0.05000000000000000278, -1.050000000000000044 ) ) ;
#1053 = ORIENTED_EDGE ( 'NONE', *, *, #1867, .F. ) ;
#1054 = ADVANCED_FACE ( 'NONE', ( #891 ), #197, .T. ) ;
#1055 = CARTESIAN_POINT ( 'NONE',  ( -0.8000000000000000444, 0.1799999999999999933, -0.6400000000000000133 ) ) ;
#1056 = EDGE_CURVE ( 'NONE', #2440, #971, #660, .T. ) ;
#1057 = VERTEX_POINT ( 'NONE', #1866 ) ;
#1058 = VECTOR ( 'NONE', #1619, 1000.000000000000000 ) ;
#1059 = EDGE_LOOP ( 'NONE', ( #1838, #1053, #1086, #800 ) ) ;
#1060 = EDGE_CURVE ( 'NONE', #1179, #1374, #2353, .T. ) ;
#1061 = LINE ( 'NONE', #2002, #1889 ) ;
#1062 = PLANE ( 'NONE',  #2599 ) ;
#1063 = VERTEX_POINT ( 'NONE', #2812 ) ;
#1064 = DIRECTION ( 'NONE',  ( -1.000000000000000000, 0.000000000000000000, -0.000000000000000000 ) ) ;
#1065 = AXIS2_PLACEMENT_3D ( 'NONE', #2345, #189, #405 ) ;
#1066 = CARTESIAN_POINT ( 'NONE',  ( -0.7999999999999843903, 0.1799999999999999933, 0.6399999999999995692 ) ) ;
#1067 = VECTOR ( 'NONE', #446, 1000.000000000000114 ) ;
#1068 = CARTESIAN_POINT ( 'NONE',  ( -0.3500000000000002554, 0.5999999999999999778, -0.7999999999999999334 ) ) ;
#1069 = DIRECTION ( 'NONE',  ( -1.000000000000000000, -0.000000000000000000, -0.000000000000000000 ) ) ;
#1070 = VERTEX_POINT ( 'NONE', #690 ) ;
#1071 = CARTESIAN_POINT ( 'NONE',  ( -0.5000000000000000000, 0.1799999999999999933, -0.6400000000000000133 ) ) ;
#1072 = CARTESIAN_POINT ( 'NONE',  ( -0.7999999999999948264, 0.1799999999999999933, -0.3600000000000000977 ) ) ;
#1073 = FILL_AREA_STYLE_COLOUR ( '', #1238 ) ;
#1074 = ADVANCED_FACE ( 'NONE', ( #3040 ), #456, .T. ) ;
#1075 = ORIENTED_EDGE ( 'NONE', *, *, #140, .T. ) ;
#1076 = VERTEX_POINT ( 'NONE', #3048 ) ;
#1077 = VECTOR ( 'NONE', #2742, 1000.000000000000000 ) ;
#1078 = EDGE_CURVE ( 'NONE', #151, #2872, #155, .T. ) ;
#1079 = DIRECTION ( 'NONE',  ( 1.000000000000000000, 0.000000000000000000, 0.000000000000000000 ) ) ;
#1080 = CARTESIAN_POINT ( 'NONE',  ( 0.5000000000000051070, 0.000000000000000000, -0.3600000000000000977 ) ) ;
#1081 = AXIS2_PLACEMENT_3D ( 'NONE', #1724, #1254, #2195 ) ;
#1082 = CARTESIAN_POINT ( 'NONE',  ( -0.7999999999999843903, 0.000000000000000000, 0.6399999999999995692 ) ) ;
#1083 = DIRECTION ( 'NONE',  ( 0.000000000000000000, 0.000000000000000000, 1.000000000000000000 ) ) ;
#1084 = DIRECTION ( 'NONE',  ( 0.000000000000000000, 1.000000000000000000, 0.000000000000000000 ) ) ;
#1085 = LINE ( 'NONE', #1963, #332 ) ;
#1086 = ORIENTED_EDGE ( 'NONE', *, *, #2204, .F. ) ;
#1087 = CARTESIAN_POINT ( 'NONE',  ( -0.3500000000000002554, 0.5999999999999999778, -0.7124999999999999112 ) ) ;
#1088 = CARTESIAN_POINT ( 'NONE',  ( 0.8000000000000103695, 0.1799999999999999933, 0.1399999999999998190 ) ) ;
#1089 = ORIENTED_EDGE ( 'NONE', *, *, #883, .T. ) ;
#1090 = COLOUR_RGB ( '',0.7921568627450980005, 0.8196078431372548767, 0.9333333333333333481 ) ;
#1091 = ORIENTED_EDGE ( 'NONE', *, *, #924, .T. ) ;
#1092 = ORIENTED_EDGE ( 'NONE', *, *, #1776, .T. ) ;
#1093 = LINE ( 'NONE', #854, #2922 ) ;
#1094 = EDGE_CURVE ( 'NONE', #1915, #538, #1828, .T. ) ;
#1095 = LINE ( 'NONE', #856, #2234 ) ;
#1096 = CARTESIAN_POINT ( 'NONE',  ( -0.8000000000000000444, 0.000000000000000000, -0.6400000000000000133 ) ) ;
#1097 = DIRECTION ( 'NONE',  ( 0.000000000000000000, 0.000000000000000000, 1.000000000000000000 ) ) ;
#1098 = COLOUR_RGB ( '',0.7921568627450980005, 0.8196078431372548767, 0.9333333333333333481 ) ;
#1099 = CARTESIAN_POINT ( 'NONE',  ( 0.000000000000000000, 0.1799999999999999933, 0.000000000000000000 ) ) ;
#1100 = ORIENTED_EDGE ( 'NONE', *, *, #2441, .T. ) ;
#1101 = CARTESIAN_POINT ( 'NONE',  ( -0.4999999999999844014, 0.1799999999999999933, 0.6399999999999995692 ) ) ;
#1102 = CARTESIAN_POINT ( 'NONE',  ( -0.000000000000000000, 0.05000000000000000278, -0.3600000000000000977 ) ) ;
#1103 = PLANE ( 'NONE',  #663 ) ;
#1104 = ORIENTED_EDGE ( 'NONE', *, *, #1600, .T. ) ;
#1105 = ORIENTED_EDGE ( 'NONE', *, *, #782, .F. ) ;
#1106 = ORIENTED_EDGE ( 'NONE', *, *, #639, .F. ) ;
#1107 = VECTOR ( 'NONE', #901, 1000.000000000000000 ) ;
#1108 = DIRECTION ( 'NONE',  ( -1.000000000000000000, 0.000000000000000000, 0.000000000000000000 ) ) ;
#1109 = EDGE_CURVE ( 'NONE', #1999, #2719, #2759, .T. ) ;
#1110 = LINE ( 'NONE', #147, #1936 ) ;
#1111 = EDGE_CURVE ( 'NONE', #649, #2425, #1409, .T. ) ;
#1112 = AXIS2_PLACEMENT_3D ( 'NONE', #1047, #2945, #824 ) ;
#1113 = LINE ( 'NONE', #2258, #634 ) ;
#1114 = PLANE ( 'NONE',  #1769 ) ;
#1115 = DIRECTION ( 'NONE',  ( 0.000000000000000000, -0.000000000000000000, 1.000000000000000000 ) ) ;
#1116 = ORIENTED_EDGE ( 'NONE', *, *, #2147, .F. ) ;
#1117 = AXIS2_PLACEMENT_3D ( 'NONE', #801, #587, #2027 ) ;
#1118 = ADVANCED_FACE ( 'NONE', ( #685 ), #1103, .T. ) ;
#1119 = DIRECTION ( 'NONE',  ( 2.198556221028997919E-15, -2.383679431171154034E-30, 1.000000000000000000 ) ) ;
#1120 = PLANE ( 'NONE',  #2841 ) ;
#1121 = VERTEX_POINT ( 'NONE', #2986 ) ;
#1122 = CIRCLE ( 'NONE', #330, 0.04999999999999991257 ) ;
#1123 = ORIENTED_EDGE ( 'NONE', *, *, #621, .T. ) ;
#1124 = LINE ( 'NONE', #241, #2062 ) ;
#1125 = VECTOR ( 'NONE', #389, 1000.000000000000000 ) ;
#1126 = CARTESIAN_POINT ( 'NONE',  ( -0.5782454608194167456, 0.1799999999999999933, -1.050000000000000044 ) ) ;
#1127 = DIRECTION ( 'NONE',  ( 0.000000000000000000, 0.000000000000000000, 1.000000000000000000 ) ) ;
#1128 = FILL_AREA_STYLE_COLOUR ( '', #485 ) ;
#1129 = EDGE_LOOP ( 'NONE', ( #331, #2829, #1954, #902 ) ) ;
#1130 = FACE_OUTER_BOUND ( 'NONE', #1547, .T. ) ;
#1131 = ORIENTED_EDGE ( 'NONE', *, *, #2156, .F. ) ;
#1132 = AXIS2_PLACEMENT_3D ( 'NONE', #70, #25, #2464 ) ;
#1133 = DIRECTION ( 'NONE',  ( -1.000000000000000000, 0.000000000000000000, 0.000000000000000000 ) ) ;
#1134 = CARTESIAN_POINT ( 'NONE',  ( -0.6000000000000001998, 0.05000000000000000278, 1.029594932544969588 ) ) ;
#1135 = LINE ( 'NONE', #1579, #1010 ) ;
#1136 = VECTOR ( 'NONE', #843, 1000.000000000000000 ) ;
#1137 = EDGE_CURVE ( 'NONE', #1220, #226, #1594, .T. ) ;
#1138 = ORIENTED_EDGE ( 'NONE', *, *, #1776, .F. ) ;
#1139 = EDGE_CURVE ( 'NONE', #2958, #2762, #1135, .T. ) ;
#1140 = ORIENTED_EDGE ( 'NONE', *, *, #1688, .T. ) ;
#1141 = CARTESIAN_POINT ( 'NONE',  ( -0.7999999999999843903, 0.000000000000000000, 0.6399999999999995692 ) ) ;
#1142 = DIRECTION ( 'NONE',  ( 0.000000000000000000, 1.000000000000000000, 0.000000000000000000 ) ) ;
#1143 = VECTOR ( 'NONE', #2409, 1000.000000000000000 ) ;
#1144 = FACE_OUTER_BOUND ( 'NONE', #1352, .T. ) ;
#1145 = FACE_OUTER_BOUND ( 'NONE', #1399, .T. ) ;
#1146 = ORIENTED_EDGE ( 'NONE', *, *, #3027, .F. ) ;
#1147 = CARTESIAN_POINT ( 'NONE',  ( -0.4999999999999844014, 0.000000000000000000, 0.8599999999999995426 ) ) ;
#1148 = VECTOR ( 'NONE', #2303, 1000.000000000000000 ) ;
#1149 = ORIENTED_EDGE ( 'NONE', *, *, #1338, .F. ) ;
#1150 = CARTESIAN_POINT ( 'NONE',  ( -0.8000000000000000444, 0.1799999999999999933, -0.8599999999999999867 ) ) ;
#1151 = LINE ( 'NONE', #2589, #618 ) ;
#1152 = CARTESIAN_POINT ( 'NONE',  ( -0.8000000000000000444, 0.1799999999999999933, -0.6400000000000000133 ) ) ;
#1153 = EDGE_CURVE ( 'NONE', #1121, #2073, #1168, .T. ) ;
#1154 = EDGE_CURVE ( 'NONE', #2430, #1448, #2773, .T. ) ;
#1155 = EDGE_LOOP ( 'NONE', ( #2432, #2745, #1171, #66 ) ) ;
#1156 = ORIENTED_EDGE ( 'NONE', *, *, #1553, .T. ) ;
#1157 = DIRECTION ( 'NONE',  ( 4.336808689942025625E-15, 0.000000000000000000, 1.000000000000000000 ) ) ;
#1158 = DIRECTION ( 'NONE',  ( 0.000000000000000000, 0.000000000000000000, 1.000000000000000000 ) ) ;
#1159 = STYLED_ITEM ( 'NONE', ( #3062 ), #1222 ) ;
#1160 = CARTESIAN_POINT ( 'NONE',  ( 0.5000000000000103251, 0.1799999999999999933, 0.3599999999999997646 ) ) ;
#1161 = CARTESIAN_POINT ( 'NONE',  ( -0.7999999999999843903, 0.1799999999999999933, 0.6399999999999995692 ) ) ;
#1162 = VECTOR ( 'NONE', #2859, 1000.000000000000000 ) ;
#1163 = ORIENTED_EDGE ( 'NONE', *, *, #2598, .F. ) ;
#1164 = LINE ( 'NONE', #2090, #1058 ) ;
#1165 = VERTEX_POINT ( 'NONE', #669 ) ;
#1166 = PLANE ( 'NONE',  #283 ) ;
#1167 = CARTESIAN_POINT ( 'NONE',  ( 0.5000000000000155431, 0.000000000000000000, 0.8599999999999995426 ) ) ;
#1168 = LINE ( 'NONE', #1638, #2046 ) ;
#1169 = EDGE_CURVE ( 'NONE', #2073, #2164, #2527, .T. ) ;
#1170 = EDGE_LOOP ( 'NONE', ( #1537, #1029, #2120, #1508 ) ) ;
#1171 = ORIENTED_EDGE ( 'NONE', *, *, #747, .F. ) ;
#1172 = MANIFOLD_SOLID_BREP ( 'Boss-Extrude3[6]', #646 ) ;
#1173 = CARTESIAN_POINT ( 'NONE',  ( -0.6000000000000003109, 0.05000000000000000278, 1.000530997845578307 ) ) ;
#1174 = EDGE_CURVE ( 'NONE', #151, #2732, #2315, .T. ) ;
#1175 = LINE ( 'NONE', #2072, #1869 ) ;
#1176 = DIRECTION ( 'NONE',  ( 1.000000000000000000, 0.000000000000000000, 0.000000000000000000 ) ) ;
#1177 = ORIENTED_EDGE ( 'NONE', *, *, #403, .T. ) ;
#1178 = CARTESIAN_POINT ( 'NONE',  ( -0.7999999999999896083, 0.1799999999999999933, 0.1399999999999998190 ) ) ;
#1179 = VERTEX_POINT ( 'NONE', #2561 ) ;
#1180 = EDGE_CURVE ( 'NONE', #2225, #377, #406, .T. ) ;
#1181 = DIRECTION ( 'NONE',  ( -1.000000000000000000, -0.000000000000000000, -0.000000000000000000 ) ) ;
#1182 = DIRECTION ( 'NONE',  ( -4.397112442057995049E-15, 0.000000000000000000, 1.000000000000000000 ) ) ;
#1183 = VECTOR ( 'NONE', #1790, 1000.000000000000000 ) ;
#1184 = VERTEX_POINT ( 'NONE', #916 ) ;
#1185 = ORIENTED_EDGE ( 'NONE', *, *, #921, .F. ) ;
#1186 = CARTESIAN_POINT ( 'NONE',  ( -0.7999999999999843903, 0.000000000000000000, 0.8599999999999995426 ) ) ;
#1187 = EDGE_CURVE ( 'NONE', #2762, #1552, #1861, .T. ) ;
#1188 = CARTESIAN_POINT ( 'NONE',  ( 0.6000000000000006439, 0.04999999999999999584, -1.029594932544969144 ) ) ;
#1189 = ORIENTED_EDGE ( 'NONE', *, *, #2664, .T. ) ;
#1190 = FACE_OUTER_BOUND ( 'NONE', #38, .T. ) ;
#1191 = CLOSED_SHELL ( 'NONE', ( #2927, #3023, #2493, #275, #1789, #2689 ) ) ;
#1192 = MANIFOLD_SOLID_BREP ( 'Fillet2', #1788 ) ;
#1193 = EDGE_LOOP ( 'NONE', ( #1533, #560, #2435, #1809 ) ) ;
#1194 = CARTESIAN_POINT ( 'NONE',  ( 0.5782454608194167456, 0.1799999999999999933, 0.6399999999999994582 ) ) ;
#1195 = LINE ( 'NONE', #1007, #1857 ) ;
#1196 = EDGE_CURVE ( 'NONE', #2005, #1562, #2980, .T. ) ;
#1197 = FILL_AREA_STYLE_COLOUR ( '', #1551 ) ;
#1198 = FACE_OUTER_BOUND ( 'NONE', #175, .T. ) ;
#1199 = DIRECTION ( 'NONE',  ( 0.000000000000000000, 0.000000000000000000, -1.000000000000000000 ) ) ;
#1200 = ORIENTED_EDGE ( 'NONE', *, *, #2247, .F. ) ;
#1201 = CARTESIAN_POINT ( 'NONE',  ( -0.3500000000000002554, 0.5499999999999999334, -0.7999999999999999334 ) ) ;
#1202 = UNCERTAINTY_MEASURE_WITH_UNIT (LENGTH_MEASURE( 1.000000000000000082E-05 ), #465, 'distance_accuracy_value', 'NONE');
#1203 = CARTESIAN_POINT ( 'NONE',  ( -0.4999999999999947820, 0.000000000000000000, -0.3600000000000000977 ) ) ;
#1204 = EDGE_CURVE ( 'NONE', #1595, #1672, #2893, .T. ) ;
#1205 = ORIENTED_EDGE ( 'NONE', *, *, #2265, .T. ) ;
#1206 = CARTESIAN_POINT ( 'NONE',  ( -0.7999999999999948264, 0.1799999999999999933, -0.1400000000000001521 ) ) ;
#1207 = ORIENTED_EDGE ( 'NONE', *, *, #1985, .T. ) ;
#1208 = EDGE_CURVE ( 'NONE', #658, #1964, #960, .T. ) ;
#1209 = VECTOR ( 'NONE', #637, 1000.000000000000000 ) ;
#1210 = LINE ( 'NONE', #491, #2562 ) ;
#1211 = CARTESIAN_POINT ( 'NONE',  ( 0.4999999999999998890, 0.1799999999999999933, -0.6400000000000000133 ) ) ;
#1212 = ADVANCED_FACE ( 'NONE', ( #994 ), #710, .T. ) ;
#1213 = DIRECTION ( 'NONE',  ( 0.000000000000000000, 0.000000000000000000, -1.000000000000000000 ) ) ;
#1214 = CARTESIAN_POINT ( 'NONE',  ( 0.4656334405330644355, 0.5499999999999999334, 0.9560646763598708020 ) ) ;
#1215 = ORIENTED_EDGE ( 'NONE', *, *, #358, .T. ) ;
#1216 = AXIS2_PLACEMENT_3D ( 'NONE', #1708, #1240, #1422 ) ;
#1217 = AXIS2_PLACEMENT_3D ( 'NONE', #1248, #1473, #2187 ) ;
#1218 = LINE ( 'NONE', #2627, #2153 ) ;
#1219 = DIRECTION ( 'NONE',  ( -0.1644365636917767270, -0.9826341575191896993, -0.08596934917627638284 ) ) ;
#1220 = VERTEX_POINT ( 'NONE', #1667 ) ;
#1221 = DIRECTION ( 'NONE',  ( 0.000000000000000000, 0.000000000000000000, 1.000000000000000000 ) ) ;
#1222 = MANIFOLD_SOLID_BREP ( 'Boss-Extrude2', #1249 ) ;
#1223 = VERTEX_POINT ( 'NONE', #1901 ) ;
#1224 = CARTESIAN_POINT ( 'NONE',  ( -0.6000000000000003109, 0.05000000000000000278, 0.1399999999999997080 ) ) ;
#1225 = CARTESIAN_POINT ( 'NONE',  ( 0.6000000000000003109, 0.05000000000000065503, 0.3599999999999998757 ) ) ;
#1226 = LINE ( 'NONE', #756, #528 ) ;
#1227 = AXIS2_PLACEMENT_3D ( 'NONE', #1150, #3034, #1436 ) ;
#1228 = CARTESIAN_POINT ( 'NONE',  ( 0.6000000000000003109, 0.05000000000000065503, -0.6399999999999999023 ) ) ;
#1229 = CARTESIAN_POINT ( 'NONE',  ( -0.4999999999999896194, 0.05000000000000005135, 0.3599999999999997646 ) ) ;
#1230 = ORIENTED_EDGE ( 'NONE', *, *, #2080, .F. ) ;
#1231 = CARTESIAN_POINT ( 'NONE',  ( -0.7999999999999843903, 0.1799999999999999933, 0.8599999999999995426 ) ) ;
#1232 = EDGE_CURVE ( 'NONE', #2460, #1520, #493, .T. ) ;
#1233 = STYLED_ITEM ( 'NONE', ( #444 ), #2789 ) ;
#1234 = DIRECTION ( 'NONE',  ( -1.000000000000000000, -0.000000000000000000, -0.000000000000000000 ) ) ;
#1235 = EDGE_LOOP ( 'NONE', ( #52, #2593, #1035, #475 ) ) ;
#1236 = CARTESIAN_POINT ( 'NONE',  ( 0.6006993187647086119, 0.04582103584647676670, -1.000896609834292184 ) ) ;
#1237 = VERTEX_POINT ( 'NONE', #2637 ) ;
#1238 = COLOUR_RGB ( '',0.7921568627450980005, 0.8196078431372548767, 0.9333333333333333481 ) ;
#1239 = LINE ( 'NONE', #2180, #2663 ) ;
#1240 = DIRECTION ( 'NONE',  ( -0.000000000000000000, 0.000000000000000000, 1.000000000000000000 ) ) ;
#1241 =( LENGTH_UNIT ( ) NAMED_UNIT ( * ) SI_UNIT ( .MILLI., .METRE. ) );
#1242 = LINE ( 'NONE', #2184, #2988 ) ;
#1243 = CARTESIAN_POINT ( 'NONE',  ( 0.000000000000000000, 0.05000000000000000278, -0.1400000000000001521 ) ) ;
#1244 = EDGE_CURVE ( 'NONE', #1165, #2460, #1226, .T. ) ;
#1245 = VERTEX_POINT ( 'NONE', #2182 ) ;
#1246 = EDGE_CURVE ( 'NONE', #574, #2578, #986, .T. ) ;
#1247 = VECTOR ( 'NONE', #1079, 1000.000000000000000 ) ;
#1248 = CARTESIAN_POINT ( 'NONE',  ( -0.7999999999999896083, 0.1799999999999999933, 0.1399999999999998190 ) ) ;
#1249 = CLOSED_SHELL ( 'NONE', ( #719, #2168, #1654, #1118 ) ) ;
#1250 = FACE_OUTER_BOUND ( 'NONE', #80, .T. ) ;
#1251 = ORIENTED_EDGE ( 'NONE', *, *, #2363, .T. ) ;
#1252 = CARTESIAN_POINT ( 'NONE',  ( -0.4656334405330642134, 0.5499999999999999334, -0.9560646763598703579 ) ) ;
#1253 = ORIENTED_EDGE ( 'NONE', *, *, #2194, .F. ) ;
#1254 = DIRECTION ( 'NONE',  ( 0.000000000000000000, 0.000000000000000000, -1.000000000000000000 ) ) ;
#1255 = DIRECTION ( 'NONE',  ( -0.9862856015372323260, 0.1650476058606728247, 1.517883041479704314E-14 ) ) ;
#1256 = CARTESIAN_POINT ( 'NONE',  ( -0.7999999999999843903, 0.1799999999999999933, 0.6399999999999995692 ) ) ;
#1257 = ORIENTED_EDGE ( 'NONE', *, *, #782, .T. ) ;
#1258 =( GEOMETRIC_REPRESENTATION_CONTEXT ( 3 ) GLOBAL_UNCERTAINTY_ASSIGNED_CONTEXT ( ( #1202 ) ) GLOBAL_UNIT_ASSIGNED_CONTEXT ( ( #465, #222, #422 ) ) REPRESENTATION_CONTEXT ( 'NONE', 'WORKASPACE' ) );
#1259 = LINE ( 'NONE', #1903, #2389 ) ;
#1260 = LINE ( 'NONE', #1730, #2175 ) ;
#1261 = ORIENTED_EDGE ( 'NONE', *, *, #2427, .F. ) ;
#1262 = COLOUR_RGB ( '',0.7921568627450980005, 0.8196078431372548767, 0.9333333333333333481 ) ;
#1263 = LINE ( 'NONE', #63, #2001 ) ;
#1264 = AXIS2_PLACEMENT_3D ( 'NONE', #1072, #1983, #620 ) ;
#1265 = CARTESIAN_POINT ( 'NONE',  ( 0.5000000000000103251, 0.1799999999999999933, 0.3599999999999997646 ) ) ;
#1266 = ADVANCED_FACE ( 'NONE', ( #1008 ), #1025, .T. ) ;
#1267 = ORIENTED_EDGE ( 'NONE', *, *, #1488, .F. ) ;
#1268 = DIRECTION ( 'NONE',  ( 0.000000000000000000, -0.000000000000000000, 1.000000000000000000 ) ) ;
#1269 = VERTEX_POINT ( 'NONE', #325 ) ;
#1270 = LINE ( 'NONE', #2165, #2267 ) ;
#1271 = LINE ( 'NONE', #784, #831 ) ;
#1272 = PLANE ( 'NONE',  #2463 ) ;
#1273 = CIRCLE ( 'NONE', #1909, 0.08750000000000000833 ) ;
#1274 = VERTEX_POINT ( 'NONE', #1994 ) ;
#1275 = CARTESIAN_POINT ( 'NONE',  ( -0.4999999999999896194, 0.1799999999999999933, 0.1399999999999998190 ) ) ;
#1276 = VECTOR ( 'NONE', #2785, 1000.000000000000000 ) ;
#1277 = EDGE_LOOP ( 'NONE', ( #2327, #1737, #2860, #96 ) ) ;
#1278 = VERTEX_POINT ( 'NONE', #1759 ) ;
#1279 = VECTOR ( 'NONE', #1895, 1000.000000000000000 ) ;
#1280 = PRESENTATION_STYLE_ASSIGNMENT (( #335 ) ) ;
#1281 = VECTOR ( 'NONE', #2554, 1000.000000000000000 ) ;
#1282 = ORIENTED_EDGE ( 'NONE', *, *, #1078, .T. ) ;
#1283 = CARTESIAN_POINT ( 'NONE',  ( 0.4999999999999998890, 0.1799999999999999933, -0.8599999999999999867 ) ) ;
#1284 = EDGE_CURVE ( 'NONE', #1830, #2283, #2934, .T. ) ;
#1285 = CARTESIAN_POINT ( 'NONE',  ( 0.5000000000000155431, 0.1799999999999999933, 0.6399999999999995692 ) ) ;
#1286 = LINE ( 'NONE', #2933, #2374 ) ;
#1287 = LINE ( 'NONE', #72, #2212 ) ;
#1288 = ORIENTED_EDGE ( 'NONE', *, *, #559, .F. ) ;
#1289 = EDGE_CURVE ( 'NONE', #304, #2253, #2230, .T. ) ;
#1290 = DIRECTION ( 'NONE',  ( -0.000000000000000000, -1.000000000000000000, -0.000000000000000000 ) ) ;
#1291 = SURFACE_SIDE_STYLE ('',( #1028 ) ) ;
#1292 = AXIS2_PLACEMENT_3D ( 'NONE', #699, #1640, #2655 ) ;
#1293 = ORIENTED_EDGE ( 'NONE', *, *, #30, .T. ) ;
#1294 = EDGE_LOOP ( 'NONE', ( #534, #1766 ) ) ;
#1295 = CIRCLE ( 'NONE', #3022, 0.05000000000000002359 ) ;
#1296 = FILL_AREA_STYLE_COLOUR ( '', #700 ) ;
#1297 = FILL_AREA_STYLE ('',( #1802 ) ) ;
#1298 = ORIENTED_EDGE ( 'NONE', *, *, #2794, .F. ) ;
#1299 = PLANE ( 'NONE',  #2870 ) ;
#1300 = AXIS2_PLACEMENT_3D ( 'NONE', #251, #2850, #727 ) ;
#1301 = ADVANCED_FACE ( 'NONE', ( #2009 ), #815, .F. ) ;
#1302 = DIRECTION ( 'NONE',  ( 0.000000000000000000, 0.000000000000000000, 1.000000000000000000 ) ) ;
#1303 = DIRECTION ( 'NONE',  ( -1.000000000000000000, -0.000000000000000000, -0.000000000000000000 ) ) ;
#1304 = DIRECTION ( 'NONE',  ( -0.1650476058606709095, 0.9862856015372325480, 0.000000000000000000 ) ) ;
#1305 = ORIENTED_EDGE ( 'NONE', *, *, #1813, .F. ) ;
#1306 = LINE ( 'NONE', #1810, #726 ) ;
#1307 = LINE ( 'NONE', #2279, #2601 ) ;
#1308 = CARTESIAN_POINT ( 'NONE',  ( -0.4656334405330642134, 0.5999999999999999778, 0.9560646763598708020 ) ) ;
#1309 = ADVANCED_FACE ( 'NONE', ( #2680 ), #1272, .T. ) ;
#1310 = ORIENTED_EDGE ( 'NONE', *, *, #1615, .F. ) ;
#1311 = VECTOR ( 'NONE', #972, 1000.000000000000000 ) ;
#1312 = ORIENTED_EDGE ( 'NONE', *, *, #1338, .T. ) ;
#1313 = CARTESIAN_POINT ( 'NONE',  ( -0.4999999999999896194, 0.1799999999999999933, 0.1399999999999998190 ) ) ;
#1314 = LINE ( 'NONE', #2257, #2336 ) ;
#1315 = FACE_OUTER_BOUND ( 'NONE', #1618, .T. ) ;
#1316 = CARTESIAN_POINT ( 'NONE',  ( -0.5000000000000000000, 0.1799999999999999933, -0.8599999999999999867 ) ) ;
#1317 = CARTESIAN_POINT ( 'NONE',  ( 0.000000000000000000, 0.1799999999999999933, 0.000000000000000000 ) ) ;
#1318 = ORIENTED_EDGE ( 'NONE', *, *, #1605, .F. ) ;
#1319 = LINE ( 'NONE', #2011, #2264 ) ;
#1320 = CARTESIAN_POINT ( 'NONE',  ( -0.4999999999999844014, 0.1799999999999999933, 0.6399999999999995692 ) ) ;
#1321 = VERTEX_POINT ( 'NONE', #2713 ) ;
#1322 = ADVANCED_FACE ( 'NONE', ( #2434 ), #308, .T. ) ;
#1323 = ORIENTED_EDGE ( 'NONE', *, *, #1639, .T. ) ;
#1324 = EDGE_LOOP ( 'NONE', ( #2380, #3037, #469 ) ) ;
#1325 = CARTESIAN_POINT ( 'NONE',  ( 0.5000000000000103251, 0.05000000000000005135, 0.1399999999999998190 ) ) ;
#1326 = DIRECTION ( 'NONE',  ( 1.000000000000000000, 0.000000000000000000, 0.000000000000000000 ) ) ;
#1327 = EDGE_CURVE ( 'NONE', #2023, #253, #583, .T. ) ;
#1328 = AXIS2_PLACEMENT_3D ( 'NONE', #1695, #796, #2904 ) ;
#1329 = CARTESIAN_POINT ( 'NONE',  ( 0.5000000000000103251, 0.000000000000000000, 0.1399999999999998190 ) ) ;
#1330 = CYLINDRICAL_SURFACE ( 'NONE', #530, 0.05000000000000002359 ) ;
#1331 = DIRECTION ( 'NONE',  ( -1.000000000000000000, 0.000000000000000000, -0.000000000000000000 ) ) ;
#1332 = PLANE ( 'NONE',  #2939 ) ;
#1333 = ORIENTED_EDGE ( 'NONE', *, *, #2036, .T. ) ;
#1334 = LINE ( 'NONE', #1101, #977 ) ;
#1335 = CARTESIAN_POINT ( 'NONE',  ( -0.8000000000000000444, 0.1799999999999999933, -0.8599999999999999867 ) ) ;
#1336 = DIRECTION ( 'NONE',  ( -1.000000000000000000, 0.000000000000000000, 0.000000000000000000 ) ) ;
#1337 = ORIENTED_EDGE ( 'NONE', *, *, #1998, .F. ) ;
#1338 = EDGE_CURVE ( 'NONE', #640, #1999, #1546, .T. ) ;
#1339 = ORIENTED_EDGE ( 'NONE', *, *, #428, .T. ) ;
#1340 = EDGE_CURVE ( 'NONE', #304, #2400, #601, .T. ) ;
#1341 = ORIENTED_EDGE ( 'NONE', *, *, #684, .T. ) ;
#1342 = CARTESIAN_POINT ( 'NONE',  ( -0.4999999999999896194, 0.000000000000000000, 0.1399999999999998190 ) ) ;
#1343 = CARTESIAN_POINT ( 'NONE',  ( 0.5149477206099258852, 0.5582523802930334789, -0.9560646763598704689 ) ) ;
#1344 = CARTESIAN_POINT ( 'NONE',  ( 0.5782454608194167456, 0.1799999999999999933, -1.050000000000000044 ) ) ;
#1345 = VECTOR ( 'NONE', #1424, 1000.000000000000000 ) ;
#1346 = DIRECTION ( 'NONE',  ( -1.000000000000000000, 0.000000000000000000, -0.000000000000000000 ) ) ;
#1347 = VERTEX_POINT ( 'NONE', #117 ) ;
#1348 = DIRECTION ( 'NONE',  ( 0.000000000000000000, 1.000000000000000000, 0.000000000000000000 ) ) ;
#1349 = FACE_OUTER_BOUND ( 'NONE', #774, .T. ) ;
#1350 = CARTESIAN_POINT ( 'NONE',  ( -0.4999999999999844014, 0.1799999999999999933, 0.6399999999999995692 ) ) ;
#1351 = ORIENTED_EDGE ( 'NONE', *, *, #1813, .T. ) ;
#1352 = EDGE_LOOP ( 'NONE', ( #2334, #1886, #68, #1427 ) ) ;
#1353 = VECTOR ( 'NONE', #2288, 1000.000000000000000 ) ;
#1354 = DIRECTION ( 'NONE',  ( 0.000000000000000000, 0.000000000000000000, 1.000000000000000000 ) ) ;
#1355 = LINE ( 'NONE', #2977, #2774 ) ;
#1356 = EDGE_CURVE ( 'NONE', #595, #1245, #1287, .T. ) ;
#1357 = PLANE ( 'NONE',  #3004 ) ;
#1358 = ORIENTED_EDGE ( 'NONE', *, *, #90, .T. ) ;
#1359 = CARTESIAN_POINT ( 'NONE',  ( 0.5782454608194167456, 0.1799999999999999933, -0.3599999999999999867 ) ) ;
#1360 = ORIENTED_EDGE ( 'NONE', *, *, #1244, .T. ) ;
#1361 = AXIS2_PLACEMENT_3D ( 'NONE', #2622, #2638, #59 ) ;
#1362 = AXIS2_PLACEMENT_3D ( 'NONE', #1231, #2174, #1346 ) ;
#1363 = DIRECTION ( 'NONE',  ( -0.000000000000000000, -1.000000000000000000, -0.000000000000000000 ) ) ;
#1364 = DIRECTION ( 'NONE',  ( -1.000000000000000000, 0.000000000000000000, 0.000000000000000000 ) ) ;
#1365 = EDGE_CURVE ( 'NONE', #1520, #2578, #1085, .T. ) ;
#1366 = ORIENTED_EDGE ( 'NONE', *, *, #2270, .F. ) ;
#1367 = AXIS2_PLACEMENT_3D ( 'NONE', #2352, #228, #1658 ) ;
#1368 = ORIENTED_EDGE ( 'NONE', *, *, #1187, .T. ) ;
#1369 = CYLINDRICAL_SURFACE ( 'NONE', #2458, 0.08750000000000000833 ) ;
#1370 = VECTOR ( 'NONE', #1181, 1000.000000000000000 ) ;
#1371 = DIRECTION ( 'NONE',  ( -0.1644365636917769213, 0.9826341575191896993, -0.08596934917627636896 ) ) ;
#1372 = DIRECTION ( 'NONE',  ( 0.9862856015372325480, -0.1650476058606707708, 0.000000000000000000 ) ) ;
#1373 = ADVANCED_FACE ( 'NONE', ( #2217 ), #829, .T. ) ;
#1374 = VERTEX_POINT ( 'NONE', #2951 ) ;
#1375 = DIRECTION ( 'NONE',  ( 1.000000000000000000, 0.000000000000000000, -0.000000000000000000 ) ) ;
#1376 = ORIENTED_EDGE ( 'NONE', *, *, #1060, .T. ) ;
#1377 = AXIS2_PLACEMENT_3D ( 'NONE', #2289, #614, #164 ) ;
#1378 = DIRECTION ( 'NONE',  ( -0.000000000000000000, -1.000000000000000000, -0.000000000000000000 ) ) ;
#1379 = PLANE ( 'NONE',  #517 ) ;
#1380 = CARTESIAN_POINT ( 'NONE',  ( -0.7999999999999896083, 0.000000000000000000, 0.1399999999999998190 ) ) ;
#1381 = CIRCLE ( 'NONE', #195, 0.08750000000000000833 ) ;
#1382 = EDGE_CURVE ( 'NONE', #2172, #2089, #87, .T. ) ;
#1383 = ORIENTED_EDGE ( 'NONE', *, *, #1327, .F. ) ;
#1384 = VECTOR ( 'NONE', #2251, 1000.000000000000000 ) ;
#1385 = ORIENTED_EDGE ( 'NONE', *, *, #1729, .F. ) ;
#1386 = DIRECTION ( 'NONE',  ( -1.000000000000000000, 0.000000000000000000, 4.353374594594169657E-15 ) ) ;
#1387 = UNCERTAINTY_MEASURE_WITH_UNIT (LENGTH_MEASURE( 1.000000000000000082E-05 ), #789, 'distance_accuracy_value', 'NONE');
#1388 = DIRECTION ( 'NONE',  ( -1.000000000000000000, -0.000000000000000000, -0.000000000000000000 ) ) ;
#1389 = CARTESIAN_POINT ( 'NONE',  ( 0.4999999999999998890, 0.000000000000000000, -0.8599999999999999867 ) ) ;
#1390 = ORIENTED_EDGE ( 'NONE', *, *, #227, .F. ) ;
#1391 = CARTESIAN_POINT ( 'NONE',  ( -0.6000000000000003109, 0.05000000000000000278, -1.000530997845577641 ) ) ;
#1392 = ORIENTED_EDGE ( 'NONE', *, *, #1729, .T. ) ;
#1393 = ADVANCED_FACE ( 'NONE', ( #1726 ), #370, .F. ) ;
#1394 = CARTESIAN_POINT ( 'NONE',  ( -0.7999999999999948264, 0.1799999999999999933, -0.3600000000000000977 ) ) ;
#1395 = CARTESIAN_POINT ( 'NONE',  ( 0.4999999999999998890, 0.1799999999999999933, -0.6400000000000000133 ) ) ;
#1396 = CARTESIAN_POINT ( 'NONE',  ( -0.7999999999999896083, 0.1799999999999999933, 0.3599999999999997646 ) ) ;
#1397 = EDGE_CURVE ( 'NONE', #1347, #1411, #2024, .T. ) ;
#1398 = ORIENTED_EDGE ( 'NONE', *, *, #1712, .T. ) ;
#1399 = EDGE_LOOP ( 'NONE', ( #1854, #550, #2081, #1723 ) ) ;
#1400 = FACE_OUTER_BOUND ( 'NONE', #3045, .T. ) ;
#1401 = CARTESIAN_POINT ( 'NONE',  ( 0.000000000000000000, 0.05000000000000000278, 0.000000000000000000 ) ) ;
#1402 = AXIS2_PLACEMENT_3D ( 'NONE', #1401, #2094, #934 ) ;
#1403 = CARTESIAN_POINT ( 'NONE',  ( 0.5000000000000155431, 0.1799999999999999933, 0.8599999999999995426 ) ) ;
#1404 = ORIENTED_EDGE ( 'NONE', *, *, #1327, .T. ) ;
#1405 = DIRECTION ( 'NONE',  ( -1.000000000000000000, -0.000000000000000000, -0.000000000000000000 ) ) ;
#1406 = ORIENTED_EDGE ( 'NONE', *, *, #2552, .T. ) ;
#1407 = CARTESIAN_POINT ( 'NONE',  ( 0.6000000000000003109, 0.05000000000000065503, -0.8599999999999999867 ) ) ;
#1408 = CARTESIAN_POINT ( 'NONE',  ( 0.000000000000000000, 0.000000000000000000, 0.000000000000000000 ) ) ;
#1409 = LINE ( 'NONE', #1396, #1107 ) ;
#1410 = AXIS2_PLACEMENT_3D ( 'NONE', #1395, #2559, #3047 ) ;
#1411 = VERTEX_POINT ( 'NONE', #2715 ) ;
#1412 = ORIENTED_EDGE ( 'NONE', *, *, #1639, .F. ) ;
#1413 = ADVANCED_FACE ( 'NONE', ( #1577 ), #1778, .F. ) ;
#1414 = CARTESIAN_POINT ( 'NONE',  ( 0.4656334405330644355, 0.5499999999999998224, 0.9560646763598708020 ) ) ;
#1415 = UNCERTAINTY_MEASURE_WITH_UNIT (LENGTH_MEASURE( 1.000000000000000082E-05 ), #1796, 'distance_accuracy_value', 'NONE');
#1416 = EDGE_CURVE ( 'NONE', #878, #1057, #881, .T. ) ;
#1417 = CARTESIAN_POINT ( 'NONE',  ( -0.3500000000000002554, 0.5499999999999999334, -0.8874999999999999556 ) ) ;
#1418 = ORIENTED_EDGE ( 'NONE', *, *, #305, .F. ) ;
#1419 = LINE ( 'NONE', #1206, #2099 ) ;
#1420 = EDGE_LOOP ( 'NONE', ( #2317, #218, #2129, #651 ) ) ;
#1421 = DIRECTION ( 'NONE',  ( 0.000000000000000000, 0.000000000000000000, -1.000000000000000000 ) ) ;
#1422 = DIRECTION ( 'NONE',  ( 1.000000000000000000, 0.000000000000000000, 0.000000000000000000 ) ) ;
#1423 = AXIS2_PLACEMENT_3D ( 'NONE', #2711, #354, #1083 ) ;
#1424 = DIRECTION ( 'NONE',  ( 0.000000000000000000, -1.000000000000000000, 0.000000000000000000 ) ) ;
#1425 = AXIS2_PLACEMENT_3D ( 'NONE', #2215, #1037, #2495 ) ;
#1426 = DIRECTION ( 'NONE',  ( -0.000000000000000000, 0.000000000000000000, 1.000000000000000000 ) ) ;
#1427 = ORIENTED_EDGE ( 'NONE', *, *, #939, .F. ) ;
#1428 = EDGE_CURVE ( 'NONE', #1951, #558, #1534, .T. ) ;
#1429 = FACE_OUTER_BOUND ( 'NONE', #1004, .T. ) ;
#1430 = DIRECTION ( 'NONE',  ( -0.000000000000000000, 1.000000000000000000, -0.000000000000000000 ) ) ;
#1431 = ADVANCED_FACE ( 'NONE', ( #2249 ), #404, .F. ) ;
#1432 = ORIENTED_EDGE ( 'NONE', *, *, #2613, .T. ) ;
#1433 = DIRECTION ( 'NONE',  ( 1.000000000000000000, 0.000000000000000000, 0.000000000000000000 ) ) ;
#1434 = AXIS2_PLACEMENT_3D ( 'NONE', #949, #1922, #265 ) ;
#1435 = ORIENTED_EDGE ( 'NONE', *, *, #242, .F. ) ;
#1436 = DIRECTION ( 'NONE',  ( 1.000000000000000000, 0.000000000000000000, -0.000000000000000000 ) ) ;
#1437 = CARTESIAN_POINT ( 'NONE',  ( -0.4999999999999947820, 0.1799999999999999933, -0.1400000000000001521 ) ) ;
#1438 = DIRECTION ( 'NONE',  ( 0.1644365636917769213, -0.9826341575191896993, -0.08596934917627636896 ) ) ;
#1439 = AXIS2_PLACEMENT_3D ( 'NONE', #2020, #382, #2035 ) ;
#1440 = FACE_OUTER_BOUND ( 'NONE', #168, .T. ) ;
#1441 = LINE ( 'NONE', #2834, #2770 ) ;
#1442 = AXIS2_PLACEMENT_3D ( 'NONE', #735, #36, #2429 ) ;
#1443 = ORIENTED_EDGE ( 'NONE', *, *, #2502, .F. ) ;
#1444 = PLANE ( 'NONE',  #518 ) ;
#1445 = FACE_OUTER_BOUND ( 'NONE', #1799, .T. ) ;
#1446 = ORIENTED_EDGE ( 'NONE', *, *, #2976, .T. ) ;
#1447 = SPHERICAL_SURFACE ( 'NONE', #2498, 0.05000000000000000278 ) ;
#1448 = VERTEX_POINT ( 'NONE', #1071 ) ;
#1449 = EDGE_CURVE ( 'NONE', #1988, #2791, #2262, .T. ) ;
#1450 = AXIS2_PLACEMENT_3D ( 'NONE', #1692, #1003, #1221 ) ;
#1451 = CARTESIAN_POINT ( 'NONE',  ( 0.4999999999999998890, 0.1799999999999999933, -0.8599999999999999867 ) ) ;
#1452 = CARTESIAN_POINT ( 'NONE',  ( 0.6000000000000003109, 0.05000000000000065503, 0.8599999999999996536 ) ) ;
#1453 = ADVANCED_FACE ( 'NONE', ( #2278 ), #1826, .F. ) ;
#1454 = DIRECTION ( 'NONE',  ( 0.000000000000000000, 0.08715574274765836016, 0.9961946980917455452 ) ) ;
#1455 = DIRECTION ( 'NONE',  ( -0.000000000000000000, -0.000000000000000000, -1.000000000000000000 ) ) ;
#1456 = ORIENTED_EDGE ( 'NONE', *, *, #125, .F. ) ;
#1457 = VECTOR ( 'NONE', #2263, 1000.000000000000000 ) ;
#1458 = VECTOR ( 'NONE', #2898, 1000.000000000000000 ) ;
#1459 = LINE ( 'NONE', #1907, #2652 ) ;
#1460 = CARTESIAN_POINT ( 'NONE',  ( -0.4999999999999947820, 0.000000000000000000, -0.3600000000000000977 ) ) ;
#1461 = ORIENTED_EDGE ( 'NONE', *, *, #2779, .F. ) ;
#1462 = LINE ( 'NONE', #1647, #2351 ) ;
#1463 = ORIENTED_EDGE ( 'NONE', *, *, #1751, .T. ) ;
#1464 = EDGE_CURVE ( 'NONE', #2719, #336, #1306, .T. ) ;
#1465 = CARTESIAN_POINT ( 'NONE',  ( -0.8000000000000000444, 0.1799999999999999933, -0.6400000000000000133 ) ) ;
#1466 = CARTESIAN_POINT ( 'NONE',  ( 0.4656334405330644355, 0.5499999999999999334, -0.9560646763598703579 ) ) ;
#1467 = CARTESIAN_POINT ( 'NONE',  ( -0.3500000000000002554, 0.5499999999999999334, -0.7999999999999999334 ) ) ;
#1468 = AXIS2_PLACEMENT_3D ( 'NONE', #342, #2260, #1482 ) ;
#1469 = FACE_OUTER_BOUND ( 'NONE', #1716, .T. ) ;
#1471 = CARTESIAN_POINT ( 'NONE',  ( -0.3500000000000002554, 0.5499999999999999334, -0.8874999999999999556 ) ) ;
#1470 = VECTOR ( 'NONE', #2384, 1000.000000000000000 ) ;
#1472 = EDGE_LOOP ( 'NONE', ( #2444, #1189, #1418 ) ) ;
#1473 = DIRECTION ( 'NONE',  ( -0.000000000000000000, 0.000000000000000000, 1.000000000000000000 ) ) ;
#1474 =( GEOMETRIC_REPRESENTATION_CONTEXT ( 3 ) GLOBAL_UNCERTAINTY_ASSIGNED_CONTEXT ( ( #1849 ) ) GLOBAL_UNIT_ASSIGNED_CONTEXT ( ( #2814, #1807, #2290 ) ) REPRESENTATION_CONTEXT ( 'NONE', 'WORKASPACE' ) );
#1475 = CYLINDRICAL_SURFACE ( 'NONE', #1987, 0.04999999999999998890 ) ;
#1476 = ORIENTED_EDGE ( 'NONE', *, *, #734, .F. ) ;
#1477 = CARTESIAN_POINT ( 'NONE',  ( 0.5000000000000051070, 0.1799999999999999933, -0.1400000000000001521 ) ) ;
#1478 = EDGE_LOOP ( 'NONE', ( #1932, #1443, #850, #61 ) ) ;
#1479 = VECTOR ( 'NONE', #849, 1000.000000000000000 ) ;
#1480 = LINE ( 'NONE', #1036, #983 ) ;
#1481 = CARTESIAN_POINT ( 'NONE',  ( -0.7999999999999948264, 0.1799999999999999933, -0.3600000000000000977 ) ) ;
#1482 = DIRECTION ( 'NONE',  ( 0.000000000000000000, -0.000000000000000000, 1.000000000000000000 ) ) ;
#1483 = EDGE_CURVE ( 'NONE', #1606, #2475, #1564, .T. ) ;
#1484 = EDGE_LOOP ( 'NONE', ( #2921, #1892, #2266, #282 ) ) ;
#1485 = DIRECTION ( 'NONE',  ( 0.000000000000000000, -0.9961946980917455452, 0.08715574274765836016 ) ) ;
#1486 = CARTESIAN_POINT ( 'NONE',  ( -0.4656334405330642690, 0.5499999999999999334, -1.050000000000000044 ) ) ;
#1487 = VERTEX_POINT ( 'NONE', #2511 ) ;
#1488 = EDGE_CURVE ( 'NONE', #1634, #738, #1319, .T. ) ;
#1489 = AXIS2_PLACEMENT_3D ( 'NONE', #19, #256, #486 ) ;
#1490 = PLANE ( 'NONE',  #2849 ) ;
#1491 = LINE ( 'NONE', #64, #2134 ) ;
#1492 = EDGE_CURVE ( 'NONE', #1020, #2073, #3000, .T. ) ;
#1493 = EDGE_LOOP ( 'NONE', ( #1516, #1499, #2646, #2281 ) ) ;
#1494 = CARTESIAN_POINT ( 'NONE',  ( -0.6000000000000003109, 0.05000000000000000278, -0.6399999999999999023 ) ) ;
#1495 = VERTEX_POINT ( 'NONE', #2542 ) ;
#1496 = DIRECTION ( 'NONE',  ( -0.1650476058606707430, -0.9862856015372325480, 0.000000000000000000 ) ) ;
#1497 = DIRECTION ( 'NONE',  ( -1.000000000000000000, -0.000000000000000000, -0.000000000000000000 ) ) ;
#1498 = DIRECTION ( 'NONE',  ( 0.000000000000000000, -0.000000000000000000, 1.000000000000000000 ) ) ;
#1499 = ORIENTED_EDGE ( 'NONE', *, *, #508, .F. ) ;
#1500 = VECTOR ( 'NONE', #2521, 1000.000000000000000 ) ;
#1501 = CARTESIAN_POINT ( 'NONE',  ( -0.4999999999999896194, 0.1799999999999999933, 0.3599999999999997646 ) ) ;
#1502 = SURFACE_STYLE_USAGE ( .BOTH. , #1291 ) ;
#1503 = VERTEX_POINT ( 'NONE', #1087 ) ;
#1504 = ORIENTED_EDGE ( 'NONE', *, *, #655, .F. ) ;
#1505 = EDGE_CURVE ( 'NONE', #878, #2958, #2499, .T. ) ;
#1506 = AXIS2_PLACEMENT_3D ( 'NONE', #882, #1578, #2313 ) ;
#1507 =( LENGTH_UNIT ( ) NAMED_UNIT ( * ) SI_UNIT ( .MILLI., .METRE. ) );
#1508 = ORIENTED_EDGE ( 'NONE', *, *, #260, .F. ) ;
#1509 = FACE_OUTER_BOUND ( 'NONE', #2221, .T. ) ;
#1510 = EDGE_LOOP ( 'NONE', ( #1376, #2157, #2410, #1156 ) ) ;
#1511 = EDGE_CURVE ( 'NONE', #1274, #1220, #832, .T. ) ;
#1512 = DIRECTION ( 'NONE',  ( -0.000000000000000000, -1.000000000000000000, -0.000000000000000000 ) ) ;
#1513 = DIRECTION ( 'NONE',  ( 0.000000000000000000, 0.000000000000000000, 1.000000000000000000 ) ) ;
#1514 = DIRECTION ( 'NONE',  ( 1.000000000000000000, 0.000000000000000000, 0.000000000000000000 ) ) ;
#1515 = VECTOR ( 'NONE', #1848, 1000.000000000000000 ) ;
#1516 = ORIENTED_EDGE ( 'NONE', *, *, #837, .F. ) ;
#1517 = CARTESIAN_POINT ( 'NONE',  ( 0.8000000000000051514, 0.1799999999999999933, -0.3600000000000000977 ) ) ;
#1518 = AXIS2_PLACEMENT_3D ( 'NONE', #2450, #2920, #2739 ) ;
#1519 = FILL_AREA_STYLE ('',( #1765 ) ) ;
#1520 = VERTEX_POINT ( 'NONE', #373 ) ;
#1521 = ORIENTED_EDGE ( 'NONE', *, *, #1770, .T. ) ;
#1522 = VECTOR ( 'NONE', #536, 1000.000000000000000 ) ;
#1523 = EDGE_CURVE ( 'NONE', #318, #602, #170, .T. ) ;
#1524 = EDGE_CURVE ( 'NONE', #954, #2112, #1334, .T. ) ;
#1525 = FACE_OUTER_BOUND ( 'NONE', #288, .T. ) ;
#1526 = SURFACE_STYLE_USAGE ( .BOTH. , #576 ) ;
#1527 = VECTOR ( 'NONE', #2726, 1000.000000000000000 ) ;
#1528 = ORIENTED_EDGE ( 'NONE', *, *, #1060, .F. ) ;
#1529 = CARTESIAN_POINT ( 'NONE',  ( 0.8000000000000103695, 0.000000000000000000, 0.3599999999999997646 ) ) ;
#1530 = DIRECTION ( 'NONE',  ( 0.000000000000000000, 1.000000000000000000, 0.000000000000000000 ) ) ;
#1531 = DIRECTION ( 'NONE',  ( -0.1650476058606707430, -0.9862856015372325480, 0.000000000000000000 ) ) ;
#1532 = DIRECTION ( 'NONE',  ( -0.000000000000000000, -0.000000000000000000, 1.000000000000000000 ) ) ;
#1533 = ORIENTED_EDGE ( 'NONE', *, *, #978, .T. ) ;
#1534 = LINE ( 'NONE', #2525, #2853 ) ;
#1535 = LINE ( 'NONE', #1320, #1457 ) ;
#1536 = PRESENTATION_STYLE_ASSIGNMENT (( #2501 ) ) ;
#1537 = ORIENTED_EDGE ( 'NONE', *, *, #3036, .T. ) ;
#1538 = ORIENTED_EDGE ( 'NONE', *, *, #545, .F. ) ;
#1539 = AXIS2_PLACEMENT_3D ( 'NONE', #179, #1142, #2337 ) ;
#1540 = SURFACE_SIDE_STYLE ('',( #2944 ) ) ;
#1541 = DIRECTION ( 'NONE',  ( 0.000000000000000000, 0.000000000000000000, -1.000000000000000000 ) ) ;
#1542 = ORIENTED_EDGE ( 'NONE', *, *, #143, .T. ) ;
#1543 = PLANE ( 'NONE',  #1046 ) ;
#1544 = CARTESIAN_POINT ( 'NONE',  ( 0.7999999999999999334, 0.000000000000000000, -0.6400000000000000133 ) ) ;
#1545 = PLANE ( 'NONE',  #1425 ) ;
#1546 = LINE ( 'NONE', #2480, #479 ) ;
#1547 = EDGE_LOOP ( 'NONE', ( #2692, #1982, #1149, #16 ) ) ;
#1548 = EDGE_CURVE ( 'NONE', #2935, #2762, #419, .T. ) ;
#1549 = DIRECTION ( 'NONE',  ( 0.000000000000000000, 0.000000000000000000, 1.000000000000000000 ) ) ;
#1550 = LINE ( 'NONE', #2984, #322 ) ;
#1551 = COLOUR_RGB ( '',0.2509803921568627416, 0.2509803921568627416, 0.2509803921568627416 ) ;
#1552 = VERTEX_POINT ( 'NONE', #2060 ) ;
#1553 = EDGE_CURVE ( 'NONE', #649, #1179, #2756, .T. ) ;
#1554 = VECTOR ( 'NONE', #2006, 1000.000000000000000 ) ;
#1555 = EDGE_LOOP ( 'NONE', ( #1612, #1390, #1230, #2456 ) ) ;
#1556 = DIRECTION ( 'NONE',  ( 0.000000000000000000, -1.000000000000000000, 0.000000000000000000 ) ) ;
#1557 = LINE ( 'NONE', #2993, #746 ) ;
#1558 = LINE ( 'NONE', #1096, #2717 ) ;
#1559 = DIRECTION ( 'NONE',  ( 0.000000000000000000, 1.000000000000000000, 0.000000000000000000 ) ) ;
#1560 = EDGE_LOOP ( 'NONE', ( #641, #2066, #1632, #468 ) ) ;
#1561 = LINE ( 'NONE', #2509, #21 ) ;
#1562 = VERTEX_POINT ( 'NONE', #2771 ) ;
#1563 = EDGE_CURVE ( 'NONE', #911, #1347, #477, .T. ) ;
#1564 = LINE ( 'NONE', #152, #2611 ) ;
#1565 = CARTESIAN_POINT ( 'NONE',  ( 0.5000000000000103251, 0.1799999999999999933, 0.1399999999999998190 ) ) ;
#1566 = EDGE_CURVE ( 'NONE', #1672, #1223, #2819, .T. ) ;
#1567 = ORIENTED_EDGE ( 'NONE', *, *, #375, .F. ) ;
#1568 = ORIENTED_EDGE ( 'NONE', *, *, #2156, .T. ) ;
#1569 = ORIENTED_EDGE ( 'NONE', *, *, #1883, .F. ) ;
#1570 =( NAMED_UNIT ( * ) SI_UNIT ( $, .STERADIAN. ) SOLID_ANGLE_UNIT ( ) );
#1571 = AXIS2_PLACEMENT_3D ( 'NONE', #2813, #2368, #1372 ) ;
#1572 = DIRECTION ( 'NONE',  ( 0.9862856015372325480, 0.1650476058606708818, 0.000000000000000000 ) ) ;
#1573 = PRODUCT_DEFINITION_FORMATION_WITH_SPECIFIED_SOURCE ( 'ANY', '', #2996, .NOT_KNOWN. ) ;
#1574 = DIRECTION ( 'NONE',  ( 0.000000000000000000, 0.000000000000000000, -1.000000000000000000 ) ) ;
#1575 = DIRECTION ( 'NONE',  ( -0.000000000000000000, 0.000000000000000000, 1.000000000000000000 ) ) ;
#1576 = ORIENTED_EDGE ( 'NONE', *, *, #2151, .T. ) ;
#1577 = FACE_OUTER_BOUND ( 'NONE', #2989, .T. ) ;
#1578 = DIRECTION ( 'NONE',  ( 0.000000000000000000, 0.000000000000000000, 1.000000000000000000 ) ) ;
#1579 = CARTESIAN_POINT ( 'NONE',  ( -0.5000000000000000000, 0.05000000000000000278, -0.000000000000000000 ) ) ;
#1580 = ORIENTED_EDGE ( 'NONE', *, *, #771, .T. ) ;
#1581 = AXIS2_PLACEMENT_3D ( 'NONE', #2424, #2639, #2851 ) ;
#1582 = ORIENTED_EDGE ( 'NONE', *, *, #1246, .T. ) ;
#1583 = DIRECTION ( 'NONE',  ( 1.000000000000000000, 0.000000000000000000, 0.000000000000000000 ) ) ;
#1584 = LINE ( 'NONE', #1080, #421 ) ;
#1585 = CYLINDRICAL_SURFACE ( 'NONE', #498, 0.04999999999999998890 ) ;
#1586 = EDGE_CURVE ( 'NONE', #1220, #1237, #2375, .T. ) ;
#1587 = CARTESIAN_POINT ( 'NONE',  ( -0.8000000000000000444, 0.1799999999999999933, -0.8599999999999999867 ) ) ;
#1588 = DIRECTION ( 'NONE',  ( 0.000000000000000000, 0.9961946980917455452, 0.08715574274765836016 ) ) ;
#1589 = EDGE_LOOP ( 'NONE', ( #1253, #2357, #2631, #1567 ) ) ;
#1590 = CARTESIAN_POINT ( 'NONE',  ( 0.5000000000000051070, 0.000000000000000000, -0.1400000000000001521 ) ) ;
#1591 = EDGE_LOOP ( 'NONE', ( #809, #1947, #2656, #1969 ) ) ;
#1592 = DIRECTION ( 'NONE',  ( 0.1650476058606707430, 0.9862856015372325480, 0.000000000000000000 ) ) ;
#1593 = LINE ( 'NONE', #3019, #2254 ) ;
#1594 = LINE ( 'NONE', #2821, #1209 ) ;
#1595 = VERTEX_POINT ( 'NONE', #2133 ) ;
#1596 = ORIENTED_EDGE ( 'NONE', *, *, #1943, .F. ) ;
#1597 = ADVANCED_FACE ( 'NONE', ( #9 ), #2109, .F. ) ;
#1598 = VECTOR ( 'NONE', #509, 1000.000000000000000 ) ;
#1599 = PLANE ( 'NONE',  #1659 ) ;
#1600 = EDGE_CURVE ( 'NONE', #2370, #1739, #1841, .T. ) ;
#1601 = PLANE ( 'NONE',  #1539 ) ;
#1602 = FACE_OUTER_BOUND ( 'NONE', #185, .T. ) ;
#1603 = ORIENTED_EDGE ( 'NONE', *, *, #2140, .F. ) ;
#1604 = DIRECTION ( 'NONE',  ( 0.000000000000000000, 0.000000000000000000, 1.000000000000000000 ) ) ;
#1605 = EDGE_CURVE ( 'NONE', #1448, #2956, #2388, .T. ) ;
#1606 = VERTEX_POINT ( 'NONE', #1622 ) ;
#1607 = AXIS2_PLACEMENT_3D ( 'NONE', #1481, #277, #43 ) ;
#1608 = VECTOR ( 'NONE', #2855, 1000.000000000000000 ) ;
#1609 = LINE ( 'NONE', #3018, #2513 ) ;
#1610 = CARTESIAN_POINT ( 'NONE',  ( -0.7999999999999896083, 0.1799999999999999933, 0.1399999999999998190 ) ) ;
#1611 = ORIENTED_EDGE ( 'NONE', *, *, #2265, .F. ) ;
#1612 = ORIENTED_EDGE ( 'NONE', *, *, #1689, .F. ) ;
#1613 = DIRECTION ( 'NONE',  ( 0.000000000000000000, -0.000000000000000000, 1.000000000000000000 ) ) ;
#1614 = VECTOR ( 'NONE', #914, 1000.000000000000114 ) ;
#1615 = EDGE_CURVE ( 'NONE', #2023, #640, #667, .T. ) ;
#1616 = LINE ( 'NONE', #1126, #1500 ) ;
#1617 = CARTESIAN_POINT ( 'NONE',  ( 0.8000000000000051514, 0.000000000000000000, -0.1400000000000001521 ) ) ;
#1618 = EDGE_LOOP ( 'NONE', ( #2761, #259, #622, #2514 ) ) ;
#1619 = DIRECTION ( 'NONE',  ( -0.000000000000000000, -1.000000000000000000, -0.000000000000000000 ) ) ;
#1620 = EDGE_LOOP ( 'NONE', ( #2800, #1002 ) ) ;
#1621 = EDGE_CURVE ( 'NONE', #2776, #1957, #1210, .T. ) ;
#1622 = CARTESIAN_POINT ( 'NONE',  ( 0.8000000000000051514, 0.1799999999999999933, -0.1400000000000001521 ) ) ;
#1623 = FACE_OUTER_BOUND ( 'NONE', #497, .T. ) ;
#1624 = DIRECTION ( 'NONE',  ( 0.000000000000000000, 1.000000000000000000, 0.000000000000000000 ) ) ;
#1625 = MECHANICAL_DESIGN_GEOMETRIC_PRESENTATION_REPRESENTATION (  '', ( #1233 ), #1474 ) ;
#1626 = VERTEX_POINT ( 'NONE', #204 ) ;
#1627 =( GEOMETRIC_REPRESENTATION_CONTEXT ( 3 ) GLOBAL_UNCERTAINTY_ASSIGNED_CONTEXT ( ( #1415 ) ) GLOBAL_UNIT_ASSIGNED_CONTEXT ( ( #1796, #1780, #1746 ) ) REPRESENTATION_CONTEXT ( 'NONE', 'WORKASPACE' ) );
#1628 = EDGE_LOOP ( 'NONE', ( #433, #781, #1318, #2881 ) ) ;
#1629 = PLANE ( 'NONE',  #1367 ) ;
#1630 = CARTESIAN_POINT ( 'NONE',  ( -0.7999999999999896083, 0.000000000000000000, 0.3599999999999997646 ) ) ;
#1631 = DIRECTION ( 'NONE',  ( 0.000000000000000000, 0.000000000000000000, -1.000000000000000000 ) ) ;
#1632 = ORIENTED_EDGE ( 'NONE', *, *, #2702, .F. ) ;
#1633 = LINE ( 'NONE', #488, #2788 ) ;
#1634 = VERTEX_POINT ( 'NONE', #2588 ) ;
#1635 = CARTESIAN_POINT ( 'NONE',  ( 0.8000000000000051514, 0.1799999999999999933, -0.3600000000000000977 ) ) ;
#1636 = MECHANICAL_DESIGN_GEOMETRIC_PRESENTATION_REPRESENTATION (  '', ( #2436 ), #2731 ) ;
#1637 = DIRECTION ( 'NONE',  ( 0.000000000000000000, 0.000000000000000000, 1.000000000000000000 ) ) ;
#1638 = CARTESIAN_POINT ( 'NONE',  ( 0.4656334405330642690, 0.5999999999999999778, -0.9524122329063193781 ) ) ;
#1639 = EDGE_CURVE ( 'NONE', #1184, #1626, #1609, .T. ) ;
#1640 = DIRECTION ( 'NONE',  ( -0.000000000000000000, 0.000000000000000000, 1.000000000000000000 ) ) ;
#1641 = ADVANCED_FACE ( 'NONE', ( #2092 ), #958, .F. ) ;
#1642 = ORIENTED_EDGE ( 'NONE', *, *, #1483, .T. ) ;
#1643 = DIRECTION ( 'NONE',  ( 1.000000000000000000, 0.000000000000000000, -0.000000000000000000 ) ) ;
#1644 = AXIS2_PLACEMENT_3D ( 'NONE', #3028, #213, #1158 ) ;
#1645 = CARTESIAN_POINT ( 'NONE',  ( 0.5782454608194167456, 0.1799999999999999933, -0.8599999999999999867 ) ) ;
#1646 = ORIENTED_EDGE ( 'NONE', *, *, #2237, .F. ) ;
#1647 = CARTESIAN_POINT ( 'NONE',  ( 0.5000000000000155431, 0.05000000000000000278, -0.000000000000000000 ) ) ;
#1648 = ORIENTED_EDGE ( 'NONE', *, *, #2363, .F. ) ;
#1649 =( BOUNDED_CURVE ( )  B_SPLINE_CURVE ( 3, ( #472, #2780, #1188, #2323 ),
 .UNSPECIFIED., .F., .T. ) 
 B_SPLINE_CURVE_WITH_KNOTS ( ( 4, 4 ),
 ( 2.059754885394078805, 3.616165869370707497 ),
 .UNSPECIFIED. ) 
 CURVE ( )  GEOMETRIC_REPRESENTATION_ITEM ( )  RATIONAL_B_SPLINE_CURVE ( ( 1.000000000000000000, 0.8081162888163886393, 0.8081162888163886393, 1.000000000000000000 ) ) 
 REPRESENTATION_ITEM ( '' )  );
#1650 = STYLED_ITEM ( 'NONE', ( #2003 ), #203 ) ;
#1651 = LINE ( 'NONE', #2605, #2069 ) ;
#1652 = DIRECTION ( 'NONE',  ( 0.1650476058606709095, -0.9862856015372325480, 0.000000000000000000 ) ) ;
#1653 = VECTOR ( 'NONE', #555, 1000.000000000000000 ) ;
#1654 = ADVANCED_FACE ( 'NONE', ( #220 ), #1166, .F. ) ;
#1655 = CARTESIAN_POINT ( 'NONE',  ( 0.8000000000000103695, 0.000000000000000000, 0.1399999999999998190 ) ) ;
#1656 = ORIENTED_EDGE ( 'NONE', *, *, #65, .T. ) ;
#1657 = EDGE_CURVE ( 'NONE', #2782, #527, #932, .T. ) ;
#1658 = DIRECTION ( 'NONE',  ( -1.000000000000000000, 0.000000000000000000, -0.000000000000000000 ) ) ;
#1659 = AXIS2_PLACEMENT_3D ( 'NONE', #471, #3026, #178 ) ;
#1660 = VECTOR ( 'NONE', #1549, 1000.000000000000000 ) ;
#1661 = DIRECTION ( 'NONE',  ( 0.000000000000000000, 0.000000000000000000, -1.000000000000000000 ) ) ;
#1662 = ORIENTED_EDGE ( 'NONE', *, *, #613, .T. ) ;
#1663 = CARTESIAN_POINT ( 'NONE',  ( 0.8000000000000103695, 0.1799999999999999933, 0.3599999999999997646 ) ) ;
#1664 = ORIENTED_EDGE ( 'NONE', *, *, #2722, .F. ) ;
#1665 = DIRECTION ( 'NONE',  ( -1.000000000000000000, 0.000000000000000000, 0.000000000000000000 ) ) ;
#1666 = CYLINDRICAL_SURFACE ( 'NONE', #688, 0.04999999999999998890 ) ;
#1667 = CARTESIAN_POINT ( 'NONE',  ( 0.5000000000000103251, 0.1799999999999999933, 0.3599999999999997646 ) ) ;
#1668 = AXIS2_PLACEMENT_3D ( 'NONE', #3, #2087, #908 ) ;
#1669 = PLANE ( 'NONE',  #1361 ) ;
#1670 = VECTOR ( 'NONE', #2997, 1000.000000000000000 ) ;
#1671 = LINE ( 'NONE', #2171, #2913 ) ;
#1672 = VERTEX_POINT ( 'NONE', #235 ) ;
#1673 = DIRECTION ( 'NONE',  ( 0.000000000000000000, 1.000000000000000000, 0.000000000000000000 ) ) ;
#1674 = ADVANCED_FACE ( 'NONE', ( #463 ), #448, .F. ) ;
#1675 = DIRECTION ( 'NONE',  ( -0.9862856015372325480, -0.1650476058606708818, 0.000000000000000000 ) ) ;
#1676 = VERTEX_POINT ( 'NONE', #1407 ) ;
#1677 = LINE ( 'NONE', #1885, #2248 ) ;
#1678 = AXIS2_PLACEMENT_3D ( 'NONE', #728, #2866, #3064 ) ;
#1679 = EDGE_LOOP ( 'NONE', ( #1856, #201, #2246, #1825 ) ) ;
#1680 = ADVANCED_FACE ( 'NONE', ( #2620 ), #2360, .T. ) ;
#1681 = CARTESIAN_POINT ( 'NONE',  ( -0.6000000000000003109, 0.05000000000000000278, 0.1399999999999997080 ) ) ;
#1682 = PLANE ( 'NONE',  #1216 ) ;
#1683 = VECTOR ( 'NONE', #2676, 1000.000000000000000 ) ;
#1684 = DIRECTION ( 'NONE',  ( 0.000000000000000000, 0.000000000000000000, 1.000000000000000000 ) ) ;
#1685 = PLANE ( 'NONE',  #1581 ) ;
#1686 = VERTEX_POINT ( 'NONE', #1194 ) ;
#1687 = FACE_OUTER_BOUND ( 'NONE', #2473, .T. ) ;
#1688 = EDGE_CURVE ( 'NONE', #272, #2844, #1888, .T. ) ;
#1689 = EDGE_CURVE ( 'NONE', #2644, #2370, #1651, .T. ) ;
#1690 = DIRECTION ( 'NONE',  ( -0.1644365636917769213, 0.9826341575191896993, 0.08596934917627638284 ) ) ;
#1691 = ORIENTED_EDGE ( 'NONE', *, *, #1289, .T. ) ;
#1692 = CARTESIAN_POINT ( 'NONE',  ( -0.3500000000000002554, 0.5499999999999999334, -0.7999999999999999334 ) ) ;
#1693 = ORIENTED_EDGE ( 'NONE', *, *, #2686, .F. ) ;
#1694 = VECTOR ( 'NONE', #1405, 1000.000000000000000 ) ;
#1695 = CARTESIAN_POINT ( 'NONE',  ( 0.6000000000000003109, 0.05000000000000065503, -1.050000000000000044 ) ) ;
#1696 = DIRECTION ( 'NONE',  ( 0.1644365636917767270, 0.9826341575191896993, -0.08596934917627638284 ) ) ;
#1697 = DIRECTION ( 'NONE',  ( 1.000000000000000000, -0.000000000000000000, -0.000000000000000000 ) ) ;
#1698 = DIRECTION ( 'NONE',  ( 0.000000000000000000, 0.000000000000000000, -1.000000000000000000 ) ) ;
#1699 = DIRECTION ( 'NONE',  ( 0.9862856015372325480, 0.1650476058606706875, 0.000000000000000000 ) ) ;
#1700 = EDGE_LOOP ( 'NONE', ( #3065, #2701, #2118, #1177 ) ) ;
#1701 = DIRECTION ( 'NONE',  ( 0.1650476058606707430, 0.9862856015372325480, 0.000000000000000000 ) ) ;
#1702 = DIRECTION ( 'NONE',  ( 0.000000000000000000, 0.000000000000000000, 1.000000000000000000 ) ) ;
#1703 = ADVANCED_FACE ( 'NONE', ( #276 ), #1933, .F. ) ;
#1704 = ORIENTED_EDGE ( 'NONE', *, *, #62, .F. ) ;
#1705 = LINE ( 'NONE', #1722, #1683 ) ;
#1706 = ORIENTED_EDGE ( 'NONE', *, *, #2630, .T. ) ;
#1707 = LINE ( 'NONE', #1451, #1522 ) ;
#1708 = CARTESIAN_POINT ( 'NONE',  ( 0.5000000000000051070, 0.1799999999999999933, -0.3600000000000000977 ) ) ;
#1709 = DIRECTION ( 'NONE',  ( 0.000000000000000000, 0.000000000000000000, 1.000000000000000000 ) ) ;
#1710 = AXIS2_PLACEMENT_3D ( 'NONE', #2121, #3059, #946 ) ;
#1711 = VERTEX_POINT ( 'NONE', #1681 ) ;
#1712 = EDGE_CURVE ( 'NONE', #3025, #1711, #1949, .T. ) ;
#1713 = LINE ( 'NONE', #2670, #2635 ) ;
#1715 = DIRECTION ( 'NONE',  ( -0.000000000000000000, -0.000000000000000000, -1.000000000000000000 ) ) ;
#1714 = VECTOR ( 'NONE', #1006, 1000.000000000000000 ) ;
#1716 = EDGE_LOOP ( 'NONE', ( #426, #1131, #1022, #1743 ) ) ;
#1717 = ADVANCED_FACE ( 'NONE', ( #2648 ), #340, .F. ) ;
#1718 = DIRECTION ( 'NONE',  ( 1.000000000000000000, 0.000000000000000000, 0.000000000000000000 ) ) ;
#1719 = ADVANCED_FACE ( 'NONE', ( #767 ), #522, .T. ) ;
#1720 = CARTESIAN_POINT ( 'NONE',  ( 0.4656334405330646575, 0.5543577871373829291, 1.005874411264458201 ) ) ;
#1721 = ORIENTED_EDGE ( 'NONE', *, *, #1548, .F. ) ;
#1722 = CARTESIAN_POINT ( 'NONE',  ( 0.5000000000000155431, 0.1799999999999999933, 0.8599999999999995426 ) ) ;
#1723 = ORIENTED_EDGE ( 'NONE', *, *, #1137, .T. ) ;
#1724 = CARTESIAN_POINT ( 'NONE',  ( -0.7999999999999896083, 0.1799999999999999933, 0.3599999999999997646 ) ) ;
#1725 = FACE_OUTER_BOUND ( 'NONE', #1193, .T. ) ;
#1726 = FACE_OUTER_BOUND ( 'NONE', #1555, .T. ) ;
#1727 = EDGE_LOOP ( 'NONE', ( #2529, #706, #2318, #216 ) ) ;
#1728 = LINE ( 'NONE', #1966, #1345 ) ;
#1729 = EDGE_CURVE ( 'NONE', #2827, #247, #2418, .T. ) ;
#1730 = CARTESIAN_POINT ( 'NONE',  ( 0.5000000000000051070, 0.1799999999999999933, -0.1400000000000001521 ) ) ;
#1731 = ORIENTED_EDGE ( 'NONE', *, *, #2048, .F. ) ;
#1732 = VECTOR ( 'NONE', #2674, 1000.000000000000000 ) ;
#1733 = ORIENTED_EDGE ( 'NONE', *, *, #1904, .T. ) ;
#1734 = EDGE_CURVE ( 'NONE', #2677, #151, #2148, .T. ) ;
#1735 = CLOSED_SHELL ( 'NONE', ( #557, #2937, #2587, #2653, #588, #1301 ) ) ;
#1736 = CARTESIAN_POINT ( 'NONE',  ( -0.4999999999999896194, 0.05000000000000005135, 0.1399999999999998190 ) ) ;
#1737 = ORIENTED_EDGE ( 'NONE', *, *, #2194, .T. ) ;
#1738 = DIRECTION ( 'NONE',  ( -1.000000000000000000, 0.000000000000000000, 0.000000000000000000 ) ) ;
#1739 = VERTEX_POINT ( 'NONE', #2634 ) ;
#1740 = DIRECTION ( 'NONE',  ( -0.000000000000000000, -1.000000000000000000, -0.000000000000000000 ) ) ;
#1741 = FACE_OUTER_BOUND ( 'NONE', #1679, .T. ) ;
#1742 = DIRECTION ( 'NONE',  ( 0.000000000000000000, 0.000000000000000000, -1.000000000000000000 ) ) ;
#1743 = ORIENTED_EDGE ( 'NONE', *, *, #2348, .F. ) ;
#1744 = VECTOR ( 'NONE', #925, 1000.000000000000000 ) ;
#1745 = LINE ( 'NONE', #1275, #2747 ) ;
#1746 =( NAMED_UNIT ( * ) SI_UNIT ( $, .STERADIAN. ) SOLID_ANGLE_UNIT ( ) );
#1747 = EDGE_CURVE ( 'NONE', #966, #318, #1239, .T. ) ;
#1748 = ORIENTED_EDGE ( 'NONE', *, *, #1005, .F. ) ;
#1749 = ORIENTED_EDGE ( 'NONE', *, *, #2965, .F. ) ;
#1750 = VECTOR ( 'NONE', #2820, 1000.000000000000000 ) ;
#1751 = EDGE_CURVE ( 'NONE', #1626, #1606, #506, .T. ) ;
#1752 = VECTOR ( 'NONE', #1718, 1000.000000000000000 ) ;
#1753 = FILL_AREA_STYLE ('',( #110 ) ) ;
#1754 = CYLINDRICAL_SURFACE ( 'NONE', #963, 0.05000000000000002359 ) ;
#1755 = ORIENTED_EDGE ( 'NONE', *, *, #2848, .F. ) ;
#1756 = LINE ( 'NONE', #2242, #2383 ) ;
#1757 = FACE_OUTER_BOUND ( 'NONE', #2452, .T. ) ;
#1758 = CARTESIAN_POINT ( 'NONE',  ( 0.5000000000000103251, 0.000000000000000000, 0.3599999999999997646 ) ) ;
#1759 = CARTESIAN_POINT ( 'NONE',  ( -0.7999999999999843903, 0.1799999999999999933, 0.8599999999999995426 ) ) ;
#1760 = CIRCLE ( 'NONE', #573, 0.08750000000000000833 ) ;
#1761 = ORIENTED_EDGE ( 'NONE', *, *, #1246, .F. ) ;
#1762 = DIRECTION ( 'NONE',  ( 0.000000000000000000, -0.000000000000000000, 1.000000000000000000 ) ) ;
#1763 = DIRECTION ( 'NONE',  ( 0.000000000000000000, 0.000000000000000000, 1.000000000000000000 ) ) ;
#1764 = VECTOR ( 'NONE', #2558, 1000.000000000000000 ) ;
#1765 = FILL_AREA_STYLE_COLOUR ( '', #1090 ) ;
#1766 = ORIENTED_EDGE ( 'NONE', *, *, #375, .T. ) ;
#1767 = ORIENTED_EDGE ( 'NONE', *, *, #125, .T. ) ;
#1768 = DIRECTION ( 'NONE',  ( 0.000000000000000000, 0.000000000000000000, 1.000000000000000000 ) ) ;
#1769 = AXIS2_PLACEMENT_3D ( 'NONE', #2056, #3030, #909 ) ;
#1770 = EDGE_CURVE ( 'NONE', #2973, #2776, #1707, .T. ) ;
#1771 = ORIENTED_EDGE ( 'NONE', *, *, #1204, .F. ) ;
#1772 = DIRECTION ( 'NONE',  ( -1.000000000000000000, -0.000000000000000000, -0.000000000000000000 ) ) ;
#1773 = CARTESIAN_POINT ( 'NONE',  ( 0.5000000000000051070, 0.000000000000000000, -0.3600000000000000977 ) ) ;
#1774 = FACE_OUTER_BOUND ( 'NONE', #1591, .T. ) ;
#1775 = CARTESIAN_POINT ( 'NONE',  ( -0.7999999999999896083, 0.1799999999999999933, 0.3599999999999997646 ) ) ;
#1776 = EDGE_CURVE ( 'NONE', #1880, #966, #1480, .T. ) ;
#1777 = ORIENTED_EDGE ( 'NONE', *, *, #107, .T. ) ;
#1778 = PLANE ( 'NONE',  #2948 ) ;
#1779 = FACE_OUTER_BOUND ( 'NONE', #2555, .T. ) ;
#1780 =( NAMED_UNIT ( * ) PLANE_ANGLE_UNIT ( ) SI_UNIT ( $, .RADIAN. ) );
#1781 = EDGE_LOOP ( 'NONE', ( #1215, #82, #1014, #504 ) ) ;
#1782 = EDGE_LOOP ( 'NONE', ( #2769, #1538 ) ) ;
#1783 = VECTOR ( 'NONE', #1234, 1000.000000000000000 ) ;
#1784 = FILL_AREA_STYLE ('',( #1296 ) ) ;
#1785 = SURFACE_STYLE_USAGE ( .BOTH. , #839 ) ;
#1786 = ADVANCED_FACE ( 'NONE', ( #1023 ), #306, .T. ) ;
#1787 = DIRECTION ( 'NONE',  ( -0.000000000000000000, -0.000000000000000000, -1.000000000000000000 ) ) ;
#1788 = CLOSED_SHELL ( 'NONE', ( #263, #1074, #1703, #1453, #3006, #2373, #37, #2016, #2818, #979, #2132, #2333, #2367, #186, #339, #676, #2273, #1393, #417, #1851, #2474, #3011, #1786, #172, #398, #502, #490, #35, #1322, #2423, #1373, #904, #524, #2836, #2098, #2569, #2709, #1431, #1887, #1925, #396, #2886, #1910, #2030, #4, #1719, #191, #1844, #2103, #1054, #128, #1680, #712 ) ) ;
#1789 = ADVANCED_FACE ( 'NONE', ( #42 ), #2402, .T. ) ;
#1790 = DIRECTION ( 'NONE',  ( 0.000000000000000000, -1.000000000000000000, 0.000000000000000000 ) ) ;
#1791 = FACE_OUTER_BOUND ( 'NONE', #1959, .T. ) ;
#1792 = CARTESIAN_POINT ( 'NONE',  ( -0.6000000000000003109, 0.05000000000000000278, -1.000530997845577641 ) ) ;
#1793 = EDGE_LOOP ( 'NONE', ( #2341, #973, #267, #1116 ) ) ;
#1794 = DIRECTION ( 'NONE',  ( -0.000000000000000000, -0.000000000000000000, -1.000000000000000000 ) ) ;
#1795 = CARTESIAN_POINT ( 'NONE',  ( 0.4656334405330644355, 0.5499999999999999334, -0.9560646763598703579 ) ) ;
#1796 =( LENGTH_UNIT ( ) NAMED_UNIT ( * ) SI_UNIT ( .MILLI., .METRE. ) );
#1797 = VECTOR ( 'NONE', #206, 1000.000000000000000 ) ;
#1798 = ORIENTED_EDGE ( 'NONE', *, *, #2173, .T. ) ;
#1799 = EDGE_LOOP ( 'NONE', ( #1033, #326, #1048, #1337 ) ) ;
#1800 = ORIENTED_EDGE ( 'NONE', *, *, #2520, .T. ) ;
#1801 = SURFACE_SIDE_STYLE ('',( #2018 ) ) ;
#1802 = FILL_AREA_STYLE_COLOUR ( '', #2051 ) ;
#1803 = CARTESIAN_POINT ( 'NONE',  ( 0.5710126596058413551, 0.2232215157471138522, 0.9853760789389280905 ) ) ;
#1804 = AXIS2_PLACEMENT_3D ( 'NONE', #1088, #2698, #570 ) ;
#1805 = ADVANCED_FACE ( 'NONE', ( #1961 ), #1916, .F. ) ;
#1806 = DIRECTION ( 'NONE',  ( 1.000000000000000000, 0.000000000000000000, -0.000000000000000000 ) ) ;
#1807 =( NAMED_UNIT ( * ) PLANE_ANGLE_UNIT ( ) SI_UNIT ( $, .RADIAN. ) );
#1808 = LINE ( 'NONE', #912, #919 ) ;
#1809 = ORIENTED_EDGE ( 'NONE', *, *, #2502, .T. ) ;
#1810 = CARTESIAN_POINT ( 'NONE',  ( -0.7999999999999843903, 0.1799999999999999933, 0.6399999999999995692 ) ) ;
#1811 = DIRECTION ( 'NONE',  ( 0.000000000000000000, -1.000000000000000000, 0.000000000000000000 ) ) ;
#1812 = DIRECTION ( 'NONE',  ( -0.000000000000000000, -0.000000000000000000, -1.000000000000000000 ) ) ;
#1813 = EDGE_CURVE ( 'NONE', #157, #1121, #1270, .T. ) ;
#1814 = ORIENTED_EDGE ( 'NONE', *, *, #1985, .F. ) ;
#1815 = ORIENTED_EDGE ( 'NONE', *, *, #1965, .F. ) ;
#1816 = EDGE_CURVE ( 'NONE', #2112, #2395, #85, .T. ) ;
#1817 = ORIENTED_EDGE ( 'NONE', *, *, #2854, .T. ) ;
#1818 = DIRECTION ( 'NONE',  ( -0.000000000000000000, 0.000000000000000000, 1.000000000000000000 ) ) ;
#1819 =( NAMED_UNIT ( * ) PLANE_ANGLE_UNIT ( ) SI_UNIT ( $, .RADIAN. ) );
#1820 = AXIS2_PLACEMENT_3D ( 'NONE', #599, #2021, #2274 ) ;
#1821 = LINE ( 'NONE', #2321, #1148 ) ;
#1822 = CARTESIAN_POINT ( 'NONE',  ( 0.000000000000000000, 0.1799999999999999933, 0.000000000000000000 ) ) ;
#1823 = FILL_AREA_STYLE ('',( #1128 ) ) ;
#1824 = CARTESIAN_POINT ( 'NONE',  ( 0.5000000000000155431, 0.1799999999999999933, 0.6399999999999995692 ) ) ;
#1825 = ORIENTED_EDGE ( 'NONE', *, *, #467, .T. ) ;
#1826 = PLANE ( 'NONE',  #2412 ) ;
#1827 = CARTESIAN_POINT ( 'NONE',  ( -0.5793899252090640717, 0.05000000000000000278, 1.050000000000000044 ) ) ;
#1828 = LINE ( 'NONE', #865, #1797 ) ;
#1829 = ADVANCED_FACE ( 'NONE', ( #2693 ), #2862, .F. ) ;
#1830 = VERTEX_POINT ( 'NONE', #2736 ) ;
#1831 = VECTOR ( 'NONE', #1455, 1000.000000000000000 ) ;
#1832 = EDGE_LOOP ( 'NONE', ( #1603, #418, #830, #2083 ) ) ;
#1833 = DIRECTION ( 'NONE',  ( -0.000000000000000000, -0.000000000000000000, -1.000000000000000000 ) ) ;
#1834 = EDGE_CURVE ( 'NONE', #1503, #745, #482, .T. ) ;
#1835 = CARTESIAN_POINT ( 'NONE',  ( 0.7999999999999999334, 0.1799999999999999933, -0.8599999999999999867 ) ) ;
#1836 = CARTESIAN_POINT ( 'NONE',  ( 0.4999999999999998890, 0.000000000000000000, -0.6400000000000000133 ) ) ;
#1837 = CARTESIAN_POINT ( 'NONE',  ( 0.000000000000000000, 0.1799999999999999933, 0.000000000000000000 ) ) ;
#1838 = ORIENTED_EDGE ( 'NONE', *, *, #202, .T. ) ;
#1839 = PLANE ( 'NONE',  #2407 ) ;
#1840 = VERTEX_POINT ( 'NONE', #1587 ) ;
#1841 = LINE ( 'NONE', #697, #1276 ) ;
#1842 = LINE ( 'NONE', #1167, #715 ) ;
#1843 = DIRECTION ( 'NONE',  ( -0.000000000000000000, -1.000000000000000000, -0.000000000000000000 ) ) ;
#1844 = ADVANCED_FACE ( 'NONE', ( #2725 ), #1330, .T. ) ;
#1845 = EDGE_LOOP ( 'NONE', ( #913, #589, #2075, #357 ) ) ;
#1846 = VERTEX_POINT ( 'NONE', #99 ) ;
#1847 = VECTOR ( 'NONE', #200, 1000.000000000000114 ) ;
#1848 = DIRECTION ( 'NONE',  ( 1.000000000000000000, 0.000000000000000000, 0.000000000000000000 ) ) ;
#1849 = UNCERTAINTY_MEASURE_WITH_UNIT (LENGTH_MEASURE( 1.000000000000000082E-05 ), #2814, 'distance_accuracy_value', 'NONE');
#1850 = FACE_OUTER_BOUND ( 'NONE', #825, .T. ) ;
#1851 = ADVANCED_FACE ( 'NONE', ( #1992 ), #2227, .T. ) ;
#1852 = CARTESIAN_POINT ( 'NONE',  ( 0.5000000000000103251, 0.05000000000000005135, 0.3599999999999997646 ) ) ;
#1853 = CARTESIAN_POINT ( 'NONE',  ( -0.5782454608194167456, 0.1799999999999999933, 0.1399999999999998190 ) ) ;
#1854 = ORIENTED_EDGE ( 'NONE', *, *, #2943, .T. ) ;
#1855 = LINE ( 'NONE', #2057, #271 ) ;
#1856 = ORIENTED_EDGE ( 'NONE', *, *, #1523, .T. ) ;
#1857 = VECTOR ( 'NONE', #1652, 1000.000000000000114 ) ;
#1858 = VECTOR ( 'NONE', #2396, 1000.000000000000000 ) ;
#1859 = CARTESIAN_POINT ( 'NONE',  ( -0.3500000000000002554, 0.5499999999999999334, -0.7999999999999999334 ) ) ;
#1860 = DIRECTION ( 'NONE',  ( 0.000000000000000000, 0.000000000000000000, -1.000000000000000000 ) ) ;
#1861 = LINE ( 'NONE', #769, #957 ) ;
#1862 = ORIENTED_EDGE ( 'NONE', *, *, #624, .F. ) ;
#1863 = ORIENTED_EDGE ( 'NONE', *, *, #2044, .T. ) ;
#1864 = FACE_OUTER_BOUND ( 'NONE', #1510, .T. ) ;
#1865 = AXIS2_PLACEMENT_3D ( 'NONE', #2906, #785, #2466 ) ;
#1866 = CARTESIAN_POINT ( 'NONE',  ( -0.5782454608194167456, 0.1799999999999999933, -0.6399999999999999023 ) ) ;
#1867 = EDGE_CURVE ( 'NONE', #1184, #1951, #2962, .T. ) ;
#1868 = DIRECTION ( 'NONE',  ( 1.000000000000000000, 0.000000000000000000, 0.000000000000000000 ) ) ;
#1869 = VECTOR ( 'NONE', #2600, 1000.000000000000000 ) ;
#1870 =( LENGTH_UNIT ( ) NAMED_UNIT ( * ) SI_UNIT ( .MILLI., .METRE. ) );
#1871 = EDGE_LOOP ( 'NONE', ( #1646, #2497, #569, #982 ) ) ;
#1872 = FACE_OUTER_BOUND ( 'NONE', #2546, .T. ) ;
#1873 = ORIENTED_EDGE ( 'NONE', *, *, #2113, .F. ) ;
#1874 = CARTESIAN_POINT ( 'NONE',  ( -0.4999999999999844014, 0.05000000000000000278, -0.000000000000000000 ) ) ;
#1875 = DIRECTION ( 'NONE',  ( 0.000000000000000000, -0.000000000000000000, 1.000000000000000000 ) ) ;
#1876 = EDGE_CURVE ( 'NONE', #2010, #1595, #1558, .T. ) ;
#1877 = AXIS2_PLACEMENT_3D ( 'NONE', #941, #2355, #1176 ) ;
#1878 = FACE_OUTER_BOUND ( 'NONE', #1973, .T. ) ;
#1879 = PRESENTATION_LAYER_ASSIGNMENT (  '', '', ( #2960 ) ) ;
#1880 = VERTEX_POINT ( 'NONE', #1066 ) ;
#1881 = CARTESIAN_POINT ( 'NONE',  ( -0.3500000000000002554, 0.5499999999999999334, -0.7999999999999999334 ) ) ;
#1882 = PLANE ( 'NONE',  #338 ) ;
#1883 = EDGE_CURVE ( 'NONE', #2370, #1321, #1113, .T. ) ;
#1884 = ORIENTED_EDGE ( 'NONE', *, *, #2483, .F. ) ;
#1885 = CARTESIAN_POINT ( 'NONE',  ( -0.000000000000000000, 0.05000000000000000278, 0.8599999999999995426 ) ) ;
#1886 = ORIENTED_EDGE ( 'NONE', *, *, #2347, .T. ) ;
#1887 = ADVANCED_FACE ( 'NONE', ( #2537 ), #812, .T. ) ;
#1888 = LINE ( 'NONE', #2830, #3049 ) ;
#1889 = VECTOR ( 'NONE', #1556, 1000.000000000000000 ) ;
#1890 = CARTESIAN_POINT ( 'NONE',  ( -0.7999999999999843903, 0.1799999999999999933, 0.6399999999999995692 ) ) ;
#1891 = FACE_OUTER_BOUND ( 'NONE', #257, .T. ) ;
#1892 = ORIENTED_EDGE ( 'NONE', *, *, #2044, .F. ) ;
#1893 = CARTESIAN_POINT ( 'NONE',  ( 0.8000000000000155875, 0.1799999999999999933, 0.6399999999999995692 ) ) ;
#1894 = VECTOR ( 'NONE', #1843, 1000.000000000000000 ) ;
#1895 = DIRECTION ( 'NONE',  ( -0.1644365636917767270, -0.9826341575191896993, -0.08596934917627636896 ) ) ;
#1896 = ORIENTED_EDGE ( 'NONE', *, *, #2560, .T. ) ;
#1897 = DIRECTION ( 'NONE',  ( -0.000000000000000000, -1.000000000000000000, -0.000000000000000000 ) ) ;
#1898 = ORIENTED_EDGE ( 'NONE', *, *, #1976, .F. ) ;
#1899 = DIRECTION ( 'NONE',  ( 0.000000000000000000, -0.000000000000000000, 1.000000000000000000 ) ) ;
#1900 = DIRECTION ( 'NONE',  ( 0.000000000000000000, 1.000000000000000000, 0.000000000000000000 ) ) ;
#1901 = CARTESIAN_POINT ( 'NONE',  ( -0.8000000000000000444, 0.000000000000000000, -0.8599999999999999867 ) ) ;
#1902 = VECTOR ( 'NONE', #3002, 1000.000000000000000 ) ;
#1903 = CARTESIAN_POINT ( 'NONE',  ( -0.000000000000000000, 0.05000000000000000278, 0.3599999999999997646 ) ) ;
#1904 = EDGE_CURVE ( 'NONE', #2903, #2400, #857, .T. ) ;
#1905 = DIRECTION ( 'NONE',  ( 0.000000000000000000, 0.000000000000000000, 1.000000000000000000 ) ) ;
#1906 = ORIENTED_EDGE ( 'NONE', *, *, #1094, .F. ) ;
#1907 = CARTESIAN_POINT ( 'NONE',  ( -0.7999999999999843903, 0.1799999999999999933, 0.8599999999999995426 ) ) ;
#1908 = UNCERTAINTY_MEASURE_WITH_UNIT (LENGTH_MEASURE( 1.000000000000000082E-05 ), #1241, 'distance_accuracy_value', 'NONE');
#1909 = AXIS2_PLACEMENT_3D ( 'NONE', #1201, #2673, #2158 ) ;
#1910 = ADVANCED_FACE ( 'NONE', ( #2055 ), #2477, .T. ) ;
#1911 = VECTOR ( 'NONE', #1304, 1000.000000000000114 ) ;
#1912 = FACE_OUTER_BOUND ( 'NONE', #1324, .T. ) ;
#1913 = ORIENTED_EDGE ( 'NONE', *, *, #428, .F. ) ;
#1914 = LINE ( 'NONE', #2816, #1948 ) ;
#1915 = VERTEX_POINT ( 'NONE', #1544 ) ;
#1916 = PLANE ( 'NONE',  #2470 ) ;
#1917 = FACE_OUTER_BOUND ( 'NONE', #519, .T. ) ;
#1918 = SURFACE_STYLE_FILL_AREA ( #1935 ) ;
#1919 = VECTOR ( 'NONE', #953, 1000.000000000000000 ) ;
#1920 = DIRECTION ( 'NONE',  ( 0.000000000000000000, 0.000000000000000000, 1.000000000000000000 ) ) ;
#1921 = AXIS2_PLACEMENT_3D ( 'NONE', #2228, #1559, #2478 ) ;
#1922 = DIRECTION ( 'NONE',  ( 0.000000000000000000, 1.000000000000000000, 0.000000000000000000 ) ) ;
#1923 = EDGE_CURVE ( 'NONE', #1278, #954, #2752, .T. ) ;
#1924 = ORIENTED_EDGE ( 'NONE', *, *, #1416, .T. ) ;
#1925 = ADVANCED_FACE ( 'NONE', ( #1315 ), #2995, .T. ) ;
#1926 = CARTESIAN_POINT ( 'NONE',  ( -0.6000000000000003109, 0.05000000000000000278, 1.050000000000000266 ) ) ;
#1927 = PRESENTATION_LAYER_ASSIGNMENT (  '', '', ( #835 ) ) ;
#1928 = ADVANCED_FACE ( 'NONE', ( #875 ), #131, .T. ) ;
#1929 = CARTESIAN_POINT ( 'NONE',  ( -0.4999999999999896194, 0.1799999999999999933, 0.3599999999999997646 ) ) ;
#1930 = ORIENTED_EDGE ( 'NONE', *, *, #1109, .T. ) ;
#1931 = CARTESIAN_POINT ( 'NONE',  ( 0.5000000000000155431, 0.1799999999999999933, 0.6399999999999995692 ) ) ;
#1932 = ORIENTED_EDGE ( 'NONE', *, *, #803, .T. ) ;
#1933 = PLANE ( 'NONE',  #1328 ) ;
#1934 = LINE ( 'NONE', #2166, #2938 ) ;
#1935 = FILL_AREA_STYLE ('',( #1197 ) ) ;
#1936 = VECTOR ( 'NONE', #412, 1000.000000000000000 ) ;
#1937 = DIRECTION ( 'NONE',  ( 0.000000000000000000, 0.000000000000000000, 1.000000000000000000 ) ) ;
#1938 = LINE ( 'NONE', #480, #2082 ) ;
#1939 = ORIENTED_EDGE ( 'NONE', *, *, #978, .F. ) ;
#1940 = ADVANCED_FACE ( 'NONE', ( #1757 ), #647, .F. ) ;
#1941 = CARTESIAN_POINT ( 'NONE',  ( 0.5000000000000103251, 0.000000000000000000, 0.1399999999999998190 ) ) ;
#1942 = CARTESIAN_POINT ( 'NONE',  ( 0.4999999999999998890, 0.1799999999999999933, -0.8599999999999999867 ) ) ;
#1943 = EDGE_CURVE ( 'NONE', #816, #2827, #2007, .T. ) ;
#1944 = ORIENTED_EDGE ( 'NONE', *, *, #73, .T. ) ;
#1945 = DIRECTION ( 'NONE',  ( 0.000000000000000000, 0.000000000000000000, 1.000000000000000000 ) ) ;
#1946 = VECTOR ( 'NONE', #2330, 1000.000000000000000 ) ;
#1947 = ORIENTED_EDGE ( 'NONE', *, *, #1208, .F. ) ;
#1948 = VECTOR ( 'NONE', #705, 1000.000000000000000 ) ;
#1949 = LINE ( 'NONE', #1224, #731 ) ;
#1950 = DIRECTION ( 'NONE',  ( -0.000000000000000000, -1.000000000000000000, -0.000000000000000000 ) ) ;
#1951 = VERTEX_POINT ( 'NONE', #1773 ) ;
#1952 = DIRECTION ( 'NONE',  ( 1.000000000000000000, 0.000000000000000000, -0.000000000000000000 ) ) ;
#1953 = DIRECTION ( 'NONE',  ( -1.000000000000000000, -0.000000000000000000, -0.000000000000000000 ) ) ;
#1954 = ORIENTED_EDGE ( 'NONE', *, *, #2147, .T. ) ;
#1955 = DIRECTION ( 'NONE',  ( 0.000000000000000000, -0.000000000000000000, 1.000000000000000000 ) ) ;
#1956 = DIRECTION ( 'NONE',  ( -0.000000000000000000, 0.000000000000000000, -1.000000000000000000 ) ) ;
#1957 = VERTEX_POINT ( 'NONE', #1836 ) ;
#1958 = DIRECTION ( 'NONE',  ( 1.000000000000000000, 0.000000000000000000, -0.000000000000000000 ) ) ;
#1959 = EDGE_LOOP ( 'NONE', ( #2586, #1360, #2681, #138 ) ) ;
#1960 = EDGE_CURVE ( 'NONE', #2784, #1503, #1175, .T. ) ;
#1961 = FACE_OUTER_BOUND ( 'NONE', #1155, .T. ) ;
#1962 = CARTESIAN_POINT ( 'NONE',  ( -0.7999999999999843903, 0.1799999999999999933, 0.8599999999999995426 ) ) ;
#1963 = CARTESIAN_POINT ( 'NONE',  ( -0.6000000000000003109, 0.05000000000000000278, -1.050000000000000044 ) ) ;
#1964 = VERTEX_POINT ( 'NONE', #1403 ) ;
#1965 = EDGE_CURVE ( 'NONE', #2815, #238, #893, .T. ) ;
#1966 = CARTESIAN_POINT ( 'NONE',  ( 0.5000000000000155431, 0.1799999999999999933, 0.6399999999999995692 ) ) ;
#1968 = FILL_AREA_STYLE ('',( #2718 ) ) ;
#1967 = AXIS2_PLACEMENT_3D ( 'NONE', #992, #115, #581 ) ;
#1969 = ORIENTED_EDGE ( 'NONE', *, *, #30, .F. ) ;
#1970 = VECTOR ( 'NONE', #2244, 1000.000000000000000 ) ;
#1971 = DIRECTION ( 'NONE',  ( -0.000000000000000000, 0.000000000000000000, 1.000000000000000000 ) ) ;
#1972 = DIRECTION ( 'NONE',  ( -0.000000000000000000, -0.000000000000000000, -1.000000000000000000 ) ) ;
#1973 = EDGE_LOOP ( 'NONE', ( #2570, #1446, #409, #1815 ) ) ;
#1974 = CARTESIAN_POINT ( 'NONE',  ( 0.7999999999999999334, 0.1799999999999999933, -0.8599999999999999867 ) ) ;
#1975 = ORIENTED_EDGE ( 'NONE', *, *, #1416, .F. ) ;
#1976 = EDGE_CURVE ( 'NONE', #2283, #574, #677, .T. ) ;
#1977 = CARTESIAN_POINT ( 'NONE',  ( -0.4999999999999947820, 0.05000000000000000278, -0.000000000000000000 ) ) ;
#1978 = DIRECTION ( 'NONE',  ( 0.000000000000000000, 0.000000000000000000, 1.000000000000000000 ) ) ;
#1979 = VECTOR ( 'NONE', #1715, 1000.000000000000000 ) ;
#1980 = CARTESIAN_POINT ( 'NONE',  ( 0.000000000000000000, 0.1799999999999999933, 0.000000000000000000 ) ) ;
#1981 = ADVANCED_FACE ( 'NONE', ( #244 ), #1357, .F. ) ;
#1982 = ORIENTED_EDGE ( 'NONE', *, *, #1109, .F. ) ;
#1983 = DIRECTION ( 'NONE',  ( -0.000000000000000000, 0.000000000000000000, 1.000000000000000000 ) ) ;
#1984 = SURFACE_STYLE_FILL_AREA ( #1519 ) ;
#1985 = EDGE_CURVE ( 'NONE', #1626, #558, #2840, .T. ) ;
#1986 = ORIENTED_EDGE ( 'NONE', *, *, #1174, .T. ) ;
#1987 = AXIS2_PLACEMENT_3D ( 'NONE', #987, #1690, #1675 ) ;
#1988 = VERTEX_POINT ( 'NONE', #662 ) ;
#1989 = FACE_OUTER_BOUND ( 'NONE', #1832, .T. ) ;
#1990 = ORIENTED_EDGE ( 'NONE', *, *, #3021, .F. ) ;
#1991 = LINE ( 'NONE', #2930, #2485 ) ;
#1992 = FACE_OUTER_BOUND ( 'NONE', #2416, .T. ) ;
#1993 = CARTESIAN_POINT ( 'NONE',  ( -0.6000000000000003109, 0.05000000000000000278, -0.1400000000000000411 ) ) ;
#1994 = CARTESIAN_POINT ( 'NONE',  ( 0.5000000000000103251, 0.1799999999999999933, 0.1399999999999998190 ) ) ;
#1995 = EDGE_LOOP ( 'NONE', ( #2541, #2564, #2707, #1406 ) ) ;
#1996 = FACE_OUTER_BOUND ( 'NONE', #1727, .T. ) ;
#1997 = ORIENTED_EDGE ( 'NONE', *, *, #467, .F. ) ;
#1998 = EDGE_CURVE ( 'NONE', #1520, #3050, #1649, .T. ) ;
#1999 = VERTEX_POINT ( 'NONE', #940 ) ;
#2000 = AXIS2_PLACEMENT_3D ( 'NONE', #75, #46, #2879 ) ;
#2001 = VECTOR ( 'NONE', #999, 1000.000000000000000 ) ;
#2002 = CARTESIAN_POINT ( 'NONE',  ( 0.5000000000000103251, 0.1799999999999999933, 0.1399999999999998190 ) ) ;
#2003 = PRESENTATION_STYLE_ASSIGNMENT (( #1526 ) ) ;
#2004 = ADVANCED_FACE ( 'NONE', ( #1602 ), #1882, .F. ) ;
#2005 = VERTEX_POINT ( 'NONE', #1417 ) ;
#2006 = DIRECTION ( 'NONE',  ( 1.000000000000000000, 0.000000000000000000, 0.000000000000000000 ) ) ;
#2007 = LINE ( 'NONE', #2949, #1183 ) ;
#2008 = DIRECTION ( 'NONE',  ( -4.336808689942015369E-15, 0.000000000000000000, 1.000000000000000000 ) ) ;
#2009 = FACE_OUTER_BOUND ( 'NONE', #2942, .T. ) ;
#2010 = VERTEX_POINT ( 'NONE', #198 ) ;
#2011 = CARTESIAN_POINT ( 'NONE',  ( -0.000000000000000000, 0.05000000000000000278, -0.3600000000000000977 ) ) ;
#2012 = CARTESIAN_POINT ( 'NONE',  ( 0.5149477206099258852, 0.5582523802930334789, 0.9524122329063200443 ) ) ;
#2013 = VECTOR ( 'NONE', #2727, 1000.000000000000000 ) ;
#2014 =( NAMED_UNIT ( * ) PLANE_ANGLE_UNIT ( ) SI_UNIT ( $, .RADIAN. ) );
#2015 = VERTEX_POINT ( 'NONE', #413 ) ;
#2016 = ADVANCED_FACE ( 'NONE', ( #3041 ), #2116, .T. ) ;
#2017 = ORIENTED_EDGE ( 'NONE', *, *, #584, .T. ) ;
#2018 = SURFACE_STYLE_FILL_AREA ( #1784 ) ;
#2019 = LINE ( 'NONE', #2959, #711 ) ;
#2020 = CARTESIAN_POINT ( 'NONE',  ( 0.4999999999999998890, 0.1799999999999999933, -0.8599999999999999867 ) ) ;
#2021 = DIRECTION ( 'NONE',  ( 0.000000000000000000, 1.000000000000000000, 0.000000000000000000 ) ) ;
#2022 = CARTESIAN_POINT ( 'NONE',  ( -0.4579955535483846152, 0.5543577871373828181, 1.005874411264458201 ) ) ;
#2023 = VERTEX_POINT ( 'NONE', #181 ) ;
#2024 = LINE ( 'NONE', #2482, #2065 ) ;
#2025 = VERTEX_POINT ( 'NONE', #1617 ) ;
#2026 = CARTESIAN_POINT ( 'NONE',  ( -0.7999999999999843903, 0.000000000000000000, 0.8599999999999995426 ) ) ;
#2027 = DIRECTION ( 'NONE',  ( 0.000000000000000000, -0.000000000000000000, 1.000000000000000000 ) ) ;
#2028 = ORIENTED_EDGE ( 'NONE', *, *, #1965, .T. ) ;
#2029 = VERTEX_POINT ( 'NONE', #2826 ) ;
#2030 = ADVANCED_FACE ( 'NONE', ( #1144 ), #457, .T. ) ;
#2031 = ORIENTED_EDGE ( 'NONE', *, *, #229, .T. ) ;
#2032 = VECTOR ( 'NONE', #1972, 1000.000000000000000 ) ;
#2033 =( NAMED_UNIT ( * ) PLANE_ANGLE_UNIT ( ) SI_UNIT ( $, .RADIAN. ) );
#2034 = DIRECTION ( 'NONE',  ( -0.000000000000000000, 0.000000000000000000, 1.000000000000000000 ) ) ;
#2035 = DIRECTION ( 'NONE',  ( 1.000000000000000000, 0.000000000000000000, -0.000000000000000000 ) ) ;
#2036 = EDGE_CURVE ( 'NONE', #2430, #2010, #2354, .T. ) ;
#2037 = DIRECTION ( 'NONE',  ( 1.000000000000000000, 0.000000000000000000, -0.000000000000000000 ) ) ;
#2038 = LINE ( 'NONE', #2799, #1281 ) ;
#2039 = LINE ( 'NONE', #2768, #123 ) ;
#2040 = VERTEX_POINT ( 'NONE', #1852 ) ;
#2041 = DIRECTION ( 'NONE',  ( -0.000000000000000000, -0.000000000000000000, -1.000000000000000000 ) ) ;
#2042 = PLANE ( 'NONE',  #1804 ) ;
#2043 = DIRECTION ( 'NONE',  ( 0.000000000000000000, 0.000000000000000000, 1.000000000000000000 ) ) ;
#2044 = EDGE_CURVE ( 'NONE', #1846, #860, #2798, .T. ) ;
#2045 = CARTESIAN_POINT ( 'NONE',  ( -0.3500000000000002554, 0.5999999999999999778, -0.7999999999999999334 ) ) ;
#2046 = VECTOR ( 'NONE', #884, 1000.000000000000000 ) ;
#2047 = ORIENTED_EDGE ( 'NONE', *, *, #102, .F. ) ;
#2048 = EDGE_CURVE ( 'NONE', #793, #1957, #443, .T. ) ;
#2049 = EDGE_LOOP ( 'NONE', ( #415, #791, #2222, #1282 ) ) ;
#2050 = ORIENTED_EDGE ( 'NONE', *, *, #598, .F. ) ;
#2051 = COLOUR_RGB ( '',0.7921568627450980005, 0.8196078431372548767, 0.9333333333333333481 ) ;
#2052 = APPLICATION_CONTEXT ( 'automotive_design' ) ;
#2053 = LINE ( 'NONE', #1803, #2096 ) ;
#2054 = VECTOR ( 'NONE', #1763, 1000.000000000000000 ) ;
#2055 = FACE_OUTER_BOUND ( 'NONE', #424, .T. ) ;
#2056 = CARTESIAN_POINT ( 'NONE',  ( 0.5000000000000103251, 0.1799999999999999933, 0.3599999999999997646 ) ) ;
#2057 = CARTESIAN_POINT ( 'NONE',  ( 0.6000000000000003109, 0.05000000000000065503, 0.6399999999999999023 ) ) ;
#2058 = EDGE_LOOP ( 'NONE', ( #2817, #790, #2299, #3033 ) ) ;
#2059 = EDGE_CURVE ( 'NONE', #2095, #2040, #214, .T. ) ;
#2060 = CARTESIAN_POINT ( 'NONE',  ( -0.6000000000000003109, 0.05000000000000000278, -0.8599999999999999867 ) ) ;
#2061 = CARTESIAN_POINT ( 'NONE',  ( -0.4999999999999844014, 0.1799999999999999933, 0.6399999999999995692 ) ) ;
#2062 = VECTOR ( 'NONE', #2335, 1000.000000000000000 ) ;
#2063 = CARTESIAN_POINT ( 'NONE',  ( -0.4579955535483846707, 0.5999999999999999778, -0.9560646763598703579 ) ) ;
#2064 = EDGE_CURVE ( 'NONE', #134, #2675, #230, .T. ) ;
#2065 = VECTOR ( 'NONE', #1133, 1000.000000000000000 ) ;
#2066 = ORIENTED_EDGE ( 'NONE', *, *, #1284, .F. ) ;
#2067 = VERTEX_POINT ( 'NONE', #1645 ) ;
#2068 = CARTESIAN_POINT ( 'NONE',  ( 0.000000000000000000, 0.05000000000000000278, -0.1400000000000001521 ) ) ;
#2069 = VECTOR ( 'NONE', #2678, 1000.000000000000000 ) ;
#2070 = LINE ( 'NONE', #1835, #15 ) ;
#2071 = VECTOR ( 'NONE', #797, 1000.000000000000000 ) ;
#2072 = CARTESIAN_POINT ( 'NONE',  ( -0.3500000000000002554, 0.5499999999999999334, -0.7124999999999999112 ) ) ;
#2073 = VERTEX_POINT ( 'NONE', #2161 ) ;
#2074 = DIRECTION ( 'NONE',  ( 0.000000000000000000, 0.000000000000000000, -1.000000000000000000 ) ) ;
#2075 = ORIENTED_EDGE ( 'NONE', *, *, #1382, .F. ) ;
#2076 = EDGE_CURVE ( 'NONE', #2903, #2852, #2871, .T. ) ;
#2077 = DIRECTION ( 'NONE',  ( 0.9862856015372326590, -0.1650476058606707708, 0.000000000000000000 ) ) ;
#2078 = CARTESIAN_POINT ( 'NONE',  ( -0.6000000000000003109, 0.05000000000000000278, 1.000530997845578307 ) ) ;
#2079 = CARTESIAN_POINT ( 'NONE',  ( -0.7999999999999948264, 0.1799999999999999933, -0.3600000000000000977 ) ) ;
#2080 = EDGE_CURVE ( 'NONE', #1739, #816, #2176, .T. ) ;
#2081 = ORIENTED_EDGE ( 'NONE', *, *, #1586, .F. ) ;
#2082 = VECTOR ( 'NONE', #1953, 1000.000000000000000 ) ;
#2083 = ORIENTED_EDGE ( 'NONE', *, *, #1018, .F. ) ;
#2084 = CARTESIAN_POINT ( 'NONE',  ( 0.5999999999999996447, 0.05000000000000000278, 1.000530997845578307 ) ) ;
#2085 = AXIS2_PLACEMENT_3D ( 'NONE', #337, #1945, #1958 ) ;
#2086 = CARTESIAN_POINT ( 'NONE',  ( -0.000000000000000000, 0.05000000000000000278, 0.8599999999999995426 ) ) ;
#2087 = DIRECTION ( 'NONE',  ( 0.000000000000000000, 0.000000000000000000, -1.000000000000000000 ) ) ;
#2088 = SURFACE_STYLE_FILL_AREA ( #1823 ) ;
#2089 = VERTEX_POINT ( 'NONE', #1929 ) ;
#2090 = CARTESIAN_POINT ( 'NONE',  ( -0.4999999999999844014, 0.1799999999999999933, 0.8599999999999995426 ) ) ;
#2091 = ORIENTED_EDGE ( 'NONE', *, *, #466, .T. ) ;
#2092 = FACE_OUTER_BOUND ( 'NONE', #2387, .T. ) ;
#2093 = DIRECTION ( 'NONE',  ( 1.000000000000000000, 0.000000000000000000, 0.000000000000000000 ) ) ;
#2094 = DIRECTION ( 'NONE',  ( 0.000000000000000000, -1.000000000000000000, 0.000000000000000000 ) ) ;
#2095 = VERTEX_POINT ( 'NONE', #1265 ) ;
#2096 = VECTOR ( 'NONE', #2751, 1000.000000000000000 ) ;
#2097 = ORIENTED_EDGE ( 'NONE', *, *, #1505, .T. ) ;
#2098 = ADVANCED_FACE ( 'NONE', ( #1001 ), #749, .T. ) ;
#2099 = VECTOR ( 'NONE', #2415, 1000.000000000000000 ) ;
#2100 = LINE ( 'NONE', #1141, #476 ) ;
#2101 = UNCERTAINTY_MEASURE_WITH_UNIT (LENGTH_MEASURE( 1.000000000000000082E-05 ), #1870, 'distance_accuracy_value', 'NONE');
#2102 = CARTESIAN_POINT ( 'NONE',  ( 0.8000000000000103695, 0.1799999999999999933, 0.1399999999999998190 ) ) ;
#2103 = ADVANCED_FACE ( 'NONE', ( #1912 ), #300, .T. ) ;
#2104 = CARTESIAN_POINT ( 'NONE',  ( -0.8000000000000000444, 0.1799999999999999933, -0.6400000000000000133 ) ) ;
#2105 = LINE ( 'NONE', #631, #1670 ) ;
#2106 = ORIENTED_EDGE ( 'NONE', *, *, #1876, .F. ) ;
#2107 = CARTESIAN_POINT ( 'NONE',  ( 0.7999999999999999334, 0.000000000000000000, -0.8599999999999999867 ) ) ;
#2108 = ORIENTED_EDGE ( 'NONE', *, *, #242, .T. ) ;
#2109 = PLANE ( 'NONE',  #2806 ) ;
#2110 = CARTESIAN_POINT ( 'NONE',  ( -0.4999999999999947820, 0.1799999999999999933, -0.3600000000000000977 ) ) ;
#2111 = ORIENTED_EDGE ( 'NONE', *, *, #2900, .T. ) ;
#2112 = VERTEX_POINT ( 'NONE', #2143 ) ;
#2113 = EDGE_CURVE ( 'NONE', #1245, #2193, #531, .T. ) ;
#2114 = CARTESIAN_POINT ( 'NONE',  ( 0.5999999999999996447, 0.05000000000000000278, 1.000530997845578307 ) ) ;
#2115 = AXIS2_PLACEMENT_3D ( 'NONE', #119, #1119, #2953 ) ;
#2116 = CYLINDRICAL_SURFACE ( 'NONE', #1571, 0.04999999999999998890 ) ;
#2117 = VECTOR ( 'NONE', #1740, 1000.000000000000000 ) ;
#2118 = ORIENTED_EDGE ( 'NONE', *, *, #692, .T. ) ;
#2119 = CARTESIAN_POINT ( 'NONE',  ( -0.7999999999999896083, 0.1799999999999999933, 0.3599999999999997646 ) ) ;
#2120 = ORIENTED_EDGE ( 'NONE', *, *, #1943, .T. ) ;
#2121 = CARTESIAN_POINT ( 'NONE',  ( 0.000000000000000000, 0.5499999999999999334, 0.9560646763598708020 ) ) ;
#2122 = DIRECTION ( 'NONE',  ( 0.000000000000000000, 0.000000000000000000, -1.000000000000000000 ) ) ;
#2123 = SURFACE_STYLE_USAGE ( .BOTH. , #741 ) ;
#2124 = FACE_BOUND ( 'NONE', #1620, .T. ) ;
#2125 = ORIENTED_EDGE ( 'NONE', *, *, #1016, .F. ) ;
#2126 = DIRECTION ( 'NONE',  ( -1.000000000000000000, -0.000000000000000000, -0.000000000000000000 ) ) ;
#2127 = PRODUCT_DEFINITION_CONTEXT ( 'detailed design', #2052, 'design' ) ;
#2128 = CARTESIAN_POINT ( 'NONE',  ( -0.8000000000000000444, 0.1799999999999999933, -0.8599999999999999867 ) ) ;
#2129 = ORIENTED_EDGE ( 'NONE', *, *, #2664, .F. ) ;
#2130 = LINE ( 'NONE', #246, #910 ) ;
#2131 = ORIENTED_EDGE ( 'NONE', *, *, #2036, .F. ) ;
#2132 = ADVANCED_FACE ( 'NONE', ( #1445 ), #1475, .T. ) ;
#2133 = CARTESIAN_POINT ( 'NONE',  ( -0.5000000000000000000, 0.000000000000000000, -0.6400000000000000133 ) ) ;
#2134 = VECTOR ( 'NONE', #1430, 1000.000000000000000 ) ;
#2135 = CARTESIAN_POINT ( 'NONE',  ( 0.8000000000000155875, 0.000000000000000000, 0.8599999999999995426 ) ) ;
#2136 = CARTESIAN_POINT ( 'NONE',  ( 0.5000000000000155431, 0.1799999999999999933, 0.6399999999999995692 ) ) ;
#2137 = PLANE ( 'NONE',  #255 ) ;
#2138 = LINE ( 'NONE', #819, #1384 ) ;
#2139 = ORIENTED_EDGE ( 'NONE', *, *, #2348, .T. ) ;
#2140 = EDGE_CURVE ( 'NONE', #2935, #1076, #546, .T. ) ;
#2141 = DIRECTION ( 'NONE',  ( 0.000000000000000000, 0.000000000000000000, 1.000000000000000000 ) ) ;
#2142 = PRESENTATION_LAYER_ASSIGNMENT (  '', '', ( #2882 ) ) ;
#2143 = CARTESIAN_POINT ( 'NONE',  ( -0.4999999999999844014, 0.1799999999999999933, 0.6399999999999995692 ) ) ;
#2144 = EDGE_LOOP ( 'NONE', ( #928, #489, #666 ) ) ;
#2145 = CARTESIAN_POINT ( 'NONE',  ( 0.5782454608194167456, 0.1799999999999999933, -0.6400000000000000133 ) ) ;
#2146 = EDGE_LOOP ( 'NONE', ( #1105, #1580, #607, #779 ) ) ;
#2147 = EDGE_CURVE ( 'NONE', #1562, #77, #1491, .T. ) ;
#2148 = LINE ( 'NONE', #323, #84 ) ;
#2149 = CARTESIAN_POINT ( 'NONE',  ( -0.3500000000000002554, 0.5499999999999999334, -0.7124999999999999112 ) ) ;
#2150 = DIRECTION ( 'NONE',  ( 0.000000000000000000, 1.000000000000000000, 0.000000000000000000 ) ) ;
#2151 = EDGE_CURVE ( 'NONE', #2283, #1165, #303, .T. ) ;
#2152 = VECTOR ( 'NONE', #2543, 1000.000000000000000 ) ;
#2153 = VECTOR ( 'NONE', #314, 1000.000000000000000 ) ;
#2154 = CARTESIAN_POINT ( 'NONE',  ( -0.6000000000000003109, 0.05000000000000000278, 1.050000000000000266 ) ) ;
#2155 = LINE ( 'NONE', #1471, #2868 ) ;
#2156 = EDGE_CURVE ( 'NONE', #393, #1487, #2856, .T. ) ;
#2157 = ORIENTED_EDGE ( 'NONE', *, *, #945, .F. ) ;
#2158 = DIRECTION ( 'NONE',  ( 0.000000000000000000, 0.000000000000000000, 1.000000000000000000 ) ) ;
#2159 = VECTOR ( 'NONE', #1833, 1000.000000000000000 ) ;
#2160 = AXIS2_PLACEMENT_3D ( 'NONE', #1317, #553, #1498 ) ;
#2161 = CARTESIAN_POINT ( 'NONE',  ( 0.4656334405330642690, 0.5999999999999999778, -0.9560646763598703579 ) ) ;
#2162 = ORIENTED_EDGE ( 'NONE', *, *, #939, .T. ) ;
#2163 = LINE ( 'NONE', #39, #113 ) ;
#2164 = VERTEX_POINT ( 'NONE', #316 ) ;
#2165 = CARTESIAN_POINT ( 'NONE',  ( 0.4579955535483847262, 0.5999999999999999778, 0.9560646763598708020 ) ) ;
#2166 = CARTESIAN_POINT ( 'NONE',  ( 0.5000000000000155431, 0.000000000000000000, 0.6399999999999995692 ) ) ;
#2167 = FILL_AREA_STYLE_COLOUR ( '', #2594 ) ;
#2168 = ADVANCED_FACE ( 'NONE', ( #2899 ), #2659, .T. ) ;
#2169 = FACE_OUTER_BOUND ( 'NONE', #24, .T. ) ;
#2170 = VECTOR ( 'NONE', #1331, 1000.000000000000000 ) ;
#2171 = CARTESIAN_POINT ( 'NONE',  ( 0.5000000000000103251, 0.05000000000000000278, -0.000000000000000000 ) ) ;
#2172 = VERTEX_POINT ( 'NONE', #2643 ) ;
#2173 = EDGE_CURVE ( 'NONE', #2025, #2618, #2207, .T. ) ;
#2174 = DIRECTION ( 'NONE',  ( 0.000000000000000000, 0.000000000000000000, -1.000000000000000000 ) ) ;
#2175 = VECTOR ( 'NONE', #2684, 1000.000000000000000 ) ;
#2176 = LINE ( 'NONE', #269, #1470 ) ;
#2177 = ORIENTED_EDGE ( 'NONE', *, *, #2647, .T. ) ;
#2178 = DIRECTION ( 'NONE',  ( 0.000000000000000000, 0.000000000000000000, 1.000000000000000000 ) ) ;
#2179 = ORIENTED_EDGE ( 'NONE', *, *, #107, .F. ) ;
#2180 = CARTESIAN_POINT ( 'NONE',  ( -0.7999999999999843903, 0.000000000000000000, 0.6399999999999995692 ) ) ;
#2181 = DIRECTION ( 'NONE',  ( 0.000000000000000000, -1.000000000000000000, 0.000000000000000000 ) ) ;
#2182 = CARTESIAN_POINT ( 'NONE',  ( -0.4999999999999947820, 0.000000000000000000, -0.1400000000000001521 ) ) ;
#2183 = PRESENTATION_LAYER_ASSIGNMENT (  '', '', ( #2825 ) ) ;
#2184 = CARTESIAN_POINT ( 'NONE',  ( 0.5999999999999996447, 0.05000000000000000278, 1.050000000000000266 ) ) ;
#2185 = PLANE ( 'NONE',  #1678 ) ;
#2186 = ORIENTED_EDGE ( 'NONE', *, *, #644, .T. ) ;
#2187 = DIRECTION ( 'NONE',  ( 1.000000000000000000, 0.000000000000000000, 0.000000000000000000 ) ) ;
#2188 = ADVANCED_FACE ( 'NONE', ( #1250 ), #2914, .T. ) ;
#2189 = DIRECTION ( 'NONE',  ( 0.000000000000000000, 1.000000000000000000, 0.000000000000000000 ) ) ;
#2190 = ORIENTED_EDGE ( 'NONE', *, *, #1734, .T. ) ;
#2191 = CARTESIAN_POINT ( 'NONE',  ( 0.5000000000000051070, 0.1799999999999999933, -0.1400000000000001521 ) ) ;
#2192 = MECHANICAL_DESIGN_GEOMETRIC_PRESENTATION_REPRESENTATION (  '', ( #2882 ), #608 ) ;
#2193 = VERTEX_POINT ( 'NONE', #1460 ) ;
#2194 = EDGE_CURVE ( 'NONE', #2015, #745, #792, .T. ) ;
#2195 = DIRECTION ( 'NONE',  ( -1.000000000000000000, 0.000000000000000000, -0.000000000000000000 ) ) ;
#2196 = CARTESIAN_POINT ( 'NONE',  ( -0.4999999999999844014, 0.1799999999999999933, 0.6399999999999995692 ) ) ;
#2197 = CARTESIAN_POINT ( 'NONE',  ( 0.6000000000000003109, 0.05000000000000065503, 0.1399999999999997080 ) ) ;
#2198 = ORIENTED_EDGE ( 'NONE', *, *, #621, .F. ) ;
#2199 = PLANE ( 'NONE',  #2000 ) ;
#2200 = PLANE ( 'NONE',  #317 ) ;
#2201 = VECTOR ( 'NONE', #1811, 1000.000000000000000 ) ;
#2202 = ORIENTED_EDGE ( 'NONE', *, *, #2536, .T. ) ;
#2203 = CARTESIAN_POINT ( 'NONE',  ( -0.8000000000000000444, 0.1799999999999999933, -0.8599999999999999867 ) ) ;
#2204 = EDGE_CURVE ( 'NONE', #2475, #1184, #778, .T. ) ;
#2205 = MANIFOLD_SOLID_BREP ( 'Boss-Extrude3[2]', #94 ) ;
#2206 = EDGE_CURVE ( 'NONE', #1063, #2398, #2974, .T. ) ;
#2207 = LINE ( 'NONE', #79, #2032 ) ;
#2208 = VECTOR ( 'NONE', #95, 1000.000000000000000 ) ;
#2209 = ORIENTED_EDGE ( 'NONE', *, *, #2247, .T. ) ;
#2210 = LINE ( 'NONE', #2724, #597 ) ;
#2211 = VERTEX_POINT ( 'NONE', #1720 ) ;
#2212 = VECTOR ( 'NONE', #1514, 1000.000000000000000 ) ;
#2213 = ADVANCED_FACE ( 'NONE', ( #1525 ), #145, .F. ) ;
#2214 = DIRECTION ( 'NONE',  ( 1.000000000000000000, -0.000000000000000000, -0.000000000000000000 ) ) ;
#2215 = CARTESIAN_POINT ( 'NONE',  ( 0.5000000000000103251, 0.1799999999999999933, 0.1399999999999998190 ) ) ;
#2216 = MANIFOLD_SOLID_BREP ( 'Boss-Extrude3[7]', #892 ) ;
#2217 = FACE_OUTER_BOUND ( 'NONE', #868, .T. ) ;
#2218 = ORIENTED_EDGE ( 'NONE', *, *, #2722, .T. ) ;
#2219 = CARTESIAN_POINT ( 'NONE',  ( 0.5000000000000155431, 0.000000000000000000, 0.6399999999999995692 ) ) ;
#2220 = AXIS2_PLACEMENT_3D ( 'NONE', #2494, #2979, #1302 ) ;
#2221 = EDGE_LOOP ( 'NONE', ( #232, #3058, #387, #686 ) ) ;
#2222 = ORIENTED_EDGE ( 'NONE', *, *, #1174, .F. ) ;
#2223 = SURFACE_STYLE_USAGE ( .BOTH. , #1801 ) ;
#2224 = LINE ( 'NONE', #2765, #2208 ) ;
#2225 = VERTEX_POINT ( 'NONE', #1342 ) ;
#2226 = LINE ( 'NONE', #563, #1554 ) ;
#2227 = PLANE ( 'NONE',  #2220 ) ;
#2228 = CARTESIAN_POINT ( 'NONE',  ( 0.000000000000000000, 0.1799999999999999933, 0.000000000000000000 ) ) ;
#2229 = VECTOR ( 'NONE', #1199, 1000.000000000000000 ) ;
#2230 = LINE ( 'NONE', #1038, #2013 ) ;
#2231 = ORIENTED_EDGE ( 'NONE', *, *, #1018, .T. ) ;
#2232 = EDGE_CURVE ( 'NONE', #1495, #2844, #349, .T. ) ;
#2233 = PLANE ( 'NONE',  #1117 ) ;
#2234 = VECTOR ( 'NONE', #1371, 1000.000000000000114 ) ;
#2235 =( LENGTH_UNIT ( ) NAMED_UNIT ( * ) SI_UNIT ( .MILLI., .METRE. ) );
#2236 = ORIENTED_EDGE ( 'NONE', *, *, #1523, .F. ) ;
#2237 = EDGE_CURVE ( 'NONE', #2447, #2253, #1061, .T. ) ;
#2238 = AXIS2_PLACEMENT_3D ( 'NONE', #962, #264, #2865 ) ;
#2239 = ORIENTED_EDGE ( 'NONE', *, *, #2978, .F. ) ;
#2240 = CARTESIAN_POINT ( 'NONE',  ( 0.000000000000000000, 0.5499999999999999334, -0.9560646763598703579 ) ) ;
#2241 = VERTEX_POINT ( 'NONE', #1736 ) ;
#2242 = CARTESIAN_POINT ( 'NONE',  ( 0.7999999999999999334, 0.1799999999999999933, -0.8599999999999999867 ) ) ;
#2243 = DIRECTION ( 'NONE',  ( -1.000000000000000000, 0.000000000000000000, 0.000000000000000000 ) ) ;
#2244 = DIRECTION ( 'NONE',  ( -1.000000000000000000, -0.000000000000000000, -0.000000000000000000 ) ) ;
#2245 = DIRECTION ( 'NONE',  ( 0.000000000000000000, -0.000000000000000000, 1.000000000000000000 ) ) ;
#2246 = ORIENTED_EDGE ( 'NONE', *, *, #1923, .F. ) ;
#2247 = EDGE_CURVE ( 'NONE', #1223, #2010, #2505, .T. ) ;
#2248 = VECTOR ( 'NONE', #989, 1000.000000000000000 ) ;
#2249 = FACE_OUTER_BOUND ( 'NONE', #1493, .T. ) ;
#2250 = LINE ( 'NONE', #1335, #2405 ) ;
#2251 = DIRECTION ( 'NONE',  ( 1.000000000000000000, 0.000000000000000000, 0.000000000000000000 ) ) ;
#2252 = ORIENTED_EDGE ( 'NONE', *, *, #1356, .F. ) ;
#2253 = VERTEX_POINT ( 'NONE', #1325 ) ;
#2254 = VECTOR ( 'NONE', #900, 1000.000000000000000 ) ;
#2255 = AXIS2_PLACEMENT_3D ( 'NONE', #679, #3015, #616 ) ;
#2256 =( LENGTH_UNIT ( ) NAMED_UNIT ( * ) SI_UNIT ( .MILLI., .METRE. ) );
#2257 = CARTESIAN_POINT ( 'NONE',  ( 0.5000000000000103251, 0.1799999999999999933, 0.3599999999999997646 ) ) ;
#2258 = CARTESIAN_POINT ( 'NONE',  ( -0.6000000000000003109, 0.05000000000000000278, -0.3600000000000000977 ) ) ;
#2259 = CARTESIAN_POINT ( 'NONE',  ( -0.5000000000000000000, 0.05000000000000005135, -0.6400000000000000133 ) ) ;
#2260 = DIRECTION ( 'NONE',  ( 0.000000000000000000, 1.000000000000000000, 0.000000000000000000 ) ) ;
#2261 = VERTEX_POINT ( 'NONE', #2271 ) ;
#2262 = LINE ( 'NONE', #2729, #873 ) ;
#2263 = DIRECTION ( 'NONE',  ( 0.000000000000000000, -1.000000000000000000, 0.000000000000000000 ) ) ;
#2264 = VECTOR ( 'NONE', #2312, 1000.000000000000000 ) ;
#2265 = EDGE_CURVE ( 'NONE', #878, #1321, #1093, .T. ) ;
#2266 = ORIENTED_EDGE ( 'NONE', *, *, #392, .F. ) ;
#2267 = VECTOR ( 'NONE', #2214, 1000.000000000000000 ) ;
#2268 = ORIENTED_EDGE ( 'NONE', *, *, #598, .T. ) ;
#2269 = ORIENTED_EDGE ( 'NONE', *, *, #2515, .T. ) ;
#2270 = EDGE_CURVE ( 'NONE', #134, #157, #549, .T. ) ;
#2271 = CARTESIAN_POINT ( 'NONE',  ( 0.5000000000000155431, 0.1799999999999999933, 0.6399999999999995692 ) ) ;
#2272 = DIRECTION ( 'NONE',  ( -0.000000000000000000, -1.000000000000000000, -0.000000000000000000 ) ) ;
#2273 = ADVANCED_FACE ( 'NONE', ( #2285 ), #642, .T. ) ;
#2274 = DIRECTION ( 'NONE',  ( 0.000000000000000000, 0.000000000000000000, 1.000000000000000000 ) ) ;
#2275 = DIRECTION ( 'NONE',  ( 0.000000000000000000, 0.08715574274765836016, -0.9961946980917455452 ) ) ;
#2276 = DIRECTION ( 'NONE',  ( 0.000000000000000000, -0.000000000000000000, 1.000000000000000000 ) ) ;
#2277 = ORIENTED_EDGE ( 'NONE', *, *, #1340, .T. ) ;
#2278 = FACE_OUTER_BOUND ( 'NONE', #2987, .T. ) ;
#2279 = CARTESIAN_POINT ( 'NONE',  ( -0.4999999999999896194, 0.05000000000000000278, -0.000000000000000000 ) ) ;
#2280 = CARTESIAN_POINT ( 'NONE',  ( -0.4999999999999896194, 0.1799999999999999933, 0.1399999999999998190 ) ) ;
#2281 = ORIENTED_EDGE ( 'NONE', *, *, #1904, .F. ) ;
#2282 = ORIENTED_EDGE ( 'NONE', *, *, #1154, .T. ) ;
#2283 = VERTEX_POINT ( 'NONE', #2764 ) ;
#2284 = AXIS2_PLACEMENT_3D ( 'NONE', #1313, #592, #2519 ) ;
#2285 = FACE_OUTER_BOUND ( 'NONE', #988, .T. ) ;
#2286 = CARTESIAN_POINT ( 'NONE',  ( 0.5000000000000103251, 0.000000000000000000, 0.3599999999999997646 ) ) ;
#2287 = EDGE_CURVE ( 'NONE', #309, #2935, #2533, .T. ) ;
#2288 = DIRECTION ( 'NONE',  ( -1.000000000000000000, -0.000000000000000000, -0.000000000000000000 ) ) ;
#2289 = CARTESIAN_POINT ( 'NONE',  ( 0.5000000000000103251, 0.1799999999999999933, 0.3599999999999997646 ) ) ;
#2290 =( NAMED_UNIT ( * ) SI_UNIT ( $, .STERADIAN. ) SOLID_ANGLE_UNIT ( ) );
#2291 = DIRECTION ( 'NONE',  ( 0.000000000000000000, 0.000000000000000000, 1.000000000000000000 ) ) ;
#2292 = ADVANCED_FACE ( 'NONE', ( #2895 ), #1011, .F. ) ;
#2293 = VERTEX_POINT ( 'NONE', #788 ) ;
#2294 = DIRECTION ( 'NONE',  ( -0.000000000000000000, -1.000000000000000000, -0.000000000000000000 ) ) ;
#2295 = FACE_OUTER_BOUND ( 'NONE', #2624, .T. ) ;
#2296 = SURFACE_STYLE_USAGE ( .BOTH. , #450 ) ;
#2297 = MECHANICAL_DESIGN_GEOMETRIC_PRESENTATION_REPRESENTATION (  '', ( #2738 ), #1258 ) ;
#2298 = ORIENTED_EDGE ( 'NONE', *, *, #1747, .F. ) ;
#2299 = ORIENTED_EDGE ( 'NONE', *, *, #333, .T. ) ;
#2300 =( GEOMETRIC_REPRESENTATION_CONTEXT ( 3 ) GLOBAL_UNCERTAINTY_ASSIGNED_CONTEXT ( ( #733 ) ) GLOBAL_UNIT_ASSIGNED_CONTEXT ( ( #2235, #2014, #571 ) ) REPRESENTATION_CONTEXT ( 'NONE', 'WORKASPACE' ) );
#2301 = CARTESIAN_POINT ( 'NONE',  ( -0.4656334405330642690, 0.5999999999999999778, 0.9524122329063196002 ) ) ;
#2302 = EDGE_CURVE ( 'NONE', #658, #238, #1728, .T. ) ;
#2303 = DIRECTION ( 'NONE',  ( -0.000000000000000000, -1.000000000000000000, -0.000000000000000000 ) ) ;
#2304 = VECTOR ( 'NONE', #1860, 1000.000000000000000 ) ;
#2305 = ADVANCED_FACE ( 'NONE', ( #772 ), #2137, .F. ) ;
#2306 = CARTESIAN_POINT ( 'NONE',  ( 0.000000000000000000, 0.05000000000000000278, 0.6399999999999995692 ) ) ;
#2307 = PLANE ( 'NONE',  #41 ) ;
#2308 = VERTEX_POINT ( 'NONE', #295 ) ;
#2309 = DIRECTION ( 'NONE',  ( 1.000000000000000000, 0.000000000000000000, 0.000000000000000000 ) ) ;
#2310 = ORIENTED_EDGE ( 'NONE', *, *, #2592, .T. ) ;
#2311 = EDGE_CURVE ( 'NONE', #2261, #2029, #13, .T. ) ;
#2312 = DIRECTION ( 'NONE',  ( -1.000000000000000000, 0.000000000000000000, 0.000000000000000000 ) ) ;
#2313 = DIRECTION ( 'NONE',  ( 1.000000000000000000, 0.000000000000000000, -0.000000000000000000 ) ) ;
#2314 = VECTOR ( 'NONE', #2810, 1000.000000000000000 ) ;
#2315 = LINE ( 'NONE', #2079, #462 ) ;
#2316 = VECTOR ( 'NONE', #1592, 1000.000000000000114 ) ;
#2317 = ORIENTED_EDGE ( 'NONE', *, *, #1492, .T. ) ;
#2318 = ORIENTED_EDGE ( 'NONE', *, *, #1883, .T. ) ;
#2319 = FACE_OUTER_BOUND ( 'NONE', #1478, .T. ) ;
#2320 = VECTOR ( 'NONE', #3012, 1000.000000000000000 ) ;
#2321 = CARTESIAN_POINT ( 'NONE',  ( -0.4999999999999896194, 0.1799999999999999933, 0.3599999999999997646 ) ) ;
#2322 = CIRCLE ( 'NONE', #243, 0.05000000000000005829 ) ;
#2323 = CARTESIAN_POINT ( 'NONE',  ( 0.5999999999999996447, 0.05000000000000000278, -1.000530997845577641 ) ) ;
#2324 = DIRECTION ( 'NONE',  ( 0.1650476058606707430, 0.9862856015372325480, 0.000000000000000000 ) ) ;
#2325 = ORIENTED_EDGE ( 'NONE', *, *, #2941, .F. ) ;
#2326 = CARTESIAN_POINT ( 'NONE',  ( -0.6000000000000003109, 0.05000000000000000278, -0.8599999999999999867 ) ) ;
#2327 = ORIENTED_EDGE ( 'NONE', *, *, #372, .T. ) ;
#2328 = DIRECTION ( 'NONE',  ( 0.000000000000000000, 0.000000000000000000, 1.000000000000000000 ) ) ;
#2329 = CARTESIAN_POINT ( 'NONE',  ( 0.5000000000000051070, 0.1799999999999999933, -0.1400000000000001521 ) ) ;
#2330 = DIRECTION ( 'NONE',  ( -1.000000000000000000, -0.000000000000000000, -0.000000000000000000 ) ) ;
#2331 = EDGE_CURVE ( 'NONE', #2040, #2852, #1259, .T. ) ;
#2332 = ORIENTED_EDGE ( 'NONE', *, *, #2598, .T. ) ;
#2333 = ADVANCED_FACE ( 'NONE', ( #2378 ), #2683, .F. ) ;
#2334 = ORIENTED_EDGE ( 'NONE', *, *, #657, .F. ) ;
#2335 = DIRECTION ( 'NONE',  ( -0.000000000000000000, -0.000000000000000000, -1.000000000000000000 ) ) ;
#2336 = VECTOR ( 'NONE', #2431, 1000.000000000000000 ) ;
#2337 = DIRECTION ( 'NONE',  ( 0.000000000000000000, -0.000000000000000000, 1.000000000000000000 ) ) ;
#2338 = VECTOR ( 'NONE', #1213, 1000.000000000000000 ) ;
#2339 = DIRECTION ( 'NONE',  ( 0.000000000000000000, 0.000000000000000000, 1.000000000000000000 ) ) ;
#2340 = LINE ( 'NONE', #182, #440 ) ;
#2341 = ORIENTED_EDGE ( 'NONE', *, *, #1196, .F. ) ;
#2342 = CARTESIAN_POINT ( 'NONE',  ( -0.5513850386878470511, 0.04192644269082550224, -1.050706344738879583 ) ) ;
#2343 = ORIENTED_EDGE ( 'NONE', *, *, #3003, .F. ) ;
#2344 = DIRECTION ( 'NONE',  ( 1.000000000000000000, 0.000000000000000000, 0.000000000000000000 ) ) ;
#2345 = CARTESIAN_POINT ( 'NONE',  ( 0.4656334405330642690, 0.5499999999999999334, 0.9560646763598706910 ) ) ;
#2346 = PRESENTATION_STYLE_ASSIGNMENT (( #2296 ) ) ;
#2347 = EDGE_CURVE ( 'NONE', #1964, #1495, #1713, .T. ) ;
#2348 = EDGE_CURVE ( 'NONE', #623, #2067, #540, .T. ) ;
#2349 = ORIENTED_EDGE ( 'NONE', *, *, #163, .F. ) ;
#2350 = ORIENTED_EDGE ( 'NONE', *, *, #2459, .F. ) ;
#2351 = VECTOR ( 'NONE', #2178, 1000.000000000000000 ) ;
#2352 = CARTESIAN_POINT ( 'NONE',  ( -0.8000000000000000444, 0.1799999999999999933, -0.6400000000000000133 ) ) ;
#2353 = LINE ( 'NONE', #1630, #414 ) ;
#2354 = LINE ( 'NONE', #2104, #1919 ) ;
#2355 = DIRECTION ( 'NONE',  ( 0.000000000000000000, 0.000000000000000000, 1.000000000000000000 ) ) ;
#2356 = VECTOR ( 'NONE', #740, 1000.000000000000114 ) ;
#2357 = ORIENTED_EDGE ( 'NONE', *, *, #545, .T. ) ;
#2358 = CARTESIAN_POINT ( 'NONE',  ( -0.4999999999999896194, 0.1799999999999999933, 0.1399999999999998190 ) ) ;
#2359 = ORIENTED_EDGE ( 'NONE', *, *, #1615, .T. ) ;
#2360 = CYLINDRICAL_SURFACE ( 'NONE', #1710, 0.05000000000000002359 ) ;
#2361 = DIRECTION ( 'NONE',  ( 1.000000000000000000, 0.000000000000000000, 4.336808689942015369E-15 ) ) ;
#2362 = SURFACE_STYLE_FILL_AREA ( #292 ) ;
#2363 = EDGE_CURVE ( 'NONE', #1634, #2398, #1242, .T. ) ;
#2364 = ORIENTED_EDGE ( 'NONE', *, *, #747, .T. ) ;
#2365 = EDGE_LOOP ( 'NONE', ( #2510, #461, #3031, #1333 ) ) ;
#2366 = PLANE ( 'NONE',  #869 ) ;
#2367 = ADVANCED_FACE ( 'NONE', ( #1198 ), #1669, .T. ) ;
#2368 = DIRECTION ( 'NONE',  ( -0.1644365636917767270, -0.9826341575191896993, -0.08596934917627638284 ) ) ;
#2369 = AXIS2_PLACEMENT_3D ( 'NONE', #1465, #566, #290 ) ;
#2370 = VERTEX_POINT ( 'NONE', #495 ) ;
#2371 = DIRECTION ( 'NONE',  ( -1.000000000000000000, 0.000000000000000000, 0.000000000000000000 ) ) ;
#2372 = VERTEX_POINT ( 'NONE', #310 ) ;
#2373 = ADVANCED_FACE ( 'NONE', ( #1440 ), #743, .T. ) ;
#2374 = VECTOR ( 'NONE', #1303, 1000.000000000000000 ) ;
#2375 = LINE ( 'NONE', #248, #33 ) ;
#2376 = LINE ( 'NONE', #1890, #122 ) ;
#2377 = SURFACE_STYLE_USAGE ( .BOTH. , #11 ) ;
#2378 = FACE_OUTER_BOUND ( 'NONE', #1129, .T. ) ;
#2379 = DIRECTION ( 'NONE',  ( 1.000000000000000000, 0.000000000000000000, 0.000000000000000000 ) ) ;
#2380 = ORIENTED_EDGE ( 'NONE', *, *, #3061, .T. ) ;
#2381 = CARTESIAN_POINT ( 'NONE',  ( -0.4999999999999947820, 0.1799999999999999933, -0.3600000000000000977 ) ) ;
#2382 = UNCERTAINTY_MEASURE_WITH_UNIT (LENGTH_MEASURE( 1.000000000000000082E-05 ), #610, 'distance_accuracy_value', 'NONE');
#2383 = VECTOR ( 'NONE', #2708, 1000.000000000000000 ) ;
#2384 = DIRECTION ( 'NONE',  ( 1.000000000000000000, 0.000000000000000000, 0.000000000000000000 ) ) ;
#2385 = EDGE_LOOP ( 'NONE', ( #2047, #1930, #1896, #714 ) ) ;
#2386 = CARTESIAN_POINT ( 'NONE',  ( 0.5000000000000155431, 0.05000000000000005135, 0.8599999999999995426 ) ) ;
#2387 = EDGE_LOOP ( 'NONE', ( #2662, #2557, #2487, #2177 ) ) ;
#2388 = LINE ( 'NONE', #261, #1764 ) ;
#2389 = VECTOR ( 'NONE', #995, 1000.000000000000000 ) ;
#2390 = PLANE ( 'NONE',  #2796 ) ;
#2391 = EDGE_CURVE ( 'NONE', #77, #2308, #270, .T. ) ;
#2392 =( LENGTH_UNIT ( ) NAMED_UNIT ( * ) SI_UNIT ( .MILLI., .METRE. ) );
#2393 = CARTESIAN_POINT ( 'NONE',  ( -0.5000000000000000000, 0.1799999999999999933, -0.8599999999999999867 ) ) ;
#2394 = DIRECTION ( 'NONE',  ( 0.000000000000000000, 0.000000000000000000, -1.000000000000000000 ) ) ;
#2395 = VERTEX_POINT ( 'NONE', #280 ) ;
#2396 = DIRECTION ( 'NONE',  ( -0.000000000000000000, -1.000000000000000000, -0.000000000000000000 ) ) ;
#2397 = CARTESIAN_POINT ( 'NONE',  ( -0.8000000000000000444, 0.1799999999999999933, -0.8599999999999999867 ) ) ;
#2398 = VERTEX_POINT ( 'NONE', #1228 ) ;
#2399 = FACE_OUTER_BOUND ( 'NONE', #74, .T. ) ;
#2400 = VERTEX_POINT ( 'NONE', #2437 ) ;
#2401 = ADVANCED_FACE ( 'NONE', ( #2169 ), #2199, .T. ) ;
#2402 = PLANE ( 'NONE',  #1132 ) ;
#2403 = DIRECTION ( 'NONE',  ( -0.000000000000000000, -0.000000000000000000, -1.000000000000000000 ) ) ;
#2404 = DIRECTION ( 'NONE',  ( -1.000000000000000000, 0.000000000000000000, 0.000000000000000000 ) ) ;
#2405 = VECTOR ( 'NONE', #390, 1000.000000000000000 ) ;
#2406 = EDGE_CURVE ( 'NONE', #623, #2398, #757, .T. ) ;
#2407 = AXIS2_PLACEMENT_3D ( 'NONE', #2998, #2309, #2074 ) ;
#2408 = DIRECTION ( 'NONE',  ( 0.000000000000000000, 1.000000000000000000, 0.000000000000000000 ) ) ;
#2409 = DIRECTION ( 'NONE',  ( 0.000000000000000000, -1.000000000000000000, 0.000000000000000000 ) ) ;
#2410 = ORIENTED_EDGE ( 'NONE', *, *, #1111, .F. ) ;
#2411 = CARTESIAN_POINT ( 'NONE',  ( 0.4999999999999998890, 0.1799999999999999933, -0.8599999999999999867 ) ) ;
#2412 = AXIS2_PLACEMENT_3D ( 'NONE', #359, #2077, #136 ) ;
#2413 = CARTESIAN_POINT ( 'NONE',  ( 0.5000000000000051070, 0.1799999999999999933, -0.3600000000000000977 ) ) ;
#2414 = EDGE_LOOP ( 'NONE', ( #1706, #2504, #176, #1045 ) ) ;
#2415 = DIRECTION ( 'NONE',  ( 1.000000000000000000, 0.000000000000000000, 0.000000000000000000 ) ) ;
#2416 = EDGE_LOOP ( 'NONE', ( #1596, #312, #1800, #1385 ) ) ;
#2417 = VECTOR ( 'NONE', #703, 1000.000000000000114 ) ;
#2418 = LINE ( 'NONE', #1977, #935 ) ;
#2419 = FACE_OUTER_BOUND ( 'NONE', #1484, .T. ) ;
#2420 = DIRECTION ( 'NONE',  ( 0.000000000000000000, 1.000000000000000000, 0.000000000000000000 ) ) ;
#2421 = CARTESIAN_POINT ( 'NONE',  ( 0.5000000000000051070, 0.1799999999999999933, -0.3600000000000000977 ) ) ;
#2422 = VECTOR ( 'NONE', #1497, 1000.000000000000000 ) ;
#2423 = ADVANCED_FACE ( 'NONE', ( #1469 ), #2233, .F. ) ;
#2424 = CARTESIAN_POINT ( 'NONE',  ( 0.5000000000000155431, 0.1799999999999999933, 0.8599999999999995426 ) ) ;
#2425 = VERTEX_POINT ( 'NONE', #1501 ) ;
#2426 = CARTESIAN_POINT ( 'NONE',  ( -0.7999999999999896083, 0.000000000000000000, 0.1399999999999998190 ) ) ;
#2427 = EDGE_CURVE ( 'NONE', #2372, #2241, #2968, .T. ) ;
#2428 = PRESENTATION_LAYER_ASSIGNMENT (  '', '', ( #146 ) ) ;
#2429 = DIRECTION ( 'NONE',  ( 0.000000000000000000, 0.000000000000000000, 1.000000000000000000 ) ) ;
#2430 = VERTEX_POINT ( 'NONE', #1055 ) ;
#2431 = DIRECTION ( 'NONE',  ( 1.000000000000000000, 0.000000000000000000, 0.000000000000000000 ) ) ;
#2432 = ORIENTED_EDGE ( 'NONE', *, *, #1356, .T. ) ;
#2433 = DIRECTION ( 'NONE',  ( -0.9862856015372325480, 0.1650476058606707708, 0.000000000000000000 ) ) ;
#2434 = FACE_OUTER_BOUND ( 'NONE', #3007, .T. ) ;
#2435 = ORIENTED_EDGE ( 'NONE', *, *, #1511, .F. ) ;
#2436 = STYLED_ITEM ( 'NONE', ( #805 ), #2205 ) ;
#2437 = CARTESIAN_POINT ( 'NONE',  ( 0.5782454608194167456, 0.1799999999999999933, 0.1399999999999997080 ) ) ;
#2438 = PLANE ( 'NONE',  #742 ) ;
#2439 = EDGE_CURVE ( 'NONE', #247, #1321, #864, .T. ) ;
#2440 = VERTEX_POINT ( 'NONE', #91 ) ;
#2441 = EDGE_CURVE ( 'NONE', #1606, #2025, #833, .T. ) ;
#2442 = FACE_OUTER_BOUND ( 'NONE', #990, .T. ) ;
#2443 = DIRECTION ( 'NONE',  ( 1.000000000000000000, 0.000000000000000000, -0.000000000000000000 ) ) ;
#2444 = ORIENTED_EDGE ( 'NONE', *, *, #83, .F. ) ;
#2445 = CARTESIAN_POINT ( 'NONE',  ( -0.7999999999999948264, 0.1799999999999999933, -0.1400000000000001521 ) ) ;
#2446 =( GEOMETRIC_REPRESENTATION_CONTEXT ( 3 ) GLOBAL_UNCERTAINTY_ASSIGNED_CONTEXT ( ( #1908 ) ) GLOBAL_UNIT_ASSIGNED_CONTEXT ( ( #1241, #2832, #2607 ) ) REPRESENTATION_CONTEXT ( 'NONE', 'WORKASPACE' ) );
#2447 = VERTEX_POINT ( 'NONE', #327 ) ;
#2448 = DIRECTION ( 'NONE',  ( 0.000000000000000000, 0.000000000000000000, -1.000000000000000000 ) ) ;
#2449 = CARTESIAN_POINT ( 'NONE',  ( 0.5782454608194167456, 0.1799999999999999933, 0.3599999999999997646 ) ) ;
#2450 = CARTESIAN_POINT ( 'NONE',  ( 0.000000000000000000, 0.1799999999999999933, 0.000000000000000000 ) ) ;
#2451 = STYLED_ITEM ( 'NONE', ( #627 ), #210 ) ;
#2452 = EDGE_LOOP ( 'NONE', ( #2462, #671, #346, #2929 ) ) ;
#2453 = CARTESIAN_POINT ( 'NONE',  ( 0.8000000000000051514, 0.1799999999999999933, -0.1400000000000001521 ) ) ;
#2454 = AXIS2_PLACEMENT_3D ( 'NONE', #2154, #1454, #1485 ) ;
#2455 = ORIENTED_EDGE ( 'NONE', *, *, #2875, .T. ) ;
#2456 = ORIENTED_EDGE ( 'NONE', *, *, #1600, .F. ) ;
#2457 = DIRECTION ( 'NONE',  ( 0.000000000000000000, 0.000000000000000000, 1.000000000000000000 ) ) ;
#2458 = AXIS2_PLACEMENT_3D ( 'NONE', #1881, #441, #689 ) ;
#2459 = EDGE_CURVE ( 'NONE', #1840, #2430, #2250, .T. ) ;
#2460 = VERTEX_POINT ( 'NONE', #2743 ) ;
#2461 = CARTESIAN_POINT ( 'NONE',  ( 0.5500339885431617670, 0.05000000000000000278, 1.050000000000000266 ) ) ;
#2462 = ORIENTED_EDGE ( 'NONE', *, *, #921, .T. ) ;
#2463 = AXIS2_PLACEMENT_3D ( 'NONE', #1980, #133, #2245 ) ;
#2464 = DIRECTION ( 'NONE',  ( 0.000000000000000000, -0.000000000000000000, 1.000000000000000000 ) ) ;
#2465 = LINE ( 'NONE', #615, #2422 ) ;
#2466 = DIRECTION ( 'NONE',  ( -0.000000000000000000, 0.000000000000000000, -1.000000000000000000 ) ) ;
#2467 = EDGE_CURVE ( 'NONE', #2460, #1020, #670, .T. ) ;
#2468 = ORIENTED_EDGE ( 'NONE', *, *, #1044, .T. ) ;
#2469 = CARTESIAN_POINT ( 'NONE',  ( 0.6000000000000003109, 0.05000000000000065503, -0.1400000000000000411 ) ) ;
#2470 = AXIS2_PLACEMENT_3D ( 'NONE', #551, #2448, #739 ) ;
#2471 = ORIENTED_EDGE ( 'NONE', *, *, #2427, .T. ) ;
#2472 = CIRCLE ( 'NONE', #2763, 0.05000000000000002359 ) ;
#2473 = EDGE_LOOP ( 'NONE', ( #2359, #1312, #2723, #701 ) ) ;
#2474 = ADVANCED_FACE ( 'NONE', ( #1996 ), #2936, .T. ) ;
#2475 = VERTEX_POINT ( 'NONE', #1517 ) ;
#2476 = LINE ( 'NONE', #2445, #223 ) ;
#2477 = PLANE ( 'NONE',  #777 ) ;
#2478 = DIRECTION ( 'NONE',  ( 0.000000000000000000, -0.000000000000000000, 1.000000000000000000 ) ) ;
#2479 = CIRCLE ( 'NONE', #348, 0.05000000000000004441 ) ;
#2480 = CARTESIAN_POINT ( 'NONE',  ( -0.7999999999999843903, 0.1799999999999999933, 0.8599999999999995426 ) ) ;
#2481 = ORIENTED_EDGE ( 'NONE', *, *, #655, .T. ) ;
#2482 = CARTESIAN_POINT ( 'NONE',  ( 0.000000000000000000, 0.05000000000000000278, 0.6399999999999995692 ) ) ;
#2483 = EDGE_CURVE ( 'NONE', #625, #2225, #1745, .T. ) ;
#2484 = DIRECTION ( 'NONE',  ( 0.000000000000000000, 0.000000000000000000, 1.000000000000000000 ) ) ;
#2485 = VECTOR ( 'NONE', #810, 1000.000000000000000 ) ;
#2486 =( NAMED_UNIT ( * ) PLANE_ANGLE_UNIT ( ) SI_UNIT ( $, .RADIAN. ) );
#2487 = ORIENTED_EDGE ( 'NONE', *, *, #451, .F. ) ;
#2488 = ORIENTED_EDGE ( 'NONE', *, *, #516, .F. ) ;
#2489 =( NAMED_UNIT ( * ) SI_UNIT ( $, .STERADIAN. ) SOLID_ANGLE_UNIT ( ) );
#2490 = FILL_AREA_STYLE ('',( #806 ) ) ;
#2491 = ORIENTED_EDGE ( 'NONE', *, *, #684, .F. ) ;
#2492 = CARTESIAN_POINT ( 'NONE',  ( 0.4999999999999998890, 0.1799999999999999933, -0.6400000000000000133 ) ) ;
#2493 = ADVANCED_FACE ( 'NONE', ( #1779 ), #2042, .F. ) ;
#2494 = CARTESIAN_POINT ( 'NONE',  ( -0.4999999999999947820, 0.1799999999999999933, -0.3600000000000000977 ) ) ;
#2495 = DIRECTION ( 'NONE',  ( 0.000000000000000000, 0.000000000000000000, -1.000000000000000000 ) ) ;
#2496 = DIRECTION ( 'NONE',  ( 1.000000000000000000, 0.000000000000000000, 0.000000000000000000 ) ) ;
#2497 = ORIENTED_EDGE ( 'NONE', *, *, #508, .T. ) ;
#2498 = AXIS2_PLACEMENT_3D ( 'NONE', #955, #1433, #258 ) ;
#2499 = LINE ( 'NONE', #603, #1077 ) ;
#2500 = LINE ( 'NONE', #374, #2054 ) ;
#2501 = SURFACE_STYLE_USAGE ( .BOTH. , #556 ) ;
#2502 = EDGE_CURVE ( 'NONE', #1274, #408, #818, .T. ) ;
#2503 = ORIENTED_EDGE ( 'NONE', *, *, #883, .F. ) ;
#2504 = ORIENTED_EDGE ( 'NONE', *, *, #1449, .F. ) ;
#2505 = LINE ( 'NONE', #380, #501 ) ;
#2506 = DIRECTION ( 'NONE',  ( -0.000000000000000000, -1.000000000000000000, -0.000000000000000000 ) ) ;
#2507 = CARTESIAN_POINT ( 'NONE',  ( 0.5000000000000103251, 0.1799999999999999933, 0.1399999999999998190 ) ) ;
#2508 = PLANE ( 'NONE',  #2720 ) ;
#2509 = CARTESIAN_POINT ( 'NONE',  ( 0.000000000000000000, 0.05000000000000000278, 0.1399999999999998190 ) ) ;
#2510 = ORIENTED_EDGE ( 'NONE', *, *, #1876, .T. ) ;
#2511 = CARTESIAN_POINT ( 'NONE',  ( 0.4999999999999998890, 0.1799999999999999933, -0.6400000000000000133 ) ) ;
#2512 = LINE ( 'NONE', #2716, #20 ) ;
#2513 = VECTOR ( 'NONE', #2328, 1000.000000000000000 ) ;
#2514 = ORIENTED_EDGE ( 'NONE', *, *, #2331, .F. ) ;
#2515 = EDGE_CURVE ( 'NONE', #572, #836, #153, .T. ) ;
#2516 = AXIS2_PLACEMENT_3D ( 'NONE', #1822, #1530, #2767 ) ;
#2517 = EDGE_LOOP ( 'NONE', ( #505, #1138, #2952, #3051 ) ) ;
#2518 = ORIENTED_EDGE ( 'NONE', *, *, #3054, .F. ) ;
#2519 = DIRECTION ( 'NONE',  ( 0.000000000000000000, 0.000000000000000000, 1.000000000000000000 ) ) ;
#2520 = EDGE_CURVE ( 'NONE', #2644, #247, #1550, .T. ) ;
#2521 = DIRECTION ( 'NONE',  ( -0.000000000000000000, 0.000000000000000000, 1.000000000000000000 ) ) ;
#2522 = CARTESIAN_POINT ( 'NONE',  ( -0.7999999999999843903, 0.1799999999999999933, 0.8599999999999995426 ) ) ;
#2523 = LINE ( 'NONE', #2342, #1067 ) ;
#2524 = VERTEX_POINT ( 'NONE', #2469 ) ;
#2525 = CARTESIAN_POINT ( 'NONE',  ( 0.5000000000000051070, 0.000000000000000000, -0.3600000000000000977 ) ) ;
#2526 = CARTESIAN_POINT ( 'NONE',  ( 0.4999999999999998890, 0.05000000000000000278, -0.000000000000000000 ) ) ;
#2527 = LINE ( 'NONE', #2063, #2835 ) ;
#2528 = EDGE_CURVE ( 'NONE', #1020, #2685, #360, .T. ) ;
#2529 = ORIENTED_EDGE ( 'NONE', *, *, #2520, .F. ) ;
#2530 = EDGE_CURVE ( 'NONE', #103, #2241, #1307, .T. ) ;
#2531 = ORIENTED_EDGE ( 'NONE', *, *, #2064, .F. ) ;
#2532 = MECHANICAL_DESIGN_GEOMETRIC_PRESENTATION_REPRESENTATION (  '', ( #2825 ), #844 ) ;
#2533 = LINE ( 'NONE', #2393, #2682 ) ;
#2534 = CARTESIAN_POINT ( 'NONE',  ( 0.5500339885431617670, 0.05000000000000000278, 1.050000000000000266 ) ) ;
#2535 = PLANE ( 'NONE',  #1439 ) ;
#2536 = EDGE_CURVE ( 'NONE', #738, #3043, #2500, .T. ) ;
#2537 = FACE_OUTER_BOUND ( 'NONE', #1871, .T. ) ;
#2538 = SURFACE_STYLE_USAGE ( .BOTH. , #648 ) ;
#2539 = ORIENTED_EDGE ( 'NONE', *, *, #65, .F. ) ;
#2540 = CARTESIAN_POINT ( 'NONE',  ( -0.5000000000000000000, 0.1799999999999999933, -0.6400000000000000133 ) ) ;
#2541 = ORIENTED_EDGE ( 'NONE', *, *, #2048, .T. ) ;
#2542 = CARTESIAN_POINT ( 'NONE',  ( 0.5782454608194167456, 0.1799999999999999933, 0.8599999999999995426 ) ) ;
#2543 = DIRECTION ( 'NONE',  ( -0.000000000000000000, -1.000000000000000000, -0.000000000000000000 ) ) ;
#2544 = DIRECTION ( 'NONE',  ( -1.000000000000000000, 0.000000000000000000, -0.000000000000000000 ) ) ;
#2545 = AXIS2_PLACEMENT_3D ( 'NONE', #1467, #2150, #1709 ) ;
#2546 = EDGE_LOOP ( 'NONE', ( #2481, #2111, #2017, #2343 ) ) ;
#2547 = ORIENTED_EDGE ( 'NONE', *, *, #1505, .F. ) ;
#2548 = CARTESIAN_POINT ( 'NONE',  ( -0.4999999999999947820, 0.1799999999999999933, -0.3600000000000000977 ) ) ;
#2549 = LINE ( 'NONE', #1329, #98 ) ;
#2550 = VECTOR ( 'NONE', #1950, 1000.000000000000000 ) ;
#2551 = AXIS2_PLACEMENT_3D ( 'NONE', #1099, #416, #2276 ) ;
#2552 = EDGE_CURVE ( 'NONE', #2973, #793, #2512, .T. ) ;
#2553 = CARTESIAN_POINT ( 'NONE',  ( 0.5000000000000155431, 0.1799999999999999933, 0.6399999999999995692 ) ) ;
#2554 = DIRECTION ( 'NONE',  ( -0.000000000000000000, -1.000000000000000000, -0.000000000000000000 ) ) ;
#2555 = EDGE_LOOP ( 'NONE', ( #1767, #532, #870, #2925 ) ) ;
#2556 = CARTESIAN_POINT ( 'NONE',  ( -0.7999999999999948264, 0.000000000000000000, -0.1400000000000001521 ) ) ;
#2557 = ORIENTED_EDGE ( 'NONE', *, *, #717, .F. ) ;
#2558 = DIRECTION ( 'NONE',  ( -0.000000000000000000, -0.000000000000000000, -1.000000000000000000 ) ) ;
#2559 = DIRECTION ( 'NONE',  ( 0.000000000000000000, 0.000000000000000000, -1.000000000000000000 ) ) ;
#2560 = EDGE_CURVE ( 'NONE', #2719, #1347, #1535, .T. ) ;
#2561 = CARTESIAN_POINT ( 'NONE',  ( -0.7999999999999896083, 0.000000000000000000, 0.3599999999999997646 ) ) ;
#2562 = VECTOR ( 'NONE', #1378, 1000.000000000000000 ) ;
#2563 = ORIENTED_EDGE ( 'NONE', *, *, #880, .F. ) ;
#2564 = ORIENTED_EDGE ( 'NONE', *, *, #1621, .F. ) ;
#2565 = CARTESIAN_POINT ( 'NONE',  ( 0.6000000000000003109, 0.05000000000000065503, 0.1399999999999997080 ) ) ;
#2566 = LINE ( 'NONE', #2086, #2628 ) ;
#2567 =( GEOMETRIC_REPRESENTATION_CONTEXT ( 3 ) GLOBAL_UNCERTAINTY_ASSIGNED_CONTEXT ( ( #2101 ) ) GLOBAL_UNIT_ASSIGNED_CONTEXT ( ( #1870, #400, #693 ) ) REPRESENTATION_CONTEXT ( 'NONE', 'WORKASPACE' ) );
#2568 = CARTESIAN_POINT ( 'NONE',  ( 0.5000000000000051070, 0.1799999999999999933, -0.3600000000000000977 ) ) ;
#2569 = ADVANCED_FACE ( 'NONE', ( #137 ), #1379, .T. ) ;
#2570 = ORIENTED_EDGE ( 'NONE', *, *, #559, .T. ) ;
#2571 = CARTESIAN_POINT ( 'NONE',  ( 0.5000000000000155431, 0.000000000000000000, 0.6399999999999995692 ) ) ;
#2572 = ORIENTED_EDGE ( 'NONE', *, *, #2610, .F. ) ;
#2573 = DIRECTION ( 'NONE',  ( 0.000000000000000000, 1.000000000000000000, 0.000000000000000000 ) ) ;
#2574 = PLANE ( 'NONE',  #967 ) ;
#2575 =( GEOMETRIC_REPRESENTATION_CONTEXT ( 3 ) GLOBAL_UNCERTAINTY_ASSIGNED_CONTEXT ( ( #1387 ) ) GLOBAL_UNIT_ASSIGNED_CONTEXT ( ( #789, #2486, #605 ) ) REPRESENTATION_CONTEXT ( 'NONE', 'WORKASPACE' ) );
#2576 = DIRECTION ( 'NONE',  ( 0.000000000000000000, 0.000000000000000000, -1.000000000000000000 ) ) ;
#2577 = ORIENTED_EDGE ( 'NONE', *, *, #3054, .T. ) ;
#2578 = VERTEX_POINT ( 'NONE', #947 ) ;
#2579 = DIRECTION ( 'NONE',  ( 0.000000000000000000, 1.000000000000000000, 0.000000000000000000 ) ) ;
#2580 = DIRECTION ( 'NONE',  ( 1.000000000000000000, 0.000000000000000000, 0.000000000000000000 ) ) ;
#2581 = AXIS2_PLACEMENT_3D ( 'NONE', #2750, #1108, #626 ) ;
#2582 = DIRECTION ( 'NONE',  ( 1.000000000000000000, 0.000000000000000000, 0.000000000000000000 ) ) ;
#2583 = PRODUCT_DEFINITION_SHAPE ( 'NONE', 'NONE',  #629 ) ;
#2584 = ORIENTED_EDGE ( 'NONE', *, *, #2204, .T. ) ;
#2585 = DIRECTION ( 'NONE',  ( -0.1650476058606709095, 0.9862856015372325480, 0.000000000000000000 ) ) ;
#2586 = ORIENTED_EDGE ( 'NONE', *, *, #500, .T. ) ;
#2587 = ADVANCED_FACE ( 'NONE', ( #1349 ), #1120, .F. ) ;
#2588 = CARTESIAN_POINT ( 'NONE',  ( 0.6000000000000003109, 0.05000000000000065503, -0.3600000000000000977 ) ) ;
#2589 = CARTESIAN_POINT ( 'NONE',  ( -0.5710126596058413551, 0.2232215157471131861, 0.9853760789389280905 ) ) ;
#2590 =( BOUNDED_CURVE ( )  B_SPLINE_CURVE ( 3, ( #2084, #905, #922, #2534 ),
 .UNSPECIFIED., .F., .T. ) 
 B_SPLINE_CURVE_WITH_KNOTS ( ( 4, 4 ),
 ( 5.808612091398676291, 7.365023075375304984 ),
 .UNSPECIFIED. ) 
 CURVE ( )  GEOMETRIC_REPRESENTATION_ITEM ( )  RATIONAL_B_SPLINE_CURVE ( ( 1.000000000000000000, 0.8081162888163886393, 0.8081162888163886393, 1.000000000000000000 ) ) 
 REPRESENTATION_ITEM ( '' )  );
#2591 = FILL_AREA_STYLE_COLOUR ( '', #2931 ) ;
#2592 = EDGE_CURVE ( 'NONE', #2675, #253, #799, .T. ) ;
#2593 = ORIENTED_EDGE ( 'NONE', *, *, #202, .F. ) ;
#2594 = COLOUR_RGB ( '',1.000000000000000000, 1.000000000000000000, 1.000000000000000000 ) ;
#2595 = ORIENTED_EDGE ( 'NONE', *, *, #500, .F. ) ;
#2596 = DIRECTION ( 'NONE',  ( -0.000000000000000000, -0.000000000000000000, 1.000000000000000000 ) ) ;
#2597 = UNCERTAINTY_MEASURE_WITH_UNIT (LENGTH_MEASURE( 1.000000000000000082E-05 ), #2392, 'distance_accuracy_value', 'NONE');
#2598 = EDGE_CURVE ( 'NONE', #1070, #377, #171, .T. ) ;
#2599 = AXIS2_PLACEMENT_3D ( 'NONE', #2975, #1326, #1541 ) ;
#2600 = DIRECTION ( 'NONE',  ( 0.000000000000000000, 1.000000000000000000, 0.000000000000000000 ) ) ;
#2601 = VECTOR ( 'NONE', #604, 1000.000000000000000 ) ;
#2602 = EDGE_LOOP ( 'NONE', ( #1200, #2697, #1771, #2106 ) ) ;
#2603 = LINE ( 'NONE', #752, #1311 ) ;
#2604 = ORIENTED_EDGE ( 'NONE', *, *, #1016, .T. ) ;
#2605 = CARTESIAN_POINT ( 'NONE',  ( -0.7999999999999948264, 0.1799999999999999933, -0.3600000000000000977 ) ) ;
#2606 = DIRECTION ( 'NONE',  ( -0.1644365636917767270, -0.9826341575191896993, 0.08596934917627638284 ) ) ;
#2607 =( NAMED_UNIT ( * ) SI_UNIT ( $, .STERADIAN. ) SOLID_ANGLE_UNIT ( ) );
#2608 = LINE ( 'NONE', #1243, #1042 ) ;
#2609 = VERTEX_POINT ( 'NONE', #420 ) ;
#2610 = EDGE_CURVE ( 'NONE', #860, #3043, #1593, .T. ) ;
#2611 = VECTOR ( 'NONE', #1794, 1000.000000000000000 ) ;
#2612 = CARTESIAN_POINT ( 'NONE',  ( -0.7999999999999948264, 0.1799999999999999933, -0.1400000000000001521 ) ) ;
#2613 = EDGE_CURVE ( 'NONE', #1269, #1063, #683, .T. ) ;
#2614 = DIRECTION ( 'NONE',  ( -1.000000000000000000, -0.000000000000000000, -0.000000000000000000 ) ) ;
#2615 = VECTOR ( 'NONE', #3029, 1000.000000000000000 ) ;
#2616 = ORIENTED_EDGE ( 'NONE', *, *, #435, .T. ) ;
#2617 = CARTESIAN_POINT ( 'NONE',  ( -0.3500000000000002554, 0.5999999999999999778, -0.8874999999999999556 ) ) ;
#2618 = VERTEX_POINT ( 'NONE', #2772 ) ;
#2619 = VECTOR ( 'NONE', #1513, 1000.000000000000000 ) ;
#2620 = FACE_OUTER_BOUND ( 'NONE', #88, .T. ) ;
#2621 = CARTESIAN_POINT ( 'NONE',  ( -0.4999999999999947820, 0.05000000000000005135, -0.1400000000000001521 ) ) ;
#2622 = CARTESIAN_POINT ( 'NONE',  ( -0.3500000000000002554, 0.5499999999999999334, -0.7999999999999999334 ) ) ;
#2623 = DIRECTION ( 'NONE',  ( 0.000000000000000000, 0.000000000000000000, 1.000000000000000000 ) ) ;
#2624 = EDGE_LOOP ( 'NONE', ( #1075, #1704, #2503, #3016 ) ) ;
#2625 = EDGE_CURVE ( 'NONE', #253, #1830, #1151, .T. ) ;
#2626 = CLOSED_SHELL ( 'NONE', ( #1981, #1717, #2292, #1641, #1309, #2755 ) ) ;
#2627 = CARTESIAN_POINT ( 'NONE',  ( -0.5782454608194167456, 0.1799999999999999933, -1.050000000000000044 ) ) ;
#2628 = VECTOR ( 'NONE', #906, 1000.000000000000000 ) ;
#2629 = CARTESIAN_POINT ( 'NONE',  ( 0.000000000000000000, 0.1799999999999999933, 0.000000000000000000 ) ) ;
#2630 = EDGE_CURVE ( 'NONE', #836, #2791, #1842, .T. ) ;
#2631 = ORIENTED_EDGE ( 'NONE', *, *, #1960, .T. ) ;
#2632 = DIRECTION ( 'NONE',  ( 0.000000000000000000, 0.000000000000000000, 1.000000000000000000 ) ) ;
#2633 = ORIENTED_EDGE ( 'NONE', *, *, #293, .T. ) ;
#2634 = CARTESIAN_POINT ( 'NONE',  ( -0.5782454608194167456, 0.1799999999999999933, -0.1400000000000001521 ) ) ;
#2635 = VECTOR ( 'NONE', #525, 1000.000000000000000 ) ;
#2636 = DIRECTION ( 'NONE',  ( 0.000000000000000000, -0.000000000000000000, 1.000000000000000000 ) ) ;
#2637 = CARTESIAN_POINT ( 'NONE',  ( 0.8000000000000103695, 0.1799999999999999933, 0.3599999999999997646 ) ) ;
#2638 = DIRECTION ( 'NONE',  ( 0.000000000000000000, 1.000000000000000000, 0.000000000000000000 ) ) ;
#2639 = DIRECTION ( 'NONE',  ( 0.000000000000000000, 0.000000000000000000, -1.000000000000000000 ) ) ;
#2640 = ORIENTED_EDGE ( 'NONE', *, *, #1208, .T. ) ;
#2641 = PLANE ( 'NONE',  #1362 ) ;
#2642 = AXIS2_PLACEMENT_3D ( 'NONE', #23, #2371, #2632 ) ;
#2643 = CARTESIAN_POINT ( 'NONE',  ( -0.5782454608194167456, 0.1799999999999999933, 0.3599999999999998757 ) ) ;
#2644 = VERTEX_POINT ( 'NONE', #3035 ) ;
#2645 = LINE ( 'NONE', #1663, #366 ) ;
#2646 = ORIENTED_EDGE ( 'NONE', *, *, #965, .F. ) ;
#2647 = EDGE_CURVE ( 'NONE', #2956, #1672, #464, .T. ) ;
#2648 = FACE_OUTER_BOUND ( 'NONE', #2365, .T. ) ;
#2649 = CARTESIAN_POINT ( 'NONE',  ( 0.5782454608194167456, 0.1799999999999999933, -0.1400000000000001521 ) ) ;
#2650 =( NAMED_UNIT ( * ) SI_UNIT ( $, .STERADIAN. ) SOLID_ANGLE_UNIT ( ) );
#2651 = AXIS2_PLACEMENT_3D ( 'NONE', #1795, #2954, #105 ) ;
#2652 = VECTOR ( 'NONE', #732, 1000.000000000000000 ) ;
#2653 = ADVANCED_FACE ( 'NONE', ( #636 ), #221, .F. ) ;
#2654 = DIRECTION ( 'NONE',  ( 0.1650476058606709095, -0.9862856015372325480, 0.000000000000000000 ) ) ;
#2655 = DIRECTION ( 'NONE',  ( 1.000000000000000000, 0.000000000000000000, 0.000000000000000000 ) ) ;
#2656 = ORIENTED_EDGE ( 'NONE', *, *, #2976, .F. ) ;
#2657 = FACE_OUTER_BOUND ( 'NONE', #1170, .T. ) ;
#2658 = AXIS2_PLACEMENT_3D ( 'NONE', #188, #817, #1762 ) ;
#2659 = CYLINDRICAL_SURFACE ( 'NONE', #1442, 0.08750000000000000833 ) ;
#2660 = ORIENTED_EDGE ( 'NONE', *, *, #1605, .T. ) ;
#2661 = LINE ( 'NONE', #579, #2741 ) ;
#2662 = ORIENTED_EDGE ( 'NONE', *, *, #1566, .T. ) ;
#2663 = VECTOR ( 'NONE', #56, 1000.000000000000000 ) ;
#2664 = EDGE_CURVE ( 'NONE', #2685, #1121, #565, .T. ) ;
#2665 = CARTESIAN_POINT ( 'NONE',  ( 0.4656334405330644355, 0.5499999999999999334, -0.9560646763598703579 ) ) ;
#2666 = CARTESIAN_POINT ( 'NONE',  ( -0.7999999999999948264, 0.1799999999999999933, -0.1400000000000001521 ) ) ;
#2667 = DIRECTION ( 'NONE',  ( 0.000000000000000000, -0.000000000000000000, 1.000000000000000000 ) ) ;
#2668 = ADVANCED_FACE ( 'NONE', ( #2295 ), #2786, .F. ) ;
#2669 = ORIENTED_EDGE ( 'NONE', *, *, #2237, .T. ) ;
#2670 = CARTESIAN_POINT ( 'NONE',  ( 0.5000000000000155431, 0.1799999999999999933, 0.8599999999999995426 ) ) ;
#2671 = FACE_OUTER_BOUND ( 'NONE', #1560, .T. ) ;
#2672 = ORIENTED_EDGE ( 'NONE', *, *, #1000, .T. ) ;
#2673 = DIRECTION ( 'NONE',  ( 0.000000000000000000, 1.000000000000000000, 0.000000000000000000 ) ) ;
#2674 = DIRECTION ( 'NONE',  ( -0.000000000000000000, -0.000000000000000000, -1.000000000000000000 ) ) ;
#2675 = VERTEX_POINT ( 'NONE', #437 ) ;
#2676 = DIRECTION ( 'NONE',  ( -0.000000000000000000, -1.000000000000000000, -0.000000000000000000 ) ) ;
#2677 = VERTEX_POINT ( 'NONE', #2110 ) ;
#2678 = DIRECTION ( 'NONE',  ( -1.000000000000000000, -0.000000000000000000, -0.000000000000000000 ) ) ;
#2679 = PLANE ( 'NONE',  #139 ) ;
#2680 = FACE_OUTER_BOUND ( 'NONE', #439, .T. ) ;
#2681 = ORIENTED_EDGE ( 'NONE', *, *, #1232, .T. ) ;
#2682 = VECTOR ( 'NONE', #980, 1000.000000000000000 ) ;
#2683 = CYLINDRICAL_SURFACE ( 'NONE', #1300, 0.08750000000000000833 ) ;
#2684 = DIRECTION ( 'NONE',  ( 1.000000000000000000, 0.000000000000000000, 0.000000000000000000 ) ) ;
#2685 = VERTEX_POINT ( 'NONE', #2804 ) ;
#2686 = EDGE_CURVE ( 'NONE', #2815, #2852, #449, .T. ) ;
#2687 = ORIENTED_EDGE ( 'NONE', *, *, #1657, .T. ) ;
#2688 =( NAMED_UNIT ( * ) PLANE_ANGLE_UNIT ( ) SI_UNIT ( $, .RADIAN. ) );
#2689 = ADVANCED_FACE ( 'NONE', ( #1623 ), #2574, .F. ) ;
#2690 = ORIENTED_EDGE ( 'NONE', *, *, #639, .T. ) ;
#2691 = CARTESIAN_POINT ( 'NONE',  ( 0.5000000000000155431, 0.000000000000000000, 0.8599999999999995426 ) ) ;
#2692 = ORIENTED_EDGE ( 'NONE', *, *, #1464, .F. ) ;
#2693 = FACE_OUTER_BOUND ( 'NONE', #447, .T. ) ;
#2694 = CARTESIAN_POINT ( 'NONE',  ( -0.5000000000000000000, 0.1799999999999999933, -0.8599999999999999867 ) ) ;
#2695 = DIRECTION ( 'NONE',  ( -0.000000000000000000, 0.000000000000000000, 1.000000000000000000 ) ) ;
#2696 = MECHANICAL_DESIGN_GEOMETRIC_PRESENTATION_REPRESENTATION (  '', ( #2451 ), #723 ) ;
#2697 = ORIENTED_EDGE ( 'NONE', *, *, #1566, .F. ) ;
#2698 = DIRECTION ( 'NONE',  ( -1.000000000000000000, 0.000000000000000000, 0.000000000000000000 ) ) ;
#2699 = CIRCLE ( 'NONE', #811, 0.05000000000000002359 ) ;
#2700 = VECTOR ( 'NONE', #896, 1000.000000000000000 ) ;
#2701 = ORIENTED_EDGE ( 'NONE', *, *, #1586, .T. ) ;
#2702 = EDGE_CURVE ( 'NONE', #157, #1830, #2699, .T. ) ;
#2703 = ORIENTED_EDGE ( 'NONE', *, *, #1078, .F. ) ;
#2704 = EDGE_CURVE ( 'NONE', #199, #1245, #236, .T. ) ;
#2705 = VECTOR ( 'NONE', #1701, 1000.000000000000114 ) ;
#2706 = DIRECTION ( 'NONE',  ( -1.000000000000000000, 0.000000000000000000, 0.000000000000000000 ) ) ;
#2707 = ORIENTED_EDGE ( 'NONE', *, *, #1770, .F. ) ;
#2708 = DIRECTION ( 'NONE',  ( -0.000000000000000000, -0.000000000000000000, -1.000000000000000000 ) ) ;
#2709 = ADVANCED_FACE ( 'NONE', ( #492 ), #1682, .T. ) ;
#2710 = VECTOR ( 'NONE', #863, 1000.000000000000000 ) ;
#2711 = CARTESIAN_POINT ( 'NONE',  ( 0.8000000000000155875, 0.1799999999999999933, 0.6399999999999995692 ) ) ;
#2712 = CARTESIAN_POINT ( 'NONE',  ( -0.000000000000000000, 0.05000000000000000278, -0.8599999999999999867 ) ) ;
#2713 = CARTESIAN_POINT ( 'NONE',  ( -0.6000000000000003109, 0.05000000000000000278, -0.3600000000000000977 ) ) ;
#2714 = EDGE_LOOP ( 'NONE', ( #93, #1913, #1435, #543 ) ) ;
#2715 = CARTESIAN_POINT ( 'NONE',  ( -0.6000000000000003109, 0.05000000000000000278, 0.6399999999999999023 ) ) ;
#2716 = CARTESIAN_POINT ( 'NONE',  ( 0.4999999999999998890, 0.1799999999999999933, -0.8599999999999999867 ) ) ;
#2718 = FILL_AREA_STYLE_COLOUR ( '', #539 ) ;
#2717 = VECTOR ( 'NONE', #1050, 1000.000000000000000 ) ;
#2719 = VERTEX_POINT ( 'NONE', #2196 ) ;
#2720 = AXIS2_PLACEMENT_3D ( 'NONE', #1024, #2275, #1588 ) ;
#2721 = EDGE_LOOP ( 'NONE', ( #2218, #720, #1298, #2837 ) ) ;
#2722 = EDGE_CURVE ( 'NONE', #2915, #572, #1934, .T. ) ;
#2723 = ORIENTED_EDGE ( 'NONE', *, *, #102, .T. ) ;
#2724 = CARTESIAN_POINT ( 'NONE',  ( 0.5999999999999996447, 0.05000000000000000278, 1.050000000000000266 ) ) ;
#2725 = FACE_OUTER_BOUND ( 'NONE', #1420, .T. ) ;
#2726 = DIRECTION ( 'NONE',  ( 1.000000000000000000, 0.000000000000000000, 0.000000000000000000 ) ) ;
#2727 = DIRECTION ( 'NONE',  ( -1.000000000000000000, 0.000000000000000000, 0.000000000000000000 ) ) ;
#2728 = ORIENTED_EDGE ( 'NONE', *, *, #541, .T. ) ;
#2729 = CARTESIAN_POINT ( 'NONE',  ( 0.8000000000000155875, 0.1799999999999999933, 0.8599999999999995426 ) ) ;
#2730 = DIRECTION ( 'NONE',  ( 0.000000000000000000, -1.000000000000000000, 0.000000000000000000 ) ) ;
#2731 =( GEOMETRIC_REPRESENTATION_CONTEXT ( 3 ) GLOBAL_UNCERTAINTY_ASSIGNED_CONTEXT ( ( #18 ) ) GLOBAL_UNIT_ASSIGNED_CONTEXT ( ( #1507, #2033, #365 ) ) REPRESENTATION_CONTEXT ( 'NONE', 'WORKASPACE' ) );
#2732 = VERTEX_POINT ( 'NONE', #2666 ) ;
#2733 = ORIENTED_EDGE ( 'NONE', *, *, #1187, .F. ) ;
#2734 = DIRECTION ( 'NONE',  ( -1.000000000000000000, -0.000000000000000000, -0.000000000000000000 ) ) ;
#2735 = CARTESIAN_POINT ( 'NONE',  ( 0.8000000000000155875, 0.000000000000000000, 0.6399999999999995692 ) ) ;
#2736 = CARTESIAN_POINT ( 'NONE',  ( -0.5149477206099258852, 0.5582523802930334789, 0.9560646763598705800 ) ) ;
#2737 = LINE ( 'NONE', #324, #1970 ) ;
#2738 = STYLED_ITEM ( 'NONE', ( #2346 ), #1172 ) ;
#2739 = DIRECTION ( 'NONE',  ( 0.000000000000000000, -0.000000000000000000, 1.000000000000000000 ) ) ;
#2740 = EDGE_LOOP ( 'NONE', ( #1798, #1146, #760, #1100 ) ) ;
#2741 = VECTOR ( 'NONE', #2916, 1000.000000000000000 ) ;
#2742 = DIRECTION ( 'NONE',  ( 1.000000000000000000, 0.000000000000000000, 0.000000000000000000 ) ) ;
#2743 = CARTESIAN_POINT ( 'NONE',  ( 0.4656334405330646575, 0.5543577871373829291, -1.005874411264457757 ) ) ;
#2744 = CARTESIAN_POINT ( 'NONE',  ( -0.7999999999999948264, 0.1799999999999999933, -0.3600000000000000977 ) ) ;
#2745 = ORIENTED_EDGE ( 'NONE', *, *, #2704, .F. ) ;
#2746 = ADVANCED_FACE ( 'NONE', ( #537 ), #2831, .F. ) ;
#2747 = VECTOR ( 'NONE', #2923, 1000.000000000000000 ) ;
#2748 = ORIENTED_EDGE ( 'NONE', *, *, #2515, .F. ) ;
#2749 = ORIENTED_EDGE ( 'NONE', *, *, #1712, .F. ) ;
#2750 = CARTESIAN_POINT ( 'NONE',  ( -0.4656334405330642134, 0.5499999999999999334, 0.9560646763598708020 ) ) ;
#2751 = DIRECTION ( 'NONE',  ( 0.1644365636917769213, -0.9826341575191896993, 0.08596934917627638284 ) ) ;
#2752 = LINE ( 'NONE', #2522, #2760 ) ;
#2753 = CARTESIAN_POINT ( 'NONE',  ( 0.4999999999999998890, 0.1799999999999999933, -0.8599999999999999867 ) ) ;
#2754 = ORIENTED_EDGE ( 'NONE', *, *, #1998, .T. ) ;
#2755 = ADVANCED_FACE ( 'NONE', ( #71 ), #2390, .F. ) ;
#2756 = LINE ( 'NONE', #3001, #823 ) ;
#2757 = DIRECTION ( 'NONE',  ( 0.1644365636917767270, 0.9826341575191896993, -0.08596934917627636896 ) ) ;
#2758 = EDGE_CURVE ( 'NONE', #2112, #1880, #2376, .T. ) ;
#2759 = LINE ( 'NONE', #1350, #707 ) ;
#2760 = VECTOR ( 'NONE', #399, 1000.000000000000000 ) ;
#2761 = ORIENTED_EDGE ( 'NONE', *, *, #2059, .F. ) ;
#2762 = VERTEX_POINT ( 'NONE', #249 ) ;
#2763 = AXIS2_PLACEMENT_3D ( 'NONE', #1466, #291, #2008 ) ;
#2764 = CARTESIAN_POINT ( 'NONE',  ( -0.5149477206099258852, 0.5582523802930334789, -0.9560646763598703579 ) ) ;
#2765 = CARTESIAN_POINT ( 'NONE',  ( -0.7999999999999896083, 0.000000000000000000, 0.1399999999999998190 ) ) ;
#2766 = CARTESIAN_POINT ( 'NONE',  ( -0.4999999999999844014, 0.1799999999999999933, 0.8599999999999995426 ) ) ;
#2767 = DIRECTION ( 'NONE',  ( 0.000000000000000000, -0.000000000000000000, 1.000000000000000000 ) ) ;
#2768 = CARTESIAN_POINT ( 'NONE',  ( 0.5000000000000103251, 0.1799999999999999933, 0.1399999999999998190 ) ) ;
#2769 = ORIENTED_EDGE ( 'NONE', *, *, #372, .F. ) ;
#2770 = VECTOR ( 'NONE', #2394, 1000.000000000000000 ) ;
#2771 = CARTESIAN_POINT ( 'NONE',  ( -0.3500000000000002554, 0.5499999999999999334, -0.7124999999999999112 ) ) ;
#2772 = CARTESIAN_POINT ( 'NONE',  ( 0.8000000000000051514, 0.000000000000000000, -0.3600000000000000977 ) ) ;
#2773 = LINE ( 'NONE', #1152, #364 ) ;
#2774 = VECTOR ( 'NONE', #2272, 1000.000000000000000 ) ;
#2775 = ORIENTED_EDGE ( 'NONE', *, *, #750, .F. ) ;
#2776 = VERTEX_POINT ( 'NONE', #1211 ) ;
#2777 = VECTOR ( 'NONE', #1702, 1000.000000000000000 ) ;
#2778 = CARTESIAN_POINT ( 'NONE',  ( -0.4999999999999947820, 0.1799999999999999933, -0.3600000000000000977 ) ) ;
#2779 = EDGE_CURVE ( 'NONE', #2782, #2524, #1195, .T. ) ;
#2780 = CARTESIAN_POINT ( 'NONE',  ( 0.5793899252090644048, 0.04999999999999999584, -1.049999999999999822 ) ) ;
#2781 = DIRECTION ( 'NONE',  ( -1.000000000000000000, 0.000000000000000000, 0.000000000000000000 ) ) ;
#2782 = VERTEX_POINT ( 'NONE', #2649 ) ;
#2783 = FACE_OUTER_BOUND ( 'NONE', #158, .T. ) ;
#2784 = VERTEX_POINT ( 'NONE', #2149 ) ;
#2785 = DIRECTION ( 'NONE',  ( -0.000000000000000000, 0.000000000000000000, 1.000000000000000000 ) ) ;
#2786 = PLANE ( 'NONE',  #1410 ) ;
#2787 = DIRECTION ( 'NONE',  ( 0.000000000000000000, -0.000000000000000000, 1.000000000000000000 ) ) ;
#2788 = VECTOR ( 'NONE', #2585, 1000.000000000000114 ) ;
#2789 = ADVANCED_BREP_SHAPE_REPRESENTATION ( 'LP5814DRLR', ( #1222, #1192, #203, #2205, #210, #142, #169, #1172, #2216, #148, #1877 ), #2567 ) ;
#2790 = ORIENTED_EDGE ( 'NONE', *, *, #2965, .T. ) ;
#2791 = VERTEX_POINT ( 'NONE', #2135 ) ;
#2792 = EDGE_CURVE ( 'NONE', #1634, #527, #2877, .T. ) ;
#2793 = PLANE ( 'NONE',  #429 ) ;
#2794 = EDGE_CURVE ( 'NONE', #2609, #2261, #2846, .T. ) ;
#2795 = CARTESIAN_POINT ( 'NONE',  ( 0.5189377785133355570, 0.2314658366277864421, 0.9839328046006542428 ) ) ;
#2796 = AXIS2_PLACEMENT_3D ( 'NONE', #507, #1900, #262 ) ;
#2797 = VECTOR ( 'NONE', #969, 1000.000000000000000 ) ;
#2798 = LINE ( 'NONE', #2568, #192 ) ;
#2799 = CARTESIAN_POINT ( 'NONE',  ( 0.8000000000000051514, 0.1799999999999999933, -0.3600000000000000977 ) ) ;
#2800 = ORIENTED_EDGE ( 'NONE', *, *, #2391, .F. ) ;
#2801 = LINE ( 'NONE', #2326, #1847 ) ;
#2802 = EDGE_LOOP ( 'NONE', ( #2966, #347, #2577, #1267 ) ) ;
#2803 = CARTESIAN_POINT ( 'NONE',  ( 0.5782454608194167456, 0.1799999999999999933, -1.050000000000000044 ) ) ;
#2804 = CARTESIAN_POINT ( 'NONE',  ( 0.5149477206099258852, 0.5582523802930333678, 0.9560646763598706910 ) ) ;
#2805 = CARTESIAN_POINT ( 'NONE',  ( -0.7999999999999948264, 0.1799999999999999933, -0.3600000000000000977 ) ) ;
#2806 = AXIS2_PLACEMENT_3D ( 'NONE', #1635, #1665, #2845 ) ;
#2807 = ORIENTED_EDGE ( 'NONE', *, *, #1464, .T. ) ;
#2808 = ORIENTED_EDGE ( 'NONE', *, *, #2441, .F. ) ;
#2809 = VECTOR ( 'NONE', #1031, 1000.000000000000114 ) ;
#2810 = DIRECTION ( 'NONE',  ( -0.000000000000000000, -0.000000000000000000, -1.000000000000000000 ) ) ;
#2811 = EDGE_CURVE ( 'NONE', #2089, #103, #307, .T. ) ;
#2812 = CARTESIAN_POINT ( 'NONE',  ( 0.4999999999999998890, 0.05000000000000005135, -0.6400000000000000133 ) ) ;
#2813 = CARTESIAN_POINT ( 'NONE',  ( -0.5513850386878470511, 0.03756865555344258284, -1.000896609834292184 ) ) ;
#2814 =( LENGTH_UNIT ( ) NAMED_UNIT ( * ) SI_UNIT ( .MILLI., .METRE. ) );
#2815 = VERTEX_POINT ( 'NONE', #976 ) ;
#2816 = CARTESIAN_POINT ( 'NONE',  ( 0.8000000000000103695, 0.1799999999999999933, 0.1399999999999998190 ) ) ;
#2817 = ORIENTED_EDGE ( 'NONE', *, *, #2311, .T. ) ;
#2818 = ADVANCED_FACE ( 'NONE', ( #1917 ), #1666, .T. ) ;
#2819 = LINE ( 'NONE', #724, #1370 ) ;
#2820 = DIRECTION ( 'NONE',  ( 0.000000000000000000, 0.000000000000000000, 1.000000000000000000 ) ) ;
#2821 = CARTESIAN_POINT ( 'NONE',  ( 0.5000000000000103251, 0.1799999999999999933, 0.3599999999999997646 ) ) ;
#2822 = PLANE ( 'NONE',  #1292 ) ;
#2823 = ORIENTED_EDGE ( 'NONE', *, *, #887, .T. ) ;
#2824 = PLANE ( 'NONE',  #974 ) ;
#2825 = STYLED_ITEM ( 'NONE', ( #1280 ), #2216 ) ;
#2826 = CARTESIAN_POINT ( 'NONE',  ( 0.5000000000000155431, 0.1799999999999999933, 0.8599999999999995426 ) ) ;
#2827 = VERTEX_POINT ( 'NONE', #2621 ) ;
#2828 = DIRECTION ( 'NONE',  ( -0.000000000000000000, -0.000000000000000000, -1.000000000000000000 ) ) ;
#2829 = ORIENTED_EDGE ( 'NONE', *, *, #2884, .F. ) ;
#2830 = CARTESIAN_POINT ( 'NONE',  ( 0.5999999999999996447, 0.05000000000000000278, 1.050000000000000266 ) ) ;
#2831 = PLANE ( 'NONE',  #1607 ) ;
#2832 =( NAMED_UNIT ( * ) PLANE_ANGLE_UNIT ( ) SI_UNIT ( $, .RADIAN. ) );
#2833 = EDGE_CURVE ( 'NONE', #134, #1830, #2322, .T. ) ;
#2834 = CARTESIAN_POINT ( 'NONE',  ( 0.5999999999999996447, 0.05000000000000000278, 1.050000000000000266 ) ) ;
#2835 = VECTOR ( 'NONE', #2544, 1000.000000000000000 ) ;
#2836 = ADVANCED_FACE ( 'NONE', ( #2419 ), #2863, .F. ) ;
#2837 = ORIENTED_EDGE ( 'NONE', *, *, #907, .T. ) ;
#2838 = DIRECTION ( 'NONE',  ( -1.000000000000000000, 0.000000000000000000, 0.000000000000000000 ) ) ;
#2839 =( GEOMETRIC_REPRESENTATION_CONTEXT ( 3 ) GLOBAL_UNCERTAINTY_ASSIGNED_CONTEXT ( ( #2382 ) ) GLOBAL_UNIT_ASSIGNED_CONTEXT ( ( #610, #593, #350 ) ) REPRESENTATION_CONTEXT ( 'NONE', 'WORKASPACE' ) );
#2840 = LINE ( 'NONE', #718, #2320 ) ;
#2841 = AXIS2_PLACEMENT_3D ( 'NONE', #2061, #1364, #1637 ) ;
#2842 = ORIENTED_EDGE ( 'NONE', *, *, #2206, .T. ) ;
#2843 = FACE_OUTER_BOUND ( 'NONE', #1277, .T. ) ;
#2844 = VERTEX_POINT ( 'NONE', #1452 ) ;
#2845 = DIRECTION ( 'NONE',  ( 0.000000000000000000, 0.000000000000000000, 1.000000000000000000 ) ) ;
#2846 = LINE ( 'NONE', #993, #1017 ) ;
#2847 = CARTESIAN_POINT ( 'NONE',  ( 0.000000000000000000, 0.1799999999999999933, 0.000000000000000000 ) ) ;
#2848 = EDGE_CURVE ( 'NONE', #1374, #2225, #57, .T. ) ;
#2849 = AXIS2_PLACEMENT_3D ( 'NONE', #299, #1673, #1955 ) ;
#2850 = DIRECTION ( 'NONE',  ( -0.000000000000000000, 1.000000000000000000, -0.000000000000000000 ) ) ;
#2851 = DIRECTION ( 'NONE',  ( -1.000000000000000000, 0.000000000000000000, -0.000000000000000000 ) ) ;
#2852 = VERTEX_POINT ( 'NONE', #1225 ) ;
#2853 = VECTOR ( 'NONE', #847, 1000.000000000000000 ) ;
#2854 = EDGE_CURVE ( 'NONE', #2073, #2460, #2472, .T. ) ;
#2855 = DIRECTION ( 'NONE',  ( -0.000000000000000000, -0.000000000000000000, 1.000000000000000000 ) ) ;
#2856 = LINE ( 'NONE', #1942, #2777 ) ;
#2857 = AXIS2_PLACEMENT_3D ( 'NONE', #2507, #2037, #630 ) ;
#2858 = ORIENTED_EDGE ( 'NONE', *, *, #2270, .T. ) ;
#2859 = DIRECTION ( 'NONE',  ( -0.1644365636917769213, 0.9826341575191896993, 0.08596934917627638284 ) ) ;
#2860 = ORIENTED_EDGE ( 'NONE', *, *, #1834, .F. ) ;
#2861 = VECTOR ( 'NONE', #1097, 1000.000000000000000 ) ;
#2862 = PLANE ( 'NONE',  #1967 ) ;
#2863 = PLANE ( 'NONE',  #985 ) ;
#2864 = CARTESIAN_POINT ( 'NONE',  ( 0.5189377785133357790, 0.2358236237651693823, -1.033742539505241087 ) ) ;
#2865 = DIRECTION ( 'NONE',  ( 0.000000000000000000, 0.000000000000000000, 1.000000000000000000 ) ) ;
#2866 = DIRECTION ( 'NONE',  ( 0.000000000000000000, 1.000000000000000000, 0.000000000000000000 ) ) ;
#2867 = ORIENTED_EDGE ( 'NONE', *, *, #2560, .F. ) ;
#2868 = VECTOR ( 'NONE', #60, 1000.000000000000000 ) ;
#2869 = LINE ( 'NONE', #2203, #1458 ) ;
#2870 = AXIS2_PLACEMENT_3D ( 'NONE', #1477, #764, #794 ) ;
#2871 = LINE ( 'NONE', #2887, #2809 ) ;
#2872 = VERTEX_POINT ( 'NONE', #600 ) ;
#2873 = PLANE ( 'NONE',  #2642 ) ;
#2874 = ORIENTED_EDGE ( 'NONE', *, *, #1734, .F. ) ;
#2875 = EDGE_CURVE ( 'NONE', #2293, #2973, #2737, .T. ) ;
#2876 = CARTESIAN_POINT ( 'NONE',  ( 0.5000000000000051070, 0.1799999999999999933, -0.1400000000000001521 ) ) ;
#2877 = LINE ( 'NONE', #10, #2356 ) ;
#2878 = DIRECTION ( 'NONE',  ( 0.000000000000000000, 0.000000000000000000, 1.000000000000000000 ) ) ;
#2879 = DIRECTION ( 'NONE',  ( 0.000000000000000000, -0.000000000000000000, 1.000000000000000000 ) ) ;
#2880 = DIRECTION ( 'NONE',  ( -1.000000000000000000, 0.000000000000000000, 0.000000000000000000 ) ) ;
#2881 = ORIENTED_EDGE ( 'NONE', *, *, #577, .T. ) ;
#2882 = STYLED_ITEM ( 'NONE', ( #278 ), #1192 ) ;
#2883 = CARTESIAN_POINT ( 'NONE',  ( -0.3500000000000002554, 0.5999999999999999778, -0.7999999999999999334 ) ) ;
#2884 = EDGE_CURVE ( 'NONE', #1562, #2005, #1381, .T. ) ;
#2885 = AXIS2_PLACEMENT_3D ( 'NONE', #1824, #1604, #1375 ) ;
#2886 = ADVANCED_FACE ( 'NONE', ( #1774 ), #2905, .F. ) ;
#2887 = CARTESIAN_POINT ( 'NONE',  ( 0.6000000000000003109, 0.05000000000000065503, 0.3599999999999998757 ) ) ;
#2888 = ORIENTED_EDGE ( 'NONE', *, *, #1553, .F. ) ;
#2889 = PLANE ( 'NONE',  #897 ) ;
#2890 = ORIENTED_EDGE ( 'NONE', *, *, #1365, .F. ) ;
#2891 = DIRECTION ( 'NONE',  ( -1.000000000000000000, -0.000000000000000000, -0.000000000000000000 ) ) ;
#2892 = CARTESIAN_POINT ( 'NONE',  ( 0.000000000000000000, 0.1799999999999999933, 0.000000000000000000 ) ) ;
#2893 = LINE ( 'NONE', #44, #1598 ) ;
#2894 = ORIENTED_EDGE ( 'NONE', *, *, #2076, .F. ) ;
#2895 = FACE_OUTER_BOUND ( 'NONE', #1628, .T. ) ;
#2896 = LINE ( 'NONE', #526, #2229 ) ;
#2897 = ORIENTED_EDGE ( 'NONE', *, *, #1747, .T. ) ;
#2898 = DIRECTION ( 'NONE',  ( -1.000000000000000000, -0.000000000000000000, -0.000000000000000000 ) ) ;
#2899 = FACE_OUTER_BOUND ( 'NONE', #1589, .T. ) ;
#2900 = EDGE_CURVE ( 'NONE', #2067, #393, #2465, .T. ) ;
#2901 = ORIENTED_EDGE ( 'NONE', *, *, #2875, .F. ) ;
#2902 = LINE ( 'NONE', #302, #998 ) ;
#2903 = VERTEX_POINT ( 'NONE', #2449 ) ;
#2904 = DIRECTION ( 'NONE',  ( 0.1650476058606709373, -0.9862856015372325480, 0.000000000000000000 ) ) ;
#2905 = PLANE ( 'NONE',  #1921 ) ;
#2906 = CARTESIAN_POINT ( 'NONE',  ( 0.4999999999999998890, 0.1799999999999999933, -0.8599999999999999867 ) ) ;
#2907 = ORIENTED_EDGE ( 'NONE', *, *, #260, .T. ) ;
#2908 = CARTESIAN_POINT ( 'NONE',  ( 0.5782454608194167456, 0.1799999999999999933, -1.050000000000000044 ) ) ;
#2909 = ORIENTED_EDGE ( 'NONE', *, *, #411, .T. ) ;
#2910 = EDGE_CURVE ( 'NONE', #574, #1552, #2919, .T. ) ;
#2911 = CARTESIAN_POINT ( 'NONE',  ( 0.5000000000000155431, 0.1799999999999999933, 0.8599999999999995426 ) ) ;
#2912 = EDGE_CURVE ( 'NONE', #2308, #77, #289, .T. ) ;
#2913 = VECTOR ( 'NONE', #2623, 1000.000000000000000 ) ;
#2914 = PLANE ( 'NONE',  #654 ) ;
#2915 = VERTEX_POINT ( 'NONE', #116 ) ;
#2916 = DIRECTION ( 'NONE',  ( 0.000000000000000000, -1.000000000000000000, 0.000000000000000000 ) ) ;
#2917 = ORIENTED_EDGE ( 'NONE', *, *, #2779, .T. ) ;
#2918 = CARTESIAN_POINT ( 'NONE',  ( -0.4999999999999844014, 0.1799999999999999933, 0.6399999999999995692 ) ) ;
#2919 = LINE ( 'NONE', #1051, #2071 ) ;
#2920 = DIRECTION ( 'NONE',  ( 0.000000000000000000, 1.000000000000000000, 0.000000000000000000 ) ) ;
#2921 = ORIENTED_EDGE ( 'NONE', *, *, #143, .F. ) ;
#2922 = VECTOR ( 'NONE', #160, 1000.000000000000000 ) ;
#2923 = DIRECTION ( 'NONE',  ( -0.000000000000000000, -1.000000000000000000, -0.000000000000000000 ) ) ;
#2924 = EDGE_CURVE ( 'NONE', #1070, #649, #1271, .T. ) ;
#2925 = ORIENTED_EDGE ( 'NONE', *, *, #730, .T. ) ;
#2926 = ORIENTED_EDGE ( 'NONE', *, *, #73, .F. ) ;
#2927 = ADVANCED_FACE ( 'NONE', ( #1725 ), #1545, .F. ) ;
#2928 = PLANE ( 'NONE',  #1112 ) ;
#2929 = ORIENTED_EDGE ( 'NONE', *, *, #1449, .T. ) ;
#2930 = CARTESIAN_POINT ( 'NONE',  ( 0.4999999999999998890, 0.1799999999999999933, -0.6400000000000000133 ) ) ;
#2931 = COLOUR_RGB ( '',0.7921568627450980005, 0.8196078431372548767, 0.9333333333333333481 ) ;
#2932 = DIRECTION ( 'NONE',  ( -0.1650476058606707430, -0.9862856015372325480, 0.000000000000000000 ) ) ;
#2933 = CARTESIAN_POINT ( 'NONE',  ( 0.5000000000000155431, 0.1799999999999999933, 0.6399999999999995692 ) ) ;
#2934 = LINE ( 'NONE', #798, #434 ) ;
#2935 = VERTEX_POINT ( 'NONE', #2694 ) ;
#2936 = PLANE ( 'NONE',  #1264 ) ;
#2937 = ADVANCED_FACE ( 'NONE', ( #1741 ), #2679, .F. ) ;
#2938 = VECTOR ( 'NONE', #959, 1000.000000000000000 ) ;
#2939 = AXIS2_PLACEMENT_3D ( 'NONE', #2981, #1575, #432 ) ;
#2940 = ORIENTED_EDGE ( 'NONE', *, *, #1180, .T. ) ;
#2941 = EDGE_CURVE ( 'NONE', #2872, #595, #567, .T. ) ;
#2942 = EDGE_LOOP ( 'NONE', ( #2298, #787, #126, #2236 ) ) ;
#2943 = EDGE_CURVE ( 'NONE', #226, #888, #355, .T. ) ;
#2944 = SURFACE_STYLE_FILL_AREA ( #1753 ) ;
#2945 = DIRECTION ( 'NONE',  ( 0.000000000000000000, 1.000000000000000000, 0.000000000000000000 ) ) ;
#2946 = ORIENTED_EDGE ( 'NONE', *, *, #1289, .F. ) ;
#2947 = DIRECTION ( 'NONE',  ( -0.000000000000000000, -1.000000000000000000, -0.000000000000000000 ) ) ;
#2948 = AXIS2_PLACEMENT_3D ( 'NONE', #586, #1348, #635 ) ;
#2949 = CARTESIAN_POINT ( 'NONE',  ( -0.4999999999999947820, 0.1799999999999999933, -0.1400000000000001521 ) ) ;
#2950 = CARTESIAN_POINT ( 'NONE',  ( -0.3500000000000002554, 0.5499999999999999334, -0.7999999999999999334 ) ) ;
#2951 = CARTESIAN_POINT ( 'NONE',  ( -0.4999999999999896194, 0.000000000000000000, 0.3599999999999997646 ) ) ;
#2952 = ORIENTED_EDGE ( 'NONE', *, *, #2758, .F. ) ;
#2953 = DIRECTION ( 'NONE',  ( 1.000000000000000000, 0.000000000000000000, -2.168404344971007685E-15 ) ) ;
#2954 = DIRECTION ( 'NONE',  ( 0.1644365636917769213, -0.9826341575191896993, -0.08596934917627638284 ) ) ;
#2955 = SURFACE_STYLE_FILL_AREA ( #1968 ) ;
#2956 = VERTEX_POINT ( 'NONE', #1316 ) ;
#2957 = PRESENTATION_LAYER_ASSIGNMENT (  '', '', ( #1233 ) ) ;
#2958 = VERTEX_POINT ( 'NONE', #2259 ) ;
#2959 = CARTESIAN_POINT ( 'NONE',  ( -0.5782454608194167456, 0.1799999999999999933, -1.050000000000000044 ) ) ;
#2960 = STYLED_ITEM ( 'NONE', ( #328 ), #169 ) ;
#2961 = CARTESIAN_POINT ( 'NONE',  ( -0.4999999999999844014, 0.05000000000000005135, 0.8599999999999995426 ) ) ;
#2962 = LINE ( 'NONE', #827, #388 ) ;
#2963 = LINE ( 'NONE', #2712, #1136 ) ;
#2964 = CARTESIAN_POINT ( 'NONE',  ( -0.6000000000000003109, 0.05000000000000000278, 1.050000000000000266 ) ) ;
#2965 = EDGE_CURVE ( 'NONE', #2211, #134, #132, .T. ) ;
#2966 = ORIENTED_EDGE ( 'NONE', *, *, #2792, .T. ) ;
#2967 = DIRECTION ( 'NONE',  ( -1.000000000000000000, -0.000000000000000000, -0.000000000000000000 ) ) ;
#2968 = LINE ( 'NONE', #1041, #2201 ) ;
#2969 = SURFACE_STYLE_USAGE ( .BOTH. , #376 ) ;
#2970 = PRESENTATION_LAYER_ASSIGNMENT (  '', '', ( #2436 ) ) ;
#2971 = VERTEX_POINT ( 'NONE', #1993 ) ;
#2972 = ORIENTED_EDGE ( 'NONE', *, *, #734, .T. ) ;
#2973 = VERTEX_POINT ( 'NONE', #341 ) ;
#2974 = LINE ( 'NONE', #2991, #1247 ) ;
#2975 = CARTESIAN_POINT ( 'NONE',  ( 0.5000000000000051070, 0.1799999999999999933, -0.3600000000000000977 ) ) ;
#2976 = EDGE_CURVE ( 'NONE', #1686, #658, #1286, .T. ) ;
#2977 = CARTESIAN_POINT ( 'NONE',  ( 0.8000000000000155875, 0.1799999999999999933, 0.6399999999999995692 ) ) ;
#2978 = EDGE_CURVE ( 'NONE', #336, #1411, #814, .T. ) ;
#2979 = DIRECTION ( 'NONE',  ( -1.000000000000000000, 0.000000000000000000, 0.000000000000000000 ) ) ;
#2980 = CIRCLE ( 'NONE', #2545, 0.08750000000000000833 ) ;
#2981 = CARTESIAN_POINT ( 'NONE',  ( 0.4999999999999998890, 0.1799999999999999933, -0.8599999999999999867 ) ) ;
#2982 = ORIENTED_EDGE ( 'NONE', *, *, #821, .F. ) ;
#2983 = CARTESIAN_POINT ( 'NONE',  ( -0.5000000000000000000, 0.1799999999999999933, -0.8599999999999999867 ) ) ;
#2984 = CARTESIAN_POINT ( 'NONE',  ( -0.4999999999999947820, 0.1799999999999999933, -0.3600000000000000977 ) ) ;
#2985 = MECHANICAL_DESIGN_GEOMETRIC_PRESENTATION_REPRESENTATION (  '', ( #1650 ), #2839 ) ;
#2986 = CARTESIAN_POINT ( 'NONE',  ( 0.4656334405330644355, 0.5999999999999999778, 0.9560646763598708020 ) ) ;
#2987 = EDGE_LOOP ( 'NONE', ( #445, #2999, #903, #237, #2050, #2231, #1975, #1205, #1569, #1104, #1026, #2909, #2749, #2616, #753, #473, #2239, #846, #1310, #1404 ) ) ;
#2988 = VECTOR ( 'NONE', #1698, 1000.000000000000000 ) ;
#2989 = EDGE_LOOP ( 'NONE', ( #2325, #2179, #1873, #2252 ) ) ;
#2990 = ORIENTED_EDGE ( 'NONE', *, *, #1340, .F. ) ;
#2991 = CARTESIAN_POINT ( 'NONE',  ( 0.000000000000000000, 0.05000000000000000278, -0.6400000000000000133 ) ) ;
#2992 = CARTESIAN_POINT ( 'NONE',  ( -0.4999999999999947820, 0.1799999999999999933, -0.3600000000000000977 ) ) ;
#2993 = CARTESIAN_POINT ( 'NONE',  ( 0.5000000000000155431, 0.1799999999999999933, 0.6399999999999995692 ) ) ;
#2994 = VECTOR ( 'NONE', #872, 1000.000000000000000 ) ;
#2995 = PLANE ( 'NONE',  #1377 ) ;
#2996 = PRODUCT ( 'LP5814DRLR', 'LP5814DRLR', '', ( #231 ) ) ;
#2997 = DIRECTION ( 'NONE',  ( 0.000000000000000000, -1.000000000000000000, 0.000000000000000000 ) ) ;
#2998 = CARTESIAN_POINT ( 'NONE',  ( -0.7999999999999843903, 0.1799999999999999933, 0.6399999999999995692 ) ) ;
#2999 = ORIENTED_EDGE ( 'NONE', *, *, #1284, .T. ) ;
#3000 = CIRCLE ( 'NONE', #2115, 0.05000000000000002359 ) ;
#3001 = CARTESIAN_POINT ( 'NONE',  ( -0.7999999999999896083, 0.1799999999999999933, 0.3599999999999997646 ) ) ;
#3002 = DIRECTION ( 'NONE',  ( -0.000000000000000000, -1.000000000000000000, -0.000000000000000000 ) ) ;
#3003 = EDGE_CURVE ( 'NONE', #1676, #1269, #2963, .T. ) ;
#3004 = AXIS2_PLACEMENT_3D ( 'NONE', #2128, #1868, #1631 ) ;
#3005 = ORIENTED_EDGE ( 'NONE', *, *, #8, .T. ) ;
#3006 = ADVANCED_FACE ( 'NONE', ( #1791 ), #2508, .T. ) ;
#3007 = EDGE_LOOP ( 'NONE', ( #2867, #2807, #521, #7 ) ) ;
#3008 = AXIS2_PLACEMENT_3D ( 'NONE', #1068, #1084, #86 ) ;
#3009 = LINE ( 'NONE', #2778, #2159 ) ;
#3010 = DIRECTION ( 'NONE',  ( -0.000000000000000000, -1.000000000000000000, -0.000000000000000000 ) ) ;
#3011 = ADVANCED_FACE ( 'NONE', ( #215 ), #2307, .F. ) ;
#3012 = DIRECTION ( 'NONE',  ( -0.000000000000000000, -1.000000000000000000, -0.000000000000000000 ) ) ;
#3013 = ORIENTED_EDGE ( 'NONE', *, *, #2483, .T. ) ;
#3014 = PRODUCT_RELATED_PRODUCT_CATEGORY ( 'part', '', ( #2996 ) ) ;
#3015 = DIRECTION ( 'NONE',  ( 0.000000000000000000, 1.000000000000000000, 0.000000000000000000 ) ) ;
#3016 = ORIENTED_EDGE ( 'NONE', *, *, #1621, .T. ) ;
#3017 = CLOSED_SHELL ( 'NONE', ( #177, #807, #1597, #2305, #2188, #961 ) ) ;
#3018 = CARTESIAN_POINT ( 'NONE',  ( 0.5000000000000051070, 0.1799999999999999933, -0.3600000000000000977 ) ) ;
#3019 = CARTESIAN_POINT ( 'NONE',  ( 0.5000000000000051070, 0.1799999999999999933, -0.1400000000000001521 ) ) ;
#3020 = DIRECTION ( 'NONE',  ( 0.000000000000000000, 0.000000000000000000, 1.000000000000000000 ) ) ;
#3021 = EDGE_CURVE ( 'NONE', #1880, #1278, #894, .T. ) ;
#3022 = AXIS2_PLACEMENT_3D ( 'NONE', #1252, #1268, #129 ) ;
#3023 = ADVANCED_FACE ( 'NONE', ( #1145 ), #1114, .F. ) ;
#3024 = ORIENTED_EDGE ( 'NONE', *, *, #1428, .T. ) ;
#3025 = VERTEX_POINT ( 'NONE', #1853 ) ;
#3026 = DIRECTION ( 'NONE',  ( 0.000000000000000000, 0.000000000000000000, -1.000000000000000000 ) ) ;
#3027 = EDGE_CURVE ( 'NONE', #2475, #2618, #2038, .T. ) ;
#3028 = CARTESIAN_POINT ( 'NONE',  ( 0.4656334405330644355, 0.5499999999999999334, 0.9560646763598708020 ) ) ;
#3029 = DIRECTION ( 'NONE',  ( -1.000000000000000000, 0.000000000000000000, 0.000000000000000000 ) ) ;
#3030 = DIRECTION ( 'NONE',  ( 0.000000000000000000, 0.000000000000000000, -1.000000000000000000 ) ) ;
#3031 = ORIENTED_EDGE ( 'NONE', *, *, #1154, .F. ) ;
#3032 = PLANE ( 'NONE',  #2551 ) ;
#3033 = ORIENTED_EDGE ( 'NONE', *, *, #2794, .T. ) ;
#3034 = DIRECTION ( 'NONE',  ( 0.000000000000000000, 0.000000000000000000, 1.000000000000000000 ) ) ;
#3035 = CARTESIAN_POINT ( 'NONE',  ( -0.4999999999999947820, 0.1799999999999999933, -0.3600000000000000977 ) ) ;
#3036 = EDGE_CURVE ( 'NONE', #2971, #1739, #2340, .T. ) ;
#3037 = ORIENTED_EDGE ( 'NONE', *, *, #2151, .F. ) ;
#3038 = ORIENTED_EDGE ( 'NONE', *, *, #2924, .T. ) ;
#3039 = CARTESIAN_POINT ( 'NONE',  ( -0.5782454608194167456, 0.1799999999999999933, 0.6399999999999995692 ) ) ;
#3040 = FACE_OUTER_BOUND ( 'NONE', #438, .T. ) ;
#3041 = FACE_OUTER_BOUND ( 'NONE', #343, .T. ) ;
#3042 = DIRECTION ( 'NONE',  ( 0.000000000000000000, -0.000000000000000000, 1.000000000000000000 ) ) ;
#3043 = VERTEX_POINT ( 'NONE', #430 ) ;
#3044 = DIRECTION ( 'NONE',  ( 1.000000000000000000, 0.000000000000000000, 0.000000000000000000 ) ) ;
#3045 = EDGE_LOOP ( 'NONE', ( #1924, #2672, #2690, #2547 ) ) ;
#3046 = CARTESIAN_POINT ( 'NONE',  ( -0.6000000000000003109, 0.05000000000000000278, 0.8599999999999996536 ) ) ;
#3047 = DIRECTION ( 'NONE',  ( -1.000000000000000000, 0.000000000000000000, -0.000000000000000000 ) ) ;
#3048 = CARTESIAN_POINT ( 'NONE',  ( -0.5782454608194167456, 0.1799999999999999933, -0.8599999999999999867 ) ) ;
#3049 = VECTOR ( 'NONE', #708, 1000.000000000000000 ) ;
#3050 = VERTEX_POINT ( 'NONE', #458 ) ;
#3051 = ORIENTED_EDGE ( 'NONE', *, *, #1816, .T. ) ;
#3052 = AXIS2_PLACEMENT_3D ( 'NONE', #2665, #754, #783 ) ;
#3053 = CARTESIAN_POINT ( 'NONE',  ( 0.5000000000000155431, 0.05000000000000005135, 0.6399999999999995692 ) ) ;
#3054 = EDGE_CURVE ( 'NONE', #1846, #738, #2105, .T. ) ;
#3055 = CARTESIAN_POINT ( 'NONE',  ( -0.5513850386878470511, 0.04192644269082550224, 1.050706344738880027 ) ) ;
#3056 = ORIENTED_EDGE ( 'NONE', *, *, #2530, .T. ) ;
#3057 = CARTESIAN_POINT ( 'NONE',  ( 0.5000000000000155431, 0.1799999999999999933, 0.8599999999999995426 ) ) ;
#3058 = ORIENTED_EDGE ( 'NONE', *, *, #1044, .F. ) ;
#3059 = DIRECTION ( 'NONE',  ( 1.000000000000000000, 0.000000000000000000, 0.000000000000000000 ) ) ;
#3060 = DIRECTION ( 'NONE',  ( -1.000000000000000000, 0.000000000000000000, -0.000000000000000000 ) ) ;
#3061 = EDGE_CURVE ( 'NONE', #2164, #1165, #89, .T. ) ;
#3062 = PRESENTATION_STYLE_ASSIGNMENT (( #2123 ) ) ;
#3063 = SHAPE_DEFINITION_REPRESENTATION ( #2583, #2789 ) ;
#3064 = DIRECTION ( 'NONE',  ( 0.000000000000000000, -0.000000000000000000, 1.000000000000000000 ) ) ;
#3065 = ORIENTED_EDGE ( 'NONE', *, *, #1511, .T. ) ;
ENDSEC;
END-ISO-10303-21;
