ISO-10303-21;
HEADER;
FILE_DESCRIPTION (( 'STEP AP214' ),
    '1' );
FILE_NAME ('SOT552-1.STEP',
    '2020-09-14T21:37:52',
    ( '' ),
    ( '' ),
    'SwSTEP 2.0',
    'SolidWorks 2017',
    '' );
FILE_SCHEMA (( 'AUTOMOTIVE_DESIGN' ));
ENDSEC;

DATA;
#1 = VECTOR ( 'NONE', #2154, 1000.000000000000000 ) ;
#2 = ORIENTED_EDGE ( 'NONE', *, *, #2438, .T. ) ;
#3 = AXIS2_PLACEMENT_3D ( 'NONE', #2029, #2045, #3091 ) ;
#4 = DIRECTION ( 'NONE',  ( 0.0000000000000000000, 0.0000000000000000000, 1.000000000000000000 ) ) ;
#5 = DIRECTION ( 'NONE',  ( 0.05233595624293681900, 0.9986295347545742800, -0.0000000000000000000 ) ) ;
#6 = ORIENTED_EDGE ( 'NONE', *, *, #222, .F. ) ;
#7 = VECTOR ( 'NONE', #2078, 1000.000000000000000 ) ;
#8 = CARTESIAN_POINT ( 'NONE',  ( 2.152691525569090400, 0.2053208885103196300, 0.1124999999999999800 ) ) ;
#9 = ORIENTED_EDGE ( 'NONE', *, *, #2300, .T. ) ;
#10 = PLANE ( 'NONE',  #443 ) ;
#11 = PLANE ( 'NONE',  #4619 ) ;
#12 = ORIENTED_EDGE ( 'NONE', *, *, #2422, .T. ) ;
#13 = VECTOR ( 'NONE', #3771, 1000.000000000000000 ) ;
#14 = CARTESIAN_POINT ( 'NONE',  ( 2.440056168313842200, 0.0000000000000000000, -0.8875000000000000700 ) ) ;
#15 = ORIENTED_EDGE ( 'NONE', *, *, #1208, .F. ) ;
#16 = ORIENTED_EDGE ( 'NONE', *, *, #4552, .F. ) ;
#17 = LINE ( 'NONE', #974, #663 ) ;
#18 = AXIS2_PLACEMENT_3D ( 'NONE', #490, #3499, #3113 ) ;
#19 = DIRECTION ( 'NONE',  ( -0.0000000000000000000, -0.0000000000000000000, -1.000000000000000000 ) ) ;
#20 = CARTESIAN_POINT ( 'NONE',  ( 2.156207793495132900, 0.2724152774378160200, 0.1124999999999999800 ) ) ;
#21 = FACE_OUTER_BOUND ( 'NONE', #2290, .T. ) ;
#22 = ORIENTED_EDGE ( 'NONE', *, *, #1293, .F. ) ;
#23 = ORIENTED_EDGE ( 'NONE', *, *, #3256, .F. ) ;
#24 = ORIENTED_EDGE ( 'NONE', *, *, #2635, .T. ) ;
#25 = EDGE_CURVE ( 'NONE', #1651, #2967, #2445, .T. ) ;
#26 = AXIS2_PLACEMENT_3D ( 'NONE', #1981, #3502, #1591 ) ;
#27 = CARTESIAN_POINT ( 'NONE',  ( -1.873869829047064800, 0.5486692206721369700, 0.1124999999999999800 ) ) ;
#28 = ORIENTED_EDGE ( 'NONE', *, *, #2993, .F. ) ;
#29 = ORIENTED_EDGE ( 'NONE', *, *, #2594, .T. ) ;
#30 = VERTEX_POINT ( 'NONE', #3819 ) ;
#31 = CARTESIAN_POINT ( 'NONE',  ( -2.156207793495132900, 0.2724152774378160200, -0.8875000000000000700 ) ) ;
#32 = VECTOR ( 'NONE', #2899, 1000.000000000000000 ) ;
#33 = ORIENTED_EDGE ( 'NONE', *, *, #4421, .T. ) ;
#34 = MECHANICAL_DESIGN_GEOMETRIC_PRESENTATION_REPRESENTATION (  '', ( #2436 ), #2123 ) ;
#35 = ORIENTED_EDGE ( 'NONE', *, *, #2953, .F. ) ;
#36 = CARTESIAN_POINT ( 'NONE',  ( 1.806939028189363600, 0.6100000000000003200, -0.8875000000000000700 ) ) ;
#37 = VERTEX_POINT ( 'NONE', #3470 ) ;
#38 = VECTOR ( 'NONE', #473, 1000.000000000000000 ) ;
#39 = COLOUR_RGB ( '',0.7921568627450980000, 0.8196078431372548800, 0.9333333333333333500 ) ;
#40 = DIRECTION ( 'NONE',  ( 0.0000000000000000000, 1.000000000000000000, 0.0000000000000000000 ) ) ;
#41 = DIRECTION ( 'NONE',  ( 1.000000000000000000, 0.0000000000000000000, 0.0000000000000000000 ) ) ;
#42 = CARTESIAN_POINT ( 'NONE',  ( 1.900000000000000100, 0.2500000000000000000, -0.3875000000000000700 ) ) ;
#43 = VECTOR ( 'NONE', #107, 1000.000000000000000 ) ;
#44 = DIRECTION ( 'NONE',  ( 0.1218693434051425900, 0.9925461516413225400, 0.0000000000000000000 ) ) ;
#45 = CIRCLE ( 'NONE', #3275, 0.06718646564362382200 ) ;
#46 = CARTESIAN_POINT ( 'NONE',  ( 1.476670933428449100, 0.8000000000000000400, 0.1124999999999999800 ) ) ;
#47 = DIRECTION ( 'NONE',  ( -0.0000000000000000000, -0.0000000000000000000, -1.000000000000000000 ) ) ;
#48 = EDGE_CURVE ( 'NONE', #3479, #3469, #3567, .T. ) ;
#49 = FACE_OUTER_BOUND ( 'NONE', #2339, .T. ) ;
#50 = EDGE_CURVE ( 'NONE', #2050, #1099, #363, .T. ) ;
#51 = ORIENTED_EDGE ( 'NONE', *, *, #1077, .T. ) ;
#52 = ADVANCED_FACE ( 'NONE', ( #3695 ), #3456, .F. ) ;
#53 = CARTESIAN_POINT ( 'NONE',  ( -1.806939028189363600, 0.6100000000000003200, -0.8875000000000000700 ) ) ;
#54 = VECTOR ( 'NONE', #1699, 1000.000000000000000 ) ;
#55 = ORIENTED_EDGE ( 'NONE', *, *, #4669, .F. ) ;
#56 = EDGE_CURVE ( 'NONE', #2218, #1646, #2680, .T. ) ;
#57 = DIRECTION ( 'NONE',  ( 0.9986295347545742800, 0.05233595624293736800, 0.0000000000000000000 ) ) ;
#58 = ORIENTED_EDGE ( 'NONE', *, *, #2263, .T. ) ;
#59 = EDGE_CURVE ( 'NONE', #4683, #1607, #2927, .T. ) ;
#60 = ORIENTED_EDGE ( 'NONE', *, *, #2553, .T. ) ;
#61 = ORIENTED_EDGE ( 'NONE', *, *, #2300, .F. ) ;
#62 = AXIS2_PLACEMENT_3D ( 'NONE', #4485, #1157, #1140 ) ;
#63 = VECTOR ( 'NONE', #2419, 1000.000000000000100 ) ;
#64 =( NAMED_UNIT ( * ) SI_UNIT ( $, .STERADIAN. ) SOLID_ANGLE_UNIT ( ) );
#65 = ORIENTED_EDGE ( 'NONE', *, *, #447, .T. ) ;
#66 = CARTESIAN_POINT ( 'NONE',  ( 2.440056168313842200, 0.0000000000000000000, -0.1124999999999999800 ) ) ;
#67 =( LENGTH_UNIT ( ) NAMED_UNIT ( * ) SI_UNIT ( .MILLI., .METRE. ) );
#68 = FACE_OUTER_BOUND ( 'NONE', #2328, .T. ) ;
#69 = PLANE ( 'NONE',  #4613 ) ;
#70 = ORIENTED_EDGE ( 'NONE', *, *, #3185, .F. ) ;
#71 = ORIENTED_EDGE ( 'NONE', *, *, #4502, .T. ) ;
#72 = EDGE_CURVE ( 'NONE', #3427, #3141, #726, .T. ) ;
#73 = ORIENTED_EDGE ( 'NONE', *, *, #1698, .T. ) ;
#74 = EDGE_CURVE ( 'NONE', #2991, #739, #478, .T. ) ;
#75 = ORIENTED_EDGE ( 'NONE', *, *, #1324, .F. ) ;
#76 = EDGE_CURVE ( 'NONE', #4504, #3521, #4115, .T. ) ;
#77 = ORIENTED_EDGE ( 'NONE', *, *, #1637, .F. ) ;
#78 = DIRECTION ( 'NONE',  ( 1.000000000000000000, 0.0000000000000000000, 0.0000000000000000000 ) ) ;
#79 = CARTESIAN_POINT ( 'NONE',  ( -1.806939028189363600, 0.6100000000000003200, 1.112500000000000000 ) ) ;
#80 = VECTOR ( 'NONE', #3304, 1000.000000000000000 ) ;
#81 = AXIS2_PLACEMENT_3D ( 'NONE', #1504, #4075, #4463 ) ;
#82 = DIRECTION ( 'NONE',  ( -0.1209742911513548600, 0.9852565360152931700, -0.1209742911513548200 ) ) ;
#83 = CARTESIAN_POINT ( 'NONE',  ( -2.450000000000000200, 0.1897396116033688600, 0.6124999999999999300 ) ) ;
#84 = VECTOR ( 'NONE', #3836, 1000.000000000000000 ) ;
#85 = FACE_OUTER_BOUND ( 'NONE', #1281, .T. ) ;
#86 = ORIENTED_EDGE ( 'NONE', *, *, #3885, .T. ) ;
#87 = CARTESIAN_POINT ( 'NONE',  ( 1.476670933428449100, 0.8000000000000000400, -0.3875000000000000700 ) ) ;
#88 = LINE ( 'NONE', #2068, #3931 ) ;
#89 = VECTOR ( 'NONE', #4821, 1000.000000000000000 ) ;
#90 = ORIENTED_EDGE ( 'NONE', *, *, #1168, .T. ) ;
#91 = ORIENTED_EDGE ( 'NONE', *, *, #1555, .T. ) ;
#92 = PRESENTATION_STYLE_ASSIGNMENT (( #4639 ) ) ;
#93 = CARTESIAN_POINT ( 'NONE',  ( -1.500000000000000700, 0.6100000000000003200, -1.499999999999999800 ) ) ;
#94 = DIRECTION ( 'NONE',  ( 0.0000000000000000000, 0.0000000000000000000, 1.000000000000000000 ) ) ;
#95 = VECTOR ( 'NONE', #3090, 1000.000000000000000 ) ;
#96 = EDGE_CURVE ( 'NONE', #2559, #4097, #2891, .T. ) ;
#97 = AXIS2_PLACEMENT_3D ( 'NONE', #4073, #1112, #2628 ) ;
#98 = ORIENTED_EDGE ( 'NONE', *, *, #25, .T. ) ;
#99 = VECTOR ( 'NONE', #2431, 1000.000000000000000 ) ;
#100 = EDGE_CURVE ( 'NONE', #1508, #3780, #908, .T. ) ;
#101 = CARTESIAN_POINT ( 'NONE',  ( 1.873869829047064800, 0.5486692206721369700, -1.112500000000000000 ) ) ;
#102 = ORIENTED_EDGE ( 'NONE', *, *, #1733, .F. ) ;
#103 = CARTESIAN_POINT ( 'NONE',  ( -1.476670933428449100, 0.8000000000000000400, -1.112500000000000000 ) ) ;
#104 = EDGE_CURVE ( 'NONE', #1014, #723, #2137, .T. ) ;
#105 = FACE_OUTER_BOUND ( 'NONE', #3390, .T. ) ;
#106 = VERTEX_POINT ( 'NONE', #4313 ) ;
#107 = DIRECTION ( 'NONE',  ( -0.0000000000000000000, -0.0000000000000000000, -1.000000000000000000 ) ) ;
#108 = CARTESIAN_POINT ( 'NONE',  ( -2.089276992637431300, 0.2665595911220556800, 0.3875000000000000700 ) ) ;
#109 = DIRECTION ( 'NONE',  ( -1.000000000000000000, 0.0000000000000000000, 0.0000000000000000000 ) ) ;
#110 = AXIS2_PLACEMENT_3D ( 'NONE', #2948, #3636, #4007 ) ;
#111 = DIRECTION ( 'NONE',  ( -1.000000000000000000, -0.0000000000000000000, -0.0000000000000000000 ) ) ;
#112 = EDGE_LOOP ( 'NONE', ( #398, #3542, #2886, #4127 ) ) ;
#113 = EDGE_CURVE ( 'NONE', #3748, #3053, #4412, .T. ) ;
#114 = DIRECTION ( 'NONE',  ( 1.000000000000000000, 0.0000000000000000000, 0.0000000000000000000 ) ) ;
#115 = ORIENTED_EDGE ( 'NONE', *, *, #3121, .T. ) ;
#116 = AXIS2_PLACEMENT_3D ( 'NONE', #3230, #4733, #4388 ) ;
#117 = VERTEX_POINT ( 'NONE', #206 ) ;
#118 =( LENGTH_UNIT ( ) NAMED_UNIT ( * ) SI_UNIT ( .MILLI., .METRE. ) );
#119 = DIRECTION ( 'NONE',  ( 1.000000000000000000, 0.0000000000000000000, 0.0000000000000000000 ) ) ;
#120 = DIRECTION ( 'NONE',  ( -0.08715574274766130200, -0.9961946980917452100, 0.0000000000000000000 ) ) ;
#121 = ORIENTED_EDGE ( 'NONE', *, *, #1409, .F. ) ;
#122 = ORIENTED_EDGE ( 'NONE', *, *, #4145, .F. ) ;
#123 = CARTESIAN_POINT ( 'NONE',  ( -2.156207793495132900, 0.2724152774378160200, -0.1124999999999999800 ) ) ;
#124 = ORIENTED_EDGE ( 'NONE', *, *, #569, .T. ) ;
#125 = DIRECTION ( 'NONE',  ( 0.9986295347545742800, -0.05233595624293736800, 0.0000000000000000000 ) ) ;
#126 = ORIENTED_EDGE ( 'NONE', *, *, #3796, .F. ) ;
#127 = CARTESIAN_POINT ( 'NONE',  ( -1.806939028189363600, 0.6100000000000003200, -0.3875000000000000700 ) ) ;
#128 = EDGE_CURVE ( 'NONE', #3516, #3386, #4771, .T. ) ;
#129 = VERTEX_POINT ( 'NONE', #4706 ) ;
#130 = VERTEX_POINT ( 'NONE', #224 ) ;
#131 = EDGE_CURVE ( 'NONE', #4504, #4770, #3009, .T. ) ;
#132 = EDGE_CURVE ( 'NONE', #4464, #1442, #4646, .T. ) ;
#133 = LINE ( 'NONE', #2003, #4221 ) ;
#134 = VECTOR ( 'NONE', #705, 1000.000000000000000 ) ;
#135 = DIRECTION ( 'NONE',  ( -1.000000000000000000, 0.0000000000000000000, 0.0000000000000000000 ) ) ;
#136 = VERTEX_POINT ( 'NONE', #2030 ) ;
#137 = LINE ( 'NONE', #1291, #2016 ) ;
#138 = FACE_OUTER_BOUND ( 'NONE', #4517, .T. ) ;
#139 = ORIENTED_EDGE ( 'NONE', *, *, #4070, .F. ) ;
#140 = MECHANICAL_DESIGN_GEOMETRIC_PRESENTATION_REPRESENTATION (  '', ( #2238 ), #394 ) ;
#141 = VERTEX_POINT ( 'NONE', #4690 ) ;
#142 = DIRECTION ( 'NONE',  ( 1.000000000000000000, 0.0000000000000000000, 0.0000000000000000000 ) ) ;
#143 = CARTESIAN_POINT ( 'NONE',  ( -2.450000000000000200, 0.1897396116033688600, 0.1124999999999999800 ) ) ;
#144 = DIRECTION ( 'NONE',  ( 0.0000000000000000000, -0.0000000000000000000, -1.000000000000000000 ) ) ;
#145 = FACE_BOUND ( 'NONE', #2248, .T. ) ;
#146 = DIRECTION ( 'NONE',  ( 0.0000000000000000000, 0.0000000000000000000, 1.000000000000000000 ) ) ;
#147 = PLANE ( 'NONE',  #3 ) ;
#148 = AXIS2_PLACEMENT_3D ( 'NONE', #1268, #2769, #4607 ) ;
#149 = LINE ( 'NONE', #1992, #43 ) ;
#150 = DIRECTION ( 'NONE',  ( -1.000000000000000000, 0.0000000000000000000, 0.0000000000000000000 ) ) ;
#151 = FACE_OUTER_BOUND ( 'NONE', #2869, .T. ) ;
#152 = CARTESIAN_POINT ( 'NONE',  ( 0.0000000000000000000, 0.0000000000000000000, 0.0000000000000000000 ) ) ;
#153 = DIRECTION ( 'NONE',  ( 0.0000000000000000000, 0.0000000000000000000, 1.000000000000000000 ) ) ;
#154 = ORIENTED_EDGE ( 'NONE', *, *, #3286, .F. ) ;
#155 = LINE ( 'NONE', #4465, #4307 ) ;
#156 = ORIENTED_EDGE ( 'NONE', *, *, #1898, .T. ) ;
#157 = EDGE_CURVE ( 'NONE', #3317, #307, #3763, .T. ) ;
#158 = FACE_OUTER_BOUND ( 'NONE', #467, .T. ) ;
#159 = CARTESIAN_POINT ( 'NONE',  ( -2.142747693882932400, 0.01558127690695090000, 0.1124999999999999800 ) ) ;
#160 = CARTESIAN_POINT ( 'NONE',  ( -1.806939028189363600, 0.6100000000000003200, 1.112500000000000000 ) ) ;
#161 = VERTEX_POINT ( 'NONE', #1311 ) ;
#162 = VECTOR ( 'NONE', #2655, 1000.000000000000000 ) ;
#163 = CARTESIAN_POINT ( 'NONE',  ( 2.440056168313842200, 0.0000000000000000000, 0.6124999999999999300 ) ) ;
#164 = DIRECTION ( 'NONE',  ( 1.000000000000000000, -0.0000000000000000000, -0.0000000000000000000 ) ) ;
#165 = ORIENTED_EDGE ( 'NONE', *, *, #1983, .T. ) ;
#166 = ADVANCED_FACE ( 'NONE', ( #3462 ), #378, .F. ) ;
#167 =( LENGTH_UNIT ( ) NAMED_UNIT ( * ) SI_UNIT ( .MILLI., .METRE. ) );
#168 = VECTOR ( 'NONE', #188, 1000.000000000000000 ) ;
#169 = DIRECTION ( 'NONE',  ( 0.0000000000000000000, 0.0000000000000000000, 1.000000000000000000 ) ) ;
#170 = EDGE_LOOP ( 'NONE', ( #1928, #2611, #2368, #2416 ) ) ;
#171 = AXIS2_PLACEMENT_3D ( 'NONE', #3428, #2092, #237 ) ;
#172 = FACE_OUTER_BOUND ( 'NONE', #1775, .T. ) ;
#173 = CARTESIAN_POINT ( 'NONE',  ( 2.156207793495132900, 0.2724152774378160200, -0.8875000000000000700 ) ) ;
#174 = CARTESIAN_POINT ( 'NONE',  ( -2.063146821684496100, 0.5652288117941926000, 0.6124999999999999300 ) ) ;
#175 = CIRCLE ( 'NONE', #1275, 0.2571864656436230200 ) ;
#176 = ORIENTED_EDGE ( 'NONE', *, *, #1910, .T. ) ;
#177 = VERTEX_POINT ( 'NONE', #554 ) ;
#178 = DIRECTION ( 'NONE',  ( 0.0000000000000000000, -1.000000000000000000, 0.0000000000000000000 ) ) ;
#179 = ORIENTED_EDGE ( 'NONE', *, *, #735, .F. ) ;
#180 = EDGE_LOOP ( 'NONE', ( #2979, #2510, #1286, #156 ) ) ;
#181 = VERTEX_POINT ( 'NONE', #4295 ) ;
#182 = DIRECTION ( 'NONE',  ( 0.9961946980917454300, -0.08715574274765987300, 0.0000000000000000000 ) ) ;
#183 = CARTESIAN_POINT ( 'NONE',  ( 2.156207793495132900, 0.2724152774378160200, -0.8875000000000000700 ) ) ;
#184 = CARTESIAN_POINT ( 'NONE',  ( -2.156207793495132900, 0.2724152774378160200, -0.3875000000000000700 ) ) ;
#185 = CARTESIAN_POINT ( 'NONE',  ( -2.089276992637431300, 0.2665595911220556800, -0.1124999999999999800 ) ) ;
#186 = FACE_OUTER_BOUND ( 'NONE', #2563, .T. ) ;
#187 = ADVANCED_FACE ( 'NONE', ( #2462 ), #2829, .F. ) ;
#188 = DIRECTION ( 'NONE',  ( -0.0000000000000000000, -0.0000000000000000000, -1.000000000000000000 ) ) ;
#189 = VECTOR ( 'NONE', #3440, 1000.000000000000000 ) ;
#190 = DIRECTION ( 'NONE',  ( -1.000000000000000000, -0.0000000000000000000, -0.0000000000000000000 ) ) ;
#191 = FACE_OUTER_BOUND ( 'NONE', #1182, .T. ) ;
#192 = EDGE_CURVE ( 'NONE', #757, #3196, #2243, .T. ) ;
#193 = CARTESIAN_POINT ( 'NONE',  ( 2.450000000000000200, 0.1897396116033688300, 1.112500000000000000 ) ) ;
#194 = VECTOR ( 'NONE', #322, 1000.000000000000000 ) ;
#195 = PLANE ( 'NONE',  #2633 ) ;
#196 = ORIENTED_EDGE ( 'NONE', *, *, #4155, .F. ) ;
#197 = AXIS2_PLACEMENT_3D ( 'NONE', #2470, #1425, #3603 ) ;
#198 = CARTESIAN_POINT ( 'NONE',  ( 2.450000000000000200, 0.1897396116033688300, 0.1124999999999999800 ) ) ;
#199 = EDGE_CURVE ( 'NONE', #2837, #539, #88, .T. ) ;
#200 = CARTESIAN_POINT ( 'NONE',  ( -1.806939028189363600, 0.6100000000000003200, -0.3875000000000000700 ) ) ;
#201 = DIRECTION ( 'NONE',  ( 0.05233595624293681900, 0.9986295347545742800, -0.0000000000000000000 ) ) ;
#202 = EDGE_CURVE ( 'NONE', #1068, #3738, #1610, .T. ) ;
#203 = DIRECTION ( 'NONE',  ( -0.0000000000000000000, -0.0000000000000000000, -1.000000000000000000 ) ) ;
#204 = CARTESIAN_POINT ( 'NONE',  ( 1.500000000000000000, 0.6100000000000003200, -0.3875000000000000700 ) ) ;
#205 = AXIS2_PLACEMENT_3D ( 'NONE', #1139, #2610, #4 ) ;
#206 = CARTESIAN_POINT ( 'NONE',  ( -1.500000000000000000, 0.6100000000000003200, 1.499999999999999800 ) ) ;
#207 = EDGE_CURVE ( 'NONE', #4784, #4765, #137, .T. ) ;
#208 = VECTOR ( 'NONE', #2709, 1000.000000000000000 ) ;
#209 = DIRECTION ( 'NONE',  ( -0.05233595624293736800, -0.9986295347545742800, 0.0000000000000000000 ) ) ;
#210 = EDGE_LOOP ( 'NONE', ( #3465, #3895, #4616, #3250 ) ) ;
#211 = CARTESIAN_POINT ( 'NONE',  ( 1.443519101984663600, 0.1499999999999997400, 1.443519101984662700 ) ) ;
#212 = ADVANCED_FACE ( 'NONE', ( #4226 ), #1327, .F. ) ;
#213 = LINE ( 'NONE', #193, #54 ) ;
#214 =( NAMED_UNIT ( * ) PLANE_ANGLE_UNIT ( ) SI_UNIT ( $, .RADIAN. ) );
#215 = CARTESIAN_POINT ( 'NONE',  ( -1.806939028189363600, 0.5428135343563766900, -0.8875000000000000700 ) ) ;
#216 = ORIENTED_EDGE ( 'NONE', *, *, #96, .T. ) ;
#217 = CARTESIAN_POINT ( 'NONE',  ( -1.139835565157574400, 1.099999999999999600, -1.139835565157576700 ) ) ;
#218 = CARTESIAN_POINT ( 'NONE',  ( -1.806939028189363600, 0.8000000000000000400, -1.112500000000000000 ) ) ;
#219 = LINE ( 'NONE', #1170, #341 ) ;
#220 = VERTEX_POINT ( 'NONE', #3900 ) ;
#221 = ORIENTED_EDGE ( 'NONE', *, *, #977, .F. ) ;
#222 = EDGE_CURVE ( 'NONE', #424, #3848, #683, .T. ) ;
#223 = EDGE_CURVE ( 'NONE', #522, #4521, #1752, .T. ) ;
#224 = CARTESIAN_POINT ( 'NONE',  ( 2.142747693882932400, 0.01558127690695090000, 0.3875000000000000700 ) ) ;
#225 = LINE ( 'NONE', #2521, #1631 ) ;
#226 = ORIENTED_EDGE ( 'NONE', *, *, #1866, .F. ) ;
#227 = ORIENTED_EDGE ( 'NONE', *, *, #2800, .T. ) ;
#228 = CARTESIAN_POINT ( 'NONE',  ( 2.156207793495132900, 0.2724152774378160200, 0.8875000000000000700 ) ) ;
#229 = AXIS2_PLACEMENT_3D ( 'NONE', #1025, #4408, #2549 ) ;
#230 = DIRECTION ( 'NONE',  ( -0.08715574274766128800, 0.9961946980917452100, 0.0000000000000000000 ) ) ;
#231 = EDGE_LOOP ( 'NONE', ( #930, #2631, #4314, #2907 ) ) ;
#232 = PRESENTATION_STYLE_ASSIGNMENT (( #1385 ) ) ;
#233 = DIRECTION ( 'NONE',  ( -1.000000000000000000, 0.0000000000000000000, 0.0000000000000000000 ) ) ;
#234 = DIRECTION ( 'NONE',  ( 0.0000000000000000000, 1.000000000000000000, 0.0000000000000000000 ) ) ;
#235 = VERTEX_POINT ( 'NONE', #2086 ) ;
#236 = DIRECTION ( 'NONE',  ( 1.000000000000000000, -0.0000000000000000000, -0.0000000000000000000 ) ) ;
#237 = DIRECTION ( 'NONE',  ( 0.0000000000000000000, -0.0000000000000000000, 1.000000000000000000 ) ) ;
#238 = AXIS2_PLACEMENT_3D ( 'NONE', #173, #3847, #1260 ) ;
#239 = ADVANCED_FACE ( 'NONE', ( #2729 ), #4743, .F. ) ;
#240 = EDGE_LOOP ( 'NONE', ( #3163, #3094, #3179, #115 ) ) ;
#241 = ORIENTED_EDGE ( 'NONE', *, *, #207, .F. ) ;
#242 = EDGE_LOOP ( 'NONE', ( #4592, #1896, #241, #931 ) ) ;
#243 = CARTESIAN_POINT ( 'NONE',  ( 2.450000000000000200, 0.1897396116033688300, 0.8875000000000000700 ) ) ;
#244 = ORIENTED_EDGE ( 'NONE', *, *, #4818, .T. ) ;
#245 = ORIENTED_EDGE ( 'NONE', *, *, #2849, .F. ) ;
#246 = ORIENTED_EDGE ( 'NONE', *, *, #3472, .T. ) ;
#247 = DIRECTION ( 'NONE',  ( 1.000000000000000000, 0.0000000000000000000, 0.0000000000000000000 ) ) ;
#248 = CIRCLE ( 'NONE', #808, 0.2571864656436230200 ) ;
#249 = LINE ( 'NONE', #3162, #1543 ) ;
#250 = ORIENTED_EDGE ( 'NONE', *, *, #980, .T. ) ;
#251 = CARTESIAN_POINT ( 'NONE',  ( 2.450000000000000200, 0.1897396116033688300, 0.6124999999999999300 ) ) ;
#252 = DIRECTION ( 'NONE',  ( -1.000000000000000000, 0.0000000000000000000, 0.0000000000000000000 ) ) ;
#253 = AXIS2_PLACEMENT_3D ( 'NONE', #2027, #503, #1732 ) ;
#254 = DIRECTION ( 'NONE',  ( 0.0000000000000000000, 0.0000000000000000000, 1.000000000000000000 ) ) ;
#255 = VECTOR ( 'NONE', #2557, 1000.000000000000000 ) ;
#256 = FACE_OUTER_BOUND ( 'NONE', #1472, .T. ) ;
#257 = VERTEX_POINT ( 'NONE', #2501 ) ;
#258 = ORIENTED_EDGE ( 'NONE', *, *, #3732, .F. ) ;
#259 = DIRECTION ( 'NONE',  ( 0.05233595624293728400, -0.9986295347545742800, 0.0000000000000000000 ) ) ;
#260 = CARTESIAN_POINT ( 'NONE',  ( 1.476670933428449100, 0.8000000000000000400, -0.8875000000000000700 ) ) ;
#261 = LINE ( 'NONE', #3052, #4355 ) ;
#262 = AXIS2_PLACEMENT_3D ( 'NONE', #792, #1905, #3792 ) ;
#263 = DIRECTION ( 'NONE',  ( -0.0000000000000000000, -0.0000000000000000000, -1.000000000000000000 ) ) ;
#264 = DIRECTION ( 'NONE',  ( -0.0000000000000000000, -0.0000000000000000000, -1.000000000000000000 ) ) ;
#265 = LINE ( 'NONE', #4370, #629 ) ;
#266 = ADVANCED_FACE ( 'NONE', ( #3614 ), #4000, .F. ) ;
#267 = AXIS2_PLACEMENT_3D ( 'NONE', #3927, #2095, #1676 ) ;
#268 = DIRECTION ( 'NONE',  ( -0.9986295347545742800, 0.05233595624293736800, 0.0000000000000000000 ) ) ;
#269 = DIRECTION ( 'NONE',  ( 0.08715574274765987300, 0.9961946980917454300, 0.0000000000000000000 ) ) ;
#270 = LINE ( 'NONE', #2175, #2477 ) ;
#271 = CARTESIAN_POINT ( 'NONE',  ( 1.806939028189363600, 0.5428135343563765800, -0.3875000000000000700 ) ) ;
#272 = VERTEX_POINT ( 'NONE', #1391 ) ;
#273 = FILL_AREA_STYLE ('',( #4024 ) ) ;
#274 = ORIENTED_EDGE ( 'NONE', *, *, #1970, .F. ) ;
#275 = CIRCLE ( 'NONE', #3960, 0.06718646564362382200 ) ;
#276 = DIRECTION ( 'NONE',  ( 0.08715574274766130200, 0.9961946980917452100, 0.0000000000000000000 ) ) ;
#277 = CARTESIAN_POINT ( 'NONE',  ( 1.900000000000000100, 0.2500000000000000000, 0.6124999999999999300 ) ) ;
#278 = ORIENTED_EDGE ( 'NONE', *, *, #1899, .T. ) ;
#279 = EDGE_CURVE ( 'NONE', #948, #1712, #2495, .T. ) ;
#280 = CARTESIAN_POINT ( 'NONE',  ( -1.806939028189363600, 0.6100000000000003200, -0.8875000000000000700 ) ) ;
#281 = VECTOR ( 'NONE', #5, 1000.000000000000000 ) ;
#282 = DIRECTION ( 'NONE',  ( -0.0000000000000000000, -0.0000000000000000000, -1.000000000000000000 ) ) ;
#283 = VERTEX_POINT ( 'NONE', #2487 ) ;
#284 = FACE_OUTER_BOUND ( 'NONE', #2844, .T. ) ;
#285 = CARTESIAN_POINT ( 'NONE',  ( -2.440056168313842200, 0.0000000000000000000, 0.6124999999999999300 ) ) ;
#286 =( NAMED_UNIT ( * ) SI_UNIT ( $, .STERADIAN. ) SOLID_ANGLE_UNIT ( ) );
#287 = VERTEX_POINT ( 'NONE', #3283 ) ;
#288 = CARTESIAN_POINT ( 'NONE',  ( -2.440056168313842200, 0.0000000000000000000, -0.1124999999999999800 ) ) ;
#289 = PLANE ( 'NONE',  #3949 ) ;
#290 = FACE_OUTER_BOUND ( 'NONE', #2926, .T. ) ;
#291 = CARTESIAN_POINT ( 'NONE',  ( -1.806939028189363600, 0.8000000000000000400, -0.3875000000000000700 ) ) ;
#292 = ADVANCED_FACE ( 'NONE', ( #3736 ), #1786, .F. ) ;
#293 = EDGE_CURVE ( 'NONE', #567, #2214, #3491, .T. ) ;
#294 = CARTESIAN_POINT ( 'NONE',  ( 2.089276992637431300, 0.2665595911220557400, 0.3875000000000000700 ) ) ;
#295 = EDGE_CURVE ( 'NONE', #620, #4817, #3375, .T. ) ;
#296 = CARTESIAN_POINT ( 'NONE',  ( 2.156207793495132900, 0.2724152774378160200, 0.6124999999999999300 ) ) ;
#297 = ORIENTED_EDGE ( 'NONE', *, *, #4583, .F. ) ;
#298 = VECTOR ( 'NONE', #4440, 1000.000000000000000 ) ;
#299 = MECHANICAL_DESIGN_GEOMETRIC_PRESENTATION_REPRESENTATION (  '', ( #2297 ), #1642 ) ;
#300 = LINE ( 'NONE', #4321, #4334 ) ;
#301 = ORIENTED_EDGE ( 'NONE', *, *, #951, .T. ) ;
#302 = EDGE_CURVE ( 'NONE', #795, #4574, #1848, .T. ) ;
#303 = DIRECTION ( 'NONE',  ( -0.0000000000000000000, -0.0000000000000000000, -1.000000000000000000 ) ) ;
#304 = CARTESIAN_POINT ( 'NONE',  ( -2.089276992637431300, 0.2665595911220556800, 0.3875000000000000700 ) ) ;
#305 = DIRECTION ( 'NONE',  ( -0.0000000000000000000, -0.0000000000000000000, -1.000000000000000000 ) ) ;
#306 = ORIENTED_EDGE ( 'NONE', *, *, #2117, .T. ) ;
#307 = VERTEX_POINT ( 'NONE', #2522 ) ;
#308 = AXIS2_PLACEMENT_3D ( 'NONE', #893, #4212, #3068 ) ;
#309 = CARTESIAN_POINT ( 'NONE',  ( 2.156207793495132900, 0.2724152774378160200, -0.6124999999999999300 ) ) ;
#310 = CARTESIAN_POINT ( 'NONE',  ( 1.806939028189363600, 0.5428135343563765800, 1.112500000000000000 ) ) ;
#311 = ADVANCED_FACE ( 'NONE', ( #4703 ), #993, .F. ) ;
#312 = CARTESIAN_POINT ( 'NONE',  ( -2.450000000000000200, 0.1897396116033688600, -0.3875000000000000700 ) ) ;
#313 = PLANE ( 'NONE',  #2023 ) ;
#314 = ORIENTED_EDGE ( 'NONE', *, *, #4739, .F. ) ;
#315 = LINE ( 'NONE', #1463, #4532 ) ;
#316 = VECTOR ( 'NONE', #3477, 1000.000000000000000 ) ;
#317 = ORIENTED_EDGE ( 'NONE', *, *, #2172, .F. ) ;
#318 = ADVANCED_FACE ( 'NONE', ( #877 ), #313, .F. ) ;
#319 = LINE ( 'NONE', #1288, #1720 ) ;
#320 = DIRECTION ( 'NONE',  ( -0.0000000000000000000, -0.0000000000000000000, -1.000000000000000000 ) ) ;
#321 = ORIENTED_EDGE ( 'NONE', *, *, #131, .F. ) ;
#322 = DIRECTION ( 'NONE',  ( 1.000000000000000000, 0.0000000000000000000, 0.0000000000000000000 ) ) ;
#323 = EDGE_CURVE ( 'NONE', #2682, #495, #657, .T. ) ;
#324 = CARTESIAN_POINT ( 'NONE',  ( -2.440056168313842200, 0.0000000000000000000, -1.112500000000000000 ) ) ;
#325 = FACE_OUTER_BOUND ( 'NONE', #677, .T. ) ;
#326 = LINE ( 'NONE', #2471, #801 ) ;
#327 = CARTESIAN_POINT ( 'NONE',  ( -1.139835565157574400, 1.099999999999999600, -1.139835565157576700 ) ) ;
#328 = PLANE ( 'NONE',  #4449 ) ;
#329 = DIRECTION ( 'NONE',  ( 0.1218693434051425900, -0.9925461516413225400, -0.0000000000000000000 ) ) ;
#330 = AXIS2_PLACEMENT_3D ( 'NONE', #1539, #1584, #4514 ) ;
#331 = EDGE_CURVE ( 'NONE', #2517, #3381, #2855, .T. ) ;
#332 = ORIENTED_EDGE ( 'NONE', *, *, #4522, .T. ) ;
#333 = PLANE ( 'NONE',  #2518 ) ;
#334 = DIRECTION ( 'NONE',  ( 1.000000000000000000, 0.0000000000000000000, 0.0000000000000000000 ) ) ;
#335 = CARTESIAN_POINT ( 'NONE',  ( -1.900000000000000100, 0.2500000000000000000, -0.8875000000000000700 ) ) ;
#336 = LINE ( 'NONE', #163, #99 ) ;
#337 = CARTESIAN_POINT ( 'NONE',  ( 2.063146821684495700, 0.5652288117941927100, -0.8875000000000000700 ) ) ;
#338 = ORIENTED_EDGE ( 'NONE', *, *, #3119, .T. ) ;
#339 = CARTESIAN_POINT ( 'NONE',  ( 2.089276992637431300, 0.2665595911220557400, 0.1124999999999999800 ) ) ;
#340 = CARTESIAN_POINT ( 'NONE',  ( 2.152691525569090400, 0.2053208885103196300, 0.6124999999999999300 ) ) ;
#341 = VECTOR ( 'NONE', #19, 1000.000000000000000 ) ;
#342 = ORIENTED_EDGE ( 'NONE', *, *, #4809, .T. ) ;
#343 = ORIENTED_EDGE ( 'NONE', *, *, #1015, .F. ) ;
#344 = ORIENTED_EDGE ( 'NONE', *, *, #681, .F. ) ;
#345 = DIRECTION ( 'NONE',  ( 0.0000000000000000000, 0.0000000000000000000, 1.000000000000000000 ) ) ;
#346 = CYLINDRICAL_SURFACE ( 'NONE', #1912, 0.2571864656436234600 ) ;
#347 = ORIENTED_EDGE ( 'NONE', *, *, #25, .F. ) ;
#348 = CARTESIAN_POINT ( 'NONE',  ( -1.500000000000000000, 0.6100000000000003200, 0.6124999999999999300 ) ) ;
#349 = DIRECTION ( 'NONE',  ( -1.000000000000000000, 0.0000000000000000000, 0.0000000000000000000 ) ) ;
#350 = ORIENTED_EDGE ( 'NONE', *, *, #1571, .T. ) ;
#351 = LINE ( 'NONE', #2645, #1120 ) ;
#352 = ADVANCED_FACE ( 'NONE', ( #325 ), #3658, .F. ) ;
#353 = EDGE_LOOP ( 'NONE', ( #4077, #4141, #3945, #2169, #1936, #919, #4555, #374, #1412, #2296, #3566, #3808 ) ) ;
#354 = EDGE_CURVE ( 'NONE', #2964, #4208, #4829, .T. ) ;
#355 = EDGE_CURVE ( 'NONE', #4417, #3434, #740, .T. ) ;
#356 = DIRECTION ( 'NONE',  ( 1.000000000000000000, 0.0000000000000000000, 0.0000000000000000000 ) ) ;
#357 = SURFACE_SIDE_STYLE ('',( #1166 ) ) ;
#358 = CARTESIAN_POINT ( 'NONE',  ( 0.0000000000000000000, 1.099999999999999600, 0.0000000000000000000 ) ) ;
#359 = PRESENTATION_STYLE_ASSIGNMENT (( #1035 ) ) ;
#360 = CARTESIAN_POINT ( 'NONE',  ( 1.806939028189363600, 0.6100000000000003200, 0.3875000000000000700 ) ) ;
#361 = VERTEX_POINT ( 'NONE', #3961 ) ;
#362 = ORIENTED_EDGE ( 'NONE', *, *, #4391, .F. ) ;
#363 = CIRCLE ( 'NONE', #26, 0.06718646564362360000 ) ;
#364 = DIRECTION ( 'NONE',  ( 0.1218693434051425900, 0.9925461516413225400, 0.0000000000000000000 ) ) ;
#365 = AXIS2_PLACEMENT_3D ( 'NONE', #627, #3213, #3594 ) ;
#366 = VERTEX_POINT ( 'NONE', #3004 ) ;
#367 = EDGE_CURVE ( 'NONE', #1096, #3616, #1658, .T. ) ;
#368 = ORIENTED_EDGE ( 'NONE', *, *, #416, .F. ) ;
#369 = VERTEX_POINT ( 'NONE', #1886 ) ;
#370 = SURFACE_SIDE_STYLE ('',( #4693 ) ) ;
#371 = AXIS2_PLACEMENT_3D ( 'NONE', #914, #4303, #120 ) ;
#372 = FACE_OUTER_BOUND ( 'NONE', #1585, .T. ) ;
#373 = LINE ( 'NONE', #4387, #794 ) ;
#374 = ORIENTED_EDGE ( 'NONE', *, *, #2647, .F. ) ;
#375 = CARTESIAN_POINT ( 'NONE',  ( 2.156207793495132900, 0.2724152774378160200, -0.1124999999999999800 ) ) ;
#376 = DIRECTION ( 'NONE',  ( -0.0000000000000000000, -0.0000000000000000000, -1.000000000000000000 ) ) ;
#377 = DIRECTION ( 'NONE',  ( 0.0000000000000000000, 1.000000000000000000, 0.0000000000000000000 ) ) ;
#378 = CYLINDRICAL_SURFACE ( 'NONE', #3015, 0.06718646564362360000 ) ;
#379 = FACE_OUTER_BOUND ( 'NONE', #2712, .T. ) ;
#380 = ORIENTED_EDGE ( 'NONE', *, *, #2069, .T. ) ;
#381 = ORIENTED_EDGE ( 'NONE', *, *, #4213, .T. ) ;
#382 = SURFACE_STYLE_FILL_AREA ( #4655 ) ;
#383 = DIRECTION ( 'NONE',  ( -0.05233595624293682600, 0.9986295347545742800, 0.0000000000000000000 ) ) ;
#384 = VECTOR ( 'NONE', #1147, 1000.000000000000100 ) ;
#385 = DIRECTION ( 'NONE',  ( -0.0000000000000000000, -0.0000000000000000000, -1.000000000000000000 ) ) ;
#386 = EDGE_CURVE ( 'NONE', #573, #2734, #1087, .T. ) ;
#387 = EDGE_CURVE ( 'NONE', #2734, #1949, #3260, .T. ) ;
#388 = CARTESIAN_POINT ( 'NONE',  ( 2.440056168313842200, 0.0000000000000000000, -0.8875000000000000700 ) ) ;
#389 = ADVANCED_FACE ( 'NONE', ( #1842 ), #2573, .T. ) ;
#390 = VECTOR ( 'NONE', #3037, 1000.000000000000200 ) ;
#391 = EDGE_CURVE ( 'NONE', #2450, #734, #1551, .T. ) ;
#392 = CARTESIAN_POINT ( 'NONE',  ( -2.089276992637431300, 0.2665595911220556800, 1.112500000000000000 ) ) ;
#393 = CARTESIAN_POINT ( 'NONE',  ( 1.476670933428449100, 0.8000000000000000400, 1.112500000000000000 ) ) ;
#394 =( GEOMETRIC_REPRESENTATION_CONTEXT ( 3 ) GLOBAL_UNCERTAINTY_ASSIGNED_CONTEXT ( ( #1909 ) ) GLOBAL_UNIT_ASSIGNED_CONTEXT ( ( #118, #3031, #64 ) ) REPRESENTATION_CONTEXT ( 'NONE', 'WORKASPACE' ) );
#395 = EDGE_CURVE ( 'NONE', #3371, #1949, #4688, .T. ) ;
#396 = PLANE ( 'NONE',  #3039 ) ;
#397 = VECTOR ( 'NONE', #2676, 1000.000000000000200 ) ;
#398 = ORIENTED_EDGE ( 'NONE', *, *, #917, .T. ) ;
#399 = LINE ( 'NONE', #640, #704 ) ;
#400 = ORIENTED_EDGE ( 'NONE', *, *, #1152, .T. ) ;
#401 = AXIS2_PLACEMENT_3D ( 'NONE', #215, #4731, #4679 ) ;
#402 = DIRECTION ( 'NONE',  ( -0.0000000000000000000, 0.0000000000000000000, -1.000000000000000000 ) ) ;
#403 = ORIENTED_EDGE ( 'NONE', *, *, #4490, .T. ) ;
#404 = LINE ( 'NONE', #3689, #1930 ) ;
#405 = CARTESIAN_POINT ( 'NONE',  ( -1.806939028189363600, 0.6100000000000003200, 0.1124999999999999800 ) ) ;
#406 = EDGE_LOOP ( 'NONE', ( #4797, #3302, #3918, #1672 ) ) ;
#407 = ORIENTED_EDGE ( 'NONE', *, *, #3941, .F. ) ;
#408 = DIRECTION ( 'NONE',  ( -1.000000000000000000, 0.0000000000000000000, 0.0000000000000000000 ) ) ;
#409 = DIRECTION ( 'NONE',  ( 0.0000000000000000000, 0.0000000000000000000, 1.000000000000000000 ) ) ;
#410 = DIRECTION ( 'NONE',  ( -0.9961946980917453200, 0.08715574274766131600, 0.0000000000000000000 ) ) ;
#411 = LINE ( 'NONE', #4372, #1524 ) ;
#412 = CARTESIAN_POINT ( 'NONE',  ( -2.440056168313842200, 0.0000000000000000000, 0.8875000000000000700 ) ) ;
#413 = ORIENTED_EDGE ( 'NONE', *, *, #3380, .F. ) ;
#414 = CIRCLE ( 'NONE', #401, 0.2571864656436234600 ) ;
#415 = ADVANCED_FACE ( 'NONE', ( #2637 ), #11, .F. ) ;
#416 = EDGE_CURVE ( 'NONE', #795, #3060, #2702, .T. ) ;
#417 = DIRECTION ( 'NONE',  ( 0.08715574274766130200, -0.9961946980917452100, 0.0000000000000000000 ) ) ;
#418 = LINE ( 'NONE', #1191, #1176 ) ;
#419 = ORIENTED_EDGE ( 'NONE', *, *, #3128, .F. ) ;
#420 = ORIENTED_EDGE ( 'NONE', *, *, #661, .F. ) ;
#421 = AXIS2_PLACEMENT_3D ( 'NONE', #1679, #4327, #612 ) ;
#422 = DIRECTION ( 'NONE',  ( -0.0000000000000000000, -0.0000000000000000000, -1.000000000000000000 ) ) ;
#423 = DIRECTION ( 'NONE',  ( -1.000000000000000000, 0.0000000000000000000, 0.0000000000000000000 ) ) ;
#424 = VERTEX_POINT ( 'NONE', #1855 ) ;
#425 = ORIENTED_EDGE ( 'NONE', *, *, #2144, .F. ) ;
#426 = CARTESIAN_POINT ( 'NONE',  ( 1.873869829047064800, 0.5486692206721369700, 1.112500000000000000 ) ) ;
#427 = ORIENTED_EDGE ( 'NONE', *, *, #1575, .T. ) ;
#428 = EDGE_CURVE ( 'NONE', #4406, #2721, #743, .T. ) ;
#429 = CARTESIAN_POINT ( 'NONE',  ( 2.089276992637431300, 0.2665595911220557400, -0.1124999999999999800 ) ) ;
#430 = SURFACE_STYLE_FILL_AREA ( #560 ) ;
#431 = ORIENTED_EDGE ( 'NONE', *, *, #648, .F. ) ;
#432 = AXIS2_PLACEMENT_3D ( 'NONE', #2823, #608, #3992 ) ;
#433 = EDGE_CURVE ( 'NONE', #37, #136, #651, .T. ) ;
#434 = LINE ( 'NONE', #3158, #957 ) ;
#435 = ORIENTED_EDGE ( 'NONE', *, *, #2228, .F. ) ;
#436 = PLANE ( 'NONE',  #4237 ) ;
#437 = LINE ( 'NONE', #2155, #1313 ) ;
#438 = ORIENTED_EDGE ( 'NONE', *, *, #2882, .F. ) ;
#439 = CARTESIAN_POINT ( 'NONE',  ( -1.806939028189363600, 0.5428135343563766900, 0.1124999999999999800 ) ) ;
#440 = DIRECTION ( 'NONE',  ( -0.0000000000000000000, 0.0000000000000000000, -1.000000000000000000 ) ) ;
#441 = VECTOR ( 'NONE', #3605, 1000.000000000000000 ) ;
#442 = ADVANCED_FACE ( 'NONE', ( #1082 ), #3670, .F. ) ;
#443 = AXIS2_PLACEMENT_3D ( 'NONE', #3735, #2291, #3810 ) ;
#444 = CARTESIAN_POINT ( 'NONE',  ( -1.500000000000000000, 0.6100000000000003200, 1.499999999999999800 ) ) ;
#445 = DIRECTION ( 'NONE',  ( -0.0000000000000000000, -0.0000000000000000000, -1.000000000000000000 ) ) ;
#446 = ORIENTED_EDGE ( 'NONE', *, *, #3857, .T. ) ;
#447 = EDGE_CURVE ( 'NONE', #3848, #826, #1850, .T. ) ;
#448 = VECTOR ( 'NONE', #2999, 1000.000000000000000 ) ;
#449 = EDGE_LOOP ( 'NONE', ( #1386, #3374, #4548, #3562 ) ) ;
#450 = CARTESIAN_POINT ( 'NONE',  ( 1.806939028189363600, 0.5428135343563765800, -0.8875000000000000700 ) ) ;
#451 = EDGE_CURVE ( 'NONE', #3616, #2941, #1493, .T. ) ;
#452 = LINE ( 'NONE', #444, #2550 ) ;
#453 = ORIENTED_EDGE ( 'NONE', *, *, #945, .F. ) ;
#454 = STYLED_ITEM ( 'NONE', ( #1377 ), #1445 ) ;
#455 = VECTOR ( 'NONE', #3244, 1000.000000000000000 ) ;
#456 = VERTEX_POINT ( 'NONE', #2955 ) ;
#457 = ADVANCED_FACE ( 'NONE', ( #145, #3349 ), #731, .T. ) ;
#458 = VERTEX_POINT ( 'NONE', #2189 ) ;
#459 = ORIENTED_EDGE ( 'NONE', *, *, #3218, .F. ) ;
#460 = FACE_OUTER_BOUND ( 'NONE', #3761, .T. ) ;
#461 = EDGE_CURVE ( 'NONE', #4744, #1593, #4649, .T. ) ;
#462 = DIRECTION ( 'NONE',  ( 0.9925461516413226500, 0.1218693434051426000, -0.0000000000000000000 ) ) ;
#463 = ADVANCED_FACE ( 'NONE', ( #1787 ), #4575, .F. ) ;
#464 = EDGE_LOOP ( 'NONE', ( #2316, #1347, #2178, #3953, #2629, #1987, #4605, #588, #2127, #1772, #1424, #796 ) ) ;
#465 = FACE_OUTER_BOUND ( 'NONE', #2754, .T. ) ;
#466 = FILL_AREA_STYLE ('',( #3826 ) ) ;
#467 = EDGE_LOOP ( 'NONE', ( #1847, #4816, #453, #1164 ) ) ;
#468 = CARTESIAN_POINT ( 'NONE',  ( 1.476670933428449100, 0.8000000000000000400, -0.8875000000000000700 ) ) ;
#469 = ORIENTED_EDGE ( 'NONE', *, *, #3881, .T. ) ;
#470 = CIRCLE ( 'NONE', #1609, 0.06718646564362382200 ) ;
#471 = CARTESIAN_POINT ( 'NONE',  ( -1.500000000000000000, 0.6100000000000003200, 0.1124999999999999800 ) ) ;
#472 = ORIENTED_EDGE ( 'NONE', *, *, #1101, .F. ) ;
#473 = DIRECTION ( 'NONE',  ( -0.0000000000000000000, -0.0000000000000000000, -1.000000000000000000 ) ) ;
#474 = LINE ( 'NONE', #1372, #3747 ) ;
#475 = ORIENTED_EDGE ( 'NONE', *, *, #2536, .F. ) ;
#476 = EDGE_CURVE ( 'NONE', #4406, #1807, #1911, .T. ) ;
#477 = EDGE_LOOP ( 'NONE', ( #4629, #4056, #3200, #2380 ) ) ;
#478 = CIRCLE ( 'NONE', #1581, 0.2571864656436234600 ) ;
#479 = EDGE_CURVE ( 'NONE', #1071, #272, #855, .T. ) ;
#480 = CARTESIAN_POINT ( 'NONE',  ( 2.156207793495132900, 0.2724152774378160200, -1.112500000000000000 ) ) ;
#481 = ORIENTED_EDGE ( 'NONE', *, *, #2953, .T. ) ;
#482 = EDGE_LOOP ( 'NONE', ( #841, #1890, #2165, #2974 ) ) ;
#483 = AXIS2_PLACEMENT_3D ( 'NONE', #20, #1929, #2312 ) ;
#484 = DIRECTION ( 'NONE',  ( -1.000000000000000000, 0.0000000000000000000, 0.0000000000000000000 ) ) ;
#485 = DIRECTION ( 'NONE',  ( 0.9925461516413219800, 0.1218693434051477400, -7.174137959344322100E-017 ) ) ;
#486 = EDGE_CURVE ( 'NONE', #3913, #181, #4597, .T. ) ;
#487 = VECTOR ( 'NONE', #3508, 1000.000000000000000 ) ;
#488 = FACE_OUTER_BOUND ( 'NONE', #1770, .T. ) ;
#489 = ORIENTED_EDGE ( 'NONE', *, *, #302, .T. ) ;
#490 = CARTESIAN_POINT ( 'NONE',  ( 2.089276992637431300, 0.2665595911220557400, -0.8875000000000000700 ) ) ;
#491 = ADVANCED_FACE ( 'NONE', ( #4707 ), #910, .F. ) ;
#492 = CARTESIAN_POINT ( 'NONE',  ( 2.063146821684495700, 0.5652288117941927100, 0.6124999999999999300 ) ) ;
#493 = VECTOR ( 'NONE', #4671, 1000.000000000000000 ) ;
#494 = FACE_OUTER_BOUND ( 'NONE', #3697, .T. ) ;
#495 = VERTEX_POINT ( 'NONE', #2267 ) ;
#496 = CARTESIAN_POINT ( 'NONE',  ( -2.450000000000000200, 0.1897396116033688600, -1.112500000000000000 ) ) ;
#497 = VECTOR ( 'NONE', #4830, 1000.000000000000100 ) ;
#498 = VECTOR ( 'NONE', #3171, 1000.000000000000000 ) ;
#499 = DIRECTION ( 'NONE',  ( -0.0000000000000000000, -0.0000000000000000000, -1.000000000000000000 ) ) ;
#500 = PLANE ( 'NONE',  #3457 ) ;
#501 = DIRECTION ( 'NONE',  ( 1.000000000000000000, 0.0000000000000000000, 0.0000000000000000000 ) ) ;
#502 = DIRECTION ( 'NONE',  ( -0.08715574274765985900, -0.9961946980917454300, -0.0000000000000000000 ) ) ;
#503 = DIRECTION ( 'NONE',  ( 0.0000000000000000000, 0.0000000000000000000, 1.000000000000000000 ) ) ;
#504 = VECTOR ( 'NONE', #1451, 1000.000000000000000 ) ;
#505 = VERTEX_POINT ( 'NONE', #42 ) ;
#506 = DIRECTION ( 'NONE',  ( -0.0000000000000000000, -0.0000000000000000000, -1.000000000000000000 ) ) ;
#507 = ORIENTED_EDGE ( 'NONE', *, *, #541, .F. ) ;
#508 = LINE ( 'NONE', #3316, #756 ) ;
#509 = EDGE_LOOP ( 'NONE', ( #4662, #4847, #533, #907 ) ) ;
#510 = DIRECTION ( 'NONE',  ( 0.9986295347545742800, 0.05233595624293736800, 0.0000000000000000000 ) ) ;
#511 = AXIS2_PLACEMENT_3D ( 'NONE', #2340, #4564, #114 ) ;
#512 = ADVANCED_FACE ( 'NONE', ( #4118 ), #2630, .F. ) ;
#513 = VECTOR ( 'NONE', #2531, 1000.000000000000000 ) ;
#514 = ORIENTED_EDGE ( 'NONE', *, *, #4835, .T. ) ;
#515 = ORIENTED_EDGE ( 'NONE', *, *, #2308, .F. ) ;
#516 = DIRECTION ( 'NONE',  ( 1.000000000000000000, 0.0000000000000000000, 0.0000000000000000000 ) ) ;
#517 = DIRECTION ( 'NONE',  ( 0.1218693434051425900, -0.9925461516413225400, -0.0000000000000000000 ) ) ;
#518 = MANIFOLD_SOLID_BREP ( 'LPattern1[1]', #1759 ) ;
#519 = AXIS2_PLACEMENT_3D ( 'NONE', #2831, #282, #1754 ) ;
#520 = PLANE ( 'NONE',  #18 ) ;
#521 = ORIENTED_EDGE ( 'NONE', *, *, #3651, .F. ) ;
#522 = VERTEX_POINT ( 'NONE', #4543 ) ;
#523 = PLANE ( 'NONE',  #4173 ) ;
#524 = ORIENTED_EDGE ( 'NONE', *, *, #3379, .F. ) ;
#525 = LINE ( 'NONE', #1358, #2376 ) ;
#526 = ORIENTED_EDGE ( 'NONE', *, *, #2379, .T. ) ;
#527 = CARTESIAN_POINT ( 'NONE',  ( -1.139835565157574400, 0.9999999999999995600, -0.9898355651575766500 ) ) ;
#528 = ORIENTED_EDGE ( 'NONE', *, *, #1136, .T. ) ;
#529 = CARTESIAN_POINT ( 'NONE',  ( 1.806939028189363600, 0.6100000000000003200, -0.8875000000000000700 ) ) ;
#530 = LINE ( 'NONE', #4528, #2108 ) ;
#531 = DIRECTION ( 'NONE',  ( 0.05233595624293736800, 0.9986295347545742800, -0.0000000000000000000 ) ) ;
#532 = CARTESIAN_POINT ( 'NONE',  ( -2.450000000000000200, 0.1897396116033688600, -0.3875000000000000700 ) ) ;
#533 = ORIENTED_EDGE ( 'NONE', *, *, #2379, .F. ) ;
#534 =( NAMED_UNIT ( * ) PLANE_ANGLE_UNIT ( ) SI_UNIT ( $, .RADIAN. ) );
#535 = ORIENTED_EDGE ( 'NONE', *, *, #4403, .T. ) ;
#536 = ORIENTED_EDGE ( 'NONE', *, *, #3578, .F. ) ;
#537 = EDGE_LOOP ( 'NONE', ( #2073, #221, #3742, #2802, #3071, #4544, #2796, #2105, #2749, #4344, #4096, #2236 ) ) ;
#538 = CARTESIAN_POINT ( 'NONE',  ( -2.450000000000000200, 0.1897396116033688600, 0.3875000000000000700 ) ) ;
#539 = VERTEX_POINT ( 'NONE', #3429 ) ;
#540 = EDGE_CURVE ( 'NONE', #3748, #3050, #3229, .T. ) ;
#541 = EDGE_CURVE ( 'NONE', #3916, #2941, #261, .T. ) ;
#542 = CARTESIAN_POINT ( 'NONE',  ( 2.450000000000000200, 0.1897396116033688300, 0.6124999999999999300 ) ) ;
#543 = ORIENTED_EDGE ( 'NONE', *, *, #2567, .T. ) ;
#544 = DIRECTION ( 'NONE',  ( 0.0000000000000000000, 0.0000000000000000000, 1.000000000000000000 ) ) ;
#545 = VECTOR ( 'NONE', #878, 1000.000000000000000 ) ;
#546 = AXIS2_PLACEMENT_3D ( 'NONE', #2612, #385, #3000 ) ;
#547 = DIRECTION ( 'NONE',  ( -0.0000000000000000000, -0.0000000000000000000, -1.000000000000000000 ) ) ;
#548 = EDGE_CURVE ( 'NONE', #3389, #130, #4477, .T. ) ;
#549 = DIRECTION ( 'NONE',  ( -0.0000000000000000000, -0.0000000000000000000, -1.000000000000000000 ) ) ;
#550 = LINE ( 'NONE', #4220, #3161 ) ;
#551 = ORIENTED_EDGE ( 'NONE', *, *, #815, .T. ) ;
#552 = CARTESIAN_POINT ( 'NONE',  ( 1.806939028189363600, 0.8000000000000000400, 0.6124999999999999300 ) ) ;
#553 = AXIS2_PLACEMENT_3D ( 'NONE', #4233, #1200, #3488 ) ;
#554 = CARTESIAN_POINT ( 'NONE',  ( 1.873869829047064800, 0.5486692206721369700, 0.1124999999999999800 ) ) ;
#555 = EDGE_CURVE ( 'NONE', #948, #3696, #3585, .T. ) ;
#556 = FACE_OUTER_BOUND ( 'NONE', #3734, .T. ) ;
#557 = DIRECTION ( 'NONE',  ( 0.0000000000000000000, 0.0000000000000000000, 1.000000000000000000 ) ) ;
#558 = VECTOR ( 'NONE', #1501, 1000.000000000000000 ) ;
#559 = ADVANCED_FACE ( 'NONE', ( #966 ), #1148, .T. ) ;
#560 = FILL_AREA_STYLE ('',( #4236 ) ) ;
#561 = PLANE ( 'NONE',  #148 ) ;
#562 = CARTESIAN_POINT ( 'NONE',  ( -2.156207793495132900, 0.2724152774378160200, -0.8875000000000000700 ) ) ;
#563 = ORIENTED_EDGE ( 'NONE', *, *, #4498, .F. ) ;
#564 = CARTESIAN_POINT ( 'NONE',  ( 2.089276992637431300, 0.2665595911220557400, -0.1124999999999999800 ) ) ;
#565 = COLOUR_RGB ( '',0.7921568627450980000, 0.8196078431372548800, 0.9333333333333333500 ) ;
#566 = CARTESIAN_POINT ( 'NONE',  ( -1.139835565157574400, 0.9999999999999995600, -1.139835565157576700 ) ) ;
#567 = VERTEX_POINT ( 'NONE', #468 ) ;
#568 = CARTESIAN_POINT ( 'NONE',  ( 1.806939028189363600, 0.6100000000000003200, -0.6124999999999999300 ) ) ;
#569 = EDGE_CURVE ( 'NONE', #1513, #3516, #3765, .T. ) ;
#570 = VECTOR ( 'NONE', #3012, 1000.000000000000000 ) ;
#571 = EDGE_CURVE ( 'NONE', #4280, #734, #2593, .T. ) ;
#572 = DIRECTION ( 'NONE',  ( -1.000000000000000000, 0.0000000000000000000, 0.0000000000000000000 ) ) ;
#573 = VERTEX_POINT ( 'NONE', #4241 ) ;
#574 = EDGE_CURVE ( 'NONE', #3455, #1096, #2764, .T. ) ;
#575 = CIRCLE ( 'NONE', #3172, 0.1499999999999999700 ) ;
#576 = CARTESIAN_POINT ( 'NONE',  ( 1.900000000000000100, 0.2500000000000000000, 0.3875000000000000700 ) ) ;
#577 = ORIENTED_EDGE ( 'NONE', *, *, #1324, .T. ) ;
#578 = CARTESIAN_POINT ( 'NONE',  ( 1.806939028189363600, 0.5428135343563765800, -0.3875000000000000700 ) ) ;
#579 = VERTEX_POINT ( 'NONE', #2363 ) ;
#580 = AXIS2_PLACEMENT_3D ( 'NONE', #4844, #377, #3313 ) ;
#581 = MANIFOLD_SOLID_BREP ( 'Cut-Extrude1', #2057 ) ;
#582 = CIRCLE ( 'NONE', #2244, 0.2571864656436234600 ) ;
#583 = DIRECTION ( 'NONE',  ( 0.0000000000000000000, 0.0000000000000000000, 1.000000000000000000 ) ) ;
#584 = EDGE_CURVE ( 'NONE', #3285, #1652, #3936, .T. ) ;
#585 = CARTESIAN_POINT ( 'NONE',  ( -1.500000000000000000, 0.6100000000000003200, -0.3875000000000000700 ) ) ;
#586 = CARTESIAN_POINT ( 'NONE',  ( -2.450000000000000200, 0.1897396116033688600, 0.6124999999999999300 ) ) ;
#587 = CARTESIAN_POINT ( 'NONE',  ( -1.900000000000000100, 0.2500000000000000000, -0.3875000000000000700 ) ) ;
#588 = ORIENTED_EDGE ( 'NONE', *, *, #4324, .F. ) ;
#589 = AXIS2_PLACEMENT_3D ( 'NONE', #1204, #422, #3034 ) ;
#590 = VECTOR ( 'NONE', #4753, 1000.000000000000000 ) ;
#591 = ADVANCED_FACE ( 'NONE', ( #4234 ), #4112, .F. ) ;
#592 = CARTESIAN_POINT ( 'NONE',  ( 2.142747693882932400, 0.01558127690695090000, -0.3875000000000000700 ) ) ;
#593 = ORIENTED_EDGE ( 'NONE', *, *, #3664, .T. ) ;
#594 = VECTOR ( 'NONE', #2867, 1000.000000000000000 ) ;
#595 = ORIENTED_EDGE ( 'NONE', *, *, #3535, .T. ) ;
#596 = ORIENTED_EDGE ( 'NONE', *, *, #2536, .T. ) ;
#597 = DIRECTION ( 'NONE',  ( -0.0000000000000000000, -0.0000000000000000000, -1.000000000000000000 ) ) ;
#598 = CARTESIAN_POINT ( 'NONE',  ( -1.476670933428449100, 0.8000000000000000400, -0.8875000000000000700 ) ) ;
#599 = LINE ( 'NONE', #694, #1592 ) ;
#600 = EDGE_LOOP ( 'NONE', ( #4229, #1906, #1931, #2101 ) ) ;
#601 = ORIENTED_EDGE ( 'NONE', *, *, #2541, .F. ) ;
#602 = ORIENTED_EDGE ( 'NONE', *, *, #1228, .F. ) ;
#603 = SURFACE_STYLE_USAGE ( .BOTH. , #3124 ) ;
#604 = CARTESIAN_POINT ( 'NONE',  ( 2.156207793495132900, 0.2724152774378160200, 1.112500000000000000 ) ) ;
#605 = CARTESIAN_POINT ( 'NONE',  ( 1.456095662641281800, 0.2524278668599322400, 1.456095662641280900 ) ) ;
#606 = CARTESIAN_POINT ( 'NONE',  ( 2.440056168313842200, 0.0000000000000000000, 0.6124999999999999300 ) ) ;
#607 = EDGE_LOOP ( 'NONE', ( #446, #2651, #4448, #3710 ) ) ;
#608 = DIRECTION ( 'NONE',  ( -0.0000000000000000000, -0.0000000000000000000, -1.000000000000000000 ) ) ;
#609 = ORIENTED_EDGE ( 'NONE', *, *, #2681, .F. ) ;
#610 = CARTESIAN_POINT ( 'NONE',  ( 2.142747693882932400, 0.01558127690695090000, -0.1124999999999999800 ) ) ;
#611 = DIRECTION ( 'NONE',  ( 0.0000000000000000000, -1.000000000000000000, 0.0000000000000000000 ) ) ;
#612 = DIRECTION ( 'NONE',  ( -0.9986295347545742800, 0.05233595624293736800, 0.0000000000000000000 ) ) ;
#613 = LINE ( 'NONE', #1671, #2812 ) ;
#614 = EDGE_CURVE ( 'NONE', #366, #3848, #2820, .T. ) ;
#615 = EDGE_CURVE ( 'NONE', #1119, #1836, #1844, .T. ) ;
#616 = FILL_AREA_STYLE_COLOUR ( '', #1353 ) ;
#617 = VECTOR ( 'NONE', #2708, 1000.000000000000000 ) ;
#618 = CARTESIAN_POINT ( 'NONE',  ( -1.806939028189363600, 0.6100000000000003200, 0.6124999999999999300 ) ) ;
#619 = ORIENTED_EDGE ( 'NONE', *, *, #367, .T. ) ;
#620 = VERTEX_POINT ( 'NONE', #3862 ) ;
#621 = ADVANCED_FACE ( 'NONE', ( #3581 ), #4469, .T. ) ;
#622 = CARTESIAN_POINT ( 'NONE',  ( -1.900000000000000100, 0.2500000000000000000, -0.8875000000000000700 ) ) ;
#623 = AXIS2_PLACEMENT_3D ( 'NONE', #2187, #3233, #3618 ) ;
#624 = CARTESIAN_POINT ( 'NONE',  ( 1.500000000000000000, 0.6100000000000003200, -1.112500000000000000 ) ) ;
#625 = PLANE ( 'NONE',  #1300 ) ;
#626 = ORIENTED_EDGE ( 'NONE', *, *, #1145, .T. ) ;
#627 = CARTESIAN_POINT ( 'NONE',  ( 2.450000000000000200, 0.1897396116033688300, 1.112500000000000000 ) ) ;
#628 = AXIS2_PLACEMENT_3D ( 'NONE', #929, #2825, #3955 ) ;
#629 = VECTOR ( 'NONE', #2833, 1000.000000000000000 ) ;
#630 = PLANE ( 'NONE',  #267 ) ;
#631 = DIRECTION ( 'NONE',  ( -1.000000000000000000, 0.0000000000000000000, 0.0000000000000000000 ) ) ;
#632 = CARTESIAN_POINT ( 'NONE',  ( 2.440056168313842200, 0.0000000000000000000, 0.3875000000000000700 ) ) ;
#633 = VECTOR ( 'NONE', #4025, 1000.000000000000200 ) ;
#634 = CARTESIAN_POINT ( 'NONE',  ( 1.806939028189363600, 0.6100000000000003200, -0.8875000000000000700 ) ) ;
#635 = CARTESIAN_POINT ( 'NONE',  ( -1.476670933428449100, 0.8000000000000000400, -0.6124999999999999300 ) ) ;
#636 = ADVANCED_FACE ( 'NONE', ( #256 ), #2352, .F. ) ;
#637 = LINE ( 'NONE', #3981, #920 ) ;
#638 = DIRECTION ( 'NONE',  ( -0.9986295347545742800, 0.05233595624293736800, 0.0000000000000000000 ) ) ;
#639 = ORIENTED_EDGE ( 'NONE', *, *, #4106, .F. ) ;
#640 = CARTESIAN_POINT ( 'NONE',  ( 2.450000000000000200, 0.1897396116033688300, -0.3875000000000000700 ) ) ;
#641 = VECTOR ( 'NONE', #4256, 1000.000000000000000 ) ;
#642 = ORIENTED_EDGE ( 'NONE', *, *, #2474, .T. ) ;
#643 = ORIENTED_EDGE ( 'NONE', *, *, #302, .F. ) ;
#644 = DIRECTION ( 'NONE',  ( -1.000000000000000000, 0.0000000000000000000, 0.0000000000000000000 ) ) ;
#645 = ADVANCED_FACE ( 'NONE', ( #2697 ), #1272, .F. ) ;
#646 = EDGE_CURVE ( 'NONE', #2420, #757, #3226, .T. ) ;
#647 = DIRECTION ( 'NONE',  ( -0.9986295347545742800, 0.05233595624293736800, 0.0000000000000000000 ) ) ;
#648 = EDGE_CURVE ( 'NONE', #1872, #3006, #550, .T. ) ;
#649 = DIRECTION ( 'NONE',  ( 0.0000000000000000000, -1.000000000000000000, 0.0000000000000000000 ) ) ;
#650 = VECTOR ( 'NONE', #329, 1000.000000000000100 ) ;
#651 = LINE ( 'NONE', #340, #2761 ) ;
#652 = CARTESIAN_POINT ( 'NONE',  ( 2.156207793495132900, 0.2724152774378160200, 1.112500000000000000 ) ) ;
#653 = CARTESIAN_POINT ( 'NONE',  ( -1.806939028189363600, 0.8000000000000000400, 0.1124999999999999800 ) ) ;
#654 = ORIENTED_EDGE ( 'NONE', *, *, #4498, .T. ) ;
#655 = CARTESIAN_POINT ( 'NONE',  ( -1.900000000000000100, 0.2500000000000000000, -0.8875000000000000700 ) ) ;
#656 = LINE ( 'NONE', #2730, #4439 ) ;
#657 = CIRCLE ( 'NONE', #4107, 0.2571864656436234600 ) ;
#658 = AXIS2_PLACEMENT_3D ( 'NONE', #4747, #1721, #1777 ) ;
#659 = EDGE_CURVE ( 'NONE', #1226, #3335, #4537, .T. ) ;
#660 = VERTEX_POINT ( 'NONE', #3842 ) ;
#661 = EDGE_CURVE ( 'NONE', #4474, #1594, #3405, .T. ) ;
#662 = VERTEX_POINT ( 'NONE', #2762 ) ;
#663 = VECTOR ( 'NONE', #2426, 1000.000000000000000 ) ;
#664 = DIRECTION ( 'NONE',  ( -1.000000000000000000, 0.0000000000000000000, 0.0000000000000000000 ) ) ;
#665 = EDGE_CURVE ( 'NONE', #3510, #2602, #319, .T. ) ;
#666 = FACE_OUTER_BOUND ( 'NONE', #2748, .T. ) ;
#667 = ADVANCED_FACE ( 'NONE', ( #4164 ), #4320, .F. ) ;
#668 = VERTEX_POINT ( 'NONE', #3938 ) ;
#669 = ORIENTED_EDGE ( 'NONE', *, *, #822, .T. ) ;
#670 = CARTESIAN_POINT ( 'NONE',  ( -1.139835565157574400, 1.099999999999999600, -1.289835565157576600 ) ) ;
#671 = DIRECTION ( 'NONE',  ( -1.000000000000000000, -0.0000000000000000000, -0.0000000000000000000 ) ) ;
#672 = ORIENTED_EDGE ( 'NONE', *, *, #3247, .F. ) ;
#673 = CARTESIAN_POINT ( 'NONE',  ( 1.499999999999999800, 0.6100000000000003200, -1.500000000000000400 ) ) ;
#674 = ORIENTED_EDGE ( 'NONE', *, *, #4708, .F. ) ;
#675 = ORIENTED_EDGE ( 'NONE', *, *, #3443, .F. ) ;
#676 = DIRECTION ( 'NONE',  ( 1.000000000000000000, 0.0000000000000000000, 0.0000000000000000000 ) ) ;
#677 = EDGE_LOOP ( 'NONE', ( #2887, #4758, #1628, #2663 ) ) ;
#678 = ADVANCED_FACE ( 'NONE', ( #2301 ), #2590, .F. ) ;
#679 = EDGE_LOOP ( 'NONE', ( #1460, #872 ) ) ;
#680 = CARTESIAN_POINT ( 'NONE',  ( -2.142747693882932400, 0.01558127690695090000, 1.112500000000000000 ) ) ;
#681 = EDGE_CURVE ( 'NONE', #2559, #3762, #1252, .T. ) ;
#682 = DIRECTION ( 'NONE',  ( -1.000000000000000000, 0.0000000000000000000, 0.0000000000000000000 ) ) ;
#683 = LINE ( 'NONE', #3644, #2081 ) ;
#684 = LINE ( 'NONE', #4572, #316 ) ;
#685 = ORIENTED_EDGE ( 'NONE', *, *, #2981, .T. ) ;
#686 = CARTESIAN_POINT ( 'NONE',  ( 1.476670933428449100, 0.8000000000000000400, -0.6124999999999999300 ) ) ;
#687 = DIRECTION ( 'NONE',  ( -0.0000000000000000000, -0.0000000000000000000, -1.000000000000000000 ) ) ;
#688 = CARTESIAN_POINT ( 'NONE',  ( -2.156207793495132900, 0.2724152774378160200, 0.3875000000000000700 ) ) ;
#689 = LINE ( 'NONE', #598, #4296 ) ;
#690 = ADVANCED_FACE ( 'NONE', ( #3524 ), #4735, .T. ) ;
#691 = AXIS2_PLACEMENT_3D ( 'NONE', #1793, #3654, #1026 ) ;
#692 = CARTESIAN_POINT ( 'NONE',  ( -2.440056168313842200, 0.0000000000000000000, -0.3875000000000000700 ) ) ;
#693 = LINE ( 'NONE', #3705, #1558 ) ;
#694 = CARTESIAN_POINT ( 'NONE',  ( -2.450000000000000200, 0.1897396116033688600, 1.112500000000000000 ) ) ;
#695 = CARTESIAN_POINT ( 'NONE',  ( 2.450000000000000200, 0.1897396116033688300, -0.1124999999999999800 ) ) ;
#696 = LINE ( 'NONE', #1838, #2484 ) ;
#697 = DIRECTION ( 'NONE',  ( 0.0000000000000000000, 0.0000000000000000000, 1.000000000000000000 ) ) ;
#698 = DIRECTION ( 'NONE',  ( 0.0000000000000000000, 1.000000000000000000, 0.0000000000000000000 ) ) ;
#699 = DIRECTION ( 'NONE',  ( -0.0000000000000000000, -0.0000000000000000000, -1.000000000000000000 ) ) ;
#700 = ORIENTED_EDGE ( 'NONE', *, *, #3700, .T. ) ;
#701 = STYLED_ITEM ( 'NONE', ( #870 ), #3108 ) ;
#702 = FACE_OUTER_BOUND ( 'NONE', #1526, .T. ) ;
#703 = ORIENTED_EDGE ( 'NONE', *, *, #4326, .F. ) ;
#704 = VECTOR ( 'NONE', #268, 1000.000000000000000 ) ;
#705 = DIRECTION ( 'NONE',  ( -0.0000000000000000000, -0.0000000000000000000, -1.000000000000000000 ) ) ;
#706 = VERTEX_POINT ( 'NONE', #564 ) ;
#707 = CARTESIAN_POINT ( 'NONE',  ( -1.806939028189363600, 0.5428135343563766900, -0.3875000000000000700 ) ) ;
#708 = VECTOR ( 'NONE', #1845, 1000.000000000000100 ) ;
#709 = SURFACE_SIDE_STYLE ('',( #1468 ) ) ;
#710 = EDGE_CURVE ( 'NONE', #4660, #4343, #3284, .T. ) ;
#711 = DIRECTION ( 'NONE',  ( -1.000000000000000000, 0.0000000000000000000, 0.0000000000000000000 ) ) ;
#712 = CARTESIAN_POINT ( 'NONE',  ( -1.139835565157574400, 0.9999999999999995600, -1.139835565157576700 ) ) ;
#713 = ORIENTED_EDGE ( 'NONE', *, *, #2677, .F. ) ;
#714 = CARTESIAN_POINT ( 'NONE',  ( -1.806939028189363600, 0.5428135343563766900, -0.6124999999999999300 ) ) ;
#715 = ORIENTED_EDGE ( 'NONE', *, *, #1387, .T. ) ;
#716 = AXIS2_PLACEMENT_3D ( 'NONE', #1854, #2280, #4462 ) ;
#717 = VECTOR ( 'NONE', #3237, 1000.000000000000000 ) ;
#718 = ADVANCED_FACE ( 'NONE', ( #1489 ), #2080, .T. ) ;
#719 = CLOSED_SHELL ( 'NONE', ( #1494, #2455, #645, #1865, #3189, #4105, #4082, #2196, #239, #3652, #512, #1892, #976, #4827 ) ) ;
#720 = DIRECTION ( 'NONE',  ( 0.0000000000000000000, 0.0000000000000000000, 1.000000000000000000 ) ) ;
#721 = CARTESIAN_POINT ( 'NONE',  ( -1.139835565157574400, 0.9999999999999995600, -1.289835565157576600 ) ) ;
#722 = DIRECTION ( 'NONE',  ( -0.0000000000000000000, -0.0000000000000000000, -1.000000000000000000 ) ) ;
#723 = VERTEX_POINT ( 'NONE', #218 ) ;
#724 = VERTEX_POINT ( 'NONE', #606 ) ;
#725 = DIRECTION ( 'NONE',  ( 0.0000000000000000000, -0.0000000000000000000, -1.000000000000000000 ) ) ;
#726 = LINE ( 'NONE', #3849, #4576 ) ;
#727 = EDGE_LOOP ( 'NONE', ( #1115, #3081, #425, #3093 ) ) ;
#728 = AXIS2_PLACEMENT_3D ( 'NONE', #3760, #4119, #4508 ) ;
#729 = CARTESIAN_POINT ( 'NONE',  ( -1.806939028189363600, 0.5428135343563766900, 0.6124999999999999300 ) ) ;
#730 = DIRECTION ( 'NONE',  ( -0.0000000000000000000, -0.0000000000000000000, -1.000000000000000000 ) ) ;
#731 = PLANE ( 'NONE',  #2265 ) ;
#732 = ORIENTED_EDGE ( 'NONE', *, *, #548, .T. ) ;
#733 = CYLINDRICAL_SURFACE ( 'NONE', #868, 0.2571864656436232400 ) ;
#734 = VERTEX_POINT ( 'NONE', #1371 ) ;
#735 = EDGE_CURVE ( 'NONE', #4765, #2450, #2133, .T. ) ;
#736 = LINE ( 'NONE', #4436, #2082 ) ;
#737 = CARTESIAN_POINT ( 'NONE',  ( 2.063146821684495700, 0.5652288117941927100, 1.112500000000000000 ) ) ;
#738 = DIRECTION ( 'NONE',  ( 1.000000000000000000, 0.0000000000000000000, 0.0000000000000000000 ) ) ;
#739 = VERTEX_POINT ( 'NONE', #1335 ) ;
#740 = CIRCLE ( 'NONE', #4365, 0.2571864656436234600 ) ;
#741 = EDGE_CURVE ( 'NONE', #181, #3348, #4416, .T. ) ;
#742 = UNCERTAINTY_MEASURE_WITH_UNIT (LENGTH_MEASURE( 1.000000000000000100E-005 ), #2143, 'distance_accuracy_value', 'NONE');
#743 = LINE ( 'NONE', #2235, #1991 ) ;
#744 = VECTOR ( 'NONE', #4181, 1000.000000000000000 ) ;
#745 = SURFACE_STYLE_USAGE ( .BOTH. , #357 ) ;
#746 = CARTESIAN_POINT ( 'NONE',  ( 1.900000000000000100, 0.2500000000000000000, -0.1124999999999999800 ) ) ;
#747 = ORIENTED_EDGE ( 'NONE', *, *, #2787, .T. ) ;
#748 = AXIS2_PLACEMENT_3D ( 'NONE', #900, #1257, #3480 ) ;
#749 = COLOUR_RGB ( '',0.7921568627450980000, 0.8196078431372548800, 0.9333333333333333500 ) ;
#750 = CARTESIAN_POINT ( 'NONE',  ( 1.873869829047064800, 0.5486692206721369700, 0.8875000000000000700 ) ) ;
#751 = CYLINDRICAL_SURFACE ( 'NONE', #2942, 0.2571864656436232400 ) ;
#752 = VERTEX_POINT ( 'NONE', #2124 ) ;
#753 = AXIS2_PLACEMENT_3D ( 'NONE', #4294, #2828, #3959 ) ;
#754 = PLANE ( 'NONE',  #4476 ) ;
#755 =( LENGTH_UNIT ( ) NAMED_UNIT ( * ) SI_UNIT ( .MILLI., .METRE. ) );
#756 = VECTOR ( 'NONE', #4080, 1000.000000000000000 ) ;
#757 = VERTEX_POINT ( 'NONE', #1691 ) ;
#758 = PLANE ( 'NONE',  #2824 ) ;
#759 = CARTESIAN_POINT ( 'NONE',  ( 2.156207793495132900, 0.2724152774378160200, -0.3875000000000000700 ) ) ;
#760 = DIRECTION ( 'NONE',  ( -0.0000000000000000000, -0.0000000000000000000, -1.000000000000000000 ) ) ;
#761 = ORIENTED_EDGE ( 'NONE', *, *, #1075, .F. ) ;
#762 = EDGE_LOOP ( 'NONE', ( #1639, #2874, #435, #2070 ) ) ;
#763 = DIRECTION ( 'NONE',  ( -0.0000000000000000000, -0.0000000000000000000, -1.000000000000000000 ) ) ;
#764 = CIRCLE ( 'NONE', #589, 0.06718646564362360000 ) ;
#765 = ADVANCED_FACE ( 'NONE', ( #379 ), #625, .F. ) ;
#766 = ORIENTED_EDGE ( 'NONE', *, *, #3764, .T. ) ;
#767 = AXIS2_PLACEMENT_3D ( 'NONE', #1160, #40, #4091 ) ;
#768 = ORIENTED_EDGE ( 'NONE', *, *, #1205, .F. ) ;
#769 = LINE ( 'NONE', #4658, #13 ) ;
#770 = DIRECTION ( 'NONE',  ( 0.1218693434051425900, 0.9925461516413225400, 0.0000000000000000000 ) ) ;
#771 = CARTESIAN_POINT ( 'NONE',  ( -2.156207793495132900, 0.2724152774378160200, 0.8875000000000000700 ) ) ;
#772 = EDGE_CURVE ( 'NONE', #2220, #2425, #3344, .T. ) ;
#773 = CIRCLE ( 'NONE', #4018, 0.2571864656436234600 ) ;
#774 = DIRECTION ( 'NONE',  ( 0.0000000000000000000, -0.9925461516413219800, -0.1218693434051477400 ) ) ;
#775 =( GEOMETRIC_REPRESENTATION_CONTEXT ( 3 ) GLOBAL_UNCERTAINTY_ASSIGNED_CONTEXT ( ( #4510 ) ) GLOBAL_UNIT_ASSIGNED_CONTEXT ( ( #67, #1567, #2320 ) ) REPRESENTATION_CONTEXT ( 'NONE', 'WORKASPACE' ) );
#776 = CARTESIAN_POINT ( 'NONE',  ( 1.806939028189363600, 0.8000000000000000400, -0.3875000000000000700 ) ) ;
#777 = FACE_OUTER_BOUND ( 'NONE', #3853, .T. ) ;
#778 = ORIENTED_EDGE ( 'NONE', *, *, #2228, .T. ) ;
#779 = DIRECTION ( 'NONE',  ( -0.0000000000000000000, -0.0000000000000000000, -1.000000000000000000 ) ) ;
#780 = VERTEX_POINT ( 'NONE', #989 ) ;
#781 = AXIS2_PLACEMENT_3D ( 'NONE', #618, #3984, #1330 ) ;
#782 = ORIENTED_EDGE ( 'NONE', *, *, #1251, .F. ) ;
#783 = ORIENTED_EDGE ( 'NONE', *, *, #1045, .T. ) ;
#784 = ORIENTED_EDGE ( 'NONE', *, *, #1227, .T. ) ;
#785 = CARTESIAN_POINT ( 'NONE',  ( -2.089276992637431300, 0.2665595911220556800, 0.8875000000000000700 ) ) ;
#786 = FILL_AREA_STYLE_COLOUR ( '', #3401 ) ;
#787 = FACE_OUTER_BOUND ( 'NONE', #3650, .T. ) ;
#788 = LINE ( 'NONE', #1038, #902 ) ;
#789 = ADVANCED_FACE ( 'NONE', ( #138 ), #3211, .F. ) ;
#790 = DIRECTION ( 'NONE',  ( 0.08715574274766130200, -0.9961946980917452100, -0.0000000000000000000 ) ) ;
#791 = CARTESIAN_POINT ( 'NONE',  ( -1.806939028189363600, 0.8000000000000000400, 1.112500000000000000 ) ) ;
#792 = CARTESIAN_POINT ( 'NONE',  ( 2.156207793495132900, 0.2724152774378160200, -0.3875000000000000700 ) ) ;
#793 = LINE ( 'NONE', #4473, #3877 ) ;
#794 = VECTOR ( 'NONE', #4375, 1000.000000000000100 ) ;
#795 = VERTEX_POINT ( 'NONE', #1742 ) ;
#796 = ORIENTED_EDGE ( 'NONE', *, *, #3978, .F. ) ;
#797 = DIRECTION ( 'NONE',  ( -0.0000000000000000000, -0.0000000000000000000, -1.000000000000000000 ) ) ;
#798 = CARTESIAN_POINT ( 'NONE',  ( 1.500000000000000000, 0.6100000000000003200, 0.1124999999999999800 ) ) ;
#799 = PRESENTATION_STYLE_ASSIGNMENT (( #1962 ) ) ;
#800 = CARTESIAN_POINT ( 'NONE',  ( 1.806939028189363600, 0.8000000000000000400, 0.8875000000000000700 ) ) ;
#801 = VECTOR ( 'NONE', #3944, 1000.000000000000100 ) ;
#802 = PLANE ( 'NONE',  #4651 ) ;
#803 = EDGE_CURVE ( 'NONE', #3406, #1068, #1429, .T. ) ;
#804 = EDGE_CURVE ( 'NONE', #1889, #3479, #1958, .T. ) ;
#805 = LINE ( 'NONE', #87, #3659 ) ;
#806 = CARTESIAN_POINT ( 'NONE',  ( 1.476670933428449100, 0.8000000000000000400, 0.6124999999999999300 ) ) ;
#807 = FILL_AREA_STYLE ('',( #3812 ) ) ;
#808 = AXIS2_PLACEMENT_3D ( 'NONE', #3136, #544, #3915 ) ;
#809 = EDGE_CURVE ( 'NONE', #752, #1473, #847, .T. ) ;
#810 = FACE_OUTER_BOUND ( 'NONE', #3450, .T. ) ;
#811 = EDGE_CURVE ( 'NONE', #287, #522, #2348, .T. ) ;
#812 = VERTEX_POINT ( 'NONE', #4376 ) ;
#813 = FACE_OUTER_BOUND ( 'NONE', #1064, .T. ) ;
#814 = AXIS2_PLACEMENT_3D ( 'NONE', #3507, #3170, #3943 ) ;
#815 = EDGE_CURVE ( 'NONE', #1221, #1395, #2463, .T. ) ;
#816 = VERTEX_POINT ( 'NONE', #2533 ) ;
#817 = CARTESIAN_POINT ( 'NONE',  ( -1.806939028189363600, 0.5428135343563766900, 0.1124999999999999800 ) ) ;
#818 = FACE_OUTER_BOUND ( 'NONE', #1019, .T. ) ;
#819 = VERTEX_POINT ( 'NONE', #3634 ) ;
#820 = DIRECTION ( 'NONE',  ( -1.000000000000000000, 0.0000000000000000000, 0.0000000000000000000 ) ) ;
#821 = VECTOR ( 'NONE', #3699, 1000.000000000000000 ) ;
#822 = EDGE_CURVE ( 'NONE', #2083, #2994, #2529, .T. ) ;
#823 = ORIENTED_EDGE ( 'NONE', *, *, #811, .T. ) ;
#824 = EDGE_CURVE ( 'NONE', #3469, #1513, #2402, .T. ) ;
#825 = EDGE_CURVE ( 'NONE', #458, #3453, #2943, .T. ) ;
#826 = VERTEX_POINT ( 'NONE', #3663 ) ;
#827 = CARTESIAN_POINT ( 'NONE',  ( -2.450000000000000200, 0.1897396116033688600, 0.8875000000000000700 ) ) ;
#828 = VECTOR ( 'NONE', #2271, 1000.000000000000000 ) ;
#829 = CARTESIAN_POINT ( 'NONE',  ( -1.500000000000000000, 0.6100000000000003200, 0.8875000000000000700 ) ) ;
#830 = PLANE ( 'NONE',  #1466 ) ;
#831 = PLANE ( 'NONE',  #171 ) ;
#832 = ORIENTED_EDGE ( 'NONE', *, *, #803, .F. ) ;
#833 = ORIENTED_EDGE ( 'NONE', *, *, #3573, .F. ) ;
#834 = CARTESIAN_POINT ( 'NONE',  ( 1.476670933428449100, 0.8000000000000000400, 0.3875000000000000700 ) ) ;
#835 = VECTOR ( 'NONE', #4228, 1000.000000000000000 ) ;
#836 = ORIENTED_EDGE ( 'NONE', *, *, #132, .T. ) ;
#837 = DIRECTION ( 'NONE',  ( -0.0000000000000000000, -0.0000000000000000000, -1.000000000000000000 ) ) ;
#838 = ADVANCED_FACE ( 'NONE', ( #1552 ), #1826, .F. ) ;
#839 = VERTEX_POINT ( 'NONE', #335 ) ;
#840 = FACE_OUTER_BOUND ( 'NONE', #4686, .T. ) ;
#841 = ORIENTED_EDGE ( 'NONE', *, *, #1731, .T. ) ;
#842 = AXIS2_PLACEMENT_3D ( 'NONE', #4300, #3557, #2945 ) ;
#843 = CARTESIAN_POINT ( 'NONE',  ( -2.063146821684496100, 0.5652288117941926000, 0.1124999999999999800 ) ) ;
#844 = VECTOR ( 'NONE', #2718, 1000.000000000000200 ) ;
#845 = CIRCLE ( 'NONE', #2031, 0.2571864656436234600 ) ;
#846 = CARTESIAN_POINT ( 'NONE',  ( 1.806939028189363600, 0.6100000000000003200, 0.1124999999999999800 ) ) ;
#847 = LINE ( 'NONE', #4755, #1198 ) ;
#848 = CARTESIAN_POINT ( 'NONE',  ( -1.806939028189363600, 0.6100000000000003200, -0.8875000000000000700 ) ) ;
#849 = ORIENTED_EDGE ( 'NONE', *, *, #3041, .F. ) ;
#850 = ORIENTED_EDGE ( 'NONE', *, *, #2308, .T. ) ;
#851 = CARTESIAN_POINT ( 'NONE',  ( 2.156207793495132900, 0.2724152774378160200, 0.1124999999999999800 ) ) ;
#852 = CARTESIAN_POINT ( 'NONE',  ( -1.806939028189363600, 0.8000000000000000400, 0.6124999999999999300 ) ) ;
#853 = VECTOR ( 'NONE', #760, 1000.000000000000000 ) ;
#854 = DIRECTION ( 'NONE',  ( -0.05233595624293682600, -0.9986295347545742800, 0.0000000000000000000 ) ) ;
#855 = LINE ( 'NONE', #834, #744 ) ;
#856 = AXIS2_PLACEMENT_3D ( 'NONE', #4762, #3621, #647 ) ;
#857 = ADVANCED_FACE ( 'NONE', ( #494 ), #3709, .T. ) ;
#858 = EDGE_CURVE ( 'NONE', #3871, #1942, #4292, .T. ) ;
#859 = DIRECTION ( 'NONE',  ( -1.000000000000000000, 0.0000000000000000000, 0.0000000000000000000 ) ) ;
#860 = EDGE_CURVE ( 'NONE', #4474, #2332, #437, .T. ) ;
#861 = LINE ( 'NONE', #1951, #1094 ) ;
#862 = ORIENTED_EDGE ( 'NONE', *, *, #4490, .F. ) ;
#863 = CARTESIAN_POINT ( 'NONE',  ( 1.806939028189363600, 0.6100000000000003200, 0.1124999999999999800 ) ) ;
#864 = DIRECTION ( 'NONE',  ( -0.0000000000000000000, -0.0000000000000000000, -1.000000000000000000 ) ) ;
#865 = CARTESIAN_POINT ( 'NONE',  ( -1.476670933428449100, 0.8000000000000000400, -0.6124999999999999300 ) ) ;
#866 = CIRCLE ( 'NONE', #3056, 0.1499999999999999700 ) ;
#867 = EDGE_LOOP ( 'NONE', ( #1486, #862, #4443, #1298 ) ) ;
#868 = AXIS2_PLACEMENT_3D ( 'NONE', #450, #3446, #2304 ) ;
#869 = PLANE ( 'NONE',  #1102 ) ;
#870 = PRESENTATION_STYLE_ASSIGNMENT (( #3937 ) ) ;
#871 = DIRECTION ( 'NONE',  ( 0.9986295347545742800, 0.05233595624293736800, 0.0000000000000000000 ) ) ;
#872 = ORIENTED_EDGE ( 'NONE', *, *, #2715, .T. ) ;
#873 = PRESENTATION_STYLE_ASSIGNMENT (( #745 ) ) ;
#874 = CARTESIAN_POINT ( 'NONE',  ( 2.156207793495132900, 0.2724152774378160200, -0.6124999999999999300 ) ) ;
#875 = ORIENTED_EDGE ( 'NONE', *, *, #2084, .T. ) ;
#876 = LINE ( 'NONE', #632, #1287 ) ;
#877 = FACE_OUTER_BOUND ( 'NONE', #242, .T. ) ;
#878 = DIRECTION ( 'NONE',  ( -0.0000000000000000000, -0.0000000000000000000, -1.000000000000000000 ) ) ;
#879 = PLANE ( 'NONE',  #371 ) ;
#880 = CLOSED_SHELL ( 'NONE', ( #1988, #667, #3291, #3972, #1740, #3418, #1055, #3766, #1345, #3935, #3115, #4029, #3270, #1219 ) ) ;
#881 = DIRECTION ( 'NONE',  ( -1.000000000000000000, 0.0000000000000000000, 0.0000000000000000000 ) ) ;
#882 = ORIENTED_EDGE ( 'NONE', *, *, #1966, .F. ) ;
#883 = LINE ( 'NONE', #3024, #1760 ) ;
#884 = CARTESIAN_POINT ( 'NONE',  ( 1.900000000000000100, 0.2500000000000000000, 0.1124999999999999800 ) ) ;
#885 = EDGE_CURVE ( 'NONE', #235, #1242, #736, .T. ) ;
#886 = CARTESIAN_POINT ( 'NONE',  ( -1.900000000000000100, 0.2500000000000000000, -0.3875000000000000700 ) ) ;
#887 = LINE ( 'NONE', #2125, #1292 ) ;
#888 = ORIENTED_EDGE ( 'NONE', *, *, #4709, .F. ) ;
#889 = EDGE_CURVE ( 'NONE', #2302, #3780, #4700, .T. ) ;
#890 = VERTEX_POINT ( 'NONE', #288 ) ;
#891 = EDGE_CURVE ( 'NONE', #1362, #136, #1084, .T. ) ;
#892 = ORIENTED_EDGE ( 'NONE', *, *, #323, .T. ) ;
#893 = CARTESIAN_POINT ( 'NONE',  ( -1.806939028189363600, 0.5428135343563766900, -0.8875000000000000700 ) ) ;
#894 = DIRECTION ( 'NONE',  ( 0.08715574274766130200, 0.9961946980917452100, 0.0000000000000000000 ) ) ;
#895 = EDGE_CURVE ( 'NONE', #1653, #3025, #4831, .T. ) ;
#896 = PLANE ( 'NONE',  #2277 ) ;
#897 = ORIENTED_EDGE ( 'NONE', *, *, #1894, .F. ) ;
#898 = EDGE_LOOP ( 'NONE', ( #216, #4336, #2120, #1883, #2736, #98, #1178, #1339, #577, #4037, #1009, #2609 ) ) ;
#899 = EDGE_CURVE ( 'NONE', #1428, #1882, #4350, .T. ) ;
#900 = CARTESIAN_POINT ( 'NONE',  ( 1.500000000000000000, 0.6100000000000003200, 0.1124999999999999800 ) ) ;
#901 = LINE ( 'NONE', #2781, #1484 ) ;
#902 = VECTOR ( 'NONE', #3679, 1000.000000000000000 ) ;
#903 = VERTEX_POINT ( 'NONE', #3613 ) ;
#904 = CARTESIAN_POINT ( 'NONE',  ( -1.806939028189363600, 0.5428135343563766900, -1.112500000000000000 ) ) ;
#905 = AXIS2_PLACEMENT_3D ( 'NONE', #1279, #1922, #3869 ) ;
#906 = PRESENTATION_STYLE_ASSIGNMENT (( #4588 ) ) ;
#907 = ORIENTED_EDGE ( 'NONE', *, *, #2341, .T. ) ;
#908 = LINE ( 'NONE', #4174, #4536 ) ;
#909 = DIRECTION ( 'NONE',  ( -0.0000000000000000000, -0.0000000000000000000, -1.000000000000000000 ) ) ;
#910 = CYLINDRICAL_SURFACE ( 'NONE', #330, 0.1499999999999999700 ) ;
#911 = EDGE_CURVE ( 'NONE', #1882, #2284, #1426, .T. ) ;
#912 =( LENGTH_UNIT ( ) NAMED_UNIT ( * ) SI_UNIT ( .MILLI., .METRE. ) );
#913 = LINE ( 'NONE', #2134, #498 ) ;
#914 = CARTESIAN_POINT ( 'NONE',  ( -1.900000000000000100, 0.2500000000000000000, 1.112500000000000000 ) ) ;
#915 = CARTESIAN_POINT ( 'NONE',  ( 1.806939028189363600, 0.5428135343563765800, 0.6124999999999999300 ) ) ;
#916 = VECTOR ( 'NONE', #1209, 1000.000000000000000 ) ;
#917 = EDGE_CURVE ( 'NONE', #826, #220, #1192, .T. ) ;
#918 = DIRECTION ( 'NONE',  ( -0.9986295347545742800, 0.05233595624293736800, 0.0000000000000000000 ) ) ;
#919 = ORIENTED_EDGE ( 'NONE', *, *, #331, .F. ) ;
#920 = VECTOR ( 'NONE', #3257, 1000.000000000000000 ) ;
#921 = ORIENTED_EDGE ( 'NONE', *, *, #951, .F. ) ;
#922 = DIRECTION ( 'NONE',  ( 0.05233595624293681900, 0.9986295347545742800, -0.0000000000000000000 ) ) ;
#923 = STYLED_ITEM ( 'NONE', ( #799 ), #518 ) ;
#924 = VECTOR ( 'NONE', #1547, 1000.000000000000000 ) ;
#925 = ORIENTED_EDGE ( 'NONE', *, *, #2172, .T. ) ;
#926 = CARTESIAN_POINT ( 'NONE',  ( -2.440056168313842200, 0.0000000000000000000, -0.8875000000000000700 ) ) ;
#927 = DIRECTION ( 'NONE',  ( -0.08715574274766130200, 0.9961946980917452100, 0.0000000000000000000 ) ) ;
#928 = VECTOR ( 'NONE', #4654, 1000.000000000000100 ) ;
#929 = CARTESIAN_POINT ( 'NONE',  ( -1.476670933428449100, 0.8000000000000000400, 0.6124999999999999300 ) ) ;
#930 = ORIENTED_EDGE ( 'NONE', *, *, #3549, .T. ) ;
#931 = ORIENTED_EDGE ( 'NONE', *, *, #1894, .T. ) ;
#932 = ADVANCED_FACE ( 'NONE', ( #3057 ), #4066, .F. ) ;
#933 = DIRECTION ( 'NONE',  ( -0.9925461516413226500, 0.1218693434051426000, 0.0000000000000000000 ) ) ;
#934 = CARTESIAN_POINT ( 'NONE',  ( -2.450000000000000200, 0.1897396116033688600, -0.1124999999999999800 ) ) ;
#935 = FACE_OUTER_BOUND ( 'NONE', #3629, .T. ) ;
#936 = AXIS2_PLACEMENT_3D ( 'NONE', #2409, #153, #119 ) ;
#937 = ORIENTED_EDGE ( 'NONE', *, *, #3150, .F. ) ;
#938 = CARTESIAN_POINT ( 'NONE',  ( 1.456095662641281800, 0.9675721331400682900, 1.456095662641280900 ) ) ;
#939 =( GEOMETRIC_REPRESENTATION_CONTEXT ( 3 ) GLOBAL_UNCERTAINTY_ASSIGNED_CONTEXT ( ( #3165 ) ) GLOBAL_UNIT_ASSIGNED_CONTEXT ( ( #1707, #4319, #286 ) ) REPRESENTATION_CONTEXT ( 'NONE', 'WORKASPACE' ) );
#940 = MANIFOLD_SOLID_BREP ( 'LPattern1[8]', #3784 ) ;
#941 = APPLICATION_CONTEXT ( 'automotive_design' ) ;
#942 = DIRECTION ( 'NONE',  ( -7.228014483236697000E-017, -0.0000000000000000000, -1.000000000000000000 ) ) ;
#943 = ORIENTED_EDGE ( 'NONE', *, *, #4552, .T. ) ;
#944 = DIRECTION ( 'NONE',  ( -0.0000000000000000000, 0.0000000000000000000, -1.000000000000000000 ) ) ;
#945 = EDGE_CURVE ( 'NONE', #662, #3748, #2017, .T. ) ;
#946 = ORIENTED_EDGE ( 'NONE', *, *, #1556, .T. ) ;
#947 = ORIENTED_EDGE ( 'NONE', *, *, #4270, .T. ) ;
#948 = VERTEX_POINT ( 'NONE', #3014 ) ;
#949 = EDGE_CURVE ( 'NONE', #2904, #3521, #4286, .T. ) ;
#950 = ORIENTED_EDGE ( 'NONE', *, *, #710, .F. ) ;
#951 = EDGE_CURVE ( 'NONE', #4214, #3370, #315, .T. ) ;
#952 = ORIENTED_EDGE ( 'NONE', *, *, #3640, .T. ) ;
#953 = VERTEX_POINT ( 'NONE', #36 ) ;
#954 = ADVANCED_FACE ( 'NONE', ( #1310 ), #2642, .F. ) ;
#955 =( LENGTH_UNIT ( ) NAMED_UNIT ( * ) SI_UNIT ( .MILLI., .METRE. ) );
#956 = CIRCLE ( 'NONE', #1738, 0.06718646564362360000 ) ;
#957 = VECTOR ( 'NONE', #2351, 1000.000000000000000 ) ;
#958 = ORIENTED_EDGE ( 'NONE', *, *, #1075, .T. ) ;
#959 = CARTESIAN_POINT ( 'NONE',  ( -1.476670933428449100, 0.8000000000000000400, 0.6124999999999999300 ) ) ;
#960 = EDGE_CURVE ( 'NONE', #4044, #3273, #2294, .T. ) ;
#961 = CARTESIAN_POINT ( 'NONE',  ( 2.450000000000000200, 0.1897396116033688300, 0.1124999999999999800 ) ) ;
#962 = CARTESIAN_POINT ( 'NONE',  ( -1.439835565157577400, 1.099999999999999600, -1.439835565157576500 ) ) ;
#963 = EDGE_CURVE ( 'NONE', #3924, #257, #956, .T. ) ;
#964 = VECTOR ( 'NONE', #2171, 1000.000000000000000 ) ;
#965 = ORIENTED_EDGE ( 'NONE', *, *, #3220, .F. ) ;
#966 = FACE_OUTER_BOUND ( 'NONE', #464, .T. ) ;
#967 = CARTESIAN_POINT ( 'NONE',  ( -2.450000000000000200, 0.1897396116033688600, -0.1124999999999999800 ) ) ;
#968 = PRODUCT_CONTEXT ( 'NONE', #2406, 'mechanical' ) ;
#969 = DIRECTION ( 'NONE',  ( -0.0000000000000000000, -0.0000000000000000000, -1.000000000000000000 ) ) ;
#970 = DIRECTION ( 'NONE',  ( 0.1218693434051425900, 0.9925461516413225400, 0.0000000000000000000 ) ) ;
#971 = CARTESIAN_POINT ( 'NONE',  ( 2.156207793495132900, 0.2724152774378160200, -1.112500000000000000 ) ) ;
#972 = FACE_OUTER_BOUND ( 'NONE', #3612, .T. ) ;
#973 = CARTESIAN_POINT ( 'NONE',  ( -2.450000000000000200, 0.1897396116033688600, -0.8875000000000000700 ) ) ;
#974 = CARTESIAN_POINT ( 'NONE',  ( -1.456095662641281800, 0.2524278668599322400, 1.456095662641281500 ) ) ;
#975 = ORIENTED_EDGE ( 'NONE', *, *, #3910, .F. ) ;
#976 = ADVANCED_FACE ( 'NONE', ( #1605 ), #1533, .F. ) ;
#977 = EDGE_CURVE ( 'NONE', #2425, #3762, #2811, .T. ) ;
#978 = LINE ( 'NONE', #2276, #3897 ) ;
#979 = DIRECTION ( 'NONE',  ( -0.9961946980917453200, -0.08715574274766131600, 0.0000000000000000000 ) ) ;
#980 = EDGE_CURVE ( 'NONE', #1491, #2706, #793, .T. ) ;
#981 = ORIENTED_EDGE ( 'NONE', *, *, #1306, .T. ) ;
#982 = LINE ( 'NONE', #2008, #1103 ) ;
#983 = ORIENTED_EDGE ( 'NONE', *, *, #4232, .F. ) ;
#984 = CARTESIAN_POINT ( 'NONE',  ( -2.156207793495132900, 0.2724152774378160200, 0.6124999999999999300 ) ) ;
#985 = DIRECTION ( 'NONE',  ( -0.9961946980917453200, 0.08715574274766131600, 0.0000000000000000000 ) ) ;
#986 = CARTESIAN_POINT ( 'NONE',  ( -2.089276992637431300, 0.2665595911220556800, 0.6124999999999999300 ) ) ;
#987 = CARTESIAN_POINT ( 'NONE',  ( -1.443519101984664300, 0.1499999999999997400, 3.130133092792195400E-016 ) ) ;
#988 = ORIENTED_EDGE ( 'NONE', *, *, #2020, .T. ) ;
#989 = CARTESIAN_POINT ( 'NONE',  ( -2.152691525569090400, 0.2053208885103196300, 1.112500000000000000 ) ) ;
#990 = DIRECTION ( 'NONE',  ( -0.0000000000000000000, -1.000000000000000000, -0.0000000000000000000 ) ) ;
#991 = ORIENTED_EDGE ( 'NONE', *, *, #2566, .F. ) ;
#992 = LINE ( 'NONE', #3311, #4798 ) ;
#993 = CYLINDRICAL_SURFACE ( 'NONE', #2653, 0.06718646564362382200 ) ;
#994 = ADVANCED_FACE ( 'NONE', ( #2581 ), #1201, .F. ) ;
#995 = ORIENTED_EDGE ( 'NONE', *, *, #2346, .T. ) ;
#996 = CARTESIAN_POINT ( 'NONE',  ( 2.156207793495132900, 0.2724152774378160200, 0.3875000000000000700 ) ) ;
#997 = DIRECTION ( 'NONE',  ( -0.05233595624293736800, 0.9986295347545742800, 0.0000000000000000000 ) ) ;
#998 = EDGE_LOOP ( 'NONE', ( #2099, #3754, #761, #1563 ) ) ;
#999 = LINE ( 'NONE', #3372, #1640 ) ;
#1000 = CARTESIAN_POINT ( 'NONE',  ( 1.806939028189363600, 0.6100000000000003200, -0.3875000000000000700 ) ) ;
#1001 = EDGE_CURVE ( 'NONE', #1535, #3868, #4642, .T. ) ;
#1002 = CIRCLE ( 'NONE', #2272, 0.2571864656436234600 ) ;
#1003 = ADVANCED_FACE ( 'NONE', ( #4160 ), #2885, .F. ) ;
#1004 = ORIENTED_EDGE ( 'NONE', *, *, #1614, .T. ) ;
#1005 = ORIENTED_EDGE ( 'NONE', *, *, #192, .T. ) ;
#1006 = ORIENTED_EDGE ( 'NONE', *, *, #1404, .F. ) ;
#1007 = DIRECTION ( 'NONE',  ( -0.0000000000000000000, -0.0000000000000000000, -1.000000000000000000 ) ) ;
#1008 = CARTESIAN_POINT ( 'NONE',  ( -2.089276992637431300, 0.2665595911220556800, 0.6124999999999999300 ) ) ;
#1009 = ORIENTED_EDGE ( 'NONE', *, *, #2467, .T. ) ;
#1010 = VERTEX_POINT ( 'NONE', #1217 ) ;
#1011 = EDGE_LOOP ( 'NONE', ( #2649, #3690, #1006, #4158 ) ) ;
#1012 = FACE_OUTER_BOUND ( 'NONE', #3202, .T. ) ;
#1013 = LINE ( 'NONE', #585, #4103 ) ;
#1014 = VERTEX_POINT ( 'NONE', #103 ) ;
#1015 = EDGE_CURVE ( 'NONE', #1653, #1226, #3648, .T. ) ;
#1016 = AXIS2_PLACEMENT_3D ( 'NONE', #915, #4610, #501 ) ;
#1017 = DIRECTION ( 'NONE',  ( 1.000000000000000000, -0.0000000000000000000, -0.0000000000000000000 ) ) ;
#1018 = CARTESIAN_POINT ( 'NONE',  ( -1.500000000000000000, 0.6100000000000003200, -0.3875000000000000700 ) ) ;
#1019 = EDGE_LOOP ( 'NONE', ( #601, #2915, #3741, #1141, #4230, #1238, #2177, #4625, #3907, #2934, #1467, #2453 ) ) ;
#1020 = ORIENTED_EDGE ( 'NONE', *, *, #2298, .F. ) ;
#1021 = VECTOR ( 'NONE', #2046, 1000.000000000000000 ) ;
#1022 = AXIS2_PLACEMENT_3D ( 'NONE', #3049, #3467, #3399 ) ;
#1023 = VECTOR ( 'NONE', #3064, 1000.000000000000000 ) ;
#1024 = DIRECTION ( 'NONE',  ( 0.08715574274766130200, 0.9961946980917452100, 0.0000000000000000000 ) ) ;
#1025 = CARTESIAN_POINT ( 'NONE',  ( -1.806939028189363600, 0.5428135343563766900, 1.112500000000000000 ) ) ;
#1026 = DIRECTION ( 'NONE',  ( -1.000000000000000000, 0.0000000000000000000, 0.0000000000000000000 ) ) ;
#1027 = CYLINDRICAL_SURFACE ( 'NONE', #3192, 0.2571864656436234600 ) ;
#1028 = CARTESIAN_POINT ( 'NONE',  ( 2.089276992637431300, 0.2665595911220557400, 0.6124999999999999300 ) ) ;
#1029 = ADVANCED_FACE ( 'NONE', ( #2639 ), #1940, .F. ) ;
#1030 = UNCERTAINTY_MEASURE_WITH_UNIT (LENGTH_MEASURE( 1.000000000000000100E-005 ), #4494, 'distance_accuracy_value', 'NONE');
#1031 = CARTESIAN_POINT ( 'NONE',  ( 1.806939028189363600, 0.5428135343563765800, 1.112500000000000000 ) ) ;
#1032 = DIRECTION ( 'NONE',  ( -0.0000000000000000000, -0.0000000000000000000, -1.000000000000000000 ) ) ;
#1033 = CARTESIAN_POINT ( 'NONE',  ( -1.139835565157574400, 0.5757359312880711000, -1.289835565157576600 ) ) ;
#1034 = VECTOR ( 'NONE', #1608, 1000.000000000000000 ) ;
#1035 = SURFACE_STYLE_USAGE ( .BOTH. , #4710 ) ;
#1036 = EDGE_LOOP ( 'NONE', ( #4630, #1431, #4095, #3007, #15, #122, #3363, #609, #4276, #2606, #3967, #2062 ) ) ;
#1037 = VERTEX_POINT ( 'NONE', #2345 ) ;
#1038 = CARTESIAN_POINT ( 'NONE',  ( -1.476670933428449100, 0.8000000000000000400, 1.112500000000000000 ) ) ;
#1039 = CARTESIAN_POINT ( 'NONE',  ( -1.139835565157574400, 0.5757359312880711000, -1.139835565157576700 ) ) ;
#1040 = EDGE_CURVE ( 'NONE', #3762, #3917, #1078, .T. ) ;
#1041 = LINE ( 'NONE', #4357, #281 ) ;
#1042 = VERTEX_POINT ( 'NONE', #3393 ) ;
#1043 = DIRECTION ( 'NONE',  ( -0.0000000000000000000, -0.0000000000000000000, -1.000000000000000000 ) ) ;
#1044 = ADVANCED_FACE ( 'NONE', ( #4584 ), #2184, .F. ) ;
#1045 = EDGE_CURVE ( 'NONE', #1836, #129, #3928, .T. ) ;
#1046 = DIRECTION ( 'NONE',  ( 0.0000000000000000000, -1.000000000000000000, 0.0000000000000000000 ) ) ;
#1047 = EDGE_CURVE ( 'NONE', #177, #4737, #2939, .T. ) ;
#1048 = DIRECTION ( 'NONE',  ( -0.0000000000000000000, 1.000000000000000000, -0.0000000000000000000 ) ) ;
#1049 = LINE ( 'NONE', #4012, #4501 ) ;
#1050 = ORIENTED_EDGE ( 'NONE', *, *, #541, .T. ) ;
#1051 = VERTEX_POINT ( 'NONE', #3423 ) ;
#1052 = CARTESIAN_POINT ( 'NONE',  ( 2.450000000000000200, 0.1897396116033688300, -0.1124999999999999800 ) ) ;
#1053 = VECTOR ( 'NONE', #2809, 1000.000000000000000 ) ;
#1054 = AXIS2_PLACEMENT_3D ( 'NONE', #4290, #3528, #1708 ) ;
#1055 = ADVANCED_FACE ( 'NONE', ( #4823 ), #436, .F. ) ;
#1056 = ORIENTED_EDGE ( 'NONE', *, *, #899, .F. ) ;
#1057 = FACE_OUTER_BOUND ( 'NONE', #3118, .T. ) ;
#1058 = DIRECTION ( 'NONE',  ( -1.000000000000000000, 0.0000000000000000000, 0.0000000000000000000 ) ) ;
#1059 = CARTESIAN_POINT ( 'NONE',  ( -2.089276992637431300, 0.2665595911220556800, -0.8875000000000000700 ) ) ;
#1060 = AXIS2_PLACEMENT_3D ( 'NONE', #3152, #2753, #2049 ) ;
#1061 = CYLINDRICAL_SURFACE ( 'NONE', #197, 0.2571864656436232400 ) ;
#1062 = DIRECTION ( 'NONE',  ( -0.08715574274766128800, 0.9961946980917452100, 0.0000000000000000000 ) ) ;
#1063 = CARTESIAN_POINT ( 'NONE',  ( -2.142747693882932400, 0.01558127690695090000, 0.3875000000000000700 ) ) ;
#1064 = EDGE_LOOP ( 'NONE', ( #1239, #3206, #4400, #1050 ) ) ;
#1065 = DIRECTION ( 'NONE',  ( 0.0000000000000000000, -0.0000000000000000000, -1.000000000000000000 ) ) ;
#1066 = DIRECTION ( 'NONE',  ( 0.0000000000000000000, 0.0000000000000000000, 1.000000000000000000 ) ) ;
#1067 = ORIENTED_EDGE ( 'NONE', *, *, #1263, .F. ) ;
#1068 = VERTEX_POINT ( 'NONE', #79 ) ;
#1069 = ORIENTED_EDGE ( 'NONE', *, *, #3443, .T. ) ;
#1070 = ADVANCED_FACE ( 'NONE', ( #1716 ), #802, .F. ) ;
#1071 = VERTEX_POINT ( 'NONE', #4603 ) ;
#1072 = LINE ( 'NONE', #680, #3101 ) ;
#1073 = CARTESIAN_POINT ( 'NONE',  ( -2.156207793495132900, 0.2724152774378160200, 0.6124999999999999300 ) ) ;
#1074 = DIRECTION ( 'NONE',  ( -1.000000000000000000, 0.0000000000000000000, 0.0000000000000000000 ) ) ;
#1075 = EDGE_CURVE ( 'NONE', #2284, #505, #1839, .T. ) ;
#1076 = DIRECTION ( 'NONE',  ( 0.0000000000000000000, 0.0000000000000000000, 1.000000000000000000 ) ) ;
#1077 = EDGE_CURVE ( 'NONE', #3062, #366, #4768, .T. ) ;
#1078 = LINE ( 'NONE', #1986, #1659 ) ;
#1079 = VECTOR ( 'NONE', #1369, 1000.000000000000000 ) ;
#1080 = EDGE_LOOP ( 'NONE', ( #90, #2771, #703, #4692 ) ) ;
#1081 = DIRECTION ( 'NONE',  ( -1.000000000000000000, 0.0000000000000000000, 0.0000000000000000000 ) ) ;
#1082 = FACE_OUTER_BOUND ( 'NONE', #1220, .T. ) ;
#1083 = CARTESIAN_POINT ( 'NONE',  ( 1.500000000000000000, 0.6100000000000003200, 0.1124999999999999800 ) ) ;
#1084 = LINE ( 'NONE', #3681, #89 ) ;
#1085 = PRESENTATION_LAYER_ASSIGNMENT (  '', '', ( #923 ) ) ;
#1086 = DIRECTION ( 'NONE',  ( -1.000000000000000000, 0.0000000000000000000, 0.0000000000000000000 ) ) ;
#1087 = LINE ( 'NONE', #1033, #2703 ) ;
#1088 = DIRECTION ( 'NONE',  ( -0.0000000000000000000, 0.0000000000000000000, -1.000000000000000000 ) ) ;
#1089 = CARTESIAN_POINT ( 'NONE',  ( 2.089276992637431300, 0.2665595911220557400, 1.112500000000000000 ) ) ;
#1090 = MANIFOLD_SOLID_BREP ( 'LPattern1[2]', #1329 ) ;
#1091 = DIRECTION ( 'NONE',  ( 0.1209742911513548200, -0.9852565360152931700, -0.1209742911513548700 ) ) ;
#1092 = CARTESIAN_POINT ( 'NONE',  ( -1.500000000000000700, 1.099999999999999600, -1.439835565157576500 ) ) ;
#1093 = PLANE ( 'NONE',  #1495 ) ;
#1094 = VECTOR ( 'NONE', #111, 1000.000000000000000 ) ;
#1095 = DIRECTION ( 'NONE',  ( 0.0000000000000000000, 1.000000000000000000, 0.0000000000000000000 ) ) ;
#1096 = VERTEX_POINT ( 'NONE', #4176 ) ;
#1097 = DIRECTION ( 'NONE',  ( 0.0000000000000000000, 0.0000000000000000000, 1.000000000000000000 ) ) ;
#1098 = LINE ( 'NONE', #1783, #2775 ) ;
#1099 = VERTEX_POINT ( 'NONE', #1264 ) ;
#1100 = ADVANCED_FACE ( 'NONE', ( #787 ), #4569, .F. ) ;
#1101 = EDGE_CURVE ( 'NONE', #2420, #3455, #248, .T. ) ;
#1102 = AXIS2_PLACEMENT_3D ( 'NONE', #4224, #2355, #3866 ) ;
#1103 = VECTOR ( 'NONE', #4697, 1000.000000000000100 ) ;
#1104 = ORIENTED_EDGE ( 'NONE', *, *, #1983, .F. ) ;
#1105 = DIRECTION ( 'NONE',  ( -0.0000000000000000000, -0.0000000000000000000, -1.000000000000000000 ) ) ;
#1106 = ORIENTED_EDGE ( 'NONE', *, *, #4155, .T. ) ;
#1107 =( NAMED_UNIT ( * ) SI_UNIT ( $, .STERADIAN. ) SOLID_ANGLE_UNIT ( ) );
#1108 = FACE_OUTER_BOUND ( 'NONE', #482, .T. ) ;
#1109 = ORIENTED_EDGE ( 'NONE', *, *, #1669, .T. ) ;
#1110 = EDGE_CURVE ( 'NONE', #1741, #2517, #3221, .T. ) ;
#1111 = EDGE_CURVE ( 'NONE', #4330, #4660, #3100, .T. ) ;
#1112 = DIRECTION ( 'NONE',  ( -0.0000000000000000000, -0.0000000000000000000, -1.000000000000000000 ) ) ;
#1113 =( NAMED_UNIT ( * ) PLANE_ANGLE_UNIT ( ) SI_UNIT ( $, .RADIAN. ) );
#1114 = DIRECTION ( 'NONE',  ( -0.0000000000000000000, 1.000000000000000000, 0.0000000000000000000 ) ) ;
#1115 = ORIENTED_EDGE ( 'NONE', *, *, #960, .T. ) ;
#1116 = LINE ( 'NONE', #1366, #3197 ) ;
#1117 = SURFACE_STYLE_USAGE ( .BOTH. , #3740 ) ;
#1118 = EDGE_LOOP ( 'NONE', ( #3922, #343, #3863, #2508 ) ) ;
#1119 = VERTEX_POINT ( 'NONE', #4650 ) ;
#1120 = VECTOR ( 'NONE', #779, 1000.000000000000000 ) ;
#1121 = AXIS2_PLACEMENT_3D ( 'NONE', #986, #2089, #3970 ) ;
#1122 = CARTESIAN_POINT ( 'NONE',  ( 1.806939028189363600, 0.5428135343563765800, 0.3875000000000000700 ) ) ;
#1123 = VECTOR ( 'NONE', #3548, 1000.000000000000100 ) ;
#1124 = ORIENTED_EDGE ( 'NONE', *, *, #977, .T. ) ;
#1125 = ORIENTED_EDGE ( 'NONE', *, *, #3282, .F. ) ;
#1126 = CARTESIAN_POINT ( 'NONE',  ( -1.900000000000000100, 0.2500000000000000000, -0.6124999999999999300 ) ) ;
#1127 = ADVANCED_FACE ( 'NONE', ( #1778 ), #3987, .F. ) ;
#1128 = CARTESIAN_POINT ( 'NONE',  ( 2.156207793495132900, 0.2724152774378160200, -0.8875000000000000700 ) ) ;
#1129 = ORIENTED_EDGE ( 'NONE', *, *, #2396, .F. ) ;
#1130 = EDGE_LOOP ( 'NONE', ( #2842, #2201, #943, #947 ) ) ;
#1131 = ORIENTED_EDGE ( 'NONE', *, *, #355, .T. ) ;
#1132 = CARTESIAN_POINT ( 'NONE',  ( -2.156207793495132900, 0.2724152774378160200, -0.3875000000000000700 ) ) ;
#1133 = VECTOR ( 'NONE', #1285, 1000.000000000000000 ) ;
#1134 = LINE ( 'NONE', #2170, #134 ) ;
#1135 = ORIENTED_EDGE ( 'NONE', *, *, #2069, .F. ) ;
#1136 = EDGE_CURVE ( 'NONE', #4571, #662, #4640, .T. ) ;
#1137 = EDGE_CURVE ( 'NONE', #2941, #3453, #133, .T. ) ;
#1138 = VECTOR ( 'NONE', #2785, 1000.000000000000000 ) ;
#1139 = CARTESIAN_POINT ( 'NONE',  ( 1.806939028189363600, 0.6100000000000003200, 1.112500000000000000 ) ) ;
#1140 = DIRECTION ( 'NONE',  ( 0.08715574274765987300, 0.9961946980917454300, 0.0000000000000000000 ) ) ;
#1141 = ORIENTED_EDGE ( 'NONE', *, *, #917, .F. ) ;
#1142 = DIRECTION ( 'NONE',  ( 1.000000000000000000, 0.0000000000000000000, 0.0000000000000000000 ) ) ;
#1143 = ORIENTED_EDGE ( 'NONE', *, *, #1416, .T. ) ;
#1144 = EDGE_CURVE ( 'NONE', #3631, #3839, #3757, .T. ) ;
#1145 = EDGE_CURVE ( 'NONE', #3638, #2332, #3873, .T. ) ;
#1146 = DIRECTION ( 'NONE',  ( -1.000000000000000000, 0.0000000000000000000, 0.0000000000000000000 ) ) ;
#1147 = DIRECTION ( 'NONE',  ( -0.08715574274765985900, -0.9961946980917454300, -0.0000000000000000000 ) ) ;
#1148 = PLANE ( 'NONE',  #2318 ) ;
#1149 = AXIS2_PLACEMENT_3D ( 'NONE', #3715, #47, #4509 ) ;
#1150 = VECTOR ( 'NONE', #864, 1000.000000000000000 ) ;
#1151 = DIRECTION ( 'NONE',  ( -1.000000000000000000, 0.0000000000000000000, 0.0000000000000000000 ) ) ;
#1152 = EDGE_CURVE ( 'NONE', #283, #3989, #3643, .T. ) ;
#1153 = ADVANCED_FACE ( 'NONE', ( #372 ), #1247, .T. ) ;
#1154 = FACE_OUTER_BOUND ( 'NONE', #3672, .T. ) ;
#1155 = MECHANICAL_DESIGN_GEOMETRIC_PRESENTATION_REPRESENTATION (  '', ( #2412 ), #1745 ) ;
#1156 = CARTESIAN_POINT ( 'NONE',  ( 1.500000000000000000, 0.6100000000000003200, -1.112500000000000000 ) ) ;
#1157 = DIRECTION ( 'NONE',  ( 0.9961946980917454300, -0.08715574274765987300, 0.0000000000000000000 ) ) ;
#1158 = ORIENTED_EDGE ( 'NONE', *, *, #885, .F. ) ;
#1159 = VERTEX_POINT ( 'NONE', #1314 ) ;
#1160 = CARTESIAN_POINT ( 'NONE',  ( -1.139835565157574400, 1.099999999999999600, -1.139835565157576700 ) ) ;
#1161 = DIRECTION ( 'NONE',  ( 0.0000000000000000000, -0.0000000000000000000, 1.000000000000000000 ) ) ;
#1162 = CARTESIAN_POINT ( 'NONE',  ( 2.156207793495132900, 0.2724152774378160200, 0.8875000000000000700 ) ) ;
#1163 = CIRCLE ( 'NONE', #2938, 0.06718646564362360000 ) ;
#1164 = ORIENTED_EDGE ( 'NONE', *, *, #2890, .T. ) ;
#1165 = DIRECTION ( 'NONE',  ( -0.1218693434051425900, -0.9925461516413225400, 0.0000000000000000000 ) ) ;
#1166 = SURFACE_STYLE_FILL_AREA ( #4125 ) ;
#1167 = ORIENTED_EDGE ( 'NONE', *, *, #4502, .F. ) ;
#1168 = EDGE_CURVE ( 'NONE', #2798, #2350, #3458, .T. ) ;
#1169 = LINE ( 'NONE', #3022, #2498 ) ;
#1170 = CARTESIAN_POINT ( 'NONE',  ( -1.500000000000000000, 0.6100000000000003200, 0.6124999999999999300 ) ) ;
#1171 = ORIENTED_EDGE ( 'NONE', *, *, #2370, .T. ) ;
#1172 = MECHANICAL_DESIGN_GEOMETRIC_PRESENTATION_REPRESENTATION (  '', ( #923 ), #775 ) ;
#1173 = PLANE ( 'NONE',  #4032 ) ;
#1174 = CARTESIAN_POINT ( 'NONE',  ( -2.450000000000000200, 0.1897396116033688600, -0.8875000000000000700 ) ) ;
#1175 = DIRECTION ( 'NONE',  ( -0.1218693434051477400, 0.9925461516413219800, 0.0000000000000000000 ) ) ;
#1176 = VECTOR ( 'NONE', #3841, 1000.000000000000000 ) ;
#1177 = DIRECTION ( 'NONE',  ( 0.9961946980917453200, 0.08715574274766131600, -0.0000000000000000000 ) ) ;
#1178 = ORIENTED_EDGE ( 'NONE', *, *, #4455, .T. ) ;
#1179 = ORIENTED_EDGE ( 'NONE', *, *, #3046, .F. ) ;
#1180 =( GEOMETRIC_REPRESENTATION_CONTEXT ( 3 ) GLOBAL_UNCERTAINTY_ASSIGNED_CONTEXT ( ( #4049 ) ) GLOBAL_UNIT_ASSIGNED_CONTEXT ( ( #3334, #1113, #1488 ) ) REPRESENTATION_CONTEXT ( 'NONE', 'WORKASPACE' ) );
#1181 = ORIENTED_EDGE ( 'NONE', *, *, #74, .T. ) ;
#1182 = EDGE_LOOP ( 'NONE', ( #1235, #3513, #2758, #3729 ) ) ;
#1183 = ORIENTED_EDGE ( 'NONE', *, *, #4195, .T. ) ;
#1184 = AXIS2_PLACEMENT_3D ( 'NONE', #2042, #3550, #3104 ) ;
#1185 = CARTESIAN_POINT ( 'NONE',  ( 1.500000000000000000, 0.6100000000000003200, -0.3875000000000000700 ) ) ;
#1186 = ORIENTED_EDGE ( 'NONE', *, *, #4459, .F. ) ;
#1187 = LINE ( 'NONE', #285, #80 ) ;
#1188 = CLOSED_SHELL ( 'NONE', ( #2273, #3809, #1714, #621, #838, #1127, #4262, #3539, #3619, #1397, #3303, #1044, #4335, #4132 ) ) ;
#1189 = AXIS2_PLACEMENT_3D ( 'NONE', #3680, #1443, #334 ) ;
#1190 = DIRECTION ( 'NONE',  ( -0.9986295347545742800, -0.05233595624293728400, -0.0000000000000000000 ) ) ;
#1191 = CARTESIAN_POINT ( 'NONE',  ( 2.440056168313842200, 0.0000000000000000000, 1.112500000000000000 ) ) ;
#1192 = CIRCLE ( 'NONE', #3985, 0.2571864656436234600 ) ;
#1193 = LINE ( 'NONE', #2055, #2342 ) ;
#1194 = ORIENTED_EDGE ( 'NONE', *, *, #4708, .T. ) ;
#1195 = CARTESIAN_POINT ( 'NONE',  ( -2.440056168313842200, 0.0000000000000000000, 0.1124999999999999800 ) ) ;
#1196 = DIRECTION ( 'NONE',  ( 1.000000000000000000, 0.0000000000000000000, 0.0000000000000000000 ) ) ;
#1197 = AXIS2_PLACEMENT_3D ( 'NONE', #4556, #2688, #3073 ) ;
#1198 = VECTOR ( 'NONE', #305, 1000.000000000000000 ) ;
#1199 = ORIENTED_EDGE ( 'NONE', *, *, #1636, .T. ) ;
#1200 = DIRECTION ( 'NONE',  ( -0.0000000000000000000, -0.0000000000000000000, -1.000000000000000000 ) ) ;
#1201 = PLANE ( 'NONE',  #2784 ) ;
#1202 = EDGE_CURVE ( 'NONE', #3153, #3406, #3001, .T. ) ;
#1203 = CARTESIAN_POINT ( 'NONE',  ( 1.476670933428449100, 0.8000000000000000400, 0.8875000000000000700 ) ) ;
#1204 = CARTESIAN_POINT ( 'NONE',  ( -1.806939028189363600, 0.5428135343563766900, 0.6124999999999999300 ) ) ;
#1205 = EDGE_CURVE ( 'NONE', #4770, #1674, #901, .T. ) ;
#1206 = SURFACE_SIDE_STYLE ('',( #3879 ) ) ;
#1207 = AXIS2_PLACEMENT_3D ( 'NONE', #1322, #203, #644 ) ;
#1208 = EDGE_CURVE ( 'NONE', #4725, #4737, #1900, .T. ) ;
#1209 = DIRECTION ( 'NONE',  ( -0.0000000000000000000, -0.0000000000000000000, -1.000000000000000000 ) ) ;
#1210 = CIRCLE ( 'NONE', #4547, 0.2571864656436234600 ) ;
#1211 = ORIENTED_EDGE ( 'NONE', *, *, #202, .F. ) ;
#1212 = CARTESIAN_POINT ( 'NONE',  ( 2.450000000000000200, 0.1897396116033688300, 1.112500000000000000 ) ) ;
#1213 = LINE ( 'NONE', #3042, #3027 ) ;
#1214 = AXIS2_PLACEMENT_3D ( 'NONE', #4766, #4027, #4014 ) ;
#1215 = DIRECTION ( 'NONE',  ( -1.000000000000000000, 0.0000000000000000000, 0.0000000000000000000 ) ) ;
#1216 = VERTEX_POINT ( 'NONE', #4633 ) ;
#1217 = CARTESIAN_POINT ( 'NONE',  ( -1.443519101984664300, 0.1499999999999997400, -1.443519101984663400 ) ) ;
#1218 = ORIENTED_EDGE ( 'NONE', *, *, #2114, .F. ) ;
#1219 = ADVANCED_FACE ( 'NONE', ( #1012 ), #195, .T. ) ;
#1220 = EDGE_LOOP ( 'NONE', ( #60, #563, #2237, #332 ) ) ;
#1221 = VERTEX_POINT ( 'NONE', #3110 ) ;
#1222 = DIRECTION ( 'NONE',  ( 0.1218693434051425900, -0.9925461516413225400, -0.0000000000000000000 ) ) ;
#1223 = CARTESIAN_POINT ( 'NONE',  ( 1.500000000000000000, 0.6100000000000003200, -0.3875000000000000700 ) ) ;
#1224 = CARTESIAN_POINT ( 'NONE',  ( -1.806939028189363600, 0.5428135343563766900, 0.1124999999999999800 ) ) ;
#1225 = LINE ( 'NONE', #3825, #3962 ) ;
#1226 = VERTEX_POINT ( 'NONE', #635 ) ;
#1227 = EDGE_CURVE ( 'NONE', #1674, #3868, #4775, .T. ) ;
#1228 = EDGE_CURVE ( 'NONE', #2982, #723, #4481, .T. ) ;
#1229 = ORIENTED_EDGE ( 'NONE', *, *, #3817, .T. ) ;
#1230 = EDGE_CURVE ( 'NONE', #2624, #1014, #689, .T. ) ;
#1231 = EDGE_CURVE ( 'NONE', #567, #668, #326, .T. ) ;
#1232 = DIRECTION ( 'NONE',  ( 1.000000000000000000, 0.0000000000000000000, -2.168404344971008900E-016 ) ) ;
#1233 = ORIENTED_EDGE ( 'NONE', *, *, #4745, .F. ) ;
#1234 = VECTOR ( 'NONE', #2159, 1000.000000000000000 ) ;
#1235 = ORIENTED_EDGE ( 'NONE', *, *, #4582, .T. ) ;
#1236 = DIRECTION ( 'NONE',  ( 1.000000000000000000, 0.0000000000000000000, 0.0000000000000000000 ) ) ;
#1237 =( NAMED_UNIT ( * ) PLANE_ANGLE_UNIT ( ) SI_UNIT ( $, .RADIAN. ) );
#1238 = ORIENTED_EDGE ( 'NONE', *, *, #614, .F. ) ;
#1239 = ORIENTED_EDGE ( 'NONE', *, *, #1137, .T. ) ;
#1240 = UNCERTAINTY_MEASURE_WITH_UNIT (LENGTH_MEASURE( 1.000000000000000100E-005 ), #2851, 'distance_accuracy_value', 'NONE');
#1241 = CARTESIAN_POINT ( 'NONE',  ( -2.450000000000000200, 0.1897396116033688600, 0.8875000000000000700 ) ) ;
#1242 = VERTEX_POINT ( 'NONE', #211 ) ;
#1243 = DIRECTION ( 'NONE',  ( -0.0000000000000000000, -0.0000000000000000000, -1.000000000000000000 ) ) ;
#1244 = ORIENTED_EDGE ( 'NONE', *, *, #4138, .F. ) ;
#1245 = VERTEX_POINT ( 'NONE', #2490 ) ;
#1246 = DIRECTION ( 'NONE',  ( 0.0000000000000000000, -0.0000000000000000000, -1.000000000000000000 ) ) ;
#1247 = CYLINDRICAL_SURFACE ( 'NONE', #4052, 0.2571864656436234600 ) ;
#1248 = CARTESIAN_POINT ( 'NONE',  ( 1.806939028189363600, 0.6100000000000003200, 0.8875000000000000700 ) ) ;
#1249 = ORIENTED_EDGE ( 'NONE', *, *, #2541, .T. ) ;
#1250 = ADVANCED_FACE ( 'NONE', ( #556 ), #3239, .T. ) ;
#1251 = EDGE_CURVE ( 'NONE', #3386, #890, #2303, .T. ) ;
#1252 = LINE ( 'NONE', #200, #3463 ) ;
#1253 = EDGE_LOOP ( 'NONE', ( #4687, #1779, #921, #3045 ) ) ;
#1254 = ORIENTED_EDGE ( 'NONE', *, *, #1733, .T. ) ;
#1255 = CARTESIAN_POINT ( 'NONE',  ( 2.450000000000000200, 0.1897396116033688300, 1.112500000000000000 ) ) ;
#1256 = DIRECTION ( 'NONE',  ( -0.0000000000000000000, -0.0000000000000000000, -1.000000000000000000 ) ) ;
#1257 = DIRECTION ( 'NONE',  ( 0.9925461516413226500, 0.1218693434051426000, -0.0000000000000000000 ) ) ;
#1258 = DIRECTION ( 'NONE',  ( -0.0000000000000000000, -0.0000000000000000000, -1.000000000000000000 ) ) ;
#1259 = AXIS2_PLACEMENT_3D ( 'NONE', #1620, #979, #2366 ) ;
#1260 = DIRECTION ( 'NONE',  ( -1.000000000000000000, 0.0000000000000000000, 0.0000000000000000000 ) ) ;
#1261 = CARTESIAN_POINT ( 'NONE',  ( 2.440056168313842200, 0.0000000000000000000, 1.112500000000000000 ) ) ;
#1262 = FACE_OUTER_BOUND ( 'NONE', #4850, .T. ) ;
#1263 = EDGE_CURVE ( 'NONE', #3434, #4330, #265, .T. ) ;
#1264 = CARTESIAN_POINT ( 'NONE',  ( 1.873869829047064800, 0.5486692206721369700, -0.6124999999999999300 ) ) ;
#1265 = AXIS2_PLACEMENT_3D ( 'NONE', #3468, #3088, #881 ) ;
#1266 = VECTOR ( 'NONE', #4363, 1000.000000000000000 ) ;
#1267 = ORIENTED_EDGE ( 'NONE', *, *, #433, .T. ) ;
#1268 = CARTESIAN_POINT ( 'NONE',  ( -1.139835565157574400, 0.9999999999999995600, -1.139835565157576700 ) ) ;
#1269 = PLANE ( 'NONE',  #1532 ) ;
#1270 = CARTESIAN_POINT ( 'NONE',  ( 2.142747693882932400, 0.01558127690695090000, 0.6124999999999999300 ) ) ;
#1271 = EDGE_LOOP ( 'NONE', ( #3188, #3628, #3319, #1417 ) ) ;
#1272 = PLANE ( 'NONE',  #2722 ) ;
#1273 = CIRCLE ( 'NONE', #1968, 0.2571864656436234600 ) ;
#1274 = ORIENTED_EDGE ( 'NONE', *, *, #2417, .T. ) ;
#1275 = AXIS2_PLACEMENT_3D ( 'NONE', #4803, #1076, #3666 ) ;
#1276 = CARTESIAN_POINT ( 'NONE',  ( -1.500000000000000000, 0.6100000000000003200, -0.6124999999999999300 ) ) ;
#1277 = ADVANCED_FACE ( 'NONE', ( #3471 ), #1737, .F. ) ;
#1278 = VECTOR ( 'NONE', #1511, 1000.000000000000200 ) ;
#1279 = CARTESIAN_POINT ( 'NONE',  ( -1.500000000000000000, 0.6100000000000003200, 1.112500000000000000 ) ) ;
#1280 = CARTESIAN_POINT ( 'NONE',  ( -1.500000000000000000, 0.6100000000000003200, -0.8875000000000000700 ) ) ;
#1281 = EDGE_LOOP ( 'NONE', ( #732, #2568, #2442, #3146 ) ) ;
#1282 = AXIS2_PLACEMENT_3D ( 'NONE', #3878, #531, #3127 ) ;
#1283 = CIRCLE ( 'NONE', #2579, 0.2571864656436234600 ) ;
#1284 = PLANE ( 'NONE',  #2383 ) ;
#1285 = DIRECTION ( 'NONE',  ( -0.0000000000000000000, -0.0000000000000000000, -1.000000000000000000 ) ) ;
#1286 = ORIENTED_EDGE ( 'NONE', *, *, #3096, .F. ) ;
#1287 = VECTOR ( 'NONE', #4741, 1000.000000000000000 ) ;
#1288 = CARTESIAN_POINT ( 'NONE',  ( 1.806939028189363600, 0.6100000000000003200, -1.112500000000000000 ) ) ;
#1289 = ORIENTED_EDGE ( 'NONE', *, *, #59, .T. ) ;
#1290 = EDGE_CURVE ( 'NONE', #495, #1505, #3289, .T. ) ;
#1291 = CARTESIAN_POINT ( 'NONE',  ( 1.476670933428449100, 0.8000000000000000400, 0.1124999999999999800 ) ) ;
#1292 = VECTOR ( 'NONE', #1765, 1000.000000000000000 ) ;
#1293 = EDGE_CURVE ( 'NONE', #839, #4609, #2142, .T. ) ;
#1294 = EDGE_LOOP ( 'NONE', ( #595, #4759, #639, #2111 ) ) ;
#1295 = CARTESIAN_POINT ( 'NONE',  ( -2.440056168313842200, 0.0000000000000000000, 0.3875000000000000700 ) ) ;
#1296 = CARTESIAN_POINT ( 'NONE',  ( 2.450000000000000200, 0.1897396116033688300, 0.1124999999999999800 ) ) ;
#1297 = ORIENTED_EDGE ( 'NONE', *, *, #1925, .T. ) ;
#1298 = ORIENTED_EDGE ( 'NONE', *, *, #48, .T. ) ;
#1299 =( NAMED_UNIT ( * ) SI_UNIT ( $, .STERADIAN. ) SOLID_ANGLE_UNIT ( ) );
#1300 = AXIS2_PLACEMENT_3D ( 'NONE', #1320, #2090, #1728 ) ;
#1301 = CARTESIAN_POINT ( 'NONE',  ( -2.142747693882932400, 0.01558127690695090000, -0.3875000000000000700 ) ) ;
#1302 = DIRECTION ( 'NONE',  ( -0.05233595624293736800, 0.9986295347545742800, 0.0000000000000000000 ) ) ;
#1303 = EDGE_CURVE ( 'NONE', #307, #3638, #1497, .T. ) ;
#1304 = CARTESIAN_POINT ( 'NONE',  ( -1.476670933428449100, 0.8000000000000000400, 0.8875000000000000700 ) ) ;
#1305 = PRESENTATION_STYLE_ASSIGNMENT (( #603 ) ) ;
#1306 = EDGE_CURVE ( 'NONE', #3050, #1872, #2596, .T. ) ;
#1307 = CARTESIAN_POINT ( 'NONE',  ( -2.089276992637431300, 0.2665595911220556800, -1.112500000000000000 ) ) ;
#1308 = CARTESIAN_POINT ( 'NONE',  ( -1.476670933428449100, 0.8000000000000000400, -0.8875000000000000700 ) ) ;
#1309 = AXIS2_PLACEMENT_3D ( 'NONE', #4162, #4538, #2287 ) ;
#1310 = FACE_OUTER_BOUND ( 'NONE', #607, .T. ) ;
#1311 = CARTESIAN_POINT ( 'NONE',  ( 1.873869829047064800, 0.5486692206721369700, -0.8875000000000000700 ) ) ;
#1312 = VECTOR ( 'NONE', #3063, 1000.000000000000000 ) ;
#1313 = VECTOR ( 'NONE', #4004, 1000.000000000000000 ) ;
#1314 = CARTESIAN_POINT ( 'NONE',  ( 1.443519101984663400, 0.1499999999999997400, -1.443519101984664000 ) ) ;
#1315 = EDGE_LOOP ( 'NONE', ( #2369, #1527, #28, #2788 ) ) ;
#1316 = DIRECTION ( 'NONE',  ( 0.0000000000000000000, -0.0000000000000000000, 1.000000000000000000 ) ) ;
#1317 = DIRECTION ( 'NONE',  ( -1.000000000000000000, 0.0000000000000000000, 0.0000000000000000000 ) ) ;
#1318 = VECTOR ( 'NONE', #3588, 1000.000000000000100 ) ;
#1319 = CARTESIAN_POINT ( 'NONE',  ( 1.900000000000000100, 0.2500000000000000000, 0.1124999999999999800 ) ) ;
#1320 = CARTESIAN_POINT ( 'NONE',  ( -1.500000000000000000, 0.6100000000000003200, -0.8875000000000000700 ) ) ;
#1321 = CARTESIAN_POINT ( 'NONE',  ( -2.450000000000000200, 0.1897396116033688600, 0.1124999999999999800 ) ) ;
#1322 = CARTESIAN_POINT ( 'NONE',  ( -2.156207793495132900, 0.2724152774378160200, 1.112500000000000000 ) ) ;
#1323 = ADVANCED_FACE ( 'NONE', ( #4652 ), #2100, .F. ) ;
#1324 = EDGE_CURVE ( 'NONE', #2996, #4474, #2897, .T. ) ;
#1325 = CARTESIAN_POINT ( 'NONE',  ( -2.156207793495132900, 0.2724152774378160200, 0.8875000000000000700 ) ) ;
#1326 = EDGE_CURVE ( 'NONE', #161, #3271, #913, .T. ) ;
#1327 = PLANE ( 'NONE',  #2087 ) ;
#1328 = CARTESIAN_POINT ( 'NONE',  ( 2.156207793495132900, 0.2724152774378160200, 0.6124999999999999300 ) ) ;
#1329 = CLOSED_SHELL ( 'NONE', ( #1789, #3889, #1003, #954, #2699, #318, #636, #994, #591, #1029, #4362, #187, #2889, #718 ) ) ;
#1330 = DIRECTION ( 'NONE',  ( 0.0000000000000000000, -0.0000000000000000000, 1.000000000000000000 ) ) ;
#1331 = LINE ( 'NONE', #3083, #3946 ) ;
#1332 = CARTESIAN_POINT ( 'NONE',  ( 1.806939028189363600, 0.5428135343563765800, -1.112500000000000000 ) ) ;
#1333 = ORIENTED_EDGE ( 'NONE', *, *, #476, .F. ) ;
#1334 = CARTESIAN_POINT ( 'NONE',  ( -1.139835565157574400, 1.099999999999999600, -0.9898355651575766500 ) ) ;
#1335 = CARTESIAN_POINT ( 'NONE',  ( 2.142747693882932400, 0.01558127690695090000, 0.8875000000000000700 ) ) ;
#1336 = VECTOR ( 'NONE', #770, 1000.000000000000100 ) ;
#1337 = CARTESIAN_POINT ( 'NONE',  ( -1.873869829047064800, 0.5486692206721369700, 0.3875000000000000700 ) ) ;
#1338 = AXIS2_PLACEMENT_3D ( 'NONE', #310, #1043, #1747 ) ;
#1339 = ORIENTED_EDGE ( 'NONE', *, *, #3726, .T. ) ;
#1340 = EDGE_LOOP ( 'NONE', ( #952, #4845, #983, #246 ) ) ;
#1341 = CARTESIAN_POINT ( 'NONE',  ( -2.156207793495132900, 0.2724152774378160200, 0.3875000000000000700 ) ) ;
#1342 = LINE ( 'NONE', #2162, #3190 ) ;
#1343 = ORIENTED_EDGE ( 'NONE', *, *, #2192, .T. ) ;
#1344 = PRESENTATION_STYLE_ASSIGNMENT (( #4637 ) ) ;
#1345 = ADVANCED_FACE ( 'NONE', ( #4171 ), #4418, .F. ) ;
#1346 =( NAMED_UNIT ( * ) PLANE_ANGLE_UNIT ( ) SI_UNIT ( $, .RADIAN. ) );
#1347 = ORIENTED_EDGE ( 'NONE', *, *, #2430, .F. ) ;
#1348 = CYLINDRICAL_SURFACE ( 'NONE', #519, 0.06718646564362360000 ) ;
#1349 = DIRECTION ( 'NONE',  ( -0.0000000000000000000, -0.0000000000000000000, -1.000000000000000000 ) ) ;
#1350 = ORIENTED_EDGE ( 'NONE', *, *, #2192, .F. ) ;
#1351 = EDGE_CURVE ( 'NONE', #4386, #181, #3013, .T. ) ;
#1352 = AXIS2_PLACEMENT_3D ( 'NONE', #1784, #1046, #4393 ) ;
#1353 = COLOUR_RGB ( '',0.7921568627450980000, 0.8196078431372548800, 0.9333333333333333500 ) ;
#1354 = EDGE_LOOP ( 'NONE', ( #124, #888, #1125, #403 ) ) ;
#1355 = ORIENTED_EDGE ( 'NONE', *, *, #4645, .F. ) ;
#1356 = ORIENTED_EDGE ( 'NONE', *, *, #710, .T. ) ;
#1357 = DIRECTION ( 'NONE',  ( -0.0000000000000000000, -0.0000000000000000000, -1.000000000000000000 ) ) ;
#1358 = CARTESIAN_POINT ( 'NONE',  ( 1.476670933428449100, 0.8000000000000000400, -1.112500000000000000 ) ) ;
#1359 = DIRECTION ( 'NONE',  ( -0.0000000000000000000, -0.0000000000000000000, -1.000000000000000000 ) ) ;
#1360 = MECHANICAL_DESIGN_GEOMETRIC_PRESENTATION_REPRESENTATION (  '', ( #3350 ), #2347 ) ;
#1361 = EDGE_LOOP ( 'NONE', ( #1005, #536, #472, #4781 ) ) ;
#1362 = VERTEX_POINT ( 'NONE', #1503 ) ;
#1363 = ORIENTED_EDGE ( 'NONE', *, *, #2500, .F. ) ;
#1364 = CARTESIAN_POINT ( 'NONE',  ( 1.806939028189363600, 0.8000000000000000400, -0.6124999999999999300 ) ) ;
#1365 = CIRCLE ( 'NONE', #4121, 0.06718646564362360000 ) ;
#1366 = CARTESIAN_POINT ( 'NONE',  ( 2.089276992637431300, 0.2665595911220557400, 0.8875000000000000700 ) ) ;
#1367 = ORIENTED_EDGE ( 'NONE', *, *, #4739, .T. ) ;
#1368 = AXIS2_PLACEMENT_3D ( 'NONE', #578, #2454, #3707 ) ;
#1369 = DIRECTION ( 'NONE',  ( -1.000000000000000000, 0.0000000000000000000, 2.168404344971008900E-016 ) ) ;
#1370 = SURFACE_SIDE_STYLE ('',( #2719 ) ) ;
#1371 = CARTESIAN_POINT ( 'NONE',  ( 1.500000000000000000, 0.6100000000000003200, -0.1124999999999999800 ) ) ;
#1372 = CARTESIAN_POINT ( 'NONE',  ( 2.450000000000000200, 0.1897396116033688300, 0.6124999999999999300 ) ) ;
#1373 = VECTOR ( 'NONE', #1808, 1000.000000000000000 ) ;
#1374 = AXIS2_PLACEMENT_3D ( 'NONE', #2530, #3324, #2547 ) ;
#1375 = EDGE_LOOP ( 'NONE', ( #3551, #2250, #2391, #1947 ) ) ;
#1376 = CARTESIAN_POINT ( 'NONE',  ( 2.450000000000000200, 0.1897396116033688300, 0.1124999999999999800 ) ) ;
#1377 = PRESENTATION_STYLE_ASSIGNMENT (( #3075 ) ) ;
#1378 = CARTESIAN_POINT ( 'NONE',  ( 1.806939028189363600, 0.8000000000000000400, 0.1124999999999999800 ) ) ;
#1379 = DIRECTION ( 'NONE',  ( -0.0000000000000000000, -0.0000000000000000000, -1.000000000000000000 ) ) ;
#1380 = DIRECTION ( 'NONE',  ( 1.000000000000000000, 0.0000000000000000000, 0.0000000000000000000 ) ) ;
#1381 = DIRECTION ( 'NONE',  ( 0.1209742911513548400, 0.9852565360152931700, 0.1209742911513548000 ) ) ;
#1382 = CARTESIAN_POINT ( 'NONE',  ( -1.806939028189363600, 0.5428135343563766900, 0.1124999999999999800 ) ) ;
#1383 = LINE ( 'NONE', #4598, #1792 ) ;
#1384 = VERTEX_POINT ( 'NONE', #746 ) ;
#1385 = SURFACE_STYLE_USAGE ( .BOTH. , #709 ) ;
#1386 = ORIENTED_EDGE ( 'NONE', *, *, #4195, .F. ) ;
#1387 = EDGE_CURVE ( 'NONE', #141, #2914, #3656, .T. ) ;
#1388 = MANIFOLD_SOLID_BREP ( 'LPattern1[5]', #1188 ) ;
#1389 = DIRECTION ( 'NONE',  ( 0.0000000000000000000, -0.9925461516413219800, 0.1218693434051477400 ) ) ;
#1390 = EDGE_CURVE ( 'NONE', #2602, #3271, #1617, .T. ) ;
#1391 = CARTESIAN_POINT ( 'NONE',  ( 1.476670933428449100, 0.8000000000000000400, 0.3875000000000000700 ) ) ;
#1392 = ORIENTED_EDGE ( 'NONE', *, *, #56, .F. ) ;
#1393 = FACE_OUTER_BOUND ( 'NONE', #3098, .T. ) ;
#1394 =( NAMED_UNIT ( * ) SI_UNIT ( $, .STERADIAN. ) SOLID_ANGLE_UNIT ( ) );
#1395 = VERTEX_POINT ( 'NONE', #1470 ) ;
#1396 = ORIENTED_EDGE ( 'NONE', *, *, #911, .F. ) ;
#1397 = ADVANCED_FACE ( 'NONE', ( #4238 ), #4601, .T. ) ;
#1398 = CARTESIAN_POINT ( 'NONE',  ( -1.900000000000000100, 0.2500000000000000000, -1.112500000000000000 ) ) ;
#1399 = ORIENTED_EDGE ( 'NONE', *, *, #4305, .F. ) ;
#1400 = DIRECTION ( 'NONE',  ( -0.0000000000000000000, -0.0000000000000000000, -1.000000000000000000 ) ) ;
#1401 = VERTEX_POINT ( 'NONE', #791 ) ;
#1402 = MECHANICAL_DESIGN_GEOMETRIC_PRESENTATION_REPRESENTATION (  '', ( #1937 ), #1180 ) ;
#1403 = VECTOR ( 'NONE', #3166, 1000.000000000000000 ) ;
#1404 = EDGE_CURVE ( 'NONE', #3975, #3427, #2535, .T. ) ;
#1405 = DIRECTION ( 'NONE',  ( -0.0000000000000000000, 0.0000000000000000000, -1.000000000000000000 ) ) ;
#1406 = LINE ( 'NONE', #4124, #3134 ) ;
#1407 = DIRECTION ( 'NONE',  ( -0.9986295347545742800, -0.05233595624293736800, 0.0000000000000000000 ) ) ;
#1408 = CARTESIAN_POINT ( 'NONE',  ( -2.156207793495132900, 0.2724152774378160200, 0.6124999999999999300 ) ) ;
#1409 = EDGE_CURVE ( 'NONE', #1634, #2012, #3232, .T. ) ;
#1410 = VECTOR ( 'NONE', #4038, 1000.000000000000000 ) ;
#1411 = ORIENTED_EDGE ( 'NONE', *, *, #4745, .T. ) ;
#1412 = ORIENTED_EDGE ( 'NONE', *, *, #3131, .F. ) ;
#1413 = CARTESIAN_POINT ( 'NONE',  ( 2.156207793495132900, 0.2724152774378160200, 0.6124999999999999300 ) ) ;
#1414 = DIRECTION ( 'NONE',  ( -0.0000000000000000000, -0.0000000000000000000, -1.000000000000000000 ) ) ;
#1415 = ORIENTED_EDGE ( 'NONE', *, *, #2544, .T. ) ;
#1416 = EDGE_CURVE ( 'NONE', #780, #3062, #3409, .T. ) ;
#1417 = ORIENTED_EDGE ( 'NONE', *, *, #113, .T. ) ;
#1418 = DIRECTION ( 'NONE',  ( 0.0000000000000000000, -1.000000000000000000, 0.0000000000000000000 ) ) ;
#1419 = ORIENTED_EDGE ( 'NONE', *, *, #3028, .T. ) ;
#1420 = ADVANCED_FACE ( 'NONE', ( #1262 ), #1027, .T. ) ;
#1421 = CARTESIAN_POINT ( 'NONE',  ( 1.900000000000000100, 0.2500000000000000000, -0.8875000000000000700 ) ) ;
#1422 = EDGE_CURVE ( 'NONE', #129, #1589, #1435, .T. ) ;
#1423 = CARTESIAN_POINT ( 'NONE',  ( -2.440056168313842200, 0.0000000000000000000, -0.3875000000000000700 ) ) ;
#1424 = ORIENTED_EDGE ( 'NONE', *, *, #1227, .F. ) ;
#1425 = DIRECTION ( 'NONE',  ( -0.0000000000000000000, -0.0000000000000000000, -1.000000000000000000 ) ) ;
#1426 = CIRCLE ( 'NONE', #1149, 0.06718646564362360000 ) ;
#1427 = FACE_OUTER_BOUND ( 'NONE', #1011, .T. ) ;
#1428 = VERTEX_POINT ( 'NONE', #1223 ) ;
#1429 = CIRCLE ( 'NONE', #229, 0.06718646564362360000 ) ;
#1430 = DIRECTION ( 'NONE',  ( -1.000000000000000000, 0.0000000000000000000, 0.0000000000000000000 ) ) ;
#1431 = ORIENTED_EDGE ( 'NONE', *, *, #2696, .F. ) ;
#1432 = CARTESIAN_POINT ( 'NONE',  ( -2.089276992637431300, 0.2665595911220556800, 0.1124999999999999800 ) ) ;
#1433 = CARTESIAN_POINT ( 'NONE',  ( -1.500000000000000000, 0.6100000000000003200, -1.112500000000000000 ) ) ;
#1434 =( GEOMETRIC_REPRESENTATION_CONTEXT ( 3 ) GLOBAL_UNCERTAINTY_ASSIGNED_CONTEXT ( ( #3245 ) ) GLOBAL_UNIT_ASSIGNED_CONTEXT ( ( #167, #1346, #2390 ) ) REPRESENTATION_CONTEXT ( 'NONE', 'WORKASPACE' ) );
#1435 = CIRCLE ( 'NONE', #1022, 0.2571864656436234600 ) ;
#1436 = DIRECTION ( 'NONE',  ( -0.0000000000000000000, -0.0000000000000000000, -1.000000000000000000 ) ) ;
#1437 = CARTESIAN_POINT ( 'NONE',  ( -2.450000000000000200, 0.1897396116033688600, -1.112500000000000000 ) ) ;
#1438 = CARTESIAN_POINT ( 'NONE',  ( 2.450000000000000200, 0.1897396116033688300, -0.8875000000000000700 ) ) ;
#1439 = CARTESIAN_POINT ( 'NONE',  ( 1.476670933428449100, 0.8000000000000000400, 0.8875000000000000700 ) ) ;
#1440 = ADVANCED_FACE ( 'NONE', ( #2768 ), #2656, .F. ) ;
#1441 = LINE ( 'NONE', #4134, #1626 ) ;
#1442 = VERTEX_POINT ( 'NONE', #4594 ) ;
#1443 = DIRECTION ( 'NONE',  ( 0.0000000000000000000, 0.0000000000000000000, 1.000000000000000000 ) ) ;
#1444 = CARTESIAN_POINT ( 'NONE',  ( -1.806939028189363600, 0.5428135343563766900, 0.8875000000000000700 ) ) ;
#1445 = MANIFOLD_SOLID_BREP ( 'LPattern1[7]', #2315 ) ;
#1446 = CYLINDRICAL_SURFACE ( 'NONE', #553, 0.06718646564362382200 ) ;
#1447 = DIRECTION ( 'NONE',  ( 0.9986295347545742800, -0.05233595624293736800, 0.0000000000000000000 ) ) ;
#1448 = ORIENTED_EDGE ( 'NONE', *, *, #157, .T. ) ;
#1449 = PLANE ( 'NONE',  #4685 ) ;
#1450 = EDGE_CURVE ( 'NONE', #1607, #2904, #418, .T. ) ;
#1451 = DIRECTION ( 'NONE',  ( -0.9986295347545742800, -0.05233595624293728400, -0.0000000000000000000 ) ) ;
#1452 = DIRECTION ( 'NONE',  ( -1.000000000000000000, 0.0000000000000000000, 0.0000000000000000000 ) ) ;
#1453 = DIRECTION ( 'NONE',  ( 0.9986295347545742800, -0.05233595624293736800, 0.0000000000000000000 ) ) ;
#1454 = ORIENTED_EDGE ( 'NONE', *, *, #4438, .T. ) ;
#1455 = VERTEX_POINT ( 'NONE', #108 ) ;
#1456 = CARTESIAN_POINT ( 'NONE',  ( -1.500000000000000000, 0.6100000000000003200, 0.3875000000000000700 ) ) ;
#1457 = FACE_OUTER_BOUND ( 'NONE', #3778, .T. ) ;
#1458 =( GEOMETRIC_REPRESENTATION_CONTEXT ( 3 ) GLOBAL_UNCERTAINTY_ASSIGNED_CONTEXT ( ( #4189 ) ) GLOBAL_UNIT_ASSIGNED_CONTEXT ( ( #4200, #1237, #2707 ) ) REPRESENTATION_CONTEXT ( 'NONE', 'WORKASPACE' ) );
#1459 = ADVANCED_FACE ( 'NONE', ( #777 ), #4170, .T. ) ;
#1460 = ORIENTED_EDGE ( 'NONE', *, *, #416, .T. ) ;
#1461 = LINE ( 'NONE', #3228, #1819 ) ;
#1462 = CARTESIAN_POINT ( 'NONE',  ( 1.500000000000000000, 0.6100000000000003200, 0.6124999999999999300 ) ) ;
#1463 = CARTESIAN_POINT ( 'NONE',  ( 1.476670933428449100, 0.8000000000000000400, -0.3875000000000000700 ) ) ;
#1464 = ORIENTED_EDGE ( 'NONE', *, *, #1047, .T. ) ;
#1465 = DIRECTION ( 'NONE',  ( -0.9986295347545742800, -0.05233595624293728400, -0.0000000000000000000 ) ) ;
#1466 = AXIS2_PLACEMENT_3D ( 'NONE', #1993, #3074, #1565 ) ;
#1467 = ORIENTED_EDGE ( 'NONE', *, *, #741, .F. ) ;
#1468 = SURFACE_STYLE_FILL_AREA ( #273 ) ;
#1469 = VERTEX_POINT ( 'NONE', #806 ) ;
#1470 = CARTESIAN_POINT ( 'NONE',  ( 2.063146821684495700, 0.5652288117941927100, -1.112500000000000000 ) ) ;
#1471 = LINE ( 'NONE', #1692, #2866 ) ;
#1472 = EDGE_LOOP ( 'NONE', ( #4825, #4352, #179, #2043 ) ) ;
#1473 = VERTEX_POINT ( 'NONE', #2292 ) ;
#1474 = VECTOR ( 'NONE', #506, 1000.000000000000000 ) ;
#1475 = VERTEX_POINT ( 'NONE', #1946 ) ;
#1476 = ORIENTED_EDGE ( 'NONE', *, *, #128, .F. ) ;
#1477 = ORIENTED_EDGE ( 'NONE', *, *, #4717, .T. ) ;
#1478 = PLANE ( 'NONE',  #2865 ) ;
#1479 = CARTESIAN_POINT ( 'NONE',  ( 1.806939028189363600, 0.8000000000000000400, -0.8875000000000000700 ) ) ;
#1480 = DIRECTION ( 'NONE',  ( 0.0000000000000000000, -1.000000000000000000, 0.0000000000000000000 ) ) ;
#1481 = DIRECTION ( 'NONE',  ( -1.000000000000000000, -0.0000000000000000000, -0.0000000000000000000 ) ) ;
#1482 = EDGE_CURVE ( 'NONE', #573, #3371, #2740, .T. ) ;
#1483 = EDGE_CURVE ( 'NONE', #2218, #2624, #1643, .T. ) ;
#1484 = VECTOR ( 'NONE', #2737, 1000.000000000000000 ) ;
#1485 = VECTOR ( 'NONE', #3950, 1000.000000000000100 ) ;
#1486 = ORIENTED_EDGE ( 'NONE', *, *, #824, .T. ) ;
#1487 = DIRECTION ( 'NONE',  ( 0.9986295347545742800, 0.05233595624293682600, -0.0000000000000000000 ) ) ;
#1488 =( NAMED_UNIT ( * ) SI_UNIT ( $, .STERADIAN. ) SOLID_ANGLE_UNIT ( ) );
#1489 = FACE_OUTER_BOUND ( 'NONE', #1036, .T. ) ;
#1490 = AXIS2_PLACEMENT_3D ( 'NONE', #4306, #2476, #927 ) ;
#1491 = VERTEX_POINT ( 'NONE', #962 ) ;
#1492 = DIRECTION ( 'NONE',  ( 1.000000000000000000, -0.0000000000000000000, -0.0000000000000000000 ) ) ;
#1493 = LINE ( 'NONE', #4062, #497 ) ;
#1494 = ADVANCED_FACE ( 'NONE', ( #2054 ), #831, .F. ) ;
#1495 = AXIS2_PLACEMENT_3D ( 'NONE', #1851, #1515, #2195 ) ;
#1496 = CARTESIAN_POINT ( 'NONE',  ( 1.900000000000000100, 0.2500000000000000000, 0.1124999999999999800 ) ) ;
#1497 = LINE ( 'NONE', #2816, #1318 ) ;
#1498 = CARTESIAN_POINT ( 'NONE',  ( -2.152691525569090400, 0.2053208885103196300, 0.3875000000000000700 ) ) ;
#1499 = DIRECTION ( 'NONE',  ( -0.0000000000000000000, 0.0000000000000000000, -1.000000000000000000 ) ) ;
#1500 = LINE ( 'NONE', #1437, #504 ) ;
#1501 = DIRECTION ( 'NONE',  ( -0.0000000000000000000, -0.0000000000000000000, -1.000000000000000000 ) ) ;
#1502 = CARTESIAN_POINT ( 'NONE',  ( -1.806939028189363600, 0.6100000000000003200, 0.6124999999999999300 ) ) ;
#1503 = CARTESIAN_POINT ( 'NONE',  ( 2.450000000000000200, 0.1897396116033688300, 0.3875000000000000700 ) ) ;
#1504 = CARTESIAN_POINT ( 'NONE',  ( 1.499999999999999800, 0.6100000000000003200, -1.500000000000000400 ) ) ;
#1505 = VERTEX_POINT ( 'NONE', #1337 ) ;
#1506 = ORIENTED_EDGE ( 'NONE', *, *, #2231, .F. ) ;
#1507 = LINE ( 'NONE', #1587, #397 ) ;
#1508 = VERTEX_POINT ( 'NONE', #3939 ) ;
#1509 = AXIS2_PLACEMENT_3D ( 'NONE', #4061, #3999, #697 ) ;
#1510 = LINE ( 'NONE', #1479, #513 ) ;
#1511 = DIRECTION ( 'NONE',  ( 0.08715574274766130200, -0.9961946980917452100, -0.0000000000000000000 ) ) ;
#1512 = CARTESIAN_POINT ( 'NONE',  ( 2.450000000000000200, 0.1897396116033688300, -0.8875000000000000700 ) ) ;
#1513 = VERTEX_POINT ( 'NONE', #185 ) ;
#1514 = LINE ( 'NONE', #4493, #3373 ) ;
#1515 = DIRECTION ( 'NONE',  ( -0.05233595624293736800, 0.9986295347545742800, 0.0000000000000000000 ) ) ;
#1516 = ORIENTED_EDGE ( 'NONE', *, *, #3473, .F. ) ;
#1517 = ORIENTED_EDGE ( 'NONE', *, *, #199, .T. ) ;
#1518 = EDGE_CURVE ( 'NONE', #1051, #37, #474, .T. ) ;
#1519 = DIRECTION ( 'NONE',  ( -1.000000000000000000, 0.0000000000000000000, 0.0000000000000000000 ) ) ;
#1520 = VECTOR ( 'NONE', #3622, 1000.000000000000000 ) ;
#1521 = PLANE ( 'NONE',  #4434 ) ;
#1522 = CARTESIAN_POINT ( 'NONE',  ( -1.900000000000000100, 0.2500000000000000000, -0.3875000000000000700 ) ) ;
#1523 = ORIENTED_EDGE ( 'NONE', *, *, #3432, .F. ) ;
#1524 = VECTOR ( 'NONE', #4712, 1000.000000000000200 ) ;
#1525 = DIRECTION ( 'NONE',  ( -0.0000000000000000000, -0.0000000000000000000, -1.000000000000000000 ) ) ;
#1526 = EDGE_LOOP ( 'NONE', ( #4727, #4454, #3107, #3785 ) ) ;
#1527 = ORIENTED_EDGE ( 'NONE', *, *, #3227, .F. ) ;
#1528 = AXIS2_PLACEMENT_3D ( 'NONE', #2803, #254, #1709 ) ;
#1529 = LINE ( 'NONE', #2481, #1234 ) ;
#1530 = CARTESIAN_POINT ( 'NONE',  ( -2.063146821684496100, 0.5652288117941926000, -0.1124999999999999800 ) ) ;
#1531 = CARTESIAN_POINT ( 'NONE',  ( 2.089276992637431300, 0.2665595911220557400, -0.8875000000000000700 ) ) ;
#1532 = AXIS2_PLACEMENT_3D ( 'NONE', #4653, #182, #2741 ) ;
#1533 = PLANE ( 'NONE',  #3384 ) ;
#1534 = CYLINDRICAL_SURFACE ( 'NONE', #2353, 0.2571864656436232400 ) ;
#1535 = VERTEX_POINT ( 'NONE', #1730 ) ;
#1536 = VERTEX_POINT ( 'NONE', #4736 ) ;
#1537 = ORIENTED_EDGE ( 'NONE', *, *, #3974, .T. ) ;
#1538 = ORIENTED_EDGE ( 'NONE', *, *, #2500, .T. ) ;
#1539 = CARTESIAN_POINT ( 'NONE',  ( -1.139835565157574400, 0.9999999999999995600, -1.139835565157576700 ) ) ;
#1540 = ORIENTED_EDGE ( 'NONE', *, *, #1202, .T. ) ;
#1541 = DIRECTION ( 'NONE',  ( -0.9925461516413226500, 0.1218693434051426000, 0.0000000000000000000 ) ) ;
#1542 = DIRECTION ( 'NONE',  ( -0.0000000000000000000, -0.0000000000000000000, -1.000000000000000000 ) ) ;
#1543 = VECTOR ( 'NONE', #502, 1000.000000000000100 ) ;
#1544 = ORIENTED_EDGE ( 'NONE', *, *, #2417, .F. ) ;
#1545 = ADVANCED_FACE ( 'NONE', ( #3858 ), #2106, .F. ) ;
#1546 = CIRCLE ( 'NONE', #1624, 0.2571864656436234600 ) ;
#1547 = DIRECTION ( 'NONE',  ( -0.0000000000000000000, -0.0000000000000000000, -1.000000000000000000 ) ) ;
#1548 = ORIENTED_EDGE ( 'NONE', *, *, #1650, .T. ) ;
#1549 = FILL_AREA_STYLE ('',( #4193 ) ) ;
#1550 = EDGE_CURVE ( 'NONE', #4328, #2232, #1471, .T. ) ;
#1551 = LINE ( 'NONE', #1083, #853 ) ;
#1552 = FACE_OUTER_BOUND ( 'NONE', #867, .T. ) ;
#1553 = ORIENTED_EDGE ( 'NONE', *, *, #1404, .T. ) ;
#1554 = PLANE ( 'NONE',  #1197 ) ;
#1555 = EDGE_CURVE ( 'NONE', #2332, #2220, #4628, .T. ) ;
#1556 = EDGE_CURVE ( 'NONE', #2546, #2116, #3445, .T. ) ;
#1557 = DIRECTION ( 'NONE',  ( -0.08715574274766130200, 0.9961946980917452100, 0.0000000000000000000 ) ) ;
#1558 = VECTOR ( 'NONE', #3017, 1000.000000000000000 ) ;
#1559 = AXIS2_PLACEMENT_3D ( 'NONE', #183, #3478, #2362 ) ;
#1560 = DIRECTION ( 'NONE',  ( 0.0000000000000000000, 0.0000000000000000000, 1.000000000000000000 ) ) ;
#1561 = ORIENTED_EDGE ( 'NONE', *, *, #1550, .F. ) ;
#1562 = FACE_OUTER_BOUND ( 'NONE', #2285, .T. ) ;
#1563 = ORIENTED_EDGE ( 'NONE', *, *, #2916, .T. ) ;
#1564 = DIRECTION ( 'NONE',  ( -0.0000000000000000000, -0.0000000000000000000, -1.000000000000000000 ) ) ;
#1565 = DIRECTION ( 'NONE',  ( -0.1218693434051477400, -0.9925461516413219800, 0.0000000000000000000 ) ) ;
#1566 = SURFACE_SIDE_STYLE ('',( #1788 ) ) ;
#1567 =( NAMED_UNIT ( * ) PLANE_ANGLE_UNIT ( ) SI_UNIT ( $, .RADIAN. ) );
#1568 = LINE ( 'NONE', #3360, #570 ) ;
#1569 = ORIENTED_EDGE ( 'NONE', *, *, #741, .T. ) ;
#1570 = DIRECTION ( 'NONE',  ( -0.0000000000000000000, -0.0000000000000000000, -1.000000000000000000 ) ) ;
#1571 = EDGE_CURVE ( 'NONE', #1989, #1634, #2119, .T. ) ;
#1572 = VECTOR ( 'NONE', #1880, 1000.000000000000000 ) ;
#1573 = ORIENTED_EDGE ( 'NONE', *, *, #59, .F. ) ;
#1574 = ORIENTED_EDGE ( 'NONE', *, *, #2980, .F. ) ;
#1575 = EDGE_CURVE ( 'NONE', #1442, #816, #887, .T. ) ;
#1576 = EDGE_CURVE ( 'NONE', #816, #4568, #300, .T. ) ;
#1577 = LINE ( 'NONE', #4244, #4672 ) ;
#1578 = CARTESIAN_POINT ( 'NONE',  ( 1.900000000000000100, 0.2500000000000000000, 0.6124999999999999300 ) ) ;
#1579 = VERTEX_POINT ( 'NONE', #2141 ) ;
#1580 = LINE ( 'NONE', #1706, #590 ) ;
#1581 = AXIS2_PLACEMENT_3D ( 'NONE', #1967, #4581, #3080 ) ;
#1582 = DIRECTION ( 'NONE',  ( 1.000000000000000000, 0.0000000000000000000, 0.0000000000000000000 ) ) ;
#1583 = DIRECTION ( 'NONE',  ( -0.0000000000000000000, -0.0000000000000000000, -1.000000000000000000 ) ) ;
#1584 = DIRECTION ( 'NONE',  ( -0.0000000000000000000, 1.000000000000000000, -0.0000000000000000000 ) ) ;
#1585 = EDGE_LOOP ( 'NONE', ( #1181, #1363, #4288, #1758 ) ) ;
#1586 = VECTOR ( 'NONE', #2395, 1000.000000000000000 ) ;
#1587 = CARTESIAN_POINT ( 'NONE',  ( 1.900000000000000100, 0.2500000000000000000, -0.1124999999999999800 ) ) ;
#1588 = ORIENTED_EDGE ( 'NONE', *, *, #1805, .T. ) ;
#1589 = VERTEX_POINT ( 'NONE', #2786 ) ;
#1590 = AXIS2_PLACEMENT_3D ( 'NONE', #604, #969, #3919 ) ;
#1591 = DIRECTION ( 'NONE',  ( 1.000000000000000000, 0.0000000000000000000, 0.0000000000000000000 ) ) ;
#1592 = VECTOR ( 'NONE', #1465, 1000.000000000000000 ) ;
#1593 = VERTEX_POINT ( 'NONE', #3178 ) ;
#1594 = VERTEX_POINT ( 'NONE', #587 ) ;
#1595 = ORIENTED_EDGE ( 'NONE', *, *, #4190, .F. ) ;
#1596 = VERTEX_POINT ( 'NONE', #4699 ) ;
#1597 = CARTESIAN_POINT ( 'NONE',  ( 1.806939028189363600, 0.6100000000000003200, -0.6124999999999999300 ) ) ;
#1598 = CARTESIAN_POINT ( 'NONE',  ( 2.089276992637431300, 0.2665595911220557400, 1.112500000000000000 ) ) ;
#1599 = ORIENTED_EDGE ( 'NONE', *, *, #2594, .F. ) ;
#1600 = EDGE_LOOP ( 'NONE', ( #3683, #674, #2515, #1776, #4724, #2018, #1959, #4178, #1020, #3582, #154, #1895 ) ) ;
#1601 = DIRECTION ( 'NONE',  ( -0.0000000000000000000, -0.0000000000000000000, -1.000000000000000000 ) ) ;
#1602 = DIRECTION ( 'NONE',  ( -0.9986295347545742800, 0.05233595624293682600, 0.0000000000000000000 ) ) ;
#1603 = ADVANCED_BREP_SHAPE_REPRESENTATION ( 'SOT552-1', ( #3108, #518, #1090, #3694, #581, #2112, #2808, #2256, #1388, #1809, #1445, #940, #3684 ), #3872 ) ;
#1604 = DIRECTION ( 'NONE',  ( -0.9986295347545742800, -0.05233595624293728400, -0.0000000000000000000 ) ) ;
#1605 = FACE_OUTER_BOUND ( 'NONE', #898, .T. ) ;
#1606 = FACE_OUTER_BOUND ( 'NONE', #1271, .T. ) ;
#1607 = VERTEX_POINT ( 'NONE', #3615 ) ;
#1608 = DIRECTION ( 'NONE',  ( -0.0000000000000000000, -0.0000000000000000000, -1.000000000000000000 ) ) ;
#1609 = AXIS2_PLACEMENT_3D ( 'NONE', #375, #4492, #3750 ) ;
#1610 = LINE ( 'NONE', #160, #493 ) ;
#1611 = VECTOR ( 'NONE', #1074, 1000.000000000000000 ) ;
#1612 = ORIENTED_EDGE ( 'NONE', *, *, #1047, .F. ) ;
#1613 = ORIENTED_EDGE ( 'NONE', *, *, #476, .T. ) ;
#1614 = EDGE_CURVE ( 'NONE', #2964, #816, #1887, .T. ) ;
#1615 = DIRECTION ( 'NONE',  ( -0.1218693434051425900, 0.9925461516413225400, 0.0000000000000000000 ) ) ;
#1616 = ORIENTED_EDGE ( 'NONE', *, *, #1550, .T. ) ;
#1617 = CIRCLE ( 'NONE', #3262, 0.06718646564362360000 ) ;
#1618 = DIRECTION ( 'NONE',  ( -0.0000000000000000000, -0.0000000000000000000, -1.000000000000000000 ) ) ;
#1619 = AXIS2_PLACEMENT_3D ( 'NONE', #2534, #2902, #4069 ) ;
#1620 = CARTESIAN_POINT ( 'NONE',  ( 2.089276992637431300, 0.2665595911220557400, -0.3875000000000000700 ) ) ;
#1621 = CIRCLE ( 'NONE', #253, 0.2571864656436230200 ) ;
#1622 = ADVANCED_FACE ( 'NONE', ( #4207 ), #4271, .T. ) ;
#1623 = DIRECTION ( 'NONE',  ( -0.0000000000000000000, -0.0000000000000000000, -1.000000000000000000 ) ) ;
#1624 = AXIS2_PLACEMENT_3D ( 'NONE', #562, #169, #516 ) ;
#1625 = VERTEX_POINT ( 'NONE', #973 ) ;
#1626 = VECTOR ( 'NONE', #2275, 1000.000000000000200 ) ;
#1627 = DIRECTION ( 'NONE',  ( -0.0000000000000000000, -0.0000000000000000000, -1.000000000000000000 ) ) ;
#1628 = ORIENTED_EDGE ( 'NONE', *, *, #1045, .F. ) ;
#1629 = ORIENTED_EDGE ( 'NONE', *, *, #2144, .T. ) ;
#1630 = CARTESIAN_POINT ( 'NONE',  ( 2.450000000000000200, 0.1897396116033688300, -0.8875000000000000700 ) ) ;
#1631 = VECTOR ( 'NONE', #4790, 1000.000000000000000 ) ;
#1632 = CARTESIAN_POINT ( 'NONE',  ( 1.500000000000000000, 0.6100000000000003200, 1.112500000000000000 ) ) ;
#1633 = EDGE_LOOP ( 'NONE', ( #875, #3086, #3299, #2742 ) ) ;
#1634 = VERTEX_POINT ( 'NONE', #1059 ) ;
#1635 = VECTOR ( 'NONE', #4627, 1000.000000000000000 ) ;
#1636 = EDGE_CURVE ( 'NONE', #287, #4784, #175, .T. ) ;
#1637 = EDGE_CURVE ( 'NONE', #1876, #3606, #3328, .T. ) ;
#1638 = DIRECTION ( 'NONE',  ( -0.0000000000000000000, -0.0000000000000000000, -1.000000000000000000 ) ) ;
#1639 = ORIENTED_EDGE ( 'NONE', *, *, #4669, .T. ) ;
#1640 = VECTOR ( 'NONE', #1891, 999.9999999999998900 ) ;
#1641 = ADVANCED_FACE ( 'NONE', ( #21 ), #289, .F. ) ;
#1642 =( GEOMETRIC_REPRESENTATION_CONTEXT ( 3 ) GLOBAL_UNCERTAINTY_ASSIGNED_CONTEXT ( ( #2444 ) ) GLOBAL_UNIT_ASSIGNED_CONTEXT ( ( #755, #2978, #1107 ) ) REPRESENTATION_CONTEXT ( 'NONE', 'WORKASPACE' ) );
#1643 = LINE ( 'NONE', #2461, #1123 ) ;
#1644 = DIRECTION ( 'NONE',  ( 0.9986295347545742800, -0.05233595624293736800, -0.0000000000000000000 ) ) ;
#1645 = CARTESIAN_POINT ( 'NONE',  ( 1.873869829047064800, 0.5486692206721369700, -0.3875000000000000700 ) ) ;
#1646 = VERTEX_POINT ( 'NONE', #1433 ) ;
#1647 = ORIENTED_EDGE ( 'NONE', *, *, #3150, .T. ) ;
#1648 =( LENGTH_UNIT ( ) NAMED_UNIT ( * ) SI_UNIT ( .MILLI., .METRE. ) );
#1649 = ORIENTED_EDGE ( 'NONE', *, *, #2892, .F. ) ;
#1650 = EDGE_CURVE ( 'NONE', #4744, #3968, #3044, .T. ) ;
#1651 = VERTEX_POINT ( 'NONE', #2551 ) ;
#1652 = VERTEX_POINT ( 'NONE', #324 ) ;
#1653 = VERTEX_POINT ( 'NONE', #1830 ) ;
#1654 = AXIS2_PLACEMENT_3D ( 'NONE', #729, #1499, #2585 ) ;
#1655 = LINE ( 'NONE', #1695, #3395 ) ;
#1656 = ORIENTED_EDGE ( 'NONE', *, *, #3067, .T. ) ;
#1657 = CARTESIAN_POINT ( 'NONE',  ( 2.156207793495132900, 0.2724152774378160200, 1.112500000000000000 ) ) ;
#1658 = LINE ( 'NONE', #393, #255 ) ;
#1659 = VECTOR ( 'NONE', #4540, 1000.000000000000000 ) ;
#1660 = LINE ( 'NONE', #53, #2241 ) ;
#1661 = VERTEX_POINT ( 'NONE', #2516 ) ;
#1662 = DIRECTION ( 'NONE',  ( -0.0000000000000000000, -0.0000000000000000000, -1.000000000000000000 ) ) ;
#1663 = DIRECTION ( 'NONE',  ( 0.1218693434051425900, -0.9925461516413225400, -0.0000000000000000000 ) ) ;
#1664 = PLANE ( 'NONE',  #1184 ) ;
#1665 = EDGE_CURVE ( 'NONE', #3025, #1596, #2385, .T. ) ;
#1666 = VECTOR ( 'NONE', #2876, 1000.000000000000000 ) ;
#1667 = CARTESIAN_POINT ( 'NONE',  ( -1.476670933428449100, 0.8000000000000000400, 0.3875000000000000700 ) ) ;
#1668 = CARTESIAN_POINT ( 'NONE',  ( -1.476670933428449100, 0.8000000000000000400, 0.6124999999999999300 ) ) ;
#1669 = EDGE_CURVE ( 'NONE', #812, #2302, #1999, .T. ) ;
#1670 = VECTOR ( 'NONE', #4530, 1000.000000000000000 ) ;
#1671 = CARTESIAN_POINT ( 'NONE',  ( -2.089276992637431300, 0.2665595911220556800, 0.1124999999999999800 ) ) ;
#1672 = ORIENTED_EDGE ( 'NONE', *, *, #3227, .T. ) ;
#1673 = VECTOR ( 'NONE', #763, 1000.000000000000000 ) ;
#1674 = VERTEX_POINT ( 'NONE', #1810 ) ;
#1675 = AXIS2_PLACEMENT_3D ( 'NONE', #1341, #687, #1816 ) ;
#1676 = DIRECTION ( 'NONE',  ( -0.05233595624293682600, -0.9986295347545742800, 0.0000000000000000000 ) ) ;
#1677 = FACE_OUTER_BOUND ( 'NONE', #4590, .T. ) ;
#1678 = CARTESIAN_POINT ( 'NONE',  ( -2.450000000000000200, 0.1897396116033688600, 0.6124999999999999300 ) ) ;
#1679 = CARTESIAN_POINT ( 'NONE',  ( 2.440056168313842200, 0.0000000000000000000, 0.1124999999999999800 ) ) ;
#1680 = ORIENTED_EDGE ( 'NONE', *, *, #895, .F. ) ;
#1681 = AXIS2_PLACEMENT_3D ( 'NONE', #3267, #2918, #1812 ) ;
#1682 = LINE ( 'NONE', #3378, #1336 ) ;
#1683 = CARTESIAN_POINT ( 'NONE',  ( 1.806939028189363600, 0.5428135343563765800, 0.6124999999999999300 ) ) ;
#1684 = EDGE_LOOP ( 'NONE', ( #596, #1167, #2264, #1950 ) ) ;
#1685 = AXIS2_PLACEMENT_3D ( 'NONE', #4150, #3412, #3811 ) ;
#1686 = ORIENTED_EDGE ( 'NONE', *, *, #387, .F. ) ;
#1687 = ADVANCED_FACE ( 'NONE', ( #2623 ), #4028, .F. ) ;
#1688 = VECTOR ( 'NONE', #4354, 1000.000000000000000 ) ;
#1689 = DIRECTION ( 'NONE',  ( -0.0000000000000000000, 1.000000000000000000, -0.0000000000000000000 ) ) ;
#1690 = CARTESIAN_POINT ( 'NONE',  ( 1.476670933428449100, 0.8000000000000000400, -0.8875000000000000700 ) ) ;
#1691 = CARTESIAN_POINT ( 'NONE',  ( 2.063146821684495700, 0.5652288117941927100, 0.8875000000000000700 ) ) ;
#1692 = CARTESIAN_POINT ( 'NONE',  ( 2.089276992637431300, 0.2665595911220557400, -0.6124999999999999300 ) ) ;
#1693 = VERTEX_POINT ( 'NONE', #4057 ) ;
#1694 = FACE_OUTER_BOUND ( 'NONE', #2005, .T. ) ;
#1695 = CARTESIAN_POINT ( 'NONE',  ( 2.440056168313842200, 0.0000000000000000000, 0.1124999999999999800 ) ) ;
#1696 = DIRECTION ( 'NONE',  ( -0.9986295347545742800, -0.05233595624293728400, -0.0000000000000000000 ) ) ;
#1697 = FACE_OUTER_BOUND ( 'NONE', #4518, .T. ) ;
#1698 = EDGE_CURVE ( 'NONE', #3871, #1395, #4148, .T. ) ;
#1699 = DIRECTION ( 'NONE',  ( 0.05233595624293681900, 0.9986295347545742800, -0.0000000000000000000 ) ) ;
#1700 = DIRECTION ( 'NONE',  ( -0.0000000000000000000, -0.0000000000000000000, -1.000000000000000000 ) ) ;
#1701 = EDGE_LOOP ( 'NONE', ( #4395, #1355, #2323, #642 ) ) ;
#1702 = ORIENTED_EDGE ( 'NONE', *, *, #3096, .T. ) ;
#1703 = VECTOR ( 'NONE', #4092, 1000.000000000000000 ) ;
#1704 = APPLICATION_PROTOCOL_DEFINITION ( 'draft international standard', 'automotive_design', 1998, #2406 ) ;
#1705 = ORIENTED_EDGE ( 'NONE', *, *, #428, .T. ) ;
#1706 = CARTESIAN_POINT ( 'NONE',  ( 2.450000000000000200, 0.1897396116033688300, 0.6124999999999999300 ) ) ;
#1707 =( LENGTH_UNIT ( ) NAMED_UNIT ( * ) SI_UNIT ( .MILLI., .METRE. ) );
#1708 = DIRECTION ( 'NONE',  ( -1.000000000000000000, 0.0000000000000000000, 0.0000000000000000000 ) ) ;
#1709 = DIRECTION ( 'NONE',  ( 1.000000000000000000, 0.0000000000000000000, 0.0000000000000000000 ) ) ;
#1710 = FACE_OUTER_BOUND ( 'NONE', #3274, .T. ) ;
#1711 = EDGE_CURVE ( 'NONE', #1712, #4683, #2281, .T. ) ;
#1712 = VERTEX_POINT ( 'NONE', #4774 ) ;
#1713 = DIRECTION ( 'NONE',  ( 0.0000000000000000000, 0.0000000000000000000, 1.000000000000000000 ) ) ;
#1714 = ADVANCED_FACE ( 'NONE', ( #2441 ), #2194, .F. ) ;
#1715 = AXIS2_PLACEMENT_3D ( 'NONE', #2504, #3287, #1066 ) ;
#1716 = FACE_OUTER_BOUND ( 'NONE', #4563, .T. ) ;
#1717 = CYLINDRICAL_SURFACE ( 'NONE', #4185, 0.2571864656436234600 ) ;
#1718 = ORIENTED_EDGE ( 'NONE', *, *, #2117, .F. ) ;
#1719 = CARTESIAN_POINT ( 'NONE',  ( -2.089276992637431300, 0.2665595911220556800, 1.112500000000000000 ) ) ;
#1720 = VECTOR ( 'NONE', #236, 1000.000000000000000 ) ;
#1721 = DIRECTION ( 'NONE',  ( -0.0000000000000000000, 0.0000000000000000000, -1.000000000000000000 ) ) ;
#1722 = ORIENTED_EDGE ( 'NONE', *, *, #3145, .T. ) ;
#1723 = ORIENTED_EDGE ( 'NONE', *, *, #3309, .F. ) ;
#1724 = VECTOR ( 'NONE', #1048, 1000.000000000000000 ) ;
#1725 = CARTESIAN_POINT ( 'NONE',  ( 2.156207793495132900, 0.2724152774378160200, -0.8875000000000000700 ) ) ;
#1726 = VECTOR ( 'NONE', #1834, 1000.000000000000000 ) ;
#1727 = DIRECTION ( 'NONE',  ( 0.0000000000000000000, 0.0000000000000000000, 1.000000000000000000 ) ) ;
#1728 = DIRECTION ( 'NONE',  ( -0.1218693434051425900, -0.9925461516413225400, 0.0000000000000000000 ) ) ;
#1729 = ORIENTED_EDGE ( 'NONE', *, *, #1669, .F. ) ;
#1730 = CARTESIAN_POINT ( 'NONE',  ( 2.089276992637431300, 0.2665595911220557400, 1.112500000000000000 ) ) ;
#1731 = EDGE_CURVE ( 'NONE', #1593, #579, #4515, .T. ) ;
#1732 = DIRECTION ( 'NONE',  ( 1.000000000000000000, 0.0000000000000000000, 0.0000000000000000000 ) ) ;
#1733 = EDGE_CURVE ( 'NONE', #780, #903, #599, .T. ) ;
#1734 = DIRECTION ( 'NONE',  ( 0.0000000000000000000, 0.0000000000000000000, 1.000000000000000000 ) ) ;
#1735 = LINE ( 'NONE', #1421, #1972 ) ;
#1736 = ORIENTED_EDGE ( 'NONE', *, *, #2449, .T. ) ;
#1737 = PLANE ( 'NONE',  #781 ) ;
#1738 = AXIS2_PLACEMENT_3D ( 'NONE', #1122, #722, #738 ) ;
#1739 = EDGE_LOOP ( 'NONE', ( #535, #70, #3425, #3485 ) ) ;
#1740 = ADVANCED_FACE ( 'NONE', ( #666 ), #1534, .T. ) ;
#1741 = VERTEX_POINT ( 'NONE', #1498 ) ;
#1742 = CARTESIAN_POINT ( 'NONE',  ( -1.139835565157574400, 0.9999999999999995600, -0.9898355651575766500 ) ) ;
#1743 = LINE ( 'NONE', #605, #4076 ) ;
#1744 = CARTESIAN_POINT ( 'NONE',  ( -2.142747693882932400, 0.01558127690695090000, 0.1124999999999999800 ) ) ;
#1745 =( GEOMETRIC_REPRESENTATION_CONTEXT ( 3 ) GLOBAL_UNCERTAINTY_ASSIGNED_CONTEXT ( ( #2657 ) ) GLOBAL_UNIT_ASSIGNED_CONTEXT ( ( #912, #3137, #1299 ) ) REPRESENTATION_CONTEXT ( 'NONE', 'WORKASPACE' ) );
#1746 = CLOSED_SHELL ( 'NONE', ( #4851, #2562, #2427, #1622, #4458, #2985, #3217, #3744, #2088, #2061, #2911, #2110, #4285, #3164 ) ) ;
#1747 = DIRECTION ( 'NONE',  ( -1.000000000000000000, 0.0000000000000000000, 0.0000000000000000000 ) ) ;
#1748 = PLANE ( 'NONE',  #1259 ) ;
#1749 = DIRECTION ( 'NONE',  ( -0.1209742911513548000, -0.9852565360152931700, 0.1209742911513548600 ) ) ;
#1750 = VECTOR ( 'NONE', #2987, 1000.000000000000000 ) ;
#1751 = ORIENTED_EDGE ( 'NONE', *, *, #735, .T. ) ;
#1752 = CIRCLE ( 'NONE', #4429, 0.2571864656436230200 ) ;
#1753 = DIRECTION ( 'NONE',  ( -0.0000000000000000000, -0.0000000000000000000, -1.000000000000000000 ) ) ;
#1754 = DIRECTION ( 'NONE',  ( -1.000000000000000000, 0.0000000000000000000, 0.0000000000000000000 ) ) ;
#1755 = EDGE_LOOP ( 'NONE', ( #1569, #2469, #2432, #2044 ) ) ;
#1756 = DIRECTION ( 'NONE',  ( 0.9986295347545742800, 0.05233595624293682600, -0.0000000000000000000 ) ) ;
#1757 = LINE ( 'NONE', #3608, #3788 ) ;
#1758 = ORIENTED_EDGE ( 'NONE', *, *, #2713, .T. ) ;
#1759 = CLOSED_SHELL ( 'NONE', ( #1440, #3342, #311, #3010, #3957, #52, #4749, #3686, #3366, #352, #4423, #212, #4678, #1250 ) ) ;
#1760 = VECTOR ( 'NONE', #4500, 1000.000000000000000 ) ;
#1761 = CARTESIAN_POINT ( 'NONE',  ( -1.806939028189363600, 0.5428135343563766900, -1.112500000000000000 ) ) ;
#1762 = DIRECTION ( 'NONE',  ( 0.0000000000000000000, 0.0000000000000000000, 1.000000000000000000 ) ) ;
#1763 = DIRECTION ( 'NONE',  ( 0.0000000000000000000, 0.0000000000000000000, 1.000000000000000000 ) ) ;
#1764 = AXIS2_PLACEMENT_3D ( 'NONE', #4478, #4841, #356 ) ;
#1765 = DIRECTION ( 'NONE',  ( 0.9986295347545742800, -0.05233595624293736800, -0.0000000000000000000 ) ) ;
#1766 = VECTOR ( 'NONE', #2411, 1000.000000000000000 ) ;
#1767 = DIRECTION ( 'NONE',  ( -0.9986295347545742800, -0.05233595624293736800, 0.0000000000000000000 ) ) ;
#1768 = ADVANCED_FACE ( 'NONE', ( #3204 ), #4511, .T. ) ;
#1769 = VERTEX_POINT ( 'NONE', #1364 ) ;
#1770 = EDGE_LOOP ( 'NONE', ( #3216, #258, #2076, #86 ) ) ;
#1771 = CARTESIAN_POINT ( 'NONE',  ( 1.500000000000000000, 0.6100000000000003200, -0.6124999999999999300 ) ) ;
#1772 = ORIENTED_EDGE ( 'NONE', *, *, #2288, .F. ) ;
#1773 = DIRECTION ( 'NONE',  ( 0.0000000000000000000, 0.0000000000000000000, 1.000000000000000000 ) ) ;
#1774 = DIRECTION ( 'NONE',  ( -0.0000000000000000000, -0.0000000000000000000, -1.000000000000000000 ) ) ;
#1775 = EDGE_LOOP ( 'NONE', ( #2, #12, #528, #2065, #3806, #981, #3698, #2479, #1960, #3341, #227, #3020 ) ) ;
#1776 = ORIENTED_EDGE ( 'NONE', *, *, #3549, .F. ) ;
#1777 = DIRECTION ( 'NONE',  ( -1.000000000000000000, 0.0000000000000000000, 0.0000000000000000000 ) ) ;
#1778 = FACE_OUTER_BOUND ( 'NONE', #1354, .T. ) ;
#1779 = ORIENTED_EDGE ( 'NONE', *, *, #3881, .F. ) ;
#1780 = CARTESIAN_POINT ( 'NONE',  ( 2.450000000000000200, 0.1897396116033688300, -0.6124999999999999300 ) ) ;
#1781 = DIRECTION ( 'NONE',  ( 0.9961946980917454300, -0.08715574274765987300, 0.0000000000000000000 ) ) ;
#1782 = VECTOR ( 'NONE', #2723, 1000.000000000000000 ) ;
#1783 = CARTESIAN_POINT ( 'NONE',  ( 1.500000000000000000, 0.6100000000000003200, 0.6124999999999999300 ) ) ;
#1784 = CARTESIAN_POINT ( 'NONE',  ( 1.476670933428449100, 0.8000000000000000400, 1.112500000000000000 ) ) ;
#1785 = DIRECTION ( 'NONE',  ( -0.08715574274765985900, -0.9961946980917454300, -0.0000000000000000000 ) ) ;
#1786 = PLANE ( 'NONE',  #3767 ) ;
#1787 = FACE_OUTER_BOUND ( 'NONE', #2307, .T. ) ;
#1788 = SURFACE_STYLE_FILL_AREA ( #466 ) ;
#1789 = ADVANCED_FACE ( 'NONE', ( #3503 ), #3387, .F. ) ;
#1790 = AXIS2_PLACEMENT_3D ( 'NONE', #714, #1097, #1151 ) ;
#1791 = CARTESIAN_POINT ( 'NONE',  ( -2.156207793495132900, 0.2724152774378160200, 1.112500000000000000 ) ) ;
#1792 = VECTOR ( 'NONE', #1921, 1000.000000000000000 ) ;
#1793 = CARTESIAN_POINT ( 'NONE',  ( 2.156207793495132900, 0.2724152774378160200, -0.8875000000000000700 ) ) ;
#1794 = EDGE_CURVE ( 'NONE', #30, #456, #1002, .T. ) ;
#1795 = CARTESIAN_POINT ( 'NONE',  ( 2.450000000000000200, 0.1897396116033688300, -0.1124999999999999800 ) ) ;
#1796 = ORIENTED_EDGE ( 'NONE', *, *, #1111, .T. ) ;
#1797 = EDGE_CURVE ( 'NONE', #3838, #2798, #3092, .T. ) ;
#1798 = CYLINDRICAL_SURFACE ( 'NONE', #2040, 0.2571864656436234600 ) ;
#1799 = DIRECTION ( 'NONE',  ( -0.08715574274765985900, -0.9961946980917454300, -0.0000000000000000000 ) ) ;
#1800 = DIRECTION ( 'NONE',  ( -0.0000000000000000000, -0.0000000000000000000, -1.000000000000000000 ) ) ;
#1801 = ORIENTED_EDGE ( 'NONE', *, *, #3065, .T. ) ;
#1802 = VECTOR ( 'NONE', #4298, 1000.000000000000000 ) ;
#1803 = ORIENTED_EDGE ( 'NONE', *, *, #1576, .F. ) ;
#1804 = AXIS2_PLACEMENT_3D ( 'NONE', #817, #2648, #859 ) ;
#1805 = EDGE_CURVE ( 'NONE', #2063, #4030, #2506, .T. ) ;
#1806 = PLANE ( 'NONE',  #4472 ) ;
#1807 = VERTEX_POINT ( 'NONE', #4349 ) ;
#1808 = DIRECTION ( 'NONE',  ( -0.0000000000000000000, -0.0000000000000000000, -1.000000000000000000 ) ) ;
#1809 = MANIFOLD_SOLID_BREP ( 'LPattern1[6]', #719 ) ;
#1810 = CARTESIAN_POINT ( 'NONE',  ( 2.152691525569090400, 0.2053208885103196300, 0.8875000000000000700 ) ) ;
#1811 = LINE ( 'NONE', #3306, #821 ) ;
#1812 = DIRECTION ( 'NONE',  ( -1.000000000000000000, 0.0000000000000000000, 0.0000000000000000000 ) ) ;
#1813 = PLANE ( 'NONE',  #3831 ) ;
#1814 = ADVANCED_FACE ( 'NONE', ( #3268 ), #1061, .T. ) ;
#1815 = PLANE ( 'NONE',  #856 ) ;
#1816 = DIRECTION ( 'NONE',  ( 1.000000000000000000, 0.0000000000000000000, 0.0000000000000000000 ) ) ;
#1817 = DIRECTION ( 'NONE',  ( 0.0000000000000000000, 0.0000000000000000000, 1.000000000000000000 ) ) ;
#1818 = ORIENTED_EDGE ( 'NONE', *, *, #4421, .F. ) ;
#1819 = VECTOR ( 'NONE', #3541, 1000.000000000000000 ) ;
#1820 = DIRECTION ( 'NONE',  ( -1.000000000000000000, 0.0000000000000000000, 0.0000000000000000000 ) ) ;
#1821 = EDGE_LOOP ( 'NONE', ( #669, #226, #832, #4506 ) ) ;
#1822 = ORIENTED_EDGE ( 'NONE', *, *, #584, .F. ) ;
#1823 = LINE ( 'NONE', #4519, #828 ) ;
#1824 = EDGE_LOOP ( 'NONE', ( #427, #2465, #3667, #836 ) ) ;
#1825 = ORIENTED_EDGE ( 'NONE', *, *, #3910, .T. ) ;
#1826 = PLANE ( 'NONE',  #2472 ) ;
#1827 = ORIENTED_EDGE ( 'NONE', *, *, #804, .T. ) ;
#1828 = EDGE_CURVE ( 'NONE', #4097, #1653, #4570, .T. ) ;
#1829 = ORIENTED_EDGE ( 'NONE', *, *, #2079, .T. ) ;
#1830 = CARTESIAN_POINT ( 'NONE',  ( -1.476670933428449100, 0.8000000000000000400, -0.3875000000000000700 ) ) ;
#1831 = ORIENTED_EDGE ( 'NONE', *, *, #1957, .F. ) ;
#1832 = EDGE_CURVE ( 'NONE', #1535, #2420, #4626, .T. ) ;
#1833 = ORIENTED_EDGE ( 'NONE', *, *, #486, .F. ) ;
#1834 = DIRECTION ( 'NONE',  ( 0.9986295347545742800, 0.05233595624293736800, 0.0000000000000000000 ) ) ;
#1835 = VECTOR ( 'NONE', #2843, 1000.000000000000000 ) ;
#1836 = VERTEX_POINT ( 'NONE', #2167 ) ;
#1837 = AXIS2_PLACEMENT_3D ( 'NONE', #123, #549, #4624 ) ;
#1838 = CARTESIAN_POINT ( 'NONE',  ( -2.450000000000000200, 0.1897396116033688600, -0.3875000000000000700 ) ) ;
#1839 = LINE ( 'NONE', #3069, #844 ) ;
#1840 = VECTOR ( 'NONE', #2672, 1000.000000000000000 ) ;
#1841 = ORIENTED_EDGE ( 'NONE', *, *, #3533, .F. ) ;
#1842 = FACE_OUTER_BOUND ( 'NONE', #1952, .T. ) ;
#1843 = PRESENTATION_LAYER_ASSIGNMENT (  '', '', ( #1937 ) ) ;
#1844 = CIRCLE ( 'NONE', #1016, 0.06718646564362360000 ) ;
#1845 = DIRECTION ( 'NONE',  ( 0.1218693434051425900, 0.9925461516413225400, 0.0000000000000000000 ) ) ;
#1846 = DIRECTION ( 'NONE',  ( -0.9961946980917453200, -0.08715574274766131600, 0.0000000000000000000 ) ) ;
#1847 = ORIENTED_EDGE ( 'NONE', *, *, #4562, .T. ) ;
#1848 = LINE ( 'NONE', #2870, #1724 ) ;
#1849 = CARTESIAN_POINT ( 'NONE',  ( 2.450000000000000200, 0.1897396116033688300, 1.112500000000000000 ) ) ;
#1850 = LINE ( 'NONE', #4427, #1726 ) ;
#1851 = CARTESIAN_POINT ( 'NONE',  ( -2.440056168313842200, 0.0000000000000000000, 0.6124999999999999300 ) ) ;
#1852 = CARTESIAN_POINT ( 'NONE',  ( -1.900000000000000100, 0.2500000000000000000, -0.8875000000000000700 ) ) ;
#1853 = CARTESIAN_POINT ( 'NONE',  ( -1.439835565157576700, 1.099999999999999600, 1.439835565157576500 ) ) ;
#1854 = CARTESIAN_POINT ( 'NONE',  ( -2.156207793495132900, 0.2724152774378160200, 0.1124999999999999800 ) ) ;
#1855 = CARTESIAN_POINT ( 'NONE',  ( -2.440056168313842200, 0.0000000000000000000, 1.112500000000000000 ) ) ;
#1856 = DIRECTION ( 'NONE',  ( -2.152241387803296000E-016, 0.1218693434051477500, -0.9925461516413219800 ) ) ;
#1857 = VECTOR ( 'NONE', #1357, 1000.000000000000000 ) ;
#1858 =( GEOMETRIC_REPRESENTATION_CONTEXT ( 3 ) GLOBAL_UNCERTAINTY_ASSIGNED_CONTEXT ( ( #3318 ) ) GLOBAL_UNIT_ASSIGNED_CONTEXT ( ( #4848, #3721, #4063 ) ) REPRESENTATION_CONTEXT ( 'NONE', 'WORKASPACE' ) );
#1859 = ORIENTED_EDGE ( 'NONE', *, *, #3822, .F. ) ;
#1860 = CARTESIAN_POINT ( 'NONE',  ( -1.806939028189363600, 0.5428135343563766900, -0.3875000000000000700 ) ) ;
#1861 = ORIENTED_EDGE ( 'NONE', *, *, #3038, .T. ) ;
#1862 = VECTOR ( 'NONE', #597, 1000.000000000000000 ) ;
#1863 = ORIENTED_EDGE ( 'NONE', *, *, #3759, .F. ) ;
#1864 = CARTESIAN_POINT ( 'NONE',  ( -1.500000000000000000, 0.6100000000000003200, -0.8875000000000000700 ) ) ;
#1865 = ADVANCED_FACE ( 'NONE', ( #1697 ), #3969, .T. ) ;
#1866 = EDGE_CURVE ( 'NONE', #1068, #2994, #2222, .T. ) ;
#1867 = AXIS2_PLACEMENT_3D ( 'NONE', #1522, #410, #3769 ) ;
#1868 = DIRECTION ( 'NONE',  ( 0.08715574274766130200, 0.9961946980917452100, 0.0000000000000000000 ) ) ;
#1869 = DIRECTION ( 'NONE',  ( -0.9986295347545742800, 0.05233595624293682600, 0.0000000000000000000 ) ) ;
#1870 = DIRECTION ( 'NONE',  ( -0.9986295347545742800, 0.05233595624293682600, 0.0000000000000000000 ) ) ;
#1871 = CIRCLE ( 'NONE', #4566, 0.06718646564362360000 ) ;
#1872 = VERTEX_POINT ( 'NONE', #3203 ) ;
#1873 = DIRECTION ( 'NONE',  ( -0.0000000000000000000, -0.0000000000000000000, -1.000000000000000000 ) ) ;
#1874 = LINE ( 'NONE', #1270, #2041 ) ;
#1875 =( GEOMETRIC_REPRESENTATION_CONTEXT ( 3 ) GLOBAL_UNCERTAINTY_ASSIGNED_CONTEXT ( ( #1030 ) ) GLOBAL_UNIT_ASSIGNED_CONTEXT ( ( #4494, #2266, #2254 ) ) REPRESENTATION_CONTEXT ( 'NONE', 'WORKASPACE' ) );
#1876 = VERTEX_POINT ( 'NONE', #3587 ) ;
#1877 = ORIENTED_EDGE ( 'NONE', *, *, #1450, .T. ) ;
#1878 = EDGE_LOOP ( 'NONE', ( #882, #1158, #1179, #16 ) ) ;
#1879 = VECTOR ( 'NONE', #2382, 1000.000000000000200 ) ;
#1880 = DIRECTION ( 'NONE',  ( -0.0000000000000000000, -0.0000000000000000000, -1.000000000000000000 ) ) ;
#1881 = PRODUCT_RELATED_PRODUCT_CATEGORY ( 'part', '', ( #3394 ) ) ;
#1882 = VERTEX_POINT ( 'NONE', #1000 ) ;
#1883 = ORIENTED_EDGE ( 'NONE', *, *, #1665, .T. ) ;
#1884 = CARTESIAN_POINT ( 'NONE',  ( -2.152691525569090400, 0.2053208885103196300, -0.3875000000000000700 ) ) ;
#1885 = SURFACE_SIDE_STYLE ('',( #3356 ) ) ;
#1886 = CARTESIAN_POINT ( 'NONE',  ( -2.063146821684496100, 0.5652288117941926000, 0.8875000000000000700 ) ) ;
#1887 = LINE ( 'NONE', #4716, #1766 ) ;
#1888 = DIRECTION ( 'NONE',  ( -0.9986295347545742800, 0.05233595624293736800, 0.0000000000000000000 ) ) ;
#1889 = VERTEX_POINT ( 'NONE', #653 ) ;
#1890 = ORIENTED_EDGE ( 'NONE', *, *, #2335, .F. ) ;
#1891 = DIRECTION ( 'NONE',  ( 0.1209742911513548200, 0.9852565360152931700, -0.1209742911513548700 ) ) ;
#1892 = ADVANCED_FACE ( 'NONE', ( #68 ), #1348, .F. ) ;
#1893 = ORIENTED_EDGE ( 'NONE', *, *, #3066, .T. ) ;
#1894 = EDGE_CURVE ( 'NONE', #4784, #4521, #3201, .T. ) ;
#1895 = ORIENTED_EDGE ( 'NONE', *, *, #2553, .F. ) ;
#1896 = ORIENTED_EDGE ( 'NONE', *, *, #3214, .F. ) ;
#1897 = CARTESIAN_POINT ( 'NONE',  ( -2.063146821684496100, 0.5652288117941926000, 0.1124999999999999800 ) ) ;
#1898 = EDGE_CURVE ( 'NONE', #3157, #4215, #4329, .T. ) ;
#1899 = EDGE_CURVE ( 'NONE', #4209, #287, #3624, .T. ) ;
#1900 = CIRCLE ( 'NONE', #3072, 0.06718646564362360000 ) ;
#1901 = VECTOR ( 'NONE', #4339, 1000.000000000000000 ) ;
#1902 = ORIENTED_EDGE ( 'NONE', *, *, #3941, .T. ) ;
#1903 = DIRECTION ( 'NONE',  ( -0.9961946980917453200, 0.08715574274766131600, 0.0000000000000000000 ) ) ;
#1904 = DIRECTION ( 'NONE',  ( -0.0000000000000000000, -0.0000000000000000000, -1.000000000000000000 ) ) ;
#1905 = DIRECTION ( 'NONE',  ( -0.0000000000000000000, -0.0000000000000000000, -1.000000000000000000 ) ) ;
#1906 = ORIENTED_EDGE ( 'NONE', *, *, #3355, .F. ) ;
#1907 = EDGE_CURVE ( 'NONE', #3780, #2798, #1941, .T. ) ;
#1908 = CARTESIAN_POINT ( 'NONE',  ( 1.806939028189363600, 0.6100000000000003200, 0.6124999999999999300 ) ) ;
#1909 = UNCERTAINTY_MEASURE_WITH_UNIT (LENGTH_MEASURE( 1.000000000000000100E-005 ), #118, 'distance_accuracy_value', 'NONE');
#1910 = EDGE_CURVE ( 'NONE', #1159, #3606, #999, .T. ) ;
#1911 = CIRCLE ( 'NONE', #262, 0.06718646564362382200 ) ;
#1912 = AXIS2_PLACEMENT_3D ( 'NONE', #1128, #4531, #2954 ) ;
#1913 = CARTESIAN_POINT ( 'NONE',  ( -2.450000000000000200, 0.1897396116033688600, 0.1124999999999999800 ) ) ;
#1914 = EDGE_CURVE ( 'NONE', #2464, #177, #3558, .T. ) ;
#1915 = VECTOR ( 'NONE', #4315, 1000.000000000000100 ) ;
#1916 = DIRECTION ( 'NONE',  ( 0.0000000000000000000, -0.0000000000000000000, 1.000000000000000000 ) ) ;
#1917 = FACE_OUTER_BOUND ( 'NONE', #4587, .T. ) ;
#1918 = DIRECTION ( 'NONE',  ( -0.0000000000000000000, -0.0000000000000000000, -1.000000000000000000 ) ) ;
#1919 = DIRECTION ( 'NONE',  ( 0.1218693434051425900, 0.9925461516413225400, 0.0000000000000000000 ) ) ;
#1920 = ORIENTED_EDGE ( 'NONE', *, *, #207, .T. ) ;
#1921 = DIRECTION ( 'NONE',  ( 0.05233595624293681900, 0.9986295347545742800, -0.0000000000000000000 ) ) ;
#1922 = DIRECTION ( 'NONE',  ( -0.9925461516413226500, 0.1218693434051426000, 0.0000000000000000000 ) ) ;
#1923 = LINE ( 'NONE', #2695, #3016 ) ;
#1924 = ORIENTED_EDGE ( 'NONE', *, *, #4534, .F. ) ;
#1925 = EDGE_CURVE ( 'NONE', #30, #2682, #351, .T. ) ;
#1926 = VECTOR ( 'NONE', #2260, 1000.000000000000000 ) ;
#1927 = PLANE ( 'NONE',  #1309 ) ;
#1928 = ORIENTED_EDGE ( 'NONE', *, *, #3940, .T. ) ;
#1929 = DIRECTION ( 'NONE',  ( -0.0000000000000000000, -0.0000000000000000000, -1.000000000000000000 ) ) ;
#1930 = VECTOR ( 'NONE', #4811, 1000.000000000000000 ) ;
#1931 = ORIENTED_EDGE ( 'NONE', *, *, #3731, .F. ) ;
#1932 = PLANE ( 'NONE',  #3433 ) ;
#1933 = CARTESIAN_POINT ( 'NONE',  ( -2.156207793495132900, 0.2724152774378160200, 0.6124999999999999300 ) ) ;
#1934 = DIRECTION ( 'NONE',  ( -0.08715574274765985900, -0.9961946980917454300, -0.0000000000000000000 ) ) ;
#1935 = LINE ( 'NONE', #3326, #3906 ) ;
#1936 = ORIENTED_EDGE ( 'NONE', *, *, #2787, .F. ) ;
#1937 = STYLED_ITEM ( 'NONE', ( #873 ), #2808 ) ;
#1938 = SURFACE_STYLE_FILL_AREA ( #2024 ) ;
#1939 = AXIS2_PLACEMENT_3D ( 'NONE', #2862, #1727, #3208 ) ;
#1940 = PLANE ( 'NONE',  #2149 ) ;
#1941 = LINE ( 'NONE', #4834, #3320 ) ;
#1942 = VERTEX_POINT ( 'NONE', #2661 ) ;
#1943 = DIRECTION ( 'NONE',  ( 0.0000000000000000000, 0.0000000000000000000, 1.000000000000000000 ) ) ;
#1944 = DIRECTION ( 'NONE',  ( 1.000000000000000000, 0.0000000000000000000, 0.0000000000000000000 ) ) ;
#1945 = CARTESIAN_POINT ( 'NONE',  ( 2.063146821684495700, 0.5652288117941927100, -0.3875000000000000700 ) ) ;
#1946 = CARTESIAN_POINT ( 'NONE',  ( 2.089276992637431300, 0.2665595911220557400, -0.8875000000000000700 ) ) ;
#1947 = ORIENTED_EDGE ( 'NONE', *, *, #3954, .T. ) ;
#1948 = VERTEX_POINT ( 'NONE', #4116 ) ;
#1949 = VERTEX_POINT ( 'NONE', #4130 ) ;
#1950 = ORIENTED_EDGE ( 'NONE', *, *, #1228, .T. ) ;
#1951 = CARTESIAN_POINT ( 'NONE',  ( 1.476670933428449100, 0.8000000000000000400, 0.6124999999999999300 ) ) ;
#1952 = EDGE_LOOP ( 'NONE', ( #1818, #2326, #2066, #176 ) ) ;
#1953 = FACE_OUTER_BOUND ( 'NONE', #537, .T. ) ;
#1954 = ORIENTED_EDGE ( 'NONE', *, *, #128, .T. ) ;
#1955 = VECTOR ( 'NONE', #1349, 1000.000000000000000 ) ;
#1956 = ORIENTED_EDGE ( 'NONE', *, *, #222, .T. ) ;
#1957 = EDGE_CURVE ( 'NONE', #283, #1876, #1823, .T. ) ;
#1958 = CIRCLE ( 'NONE', #3543, 0.2571864656436234600 ) ;
#1959 = ORIENTED_EDGE ( 'NONE', *, *, #4582, .F. ) ;
#1960 = ORIENTED_EDGE ( 'NONE', *, *, #2466, .T. ) ;
#1961 = CARTESIAN_POINT ( 'NONE',  ( 2.152691525569090400, 0.2053208885103196300, 0.1124999999999999800 ) ) ;
#1962 = SURFACE_STYLE_USAGE ( .BOTH. , #1206 ) ;
#1963 = AXIS2_PLACEMENT_3D ( 'NONE', #3639, #3269, #1767 ) ;
#1964 = VECTOR ( 'NONE', #1975, 1000.000000000000100 ) ;
#1965 = CARTESIAN_POINT ( 'NONE',  ( -1.500000000000000000, 0.6100000000000003200, -0.1124999999999999800 ) ) ;
#1966 = EDGE_CURVE ( 'NONE', #1242, #1159, #883, .T. ) ;
#1967 = CARTESIAN_POINT ( 'NONE',  ( 2.156207793495132900, 0.2724152774378160200, 0.8875000000000000700 ) ) ;
#1968 = AXIS2_PLACEMENT_3D ( 'NONE', #2921, #3675, #1820 ) ;
#1969 = CARTESIAN_POINT ( 'NONE',  ( 2.156207793495132900, 0.2724152774378160200, -0.3875000000000000700 ) ) ;
#1970 = EDGE_CURVE ( 'NONE', #235, #117, #17, .T. ) ;
#1971 = SURFACE_SIDE_STYLE ('',( #3005 ) ) ;
#1972 = VECTOR ( 'NONE', #3296, 1000.000000000000200 ) ;
#1973 = CARTESIAN_POINT ( 'NONE',  ( -1.806939028189363600, 0.8000000000000000400, 0.1124999999999999800 ) ) ;
#1974 = ORIENTED_EDGE ( 'NONE', *, *, #809, .T. ) ;
#1975 = DIRECTION ( 'NONE',  ( 0.05233595624293681900, -0.9986295347545742800, 0.0000000000000000000 ) ) ;
#1976 = CIRCLE ( 'NONE', #2552, 0.06718646564362382200 ) ;
#1977 = ORIENTED_EDGE ( 'NONE', *, *, #858, .F. ) ;
#1978 = CARTESIAN_POINT ( 'NONE',  ( -1.806939028189363600, 0.5428135343563766900, -0.3875000000000000700 ) ) ;
#1979 = FACE_OUTER_BOUND ( 'NONE', #2731, .T. ) ;
#1980 = ORIENTED_EDGE ( 'NONE', *, *, #2599, .T. ) ;
#1981 = CARTESIAN_POINT ( 'NONE',  ( 1.806939028189363600, 0.5428135343563765800, -0.6124999999999999300 ) ) ;
#1982 = EDGE_LOOP ( 'NONE', ( #2509, #2311, #4491, #3815 ) ) ;
#1983 = EDGE_CURVE ( 'NONE', #890, #2116, #2983, .T. ) ;
#1984 = EDGE_CURVE ( 'NONE', #3554, #4468, #4447, .T. ) ;
#1985 = VECTOR ( 'NONE', #1868, 1000.000000000000200 ) ;
#1986 = CARTESIAN_POINT ( 'NONE',  ( -1.806939028189363600, 0.6100000000000003200, -0.6124999999999999300 ) ) ;
#1987 = ORIENTED_EDGE ( 'NONE', *, *, #1137, .F. ) ;
#1988 = ADVANCED_FACE ( 'NONE', ( #3743 ), #630, .F. ) ;
#1989 = VERTEX_POINT ( 'NONE', #4310 ) ;
#1990 = LINE ( 'NONE', #405, #298 ) ;
#1991 = VECTOR ( 'NONE', #4111, 1000.000000000000000 ) ;
#1992 = CARTESIAN_POINT ( 'NONE',  ( 2.089276992637431300, 0.2665595911220557400, 0.6124999999999999300 ) ) ;
#1993 = CARTESIAN_POINT ( 'NONE',  ( -1.500000000000000700, 0.6100000000000003200, -1.499999999999999800 ) ) ;
#1994 = ORIENTED_EDGE ( 'NONE', *, *, #1483, .T. ) ;
#1995 = ORIENTED_EDGE ( 'NONE', *, *, #50, .F. ) ;
#1996 = CARTESIAN_POINT ( 'NONE',  ( 1.500000000000000000, 0.6100000000000003200, 1.499999999999999100 ) ) ;
#1997 = DIRECTION ( 'NONE',  ( 0.9986295347545742800, 0.05233595624293728400, 0.0000000000000000000 ) ) ;
#1998 = AXIS2_PLACEMENT_3D ( 'NONE', #4836, #1480, #2962 ) ;
#1999 = LINE ( 'NONE', #4757, #3627 ) ;
#2000 = EDGE_LOOP ( 'NONE', ( #4435, #2591, #1396, #3497 ) ) ;
#2001 = CLOSED_SHELL ( 'NONE', ( #4704, #857, #2150, #2252 ) ) ;
#2002 = CARTESIAN_POINT ( 'NONE',  ( -2.156207793495132900, 0.2724152774378160200, 0.1124999999999999800 ) ) ;
#2003 = CARTESIAN_POINT ( 'NONE',  ( 1.806939028189363600, 0.6100000000000003200, 0.8875000000000000700 ) ) ;
#2004 = VERTEX_POINT ( 'NONE', #3896 ) ;
#2005 = EDGE_LOOP ( 'NONE', ( #2852, #274, #2317, #1893 ) ) ;
#2006 = ORIENTED_EDGE ( 'NONE', *, *, #4338, .T. ) ;
#2007 = CARTESIAN_POINT ( 'NONE',  ( 2.440056168313842200, 0.0000000000000000000, -0.3875000000000000700 ) ) ;
#2008 = CARTESIAN_POINT ( 'NONE',  ( -2.450000000000000200, 0.1897396116033688600, -0.8875000000000000700 ) ) ;
#2009 = DIRECTION ( 'NONE',  ( 0.0000000000000000000, -1.000000000000000000, 0.0000000000000000000 ) ) ;
#2010 = VECTOR ( 'NONE', #510, 1000.000000000000000 ) ;
#2011 = FACE_OUTER_BOUND ( 'NONE', #4254, .T. ) ;
#2012 = VERTEX_POINT ( 'NONE', #1307 ) ;
#2013 = DIRECTION ( 'NONE',  ( -0.0000000000000000000, -0.0000000000000000000, -1.000000000000000000 ) ) ;
#2014 = MECHANICAL_DESIGN_GEOMETRIC_PRESENTATION_REPRESENTATION (  '', ( #2496 ), #1858 ) ;
#2015 = CARTESIAN_POINT ( 'NONE',  ( -1.900000000000000100, 0.2500000000000000000, -0.3875000000000000700 ) ) ;
#2016 = VECTOR ( 'NONE', #190, 1000.000000000000000 ) ;
#2017 = CIRCLE ( 'NONE', #3794, 0.2571864656436234600 ) ;
#2018 = ORIENTED_EDGE ( 'NONE', *, *, #665, .F. ) ;
#2019 = VECTOR ( 'NONE', #1696, 1000.000000000000000 ) ;
#2020 = EDGE_CURVE ( 'NONE', #3738, #4386, #2569, .T. ) ;
#2021 = CARTESIAN_POINT ( 'NONE',  ( 2.142747693882932400, 0.01558127690695090000, 0.1124999999999999800 ) ) ;
#2022 = DIRECTION ( 'NONE',  ( -0.0000000000000000000, 0.0000000000000000000, -1.000000000000000000 ) ) ;
#2023 = AXIS2_PLACEMENT_3D ( 'NONE', #3222, #649, #2919 ) ;
#2024 = FILL_AREA_STYLE ('',( #2739 ) ) ;
#2025 = DIRECTION ( 'NONE',  ( -0.0000000000000000000, -0.0000000000000000000, -1.000000000000000000 ) ) ;
#2026 = AXIS2_PLACEMENT_3D ( 'NONE', #4187, #1870, #854 ) ;
#2027 = CARTESIAN_POINT ( 'NONE',  ( 1.806939028189363600, 0.5428135343563765800, -0.6124999999999999300 ) ) ;
#2028 = FACE_OUTER_BOUND ( 'NONE', #3637, .T. ) ;
#2029 = CARTESIAN_POINT ( 'NONE',  ( -1.500000000000000000, 0.6100000000000003200, -0.3875000000000000700 ) ) ;
#2030 = CARTESIAN_POINT ( 'NONE',  ( 2.152691525569090400, 0.2053208885103196300, 0.3875000000000000700 ) ) ;
#2031 = AXIS2_PLACEMENT_3D ( 'NONE', #3610, #3591, #4754 ) ;
#2032 = EDGE_LOOP ( 'NONE', ( #1537, #4751, #1723, #1267 ) ) ;
#2033 = LINE ( 'NONE', #4578, #2364 ) ;
#2034 = DIRECTION ( 'NONE',  ( -1.000000000000000000, 0.0000000000000000000, 0.0000000000000000000 ) ) ;
#2035 = EDGE_LOOP ( 'NONE', ( #3448, #4503, #3490, #3376, #1553, #338, #1254, #3724, #380, #381, #1540, #3703 ) ) ;
#2036 = DIRECTION ( 'NONE',  ( -0.9986295347545742800, -0.05233595624293728400, -0.0000000000000000000 ) ) ;
#2037 = LINE ( 'NONE', #1496, #1278 ) ;
#2038 = ORIENTED_EDGE ( 'NONE', *, *, #2627, .F. ) ;
#2039 = CARTESIAN_POINT ( 'NONE',  ( 1.500000000000000000, 0.6100000000000003200, -0.6124999999999999300 ) ) ;
#2040 = AXIS2_PLACEMENT_3D ( 'NONE', #1132, #1873, #1086 ) ;
#2041 = VECTOR ( 'NONE', #3921, 1000.000000000000000 ) ;
#2042 = CARTESIAN_POINT ( 'NONE',  ( -2.089276992637431300, 0.2665595911220556800, -0.8875000000000000700 ) ) ;
#2043 = ORIENTED_EDGE ( 'NONE', *, *, #3214, .T. ) ;
#2044 = ORIENTED_EDGE ( 'NONE', *, *, #486, .T. ) ;
#2045 = DIRECTION ( 'NONE',  ( -0.9925461516413226500, 0.1218693434051426000, 0.0000000000000000000 ) ) ;
#2046 = DIRECTION ( 'NONE',  ( -0.9986295347545742800, 0.05233595624293736800, 0.0000000000000000000 ) ) ;
#2047 = CIRCLE ( 'NONE', #1675, 0.06718646564362382200 ) ;
#2048 = EDGE_CURVE ( 'NONE', #1473, #4609, #773, .T. ) ;
#2049 = DIRECTION ( 'NONE',  ( -1.000000000000000000, 0.0000000000000000000, 0.0000000000000000000 ) ) ;
#2050 = VERTEX_POINT ( 'NONE', #568 ) ;
#2051 = DIRECTION ( 'NONE',  ( -0.0000000000000000000, -0.0000000000000000000, -1.000000000000000000 ) ) ;
#2052 = COLOUR_RGB ( '',0.7921568627450980000, 0.8196078431372548800, 0.9333333333333333500 ) ;
#2053 = AXIS2_PLACEMENT_3D ( 'NONE', #2513, #4420, #2883 ) ;
#2054 = FACE_OUTER_BOUND ( 'NONE', #2126, .T. ) ;
#2055 = CARTESIAN_POINT ( 'NONE',  ( 1.499999999999999800, 0.6100000000000003200, -1.500000000000000400 ) ) ;
#2056 = CARTESIAN_POINT ( 'NONE',  ( 1.500000000000000000, 0.6100000000000003200, 1.112500000000000000 ) ) ;
#2057 = CLOSED_SHELL ( 'NONE', ( #4060, #1459, #1768, #2856, #4010, #457, #389, #2191, #4402, #3312, #415, #491, #2795 ) ) ;
#2058 = DIRECTION ( 'NONE',  ( -0.0000000000000000000, -0.0000000000000000000, -1.000000000000000000 ) ) ;
#2059 = EDGE_LOOP ( 'NONE', ( #1183, #1599, #3504, #250 ) ) ;
#2060 = CARTESIAN_POINT ( 'NONE',  ( -2.440056168313842200, 0.0000000000000000000, -0.1124999999999999800 ) ) ;
#2061 = ADVANCED_FACE ( 'NONE', ( #2503 ), #4681, .T. ) ;
#2062 = ORIENTED_EDGE ( 'NONE', *, *, #1805, .F. ) ;
#2063 = VERTEX_POINT ( 'NONE', #1795 ) ;
#2064 = CARTESIAN_POINT ( 'NONE',  ( 1.476670933428449100, 0.8000000000000000400, 0.6124999999999999300 ) ) ;
#2065 = ORIENTED_EDGE ( 'NONE', *, *, #945, .T. ) ;
#2066 = ORIENTED_EDGE ( 'NONE', *, *, #1966, .T. ) ;
#2067 = AXIS2_PLACEMENT_3D ( 'NONE', #1328, #2814, #2034 ) ;
#2068 = CARTESIAN_POINT ( 'NONE',  ( -1.873869829047064800, 0.5486692206721369700, 0.1124999999999999800 ) ) ;
#2069 = EDGE_CURVE ( 'NONE', #424, #1245, #1529, .T. ) ;
#2070 = ORIENTED_EDGE ( 'NONE', *, *, #1409, .T. ) ;
#2071 = CIRCLE ( 'NONE', #3168, 0.06718646564362382200 ) ;
#2072 = DIRECTION ( 'NONE',  ( -0.0000000000000000000, -0.0000000000000000000, -1.000000000000000000 ) ) ;
#2073 = ORIENTED_EDGE ( 'NONE', *, *, #1040, .F. ) ;
#2074 = CARTESIAN_POINT ( 'NONE',  ( -1.900000000000000100, 0.2500000000000000000, 1.112500000000000000 ) ) ;
#2075 = FACE_OUTER_BOUND ( 'NONE', #449, .T. ) ;
#2076 = ORIENTED_EDGE ( 'NONE', *, *, #355, .F. ) ;
#2077 = CARTESIAN_POINT ( 'NONE',  ( 1.900000000000000100, 0.2500000000000000000, -0.6124999999999999300 ) ) ;
#2078 = DIRECTION ( 'NONE',  ( -1.000000000000000000, -0.0000000000000000000, -0.0000000000000000000 ) ) ;
#2079 = EDGE_CURVE ( 'NONE', #3025, #3335, #3912, .T. ) ;
#2080 = PLANE ( 'NONE',  #2817 ) ;
#2081 = VECTOR ( 'NONE', #699, 1000.000000000000000 ) ;
#2082 = VECTOR ( 'NONE', #4020, 1000.000000000000000 ) ;
#2083 = VERTEX_POINT ( 'NONE', #4361 ) ;
#2084 = EDGE_CURVE ( 'NONE', #3606, #2706, #4088, .T. ) ;
#2085 = EDGE_CURVE ( 'NONE', #903, #424, #3685, .T. ) ;
#2086 = CARTESIAN_POINT ( 'NONE',  ( -1.443519101984663600, 0.1499999999999997400, 1.443519101984663400 ) ) ;
#2087 = AXIS2_PLACEMENT_3D ( 'NONE', #4659, #2398, #918 ) ;
#2088 = ADVANCED_FACE ( 'NONE', ( #2437 ), #4390, .F. ) ;
#2089 = DIRECTION ( 'NONE',  ( 0.9961946980917454300, -0.08715574274765987300, 0.0000000000000000000 ) ) ;
#2090 = DIRECTION ( 'NONE',  ( -0.9925461516413226500, 0.1218693434051426000, 0.0000000000000000000 ) ) ;
#2091 = FACE_OUTER_BOUND ( 'NONE', #2439, .T. ) ;
#2092 = DIRECTION ( 'NONE',  ( 0.0000000000000000000, 1.000000000000000000, 0.0000000000000000000 ) ) ;
#2093 = ORIENTED_EDGE ( 'NONE', *, *, #1231, .T. ) ;
#2094 = AXIS2_PLACEMENT_3D ( 'NONE', #3332, #1487, #4089 ) ;
#2095 = DIRECTION ( 'NONE',  ( -0.9986295347545742800, 0.05233595624293682600, 0.0000000000000000000 ) ) ;
#2096 = CIRCLE ( 'NONE', #2067, 0.06718646564362382200 ) ;
#2097 = ORIENTED_EDGE ( 'NONE', *, *, #3884, .T. ) ;
#2098 = FACE_OUTER_BOUND ( 'NONE', #727, .T. ) ;
#2099 = ORIENTED_EDGE ( 'NONE', *, *, #3247, .T. ) ;
#2100 = PLANE ( 'NONE',  #3517 ) ;
#2101 = ORIENTED_EDGE ( 'NONE', *, *, #2898, .T. ) ;
#2102 = CARTESIAN_POINT ( 'NONE',  ( -2.142747693882932400, 0.01558127690695090000, -0.6124999999999999300 ) ) ;
#2103 = CARTESIAN_POINT ( 'NONE',  ( -2.450000000000000200, 0.1897396116033688600, -0.8875000000000000700 ) ) ;
#2104 = CARTESIAN_POINT ( 'NONE',  ( 2.450000000000000200, 0.1897396116033688300, -1.112500000000000000 ) ) ;
#2105 = ORIENTED_EDGE ( 'NONE', *, *, #4139, .F. ) ;
#2106 = PLANE ( 'NONE',  #365 ) ;
#2107 = ORIENTED_EDGE ( 'NONE', *, *, #1230, .F. ) ;
#2108 = VECTOR ( 'NONE', #1564, 1000.000000000000000 ) ;
#2109 = CARTESIAN_POINT ( 'NONE',  ( -1.476670933428449100, 0.8000000000000000400, 0.3875000000000000700 ) ) ;
#2110 = ADVANCED_FACE ( 'NONE', ( #3498 ), #4203, .F. ) ;
#2111 = ORIENTED_EDGE ( 'NONE', *, *, #825, .T. ) ;
#2112 = MANIFOLD_SOLID_BREP ( 'Boss-Extrude3', #2001 ) ;
#2113 = CARTESIAN_POINT ( 'NONE',  ( -2.063146821684496100, 0.5652288117941926000, 1.112500000000000000 ) ) ;
#2114 = EDGE_CURVE ( 'NONE', #3006, #2517, #2279, .T. ) ;
#2115 = DIRECTION ( 'NONE',  ( -0.08715574274766130200, 0.9961946980917452100, 0.0000000000000000000 ) ) ;
#2116 = VERTEX_POINT ( 'NONE', #3252 ) ;
#2117 = EDGE_CURVE ( 'NONE', #539, #2302, #3556, .T. ) ;
#2118 = AXIS2_PLACEMENT_3D ( 'NONE', #4615, #2698, #1246 ) ;
#2119 = LINE ( 'NONE', #4684, #3385 ) ;
#2120 = ORIENTED_EDGE ( 'NONE', *, *, #895, .T. ) ;
#2121 = ORIENTED_EDGE ( 'NONE', *, *, #2474, .F. ) ;
#2122 = DIRECTION ( 'NONE',  ( 1.000000000000000000, 0.0000000000000000000, 0.0000000000000000000 ) ) ;
#2123 =( GEOMETRIC_REPRESENTATION_CONTEXT ( 3 ) GLOBAL_UNCERTAINTY_ASSIGNED_CONTEXT ( ( #1240 ) ) GLOBAL_UNIT_ASSIGNED_CONTEXT ( ( #2851, #3660, #1394 ) ) REPRESENTATION_CONTEXT ( 'NONE', 'WORKASPACE' ) );
#2124 = CARTESIAN_POINT ( 'NONE',  ( -2.142747693882932400, 0.01558127690695090000, -0.8875000000000000700 ) ) ;
#2125 = CARTESIAN_POINT ( 'NONE',  ( 2.440056168313842200, 0.0000000000000000000, -0.6124999999999999300 ) ) ;
#2126 = EDGE_LOOP ( 'NONE', ( #4274, #4680, #2793, #2207 ) ) ;
#2127 = ORIENTED_EDGE ( 'NONE', *, *, #192, .F. ) ;
#2128 = DIRECTION ( 'NONE',  ( 0.05233595624293681900, 0.9986295347545742800, -0.0000000000000000000 ) ) ;
#2129 = PLANE ( 'NONE',  #4291 ) ;
#2130 = CARTESIAN_POINT ( 'NONE',  ( -1.500000000000000000, 0.6100000000000003200, 1.499999999999999800 ) ) ;
#2131 = DIRECTION ( 'NONE',  ( 0.05233595624293681900, -0.9986295347545742800, 0.0000000000000000000 ) ) ;
#2132 = LINE ( 'NONE', #2580, #3276 ) ;
#2133 = LINE ( 'NONE', #3176, #4054 ) ;
#2134 = CARTESIAN_POINT ( 'NONE',  ( 1.873869829047064800, 0.5486692206721369700, -0.8875000000000000700 ) ) ;
#2135 = EDGE_LOOP ( 'NONE', ( #626, #2626, #75, #1367 ) ) ;
#2136 = ADVANCED_FACE ( 'NONE', ( #2789 ), #2381, .F. ) ;
#2137 = LINE ( 'NONE', #2448, #3404 ) ;
#2138 = VECTOR ( 'NONE', #2744, 1000.000000000000000 ) ;
#2139 = CARTESIAN_POINT ( 'NONE',  ( -1.476670933428449100, 0.8000000000000000400, -0.8875000000000000700 ) ) ;
#2140 = DIRECTION ( 'NONE',  ( -0.0000000000000000000, -0.0000000000000000000, -1.000000000000000000 ) ) ;
#2141 = CARTESIAN_POINT ( 'NONE',  ( 2.152691525569090400, 0.2053208885103196300, -0.8875000000000000700 ) ) ;
#2142 = LINE ( 'NONE', #655, #2473 ) ;
#2143 =( LENGTH_UNIT ( ) NAMED_UNIT ( * ) SI_UNIT ( .MILLI., .METRE. ) );
#2144 = EDGE_CURVE ( 'NONE', #4304, #361, #2976, .T. ) ;
#2145 = EDGE_CURVE ( 'NONE', #4316, #2063, #4444, .T. ) ;
#2146 = CARTESIAN_POINT ( 'NONE',  ( -2.450000000000000200, 0.1897396116033688600, -0.8875000000000000700 ) ) ;
#2147 = CIRCLE ( 'NONE', #767, 0.1499999999999999700 ) ;
#2148 = PLANE ( 'NONE',  #1214 ) ;
#2149 = AXIS2_PLACEMENT_3D ( 'NONE', #2684, #3084, #3410 ) ;
#2150 = ADVANCED_FACE ( 'NONE', ( #465 ), #1813, .T. ) ;
#2151 = ORIENTED_EDGE ( 'NONE', *, *, #615, .T. ) ;
#2152 = LINE ( 'NONE', #360, #3661 ) ;
#2153 = ORIENTED_EDGE ( 'NONE', *, *, #891, .F. ) ;
#2154 = DIRECTION ( 'NONE',  ( 2.168404344971009100E-016, 0.0000000000000000000, 1.000000000000000000 ) ) ;
#2155 = CARTESIAN_POINT ( 'NONE',  ( -2.142747693882932400, 0.01558127690695090000, -0.3875000000000000700 ) ) ;
#2156 = LINE ( 'NONE', #46, #924 ) ;
#2157 = AXIS2_PLACEMENT_3D ( 'NONE', #2970, #1095, #1161 ) ;
#2158 = ORIENTED_EDGE ( 'NONE', *, *, #3601, .F. ) ;
#2159 = DIRECTION ( 'NONE',  ( 0.9986295347545742800, 0.05233595624293736800, 0.0000000000000000000 ) ) ;
#2160 = ADVANCED_FACE ( 'NONE', ( #172 ), #4826, .F. ) ;
#2161 = DIRECTION ( 'NONE',  ( 1.000000000000000000, 0.0000000000000000000, 0.0000000000000000000 ) ) ;
#2162 = CARTESIAN_POINT ( 'NONE',  ( 1.900000000000000100, 0.2500000000000000000, 1.112500000000000000 ) ) ;
#2163 = DIRECTION ( 'NONE',  ( 0.05233595624293728400, -0.9986295347545742800, 0.0000000000000000000 ) ) ;
#2164 = LINE ( 'NONE', #1690, #7 ) ;
#2165 = ORIENTED_EDGE ( 'NONE', *, *, #1650, .F. ) ;
#2166 = CARTESIAN_POINT ( 'NONE',  ( -2.440056168313842200, 0.0000000000000000000, -0.6124999999999999300 ) ) ;
#2167 = CARTESIAN_POINT ( 'NONE',  ( 1.873869829047064800, 0.5486692206721369700, 0.6124999999999999300 ) ) ;
#2168 = VECTOR ( 'NONE', #1749, 1000.000000000000000 ) ;
#2169 = ORIENTED_EDGE ( 'NONE', *, *, #323, .F. ) ;
#2170 = CARTESIAN_POINT ( 'NONE',  ( -2.152691525569090400, 0.2053208885103196300, 0.1124999999999999800 ) ) ;
#2171 = DIRECTION ( 'NONE',  ( -0.0000000000000000000, -0.0000000000000000000, -1.000000000000000000 ) ) ;
#2172 = EDGE_CURVE ( 'NONE', #903, #366, #992, .T. ) ;
#2173 = VECTOR ( 'NONE', #2215, 1000.000000000000200 ) ;
#2174 = ADVANCED_FACE ( 'NONE', ( #4268 ), #1093, .F. ) ;
#2175 = CARTESIAN_POINT ( 'NONE',  ( -2.089276992637431300, 0.2665595911220556800, 0.1124999999999999800 ) ) ;
#2176 = VERTEX_POINT ( 'NONE', #388 ) ;
#2177 = ORIENTED_EDGE ( 'NONE', *, *, #1077, .F. ) ;
#2178 = ORIENTED_EDGE ( 'NONE', *, *, #74, .F. ) ;
#2179 = ADVANCED_FACE ( 'NONE', ( #3314 ), #1449, .F. ) ;
#2180 = ORIENTED_EDGE ( 'NONE', *, *, #3974, .F. ) ;
#2181 = VECTOR ( 'NONE', #4419, 1000.000000000000000 ) ;
#2182 = AXIS2_PLACEMENT_3D ( 'NONE', #4199, #94, #2673 ) ;
#2183 = DIRECTION ( 'NONE',  ( 0.0000000000000000000, 1.000000000000000000, 0.0000000000000000000 ) ) ;
#2184 = CYLINDRICAL_SURFACE ( 'NONE', #1804, 0.06718646564362360000 ) ;
#2185 = LINE ( 'NONE', #4289, #4161 ) ;
#2186 = ORIENTED_EDGE ( 'NONE', *, *, #1636, .F. ) ;
#2187 = CARTESIAN_POINT ( 'NONE',  ( -1.806939028189363600, 0.5428135343563766900, 1.112500000000000000 ) ) ;
#2188 = CARTESIAN_POINT ( 'NONE',  ( -1.806939028189363600, 0.6100000000000003200, 0.6124999999999999300 ) ) ;
#2189 = CARTESIAN_POINT ( 'NONE',  ( 1.806939028189363600, 0.6100000000000003200, 1.112500000000000000 ) ) ;
#2190 = VECTOR ( 'NONE', #3496, 1000.000000000000000 ) ;
#2191 = ADVANCED_FACE ( 'NONE', ( #1694 ), #758, .T. ) ;
#2192 = EDGE_CURVE ( 'NONE', #812, #1508, #1990, .T. ) ;
#2193 = CARTESIAN_POINT ( 'NONE',  ( -1.139835565157574400, 0.5757359312880711000, -1.139835565157576700 ) ) ;
#2194 = PLANE ( 'NONE',  #4301 ) ;
#2195 = DIRECTION ( 'NONE',  ( -0.9986295347545742800, -0.05233595624293736800, 0.0000000000000000000 ) ) ;
#2196 = ADVANCED_FACE ( 'NONE', ( #3791 ), #2968, .F. ) ;
#2197 = EDGE_CURVE ( 'NONE', #4343, #4030, #2671, .T. ) ;
#2198 = FACE_OUTER_BOUND ( 'NONE', #998, .T. ) ;
#2199 = DIRECTION ( 'NONE',  ( 0.9986295347545742800, 0.05233595624293736800, 0.0000000000000000000 ) ) ;
#2200 = CARTESIAN_POINT ( 'NONE',  ( 2.156207793495132900, 0.2724152774378160200, 0.1124999999999999800 ) ) ;
#2201 = ORIENTED_EDGE ( 'NONE', *, *, #1910, .F. ) ;
#2202 = CARTESIAN_POINT ( 'NONE',  ( 2.440056168313842200, 0.0000000000000000000, 0.6124999999999999300 ) ) ;
#2203 = FACE_OUTER_BOUND ( 'NONE', #1130, .T. ) ;
#2204 = EDGE_LOOP ( 'NONE', ( #2937, #3646, #2972, #2209 ) ) ;
#2205 = AXIS2_PLACEMENT_3D ( 'NONE', #3295, #2519, #1081 ) ;
#2206 = FACE_OUTER_BOUND ( 'NONE', #2035, .T. ) ;
#2207 = ORIENTED_EDGE ( 'NONE', *, *, #681, .T. ) ;
#2208 = CARTESIAN_POINT ( 'NONE',  ( 1.806939028189363600, 0.6100000000000003200, -0.1124999999999999800 ) ) ;
#2209 = ORIENTED_EDGE ( 'NONE', *, *, #3117, .T. ) ;
#2210 = CARTESIAN_POINT ( 'NONE',  ( -1.873869829047064800, 0.5486692206721369700, -0.6124999999999999300 ) ) ;
#2211 = CARTESIAN_POINT ( 'NONE',  ( 2.089276992637431300, 0.2665595911220557400, 0.3875000000000000700 ) ) ;
#2212 = AXIS2_PLACEMENT_3D ( 'NONE', #4048, #2525, #1407 ) ;
#2213 = CARTESIAN_POINT ( 'NONE',  ( -1.500000000000000000, 0.6100000000000003200, 1.499999999999999800 ) ) ;
#2214 = VERTEX_POINT ( 'NONE', #4839 ) ;
#2215 = DIRECTION ( 'NONE',  ( 0.08715574274766130200, 0.9961946980917452100, 0.0000000000000000000 ) ) ;
#2216 = FILL_AREA_STYLE_COLOUR ( '', #749 ) ;
#2217 = CARTESIAN_POINT ( 'NONE',  ( -1.139835565157574400, 0.5757359312880711000, -0.9898355651575766500 ) ) ;
#2218 = VERTEX_POINT ( 'NONE', #1864 ) ;
#2219 = CIRCLE ( 'NONE', #3925, 0.06718646564362382200 ) ;
#2220 = VERTEX_POINT ( 'NONE', #1126 ) ;
#2221 = DIRECTION ( 'NONE',  ( 0.0000000000000000000, 0.9925461516413219800, 0.1218693434051477500 ) ) ;
#2222 = LINE ( 'NONE', #4767, #3795 ) ;
#2223 = ADVANCED_FACE ( 'NONE', ( #4147 ), #2233, .F. ) ;
#2224 = ORIENTED_EDGE ( 'NONE', *, *, #1208, .T. ) ;
#2225 = CARTESIAN_POINT ( 'NONE',  ( 1.806939028189363600, 0.8000000000000000400, 1.112500000000000000 ) ) ;
#2226 = VECTOR ( 'NONE', #3964, 1000.000000000000000 ) ;
#2227 = ORIENTED_EDGE ( 'NONE', *, *, #2197, .F. ) ;
#2228 = EDGE_CURVE ( 'NONE', #1634, #620, #2219, .T. ) ;
#2229 = ORIENTED_EDGE ( 'NONE', *, *, #354, .F. ) ;
#2230 = ORIENTED_EDGE ( 'NONE', *, *, #4673, .T. ) ;
#2231 = EDGE_CURVE ( 'NONE', #4209, #706, #530, .T. ) ;
#2232 = VERTEX_POINT ( 'NONE', #4622 ) ;
#2233 = PLANE ( 'NONE',  #4600 ) ;
#2234 = ORIENTED_EDGE ( 'NONE', *, *, #2625, .F. ) ;
#2235 = CARTESIAN_POINT ( 'NONE',  ( 2.152691525569090400, 0.2053208885103196300, -0.3875000000000000700 ) ) ;
#2236 = ORIENTED_EDGE ( 'NONE', *, *, #4647, .F. ) ;
#2237 = ORIENTED_EDGE ( 'NONE', *, *, #3194, .F. ) ;
#2238 = STYLED_ITEM ( 'NONE', ( #906 ), #1090 ) ;
#2239 = PLANE ( 'NONE',  #2336 ) ;
#2240 = DIRECTION ( 'NONE',  ( -0.08715574274766128800, 0.9961946980917452100, 0.0000000000000000000 ) ) ;
#2241 = VECTOR ( 'NONE', #1236, 1000.000000000000000 ) ;
#2242 = PRODUCT_DEFINITION_SHAPE ( 'NONE', 'NONE',  #4206 ) ;
#2243 = CIRCLE ( 'NONE', #4269, 0.2571864656436230200 ) ;
#2244 = AXIS2_PLACEMENT_3D ( 'NONE', #904, #3501, #2356 ) ;
#2245 = VECTOR ( 'NONE', #2724, 1000.000000000000100 ) ;
#2246 = PLANE ( 'NONE',  #205 ) ;
#2247 = DIRECTION ( 'NONE',  ( 0.05233595624293681900, 0.9986295347545742800, -0.0000000000000000000 ) ) ;
#2248 = EDGE_LOOP ( 'NONE', ( #4154, #2158 ) ) ;
#2249 = DIRECTION ( 'NONE',  ( -0.0000000000000000000, 0.0000000000000000000, -1.000000000000000000 ) ) ;
#2250 = ORIENTED_EDGE ( 'NONE', *, *, #4159, .F. ) ;
#2251 = VECTOR ( 'NONE', #2690, 1000.000000000000000 ) ;
#2252 = ADVANCED_FACE ( 'NONE', ( #3436 ), #561, .F. ) ;
#2253 = CARTESIAN_POINT ( 'NONE',  ( 2.440056168313842200, 0.0000000000000000000, 0.3875000000000000700 ) ) ;
#2254 =( NAMED_UNIT ( * ) SI_UNIT ( $, .STERADIAN. ) SOLID_ANGLE_UNIT ( ) );
#2255 = EDGE_CURVE ( 'NONE', #4383, #2232, #3263, .T. ) ;
#2256 = MANIFOLD_SOLID_BREP ( 'LPattern1[4]', #3144 ) ;
#2257 = CARTESIAN_POINT ( 'NONE',  ( 1.806939028189363600, 0.5428135343563765800, 0.1124999999999999800 ) ) ;
#2258 = LINE ( 'NONE', #4413, #633 ) ;
#2259 = CARTESIAN_POINT ( 'NONE',  ( 1.900000000000000100, 0.2500000000000000000, 0.6124999999999999300 ) ) ;
#2260 = DIRECTION ( 'NONE',  ( -0.9986295347545742800, 0.05233595624293736800, 0.0000000000000000000 ) ) ;
#2261 = ORIENTED_EDGE ( 'NONE', *, *, #1230, .T. ) ;
#2262 = LINE ( 'NONE', #634, #3597 ) ;
#2263 = EDGE_CURVE ( 'NONE', #4208, #4568, #1461, .T. ) ;
#2264 = ORIENTED_EDGE ( 'NONE', *, *, #2310, .F. ) ;
#2265 = AXIS2_PLACEMENT_3D ( 'NONE', #358, #4126, #4558 ) ;
#2266 =( NAMED_UNIT ( * ) PLANE_ANGLE_UNIT ( ) SI_UNIT ( $, .RADIAN. ) );
#2267 = CARTESIAN_POINT ( 'NONE',  ( -1.900000000000000100, 0.2500000000000000000, 0.3875000000000000700 ) ) ;
#2268 = CIRCLE ( 'NONE', #728, 0.06718646564362360000 ) ;
#2269 = ORIENTED_EDGE ( 'NONE', *, *, #56, .T. ) ;
#2270 = DIRECTION ( 'NONE',  ( 0.08715574274766130200, 0.9961946980917452100, 0.0000000000000000000 ) ) ;
#2271 = DIRECTION ( 'NONE',  ( -7.228014483236697000E-017, -0.0000000000000000000, -1.000000000000000000 ) ) ;
#2272 = AXIS2_PLACEMENT_3D ( 'NONE', #1408, #2909, #676 ) ;
#2273 = ADVANCED_FACE ( 'NONE', ( #1057 ), #2349, .F. ) ;
#2274 = CIRCLE ( 'NONE', #4345, 0.06718646564362382200 ) ;
#2275 = DIRECTION ( 'NONE',  ( 0.08715574274766130200, -0.9961946980917452100, -0.0000000000000000000 ) ) ;
#2276 = CARTESIAN_POINT ( 'NONE',  ( 2.440056168313842200, 0.0000000000000000000, -0.8875000000000000700 ) ) ;
#2277 = AXIS2_PLACEMENT_3D ( 'NONE', #2819, #2435, #1316 ) ;
#2278 = ORIENTED_EDGE ( 'NONE', *, *, #223, .T. ) ;
#2279 = LINE ( 'NONE', #4041, #4323 ) ;
#2280 = DIRECTION ( 'NONE',  ( -0.0000000000000000000, -0.0000000000000000000, -1.000000000000000000 ) ) ;
#2281 = CIRCLE ( 'NONE', #1619, 0.2571864656436234600 ) ;
#2282 = ORIENTED_EDGE ( 'NONE', *, *, #1907, .F. ) ;
#2283 = AXIS2_PLACEMENT_3D ( 'NONE', #759, #3351, #1146 ) ;
#2284 = VERTEX_POINT ( 'NONE', #2836 ) ;
#2285 = EDGE_LOOP ( 'NONE', ( #784, #4701, #4183, #3329 ) ) ;
#2286 = ORIENTED_EDGE ( 'NONE', *, *, #386, .T. ) ;
#2287 = DIRECTION ( 'NONE',  ( 0.9986295347545742800, 0.05233595624293728400, 0.0000000000000000000 ) ) ;
#2288 = EDGE_CURVE ( 'NONE', #3868, #757, #1116, .T. ) ;
#2289 = SHAPE_DEFINITION_REPRESENTATION ( #2242, #1603 ) ;
#2290 = EDGE_LOOP ( 'NONE', ( #3596, #768, #321, #3460 ) ) ;
#2291 = DIRECTION ( 'NONE',  ( 0.05233595624293728400, -0.9986295347545742800, 0.0000000000000000000 ) ) ;
#2292 = CARTESIAN_POINT ( 'NONE',  ( -2.142747693882932400, 0.01558127690695090000, -1.112500000000000000 ) ) ;
#2293 = DIRECTION ( 'NONE',  ( -0.05233595624293682600, 0.9986295347545742800, 0.0000000000000000000 ) ) ;
#2294 = LINE ( 'NONE', #2211, #3155 ) ;
#2295 = LINE ( 'NONE', #3559, #1079 ) ;
#2296 = ORIENTED_EDGE ( 'NONE', *, *, #4562, .F. ) ;
#2297 = STYLED_ITEM ( 'NONE', ( #3813 ), #940 ) ;
#2298 = EDGE_CURVE ( 'NONE', #1395, #3835, #4565, .T. ) ;
#2299 = CARTESIAN_POINT ( 'NONE',  ( -2.089276992637431300, 0.2665595911220556800, 0.6124999999999999300 ) ) ;
#2300 = EDGE_CURVE ( 'NONE', #4568, #2721, #3382, .T. ) ;
#2301 = FACE_OUTER_BOUND ( 'NONE', #762, .T. ) ;
#2302 = VERTEX_POINT ( 'NONE', #3577 ) ;
#2303 = LINE ( 'NONE', #2433, #1915 ) ;
#2304 = DIRECTION ( 'NONE',  ( -1.000000000000000000, 0.0000000000000000000, 0.0000000000000000000 ) ) ;
#2305 = UNCERTAINTY_MEASURE_WITH_UNIT (LENGTH_MEASURE( 1.000000000000000100E-005 ), #955, 'distance_accuracy_value', 'NONE');
#2306 = CARTESIAN_POINT ( 'NONE',  ( 1.900000000000000100, 0.2500000000000000000, -0.8875000000000000700 ) ) ;
#2307 = EDGE_LOOP ( 'NONE', ( #4378, #1233, #2234, #4599 ) ) ;
#2308 = EDGE_CURVE ( 'NONE', #1051, #1362, #1580, .T. ) ;
#2309 = VECTOR ( 'NONE', #2601, 1000.000000000000000 ) ;
#2310 = EDGE_CURVE ( 'NONE', #2982, #1989, #414, .T. ) ;
#2311 = ORIENTED_EDGE ( 'NONE', *, *, #367, .F. ) ;
#2312 = DIRECTION ( 'NONE',  ( -1.000000000000000000, 0.0000000000000000000, 0.0000000000000000000 ) ) ;
#2313 = ADVANCED_FACE ( 'NONE', ( #2564 ), #3173, .F. ) ;
#2314 = VECTOR ( 'NONE', #2838, 1000.000000000000000 ) ;
#2315 = CLOSED_SHELL ( 'NONE', ( #2223, #765, #2586, #3240, #4782, #678, #266, #1323, #2952, #3668, #2313, #4197, #3986, #3589 ) ) ;
#2316 = ORIENTED_EDGE ( 'NONE', *, *, #949, .F. ) ;
#2317 = ORIENTED_EDGE ( 'NONE', *, *, #885, .T. ) ;
#2318 = AXIS2_PLACEMENT_3D ( 'NONE', #1162, #440, #3400 ) ;
#2319 = CARTESIAN_POINT ( 'NONE',  ( 1.500000000000000000, 0.6100000000000003200, -0.3875000000000000700 ) ) ;
#2320 =( NAMED_UNIT ( * ) SI_UNIT ( $, .STERADIAN. ) SOLID_ANGLE_UNIT ( ) );
#2321 = VECTOR ( 'NONE', #4074, 1000.000000000000200 ) ;
#2322 = CARTESIAN_POINT ( 'NONE',  ( 1.806939028189363600, 0.6100000000000003200, -0.3875000000000000700 ) ) ;
#2323 = ORIENTED_EDGE ( 'NONE', *, *, #2467, .F. ) ;
#2324 = VECTOR ( 'NONE', #2598, 1000.000000000000000 ) ;
#2325 = CARTESIAN_POINT ( 'NONE',  ( -2.440056168313842200, 0.0000000000000000000, 0.6124999999999999300 ) ) ;
#2326 = ORIENTED_EDGE ( 'NONE', *, *, #3066, .F. ) ;
#2327 = FACE_OUTER_BOUND ( 'NONE', #180, .T. ) ;
#2328 = EDGE_LOOP ( 'NONE', ( #1124, #344, #4769, #2337 ) ) ;
#2329 = VECTOR ( 'NONE', #1091, 999.9999999999998900 ) ;
#2330 = CARTESIAN_POINT ( 'NONE',  ( 2.440056168313842200, 0.0000000000000000000, 0.1124999999999999800 ) ) ;
#2331 = ORIENTED_EDGE ( 'NONE', *, *, #2704, .F. ) ;
#2332 = VERTEX_POINT ( 'NONE', #2102 ) ;
#2333 = SURFACE_SIDE_STYLE ('',( #382 ) ) ;
#2334 = EDGE_LOOP ( 'NONE', ( #1616, #3755, #1129, #2832 ) ) ;
#2335 = EDGE_CURVE ( 'NONE', #3968, #579, #4265, .T. ) ;
#2336 = AXIS2_PLACEMENT_3D ( 'NONE', #3008, #4128, #4516 ) ;
#2337 = ORIENTED_EDGE ( 'NONE', *, *, #4645, .T. ) ;
#2338 = ORIENTED_EDGE ( 'NONE', *, *, #354, .T. ) ;
#2339 = EDGE_LOOP ( 'NONE', ( #407, #297, #4166, #3776, #4802, #1822, #139, #55, #2331, #475, #4695, #2386 ) ) ;
#2340 = CARTESIAN_POINT ( 'NONE',  ( -2.156207793495132900, 0.2724152774378160200, -0.3875000000000000700 ) ) ;
#2341 = EDGE_CURVE ( 'NONE', #953, #2602, #1757, .T. ) ;
#2342 = VECTOR ( 'NONE', #942, 1000.000000000000000 ) ;
#2343 = DIRECTION ( 'NONE',  ( 1.000000000000000000, -0.0000000000000000000, -0.0000000000000000000 ) ) ;
#2344 = ORIENTED_EDGE ( 'NONE', *, *, #960, .F. ) ;
#2345 = CARTESIAN_POINT ( 'NONE',  ( -1.806939028189363600, 0.8000000000000000400, 0.3875000000000000700 ) ) ;
#2346 = EDGE_CURVE ( 'NONE', #1579, #1475, #2274, .T. ) ;
#2347 =( GEOMETRIC_REPRESENTATION_CONTEXT ( 3 ) GLOBAL_UNCERTAINTY_ASSIGNED_CONTEXT ( ( #3630 ) ) GLOBAL_UNIT_ASSIGNED_CONTEXT ( ( #1648, #534, #3449 ) ) REPRESENTATION_CONTEXT ( 'NONE', 'WORKASPACE' ) );
#2348 = LINE ( 'NONE', #3293, #964 ) ;
#2349 = PLANE ( 'NONE',  #842 ) ;
#2350 = VERTEX_POINT ( 'NONE', #3947 ) ;
#2351 = DIRECTION ( 'NONE',  ( -0.0000000000000000000, -0.0000000000000000000, -1.000000000000000000 ) ) ;
#2352 = PLANE ( 'NONE',  #748 ) ;
#2353 = AXIS2_PLACEMENT_3D ( 'NONE', #271, #2884, #664 ) ;
#2354 = VECTOR ( 'NONE', #1663, 1000.000000000000100 ) ;
#2355 = DIRECTION ( 'NONE',  ( -0.0000000000000000000, 0.0000000000000000000, -1.000000000000000000 ) ) ;
#2356 = DIRECTION ( 'NONE',  ( -1.000000000000000000, 0.0000000000000000000, 0.0000000000000000000 ) ) ;
#2357 = DIRECTION ( 'NONE',  ( -0.0000000000000000000, -0.0000000000000000000, -1.000000000000000000 ) ) ;
#2358 = PRESENTATION_STYLE_ASSIGNMENT (( #2571 ) ) ;
#2359 = CARTESIAN_POINT ( 'NONE',  ( -2.440056168313842200, 0.0000000000000000000, -0.8875000000000000700 ) ) ;
#2360 = CARTESIAN_POINT ( 'NONE',  ( -1.476670933428449100, 0.8000000000000000400, -0.1124999999999999800 ) ) ;
#2361 = FACE_OUTER_BOUND ( 'NONE', #4248, .T. ) ;
#2362 = DIRECTION ( 'NONE',  ( -1.000000000000000000, 0.0000000000000000000, 0.0000000000000000000 ) ) ;
#2363 = CARTESIAN_POINT ( 'NONE',  ( 2.142747693882932400, 0.01558127690695090000, -1.112500000000000000 ) ) ;
#2364 = VECTOR ( 'NONE', #57, 1000.000000000000000 ) ;
#2365 = ORIENTED_EDGE ( 'NONE', *, *, #1832, .T. ) ;
#2366 = DIRECTION ( 'NONE',  ( 0.08715574274766130200, -0.9961946980917452100, 0.0000000000000000000 ) ) ;
#2367 = LINE ( 'NONE', #304, #3783 ) ;
#2368 = ORIENTED_EDGE ( 'NONE', *, *, #804, .F. ) ;
#2369 = ORIENTED_EDGE ( 'NONE', *, *, #584, .T. ) ;
#2370 = EDGE_CURVE ( 'NONE', #4770, #1535, #3553, .T. ) ;
#2371 = CIRCLE ( 'NONE', #4246, 0.1499999999999999700 ) ;
#2372 = CARTESIAN_POINT ( 'NONE',  ( -1.806939028189363600, 0.5428135343563766900, 0.3875000000000000700 ) ) ;
#2373 = DIRECTION ( 'NONE',  ( -1.000000000000000000, 0.0000000000000000000, 0.0000000000000000000 ) ) ;
#2374 = EDGE_LOOP ( 'NONE', ( #1902, #1392, #2872, #2679 ) ) ;
#2375 = ORIENTED_EDGE ( 'NONE', *, *, #3210, .T. ) ;
#2376 = VECTOR ( 'NONE', #3219, 1000.000000000000000 ) ;
#2377 = AXIS2_PLACEMENT_3D ( 'NONE', #529, #2755, #557 ) ;
#2378 = CARTESIAN_POINT ( 'NONE',  ( -2.089276992637431300, 0.2665595911220556800, -0.6124999999999999300 ) ) ;
#2379 = EDGE_CURVE ( 'NONE', #953, #161, #4738, .T. ) ;
#2380 = ORIENTED_EDGE ( 'NONE', *, *, #4773, .T. ) ;
#2381 = CYLINDRICAL_SURFACE ( 'NONE', #1338, 0.06718646564362360000 ) ;
#2382 = DIRECTION ( 'NONE',  ( 0.08715574274766130200, 0.9961946980917452100, 0.0000000000000000000 ) ) ;
#2383 = AXIS2_PLACEMENT_3D ( 'NONE', #542, #209, #3886 ) ;
#2384 = CARTESIAN_POINT ( 'NONE',  ( 2.450000000000000200, 0.1897396116033688300, 1.112500000000000000 ) ) ;
#2385 = CIRCLE ( 'NONE', #2763, 0.2571864656436234600 ) ;
#2386 = ORIENTED_EDGE ( 'NONE', *, *, #2778, .F. ) ;
#2387 = CARTESIAN_POINT ( 'NONE',  ( -1.806939028189363600, 0.8000000000000000400, -0.6124999999999999300 ) ) ;
#2388 = ORIENTED_EDGE ( 'NONE', *, *, #4606, .T. ) ;
#2389 = ORIENTED_EDGE ( 'NONE', *, *, #1794, .F. ) ;
#2390 =( NAMED_UNIT ( * ) SI_UNIT ( $, .STERADIAN. ) SOLID_ANGLE_UNIT ( ) );
#2391 = ORIENTED_EDGE ( 'NONE', *, *, #1202, .F. ) ;
#2392 = DIRECTION ( 'NONE',  ( 1.000000000000000000, -0.0000000000000000000, -0.0000000000000000000 ) ) ;
#2393 = CARTESIAN_POINT ( 'NONE',  ( 2.440056168313842200, 0.0000000000000000000, -0.3875000000000000700 ) ) ;
#2394 = VECTOR ( 'NONE', #4838, 1000.000000000000000 ) ;
#2395 = DIRECTION ( 'NONE',  ( 0.9986295347545742800, 0.05233595624293736800, 0.0000000000000000000 ) ) ;
#2396 = EDGE_CURVE ( 'NONE', #1807, #4383, #411, .T. ) ;
#2397 = CARTESIAN_POINT ( 'NONE',  ( 2.450000000000000200, 0.1897396116033688300, -1.112500000000000000 ) ) ;
#2398 = DIRECTION ( 'NONE',  ( 0.05233595624293736800, 0.9986295347545742800, -0.0000000000000000000 ) ) ;
#2399 = LINE ( 'NONE', #1973, #1312 ) ;
#2400 = ORIENTED_EDGE ( 'NONE', *, *, #4042, .T. ) ;
#2401 = CARTESIAN_POINT ( 'NONE',  ( 1.500000000000000000, 0.6100000000000003200, 0.6124999999999999300 ) ) ;
#2402 = LINE ( 'NONE', #2565, #3818 ) ;
#2403 = DIRECTION ( 'NONE',  ( -1.000000000000000000, 0.0000000000000000000, 0.0000000000000000000 ) ) ;
#2404 = EDGE_LOOP ( 'NONE', ( #1454, #4051, #3238, #946 ) ) ;
#2405 = AXIS2_PLACEMENT_3D ( 'NONE', #2658, #3753, #3035 ) ;
#2406 = APPLICATION_CONTEXT ( 'automotive_design' ) ;
#2407 = EDGE_CURVE ( 'NONE', #369, #3141, #2783, .T. ) ;
#2408 = VECTOR ( 'NONE', #2689, 1000.000000000000000 ) ;
#2409 = CARTESIAN_POINT ( 'NONE',  ( -2.156207793495132900, 0.2724152774378160200, -0.1124999999999999800 ) ) ;
#2410 = DIRECTION ( 'NONE',  ( -1.000000000000000000, 0.0000000000000000000, 0.0000000000000000000 ) ) ;
#2411 = DIRECTION ( 'NONE',  ( -0.0000000000000000000, -0.0000000000000000000, -1.000000000000000000 ) ) ;
#2412 = STYLED_ITEM ( 'NONE', ( #1344 ), #2256 ) ;
#2413 = DIRECTION ( 'NONE',  ( -0.0000000000000000000, -0.0000000000000000000, -1.000000000000000000 ) ) ;
#2414 = PRESENTATION_LAYER_ASSIGNMENT (  '', '', ( #2767 ) ) ;
#2415 = CARTESIAN_POINT ( 'NONE',  ( -1.806939028189363600, 0.8000000000000000400, 0.8875000000000000700 ) ) ;
#2416 = ORIENTED_EDGE ( 'NONE', *, *, #4394, .T. ) ;
#2417 = EDGE_CURVE ( 'NONE', #3060, #4131, #2561, .T. ) ;
#2418 = CIRCLE ( 'NONE', #3199, 0.06718646564362382200 ) ;
#2419 = DIRECTION ( 'NONE',  ( -0.08715574274765985900, -0.9961946980917454300, -0.0000000000000000000 ) ) ;
#2420 = VERTEX_POINT ( 'NONE', #737 ) ;
#2421 = CARTESIAN_POINT ( 'NONE',  ( -1.873869829047064800, 0.5486692206721369700, -0.3875000000000000700 ) ) ;
#2422 = EDGE_CURVE ( 'NONE', #4090, #4571, #2917, .T. ) ;
#2423 = DIRECTION ( 'NONE',  ( -0.9986295347545742800, 0.05233595624293736800, 0.0000000000000000000 ) ) ;
#2424 = ORIENTED_EDGE ( 'NONE', *, *, #4247, .F. ) ;
#2425 = VERTEX_POINT ( 'NONE', #2210 ) ;
#2426 = DIRECTION ( 'NONE',  ( -0.1209742911513548000, 0.9852565360152931700, 0.1209742911513548600 ) ) ;
#2427 = ADVANCED_FACE ( 'NONE', ( #2733 ), #4451, .F. ) ;
#2428 = EDGE_CURVE ( 'NONE', #4635, #1216, #3259, .T. ) ;
#2429 = LINE ( 'NONE', #2130, #2168 ) ;
#2430 = EDGE_CURVE ( 'NONE', #739, #2904, #1935, .T. ) ;
#2431 = DIRECTION ( 'NONE',  ( -0.0000000000000000000, -0.0000000000000000000, -1.000000000000000000 ) ) ;
#2432 = ORIENTED_EDGE ( 'NONE', *, *, #4742, .F. ) ;
#2433 = CARTESIAN_POINT ( 'NONE',  ( -2.450000000000000200, 0.1897396116033688600, -0.1124999999999999800 ) ) ;
#2434 = VECTOR ( 'NONE', #3125, 1000.000000000000000 ) ;
#2435 = DIRECTION ( 'NONE',  ( 0.0000000000000000000, 1.000000000000000000, 0.0000000000000000000 ) ) ;
#2436 = STYLED_ITEM ( 'NONE', ( #359 ), #1809 ) ;
#2437 = FACE_OUTER_BOUND ( 'NONE', #3255, .T. ) ;
#2438 = EDGE_CURVE ( 'NONE', #4084, #4090, #1811, .T. ) ;
#2439 = EDGE_LOOP ( 'NONE', ( #2665, #4341, #937, #3365 ) ) ;
#2440 = CARTESIAN_POINT ( 'NONE',  ( 2.156207793495132900, 0.2724152774378160200, -0.1124999999999999800 ) ) ;
#2441 = FACE_OUTER_BOUND ( 'NONE', #1080, .T. ) ;
#2442 = ORIENTED_EDGE ( 'NONE', *, *, #1422, .F. ) ;
#2443 = ORIENTED_EDGE ( 'NONE', *, *, #2341, .F. ) ;
#2444 = UNCERTAINTY_MEASURE_WITH_UNIT (LENGTH_MEASURE( 1.000000000000000100E-005 ), #755, 'distance_accuracy_value', 'NONE');
#2445 = CIRCLE ( 'NONE', #511, 0.06718646564362382200 ) ;
#2446 = CARTESIAN_POINT ( 'NONE',  ( -1.476670933428449100, 0.8000000000000000400, 1.112500000000000000 ) ) ;
#2447 = AXIS2_PLACEMENT_3D ( 'NONE', #1791, #2548, #4450 ) ;
#2448 = CARTESIAN_POINT ( 'NONE',  ( -1.476670933428449100, 0.8000000000000000400, -1.112500000000000000 ) ) ;
#2449 = EDGE_CURVE ( 'NONE', #819, #1505, #656, .T. ) ;
#2450 = VERTEX_POINT ( 'NONE', #798 ) ;
#2451 = DIRECTION ( 'NONE',  ( 0.1218693434051425900, 0.9925461516413225400, 0.0000000000000000000 ) ) ;
#2452 = ORIENTED_EDGE ( 'NONE', *, *, #3569, .T. ) ;
#2453 = ORIENTED_EDGE ( 'NONE', *, *, #1351, .F. ) ;
#2454 = DIRECTION ( 'NONE',  ( -0.0000000000000000000, -0.0000000000000000000, -1.000000000000000000 ) ) ;
#2455 = ADVANCED_FACE ( 'NONE', ( #4559 ), #147, .F. ) ;
#2456 = LINE ( 'NONE', #624, #1485 ) ;
#2457 = DIRECTION ( 'NONE',  ( -0.0000000000000000000, -0.0000000000000000000, -1.000000000000000000 ) ) ;
#2458 = ORIENTED_EDGE ( 'NONE', *, *, #2048, .T. ) ;
#2459 = CARTESIAN_POINT ( 'NONE',  ( 1.500000000000000000, 0.6100000000000003200, -0.8875000000000000700 ) ) ;
#2460 = CARTESIAN_POINT ( 'NONE',  ( 1.900000000000000100, 0.2500000000000000000, 0.8875000000000000700 ) ) ;
#2461 = CARTESIAN_POINT ( 'NONE',  ( -1.500000000000000000, 0.6100000000000003200, -0.8875000000000000700 ) ) ;
#2462 = FACE_OUTER_BOUND ( 'NONE', #2572, .T. ) ;
#2463 = LINE ( 'NONE', #4035, #2815 ) ;
#2464 = VERTEX_POINT ( 'NONE', #3898 ) ;
#2465 = ORIENTED_EDGE ( 'NONE', *, *, #1614, .F. ) ;
#2466 = EDGE_CURVE ( 'NONE', #3261, #30, #1577, .T. ) ;
#2467 = EDGE_CURVE ( 'NONE', #1594, #660, #3494, .T. ) ;
#2468 = DIRECTION ( 'NONE',  ( 1.000000000000000000, 0.0000000000000000000, 0.0000000000000000000 ) ) ;
#2469 = ORIENTED_EDGE ( 'NONE', *, *, #4673, .F. ) ;
#2470 = CARTESIAN_POINT ( 'NONE',  ( 1.806939028189363600, 0.5428135343563765800, 1.112500000000000000 ) ) ;
#2471 = CARTESIAN_POINT ( 'NONE',  ( 1.500000000000000000, 0.6100000000000003200, -0.8875000000000000700 ) ) ;
#2472 = AXIS2_PLACEMENT_3D ( 'NONE', #1432, #1781, #269 ) ;
#2473 = VECTOR ( 'NONE', #1700, 1000.000000000000000 ) ;
#2474 = EDGE_CURVE ( 'NONE', #1594, #2220, #2617, .T. ) ;
#2475 = DIRECTION ( 'NONE',  ( -0.0000000000000000000, -0.0000000000000000000, -1.000000000000000000 ) ) ;
#2476 = DIRECTION ( 'NONE',  ( 0.9961946980917453200, 0.08715574274766131600, -0.0000000000000000000 ) ) ;
#2477 = VECTOR ( 'NONE', #1799, 1000.000000000000100 ) ;
#2478 = DIRECTION ( 'NONE',  ( -0.0000000000000000000, -0.0000000000000000000, -1.000000000000000000 ) ) ;
#2479 = ORIENTED_EDGE ( 'NONE', *, *, #2625, .T. ) ;
#2480 = AXIS2_PLACEMENT_3D ( 'NONE', #3198, #611, #3977 ) ;
#2481 = CARTESIAN_POINT ( 'NONE',  ( -2.440056168313842200, 0.0000000000000000000, 1.112500000000000000 ) ) ;
#2482 = ORIENTED_EDGE ( 'NONE', *, *, #3533, .T. ) ;
#2483 = ADVANCED_FACE ( 'NONE', ( #935 ), #4641, .F. ) ;
#2484 = VECTOR ( 'NONE', #4445, 1000.000000000000100 ) ;
#2485 = CARTESIAN_POINT ( 'NONE',  ( -1.806939028189363600, 0.6100000000000003200, -1.112500000000000000 ) ) ;
#2486 = CARTESIAN_POINT ( 'NONE',  ( 1.806939028189363600, 0.5428135343563765800, 0.6124999999999999300 ) ) ;
#2487 = CARTESIAN_POINT ( 'NONE',  ( 1.439835565157576700, 1.099999999999999600, 1.439835565157575800 ) ) ;
#2488 = ORIENTED_EDGE ( 'NONE', *, *, #1914, .F. ) ;
#2489 = CYLINDRICAL_SURFACE ( 'NONE', #4058, 0.2571864656436234600 ) ;
#2490 = CARTESIAN_POINT ( 'NONE',  ( -2.142747693882932400, 0.01558127690695090000, 1.112500000000000000 ) ) ;
#2491 = ORIENTED_EDGE ( 'NONE', *, *, #3651, .T. ) ;
#2492 = CARTESIAN_POINT ( 'NONE',  ( -1.806939028189363600, 0.5428135343563766900, -0.8875000000000000700 ) ) ;
#2493 = ORIENTED_EDGE ( 'NONE', *, *, #1698, .F. ) ;
#2494 = DIRECTION ( 'NONE',  ( -1.000000000000000000, 0.0000000000000000000, 0.0000000000000000000 ) ) ;
#2495 = LINE ( 'NONE', #4777, #4505 ) ;
#2496 = STYLED_ITEM ( 'NONE', ( #3417 ), #3694 ) ;
#2497 = ORIENTED_EDGE ( 'NONE', *, *, #279, .F. ) ;
#2498 = VECTOR ( 'NONE', #4225, 1000.000000000000000 ) ;
#2499 = CARTESIAN_POINT ( 'NONE',  ( -1.500000000000000700, 0.6100000000000003200, -1.499999999999999800 ) ) ;
#2500 = EDGE_CURVE ( 'NONE', #4683, #739, #1169, .T. ) ;
#2501 = CARTESIAN_POINT ( 'NONE',  ( 1.873869829047064800, 0.5486692206721369700, 0.3875000000000000700 ) ) ;
#2502 = ORIENTED_EDGE ( 'NONE', *, *, #4818, .F. ) ;
#2503 = FACE_OUTER_BOUND ( 'NONE', #112, .T. ) ;
#2504 = CARTESIAN_POINT ( 'NONE',  ( -1.139835565157574400, 1.099999999999999600, -1.139835565157576700 ) ) ;
#2505 = CARTESIAN_POINT ( 'NONE',  ( 2.089276992637431300, 0.2665595911220557400, 1.112500000000000000 ) ) ;
#2506 = LINE ( 'NONE', #1052, #4452 ) ;
#2507 = ADVANCED_FACE ( 'NONE', ( #3377 ), #523, .F. ) ;
#2508 = ORIENTED_EDGE ( 'NONE', *, *, #4632, .T. ) ;
#2509 = ORIENTED_EDGE ( 'NONE', *, *, #4324, .T. ) ;
#2510 = ORIENTED_EDGE ( 'NONE', *, *, #1144, .F. ) ;
#2511 = AXIS2_PLACEMENT_3D ( 'NONE', #2257, #2619, #1196 ) ;
#2512 = CARTESIAN_POINT ( 'NONE',  ( -2.089276992637431300, 0.2665595911220556800, -0.3875000000000000700 ) ) ;
#2513 = CARTESIAN_POINT ( 'NONE',  ( 1.806939028189363600, 0.5428135343563765800, -0.8875000000000000700 ) ) ;
#2514 = EDGE_LOOP ( 'NONE', ( #91, #2121, #420, #2960 ) ) ;
#2515 = ORIENTED_EDGE ( 'NONE', *, *, #1731, .F. ) ;
#2516 = CARTESIAN_POINT ( 'NONE',  ( -1.500000000000000000, 0.6100000000000003200, 0.3875000000000000700 ) ) ;
#2517 = VERTEX_POINT ( 'NONE', #538 ) ;
#2518 = AXIS2_PLACEMENT_3D ( 'NONE', #1462, #4780, #4499 ) ;
#2519 = DIRECTION ( 'NONE',  ( -0.0000000000000000000, -0.0000000000000000000, -1.000000000000000000 ) ) ;
#2520 = CARTESIAN_POINT ( 'NONE',  ( -1.806939028189363600, 0.5428135343563766900, -0.1124999999999999800 ) ) ;
#2521 = CARTESIAN_POINT ( 'NONE',  ( -2.440056168313842200, 0.0000000000000000000, 0.3875000000000000700 ) ) ;
#2522 = CARTESIAN_POINT ( 'NONE',  ( -2.450000000000000200, 0.1897396116033688600, -0.6124999999999999300 ) ) ;
#2523 = CYLINDRICAL_SURFACE ( 'NONE', #4379, 0.1499999999999999700 ) ;
#2524 = ORIENTED_EDGE ( 'NONE', *, *, #4232, .T. ) ;
#2525 = DIRECTION ( 'NONE',  ( -0.05233595624293736800, 0.9986295347545742800, 0.0000000000000000000 ) ) ;
#2526 = LINE ( 'NONE', #3920, #1782 ) ;
#2527 = VECTOR ( 'NONE', #2413, 1000.000000000000000 ) ;
#2528 = AXIS2_PLACEMENT_3D ( 'NONE', #4461, #1918, #1519 ) ;
#2529 = CIRCLE ( 'NONE', #3476, 0.06718646564362360000 ) ;
#2530 = CARTESIAN_POINT ( 'NONE',  ( -2.156207793495132900, 0.2724152774378160200, -1.112500000000000000 ) ) ;
#2531 = DIRECTION ( 'NONE',  ( -0.0000000000000000000, -0.0000000000000000000, -1.000000000000000000 ) ) ;
#2532 = ORIENTED_EDGE ( 'NONE', *, *, #2677, .T. ) ;
#2533 = CARTESIAN_POINT ( 'NONE',  ( 2.440056168313842200, 0.0000000000000000000, -0.6124999999999999300 ) ) ;
#2534 = CARTESIAN_POINT ( 'NONE',  ( 2.156207793495132900, 0.2724152774378160200, 1.112500000000000000 ) ) ;
#2535 = LINE ( 'NONE', #392, #384 ) ;
#2536 = EDGE_CURVE ( 'NONE', #723, #1693, #582, .T. ) ;
#2537 = PLANE ( 'NONE',  #1352 ) ;
#2538 = CARTESIAN_POINT ( 'NONE',  ( -1.139835565157574400, 1.099999999999999600, -1.289835565157576600 ) ) ;
#2539 = CARTESIAN_POINT ( 'NONE',  ( -2.152691525569090400, 0.2053208885103196300, -0.8875000000000000700 ) ) ;
#2540 = CIRCLE ( 'NONE', #1764, 0.2571864656436234600 ) ;
#2541 = EDGE_CURVE ( 'NONE', #2994, #4386, #769, .T. ) ;
#2542 = PRESENTATION_LAYER_ASSIGNMENT (  '', '', ( #2297 ) ) ;
#2543 = EDGE_LOOP ( 'NONE', ( #4245, #2773, #438, #1736 ) ) ;
#2544 = EDGE_CURVE ( 'NONE', #361, #3273, #4621, .T. ) ;
#2545 = FACE_OUTER_BOUND ( 'NONE', #4750, .T. ) ;
#2546 = VERTEX_POINT ( 'NONE', #159 ) ;
#2547 = DIRECTION ( 'NONE',  ( 1.000000000000000000, 0.0000000000000000000, 0.0000000000000000000 ) ) ;
#2548 = DIRECTION ( 'NONE',  ( -0.0000000000000000000, -0.0000000000000000000, -1.000000000000000000 ) ) ;
#2549 = DIRECTION ( 'NONE',  ( -1.000000000000000000, 0.0000000000000000000, 0.0000000000000000000 ) ) ;
#2550 = VECTOR ( 'NONE', #1232, 1000.000000000000000 ) ;
#2551 = CARTESIAN_POINT ( 'NONE',  ( -2.089276992637431300, 0.2665595911220556800, -0.3875000000000000700 ) ) ;
#2552 = AXIS2_PLACEMENT_3D ( 'NONE', #2002, #1638, #78 ) ;
#2553 = EDGE_CURVE ( 'NONE', #3033, #3583, #3430, .T. ) ;
#2554 = ORIENTED_EDGE ( 'NONE', *, *, #3282, .T. ) ;
#2555 = CARTESIAN_POINT ( 'NONE',  ( -1.500000000000000000, 0.6100000000000003200, 0.6124999999999999300 ) ) ;
#2556 = CARTESIAN_POINT ( 'NONE',  ( 2.152691525569090400, 0.2053208885103196300, -0.6124999999999999300 ) ) ;
#2557 = DIRECTION ( 'NONE',  ( -0.0000000000000000000, -0.0000000000000000000, -1.000000000000000000 ) ) ;
#2558 = LINE ( 'NONE', #4800, #3186 ) ;
#2559 = VERTEX_POINT ( 'NONE', #127 ) ;
#2560 = DIRECTION ( 'NONE',  ( -1.000000000000000000, 0.0000000000000000000, 0.0000000000000000000 ) ) ;
#2561 = LINE ( 'NONE', #721, #3739 ) ;
#2562 = ADVANCED_FACE ( 'NONE', ( #1457 ), #4535, .F. ) ;
#2563 = EDGE_LOOP ( 'NONE', ( #2636, #413, #675, #24 ) ) ;
#2564 = FACE_OUTER_BOUND ( 'NONE', #4369, .T. ) ;
#2565 = CARTESIAN_POINT ( 'NONE',  ( -2.089276992637431300, 0.2665595911220556800, -0.1124999999999999800 ) ) ;
#2566 = EDGE_CURVE ( 'NONE', #130, #4216, #876, .T. ) ;
#2567 = EDGE_CURVE ( 'NONE', #361, #106, #4384, .T. ) ;
#2568 = ORIENTED_EDGE ( 'NONE', *, *, #2898, .F. ) ;
#2569 = LINE ( 'NONE', #3531, #2738 ) ;
#2570 = ORIENTED_EDGE ( 'NONE', *, *, #4167, .T. ) ;
#2571 = SURFACE_STYLE_USAGE ( .BOTH. , #1885 ) ;
#2572 = EDGE_LOOP ( 'NONE', ( #3419, #4078, #1067, #4278 ) ) ;
#2573 = PLANE ( 'NONE',  #81 ) ;
#2574 = PRESENTATION_LAYER_ASSIGNMENT (  '', '', ( #3350 ) ) ;
#2575 = ORIENTED_EDGE ( 'NONE', *, *, #3640, .F. ) ;
#2576 = ORIENTED_EDGE ( 'NONE', *, *, #3444, .F. ) ;
#2577 = ORIENTED_EDGE ( 'NONE', *, *, #479, .F. ) ;
#2578 = EDGE_LOOP ( 'NONE', ( #306, #1729, #965, #1517 ) ) ;
#2579 = AXIS2_PLACEMENT_3D ( 'NONE', #4109, #409, #3352 ) ;
#2580 = CARTESIAN_POINT ( 'NONE',  ( 2.440056168313842200, 0.0000000000000000000, -1.112500000000000000 ) ) ;
#2581 = FACE_OUTER_BOUND ( 'NONE', #3242, .T. ) ;
#2582 = VECTOR ( 'NONE', #2880, 1000.000000000000000 ) ;
#2583 = PLANE ( 'NONE',  #1681 ) ;
#2584 = EDGE_LOOP ( 'NONE', ( #244, #1863, #1333, #1705 ) ) ;
#2585 = DIRECTION ( 'NONE',  ( -1.000000000000000000, 0.0000000000000000000, 0.0000000000000000000 ) ) ;
#2586 = ADVANCED_FACE ( 'NONE', ( #290 ), #3518, .F. ) ;
#2587 = CARTESIAN_POINT ( 'NONE',  ( -1.500000000000000700, 0.6100000000000003200, -1.499999999999999800 ) ) ;
#2588 = CARTESIAN_POINT ( 'NONE',  ( 2.450000000000000200, 0.1897396116033688300, -0.8875000000000000700 ) ) ;
#2589 = CARTESIAN_POINT ( 'NONE',  ( 2.450000000000000200, 0.1897396116033688300, -0.3875000000000000700 ) ) ;
#2590 = CYLINDRICAL_SURFACE ( 'NONE', #1054, 0.06718646564362382200 ) ;
#2591 = ORIENTED_EDGE ( 'NONE', *, *, #2916, .F. ) ;
#2592 = CARTESIAN_POINT ( 'NONE',  ( -2.063146821684496100, 0.5652288117941926000, 0.6124999999999999300 ) ) ;
#2593 = LINE ( 'NONE', #3129, #2354 ) ;
#2594 = EDGE_CURVE ( 'NONE', #2799, #117, #2429, .T. ) ;
#2595 = ORIENTED_EDGE ( 'NONE', *, *, #2085, .F. ) ;
#2596 = CIRCLE ( 'NONE', #4591, 0.06718646564362382200 ) ;
#2597 = EDGE_CURVE ( 'NONE', #3835, #2214, #525, .T. ) ;
#2598 = DIRECTION ( 'NONE',  ( -0.0000000000000000000, -0.0000000000000000000, -1.000000000000000000 ) ) ;
#2599 = EDGE_CURVE ( 'NONE', #4383, #4214, #3036, .T. ) ;
#2600 = LINE ( 'NONE', #2932, #4604 ) ;
#2601 = DIRECTION ( 'NONE',  ( 2.168404344971009100E-016, 0.0000000000000000000, 1.000000000000000000 ) ) ;
#2602 = VERTEX_POINT ( 'NONE', #4705 ) ;
#2603 = ORIENTED_EDGE ( 'NONE', *, *, #889, .T. ) ;
#2604 = FILL_AREA_STYLE_COLOUR ( '', #565 ) ;
#2605 = LINE ( 'NONE', #4525, #448 ) ;
#2606 = ORIENTED_EDGE ( 'NONE', *, *, #3857, .F. ) ;
#2607 = ADVANCED_FACE ( 'NONE', ( #460 ), #3147, .F. ) ;
#2608 = CYLINDRICAL_SURFACE ( 'NONE', #1559, 0.06718646564362382200 ) ;
#2609 = ORIENTED_EDGE ( 'NONE', *, *, #3789, .T. ) ;
#2610 = DIRECTION ( 'NONE',  ( 0.0000000000000000000, 1.000000000000000000, -0.0000000000000000000 ) ) ;
#2611 = ORIENTED_EDGE ( 'NONE', *, *, #48, .F. ) ;
#2612 = CARTESIAN_POINT ( 'NONE',  ( -1.806939028189363600, 0.5428135343563766900, -0.6124999999999999300 ) ) ;
#2613 = VECTOR ( 'NONE', #671, 1000.000000000000000 ) ;
#2614 = ORIENTED_EDGE ( 'NONE', *, *, #3601, .T. ) ;
#2615 = DIRECTION ( 'NONE',  ( 0.0000000000000000000, 0.0000000000000000000, 1.000000000000000000 ) ) ;
#2616 = ORIENTED_EDGE ( 'NONE', *, *, #100, .F. ) ;
#2617 = LINE ( 'NONE', #2015, #1635 ) ;
#2618 = CARTESIAN_POINT ( 'NONE',  ( -1.500000000000000000, 0.6100000000000003200, 1.112500000000000000 ) ) ;
#2619 = DIRECTION ( 'NONE',  ( -0.0000000000000000000, -0.0000000000000000000, -1.000000000000000000 ) ) ;
#2620 = ORIENTED_EDGE ( 'NONE', *, *, #3065, .F. ) ;
#2621 = VECTOR ( 'NONE', #4368, 1000.000000000000000 ) ;
#2622 = SURFACE_STYLE_USAGE ( .BOTH. , #370 ) ;
#2623 = FACE_OUTER_BOUND ( 'NONE', #2543, .T. ) ;
#2624 = VERTEX_POINT ( 'NONE', #1308 ) ;
#2625 = EDGE_CURVE ( 'NONE', #3006, #3261, #2854, .T. ) ;
#2626 = ORIENTED_EDGE ( 'NONE', *, *, #860, .F. ) ;
#2627 = EDGE_CURVE ( 'NONE', #106, #1071, #4144, .T. ) ;
#2628 = DIRECTION ( 'NONE',  ( 1.000000000000000000, 0.0000000000000000000, 0.0000000000000000000 ) ) ;
#2629 = ORIENTED_EDGE ( 'NONE', *, *, #3535, .F. ) ;
#2630 = PLANE ( 'NONE',  #1867 ) ;
#2631 = ORIENTED_EDGE ( 'NONE', *, *, #461, .F. ) ;
#2632 = ORIENTED_EDGE ( 'NONE', *, *, #72, .T. ) ;
#2633 = AXIS2_PLACEMENT_3D ( 'NONE', #874, #2022, #2373 ) ;
#2634 = CARTESIAN_POINT ( 'NONE',  ( 2.440056168313842200, 0.0000000000000000000, -1.112500000000000000 ) ) ;
#2635 = EDGE_CURVE ( 'NONE', #1469, #272, #4507, .T. ) ;
#2636 = ORIENTED_EDGE ( 'NONE', *, *, #2949, .T. ) ;
#2637 = FACE_OUTER_BOUND ( 'NONE', #1878, .T. ) ;
#2638 = AXIS2_PLACEMENT_3D ( 'NONE', #4282, #178, #4631 ) ;
#2639 = FACE_OUTER_BOUND ( 'NONE', #4720, .T. ) ;
#2640 = CIRCLE ( 'NONE', #1939, 0.2571864656436234600 ) ;
#2641 = ORIENTED_EDGE ( 'NONE', *, *, #615, .F. ) ;
#2642 = PLANE ( 'NONE',  #2990 ) ;
#2643 = VECTOR ( 'NONE', #3768, 1000.000000000000000 ) ;
#2644 = DIRECTION ( 'NONE',  ( -1.000000000000000000, -0.0000000000000000000, -0.0000000000000000000 ) ) ;
#2645 = CARTESIAN_POINT ( 'NONE',  ( -2.142747693882932400, 0.01558127690695090000, 0.6124999999999999300 ) ) ;
#2646 = LINE ( 'NONE', #1195, #1857 ) ;
#2647 = EDGE_CURVE ( 'NONE', #1455, #1741, #2047, .T. ) ;
#2648 = DIRECTION ( 'NONE',  ( -0.0000000000000000000, -0.0000000000000000000, -1.000000000000000000 ) ) ;
#2649 = ORIENTED_EDGE ( 'NONE', *, *, #2407, .T. ) ;
#2650 = VECTOR ( 'NONE', #730, 1000.000000000000000 ) ;
#2651 = ORIENTED_EDGE ( 'NONE', *, *, #811, .F. ) ;
#2652 = CARTESIAN_POINT ( 'NONE',  ( -2.156207793495132900, 0.2724152774378160200, -0.8875000000000000700 ) ) ;
#2653 = AXIS2_PLACEMENT_3D ( 'NONE', #296, #4763, #4364 ) ;
#2654 = CARTESIAN_POINT ( 'NONE',  ( -1.806939028189363600, 0.5428135343563766900, 1.112500000000000000 ) ) ;
#2655 = DIRECTION ( 'NONE',  ( -0.0000000000000000000, -0.0000000000000000000, -1.000000000000000000 ) ) ;
#2656 = PLANE ( 'NONE',  #3772 ) ;
#2657 = UNCERTAINTY_MEASURE_WITH_UNIT (LENGTH_MEASURE( 1.000000000000000100E-005 ), #912, 'distance_accuracy_value', 'NONE');
#2658 = CARTESIAN_POINT ( 'NONE',  ( 2.156207793495132900, 0.2724152774378160200, 0.3875000000000000700 ) ) ;
#2659 = LINE ( 'NONE', #2259, #4549 ) ;
#2660 = ORIENTED_EDGE ( 'NONE', *, *, #858, .T. ) ;
#2661 = CARTESIAN_POINT ( 'NONE',  ( 1.806939028189363600, 0.8000000000000000400, -0.8875000000000000700 ) ) ;
#2662 = LINE ( 'NONE', #2924, #4667 ) ;
#2663 = ORIENTED_EDGE ( 'NONE', *, *, #3573, .T. ) ;
#2664 = AXIS2_PLACEMENT_3D ( 'NONE', #2486, #3568, #3181 ) ;
#2665 = ORIENTED_EDGE ( 'NONE', *, *, #1907, .T. ) ;
#2666 = VECTOR ( 'NONE', #1542, 1000.000000000000000 ) ;
#2667 = PLANE ( 'NONE',  #4211 ) ;
#2668 = AXIS2_PLACEMENT_3D ( 'NONE', #4623, #1662, #3544 ) ;
#2669 = CARTESIAN_POINT ( 'NONE',  ( -1.476670933428449100, 0.8000000000000000400, -0.3875000000000000700 ) ) ;
#2670 = ORIENTED_EDGE ( 'NONE', *, *, #2079, .F. ) ;
#2671 = LINE ( 'NONE', #8, #2324 ) ;
#2672 = DIRECTION ( 'NONE',  ( -0.0000000000000000000, -0.0000000000000000000, -1.000000000000000000 ) ) ;
#2673 = DIRECTION ( 'NONE',  ( -1.000000000000000000, 0.0000000000000000000, 0.0000000000000000000 ) ) ;
#2674 = DIRECTION ( 'NONE',  ( 0.9986295347545742800, 0.05233595624293682600, -0.0000000000000000000 ) ) ;
#2675 = VECTOR ( 'NONE', #4422, 1000.000000000000100 ) ;
#2676 = DIRECTION ( 'NONE',  ( 0.08715574274766130200, -0.9961946980917452100, -0.0000000000000000000 ) ) ;
#2677 = EDGE_CURVE ( 'NONE', #1428, #4433, #4022, .T. ) ;
#2678 = ORIENTED_EDGE ( 'NONE', *, *, #3210, .F. ) ;
#2679 = ORIENTED_EDGE ( 'NONE', *, *, #1144, .T. ) ;
#2680 = LINE ( 'NONE', #1280, #4210 ) ;
#2681 = EDGE_CURVE ( 'NONE', #4521, #4280, #4258, .T. ) ;
#2682 = VERTEX_POINT ( 'NONE', #1063 ) ;
#2683 = DIRECTION ( 'NONE',  ( 0.08715574274766130200, -0.9961946980917452100, -0.0000000000000000000 ) ) ;
#2684 = CARTESIAN_POINT ( 'NONE',  ( 1.900000000000000100, 0.2500000000000000000, 0.1124999999999999800 ) ) ;
#2685 = EDGE_CURVE ( 'NONE', #3996, #4433, #4317, .T. ) ;
#2686 = FACE_OUTER_BOUND ( 'NONE', #3106, .T. ) ;
#2687 = CLOSED_SHELL ( 'NONE', ( #1545, #1641, #3563, #932, #1814, #4072, #1070, #3492, #2136, #789, #1153, #4512, #4761, #559 ) ) ;
#2688 = DIRECTION ( 'NONE',  ( 0.9925461516413226500, 0.1218693434051426000, -0.0000000000000000000 ) ) ;
#2689 = DIRECTION ( 'NONE',  ( -0.0000000000000000000, -0.0000000000000000000, -1.000000000000000000 ) ) ;
#2690 = DIRECTION ( 'NONE',  ( -0.0000000000000000000, -0.0000000000000000000, -1.000000000000000000 ) ) ;
#2691 = VECTOR ( 'NONE', #4551, 1000.000000000000200 ) ;
#2692 = LINE ( 'NONE', #863, #3223 ) ;
#2693 = VERTEX_POINT ( 'NONE', #4442 ) ;
#2694 = PRESENTATION_LAYER_ASSIGNMENT (  '', '', ( #4785 ) ) ;
#2695 = CARTESIAN_POINT ( 'NONE',  ( -1.500000000000000000, 0.6100000000000003200, 1.112500000000000000 ) ) ;
#2696 = EDGE_CURVE ( 'NONE', #3965, #4316, #404, .T. ) ;
#2697 = FACE_OUTER_BOUND ( 'NONE', #3330, .T. ) ;
#2698 = DIRECTION ( 'NONE',  ( 0.0000000000000000000, -1.000000000000000000, 0.0000000000000000000 ) ) ;
#2699 = ADVANCED_FACE ( 'NONE', ( #3733 ), #2725, .T. ) ;
#2700 = EDGE_LOOP ( 'NONE', ( #4196, #1718, #1924, #4098, #1104, #782, #1476, #3595, #2805, #4113, #3693, #2282 ) ) ;
#2701 = ORIENTED_EDGE ( 'NONE', *, *, #3565, .F. ) ;
#2702 = CIRCLE ( 'NONE', #580, 0.1499999999999999700 ) ;
#2703 = VECTOR ( 'NONE', #4495, 1000.000000000000000 ) ;
#2704 = EDGE_CURVE ( 'NONE', #1693, #2012, #1049, .T. ) ;
#2705 = DIRECTION ( 'NONE',  ( 0.9925461516413226500, 0.1218693434051426000, -0.0000000000000000000 ) ) ;
#2706 = VERTEX_POINT ( 'NONE', #3235 ) ;
#2707 =( NAMED_UNIT ( * ) SI_UNIT ( $, .STERADIAN. ) SOLID_ANGLE_UNIT ( ) );
#2708 = DIRECTION ( 'NONE',  ( -0.0000000000000000000, -0.0000000000000000000, -1.000000000000000000 ) ) ;
#2709 = DIRECTION ( 'NONE',  ( 1.000000000000000000, 0.0000000000000000000, 0.0000000000000000000 ) ) ;
#2710 = FACE_OUTER_BOUND ( 'NONE', #3564, .T. ) ;
#2711 = ORIENTED_EDGE ( 'NONE', *, *, #1015, .T. ) ;
#2712 = EDGE_LOOP ( 'NONE', ( #3251, #2107, #3803, #2269 ) ) ;
#2713 = EDGE_CURVE ( 'NONE', #1712, #2991, #1342, .T. ) ;
#2714 = VECTOR ( 'NONE', #2270, 1000.000000000000200 ) ;
#2715 = EDGE_CURVE ( 'NONE', #3060, #795, #2371, .T. ) ;
#2716 = DIRECTION ( 'NONE',  ( -0.0000000000000000000, -0.0000000000000000000, -1.000000000000000000 ) ) ;
#2717 = ORIENTED_EDGE ( 'NONE', *, *, #4067, .T. ) ;
#2718 = DIRECTION ( 'NONE',  ( 0.08715574274766130200, -0.9961946980917452100, -0.0000000000000000000 ) ) ;
#2719 = SURFACE_STYLE_FILL_AREA ( #3560 ) ;
#2720 = SURFACE_SIDE_STYLE ('',( #1938 ) ) ;
#2721 = VERTEX_POINT ( 'NONE', #2556 ) ;
#2722 = AXIS2_PLACEMENT_3D ( 'NONE', #4595, #2009, #144 ) ;
#2723 = DIRECTION ( 'NONE',  ( -0.9986295347545742800, -0.05233595624293728400, -0.0000000000000000000 ) ) ;
#2724 = DIRECTION ( 'NONE',  ( 0.05233595624293681900, -0.9986295347545742800, 0.0000000000000000000 ) ) ;
#2725 = CYLINDRICAL_SURFACE ( 'NONE', #3993, 0.2571864656436232400 ) ;
#2726 = CARTESIAN_POINT ( 'NONE',  ( 1.806939028189363600, 0.8000000000000000400, 0.1124999999999999800 ) ) ;
#2727 = CARTESIAN_POINT ( 'NONE',  ( -1.900000000000000100, 0.2500000000000000000, 1.112500000000000000 ) ) ;
#2728 = ORIENTED_EDGE ( 'NONE', *, *, #2713, .F. ) ;
#2729 = FACE_OUTER_BOUND ( 'NONE', #2135, .T. ) ;
#2730 = CARTESIAN_POINT ( 'NONE',  ( -1.873869829047064800, 0.5486692206721369700, 0.6124999999999999300 ) ) ;
#2731 = EDGE_LOOP ( 'NONE', ( #4040, #4554, #3711, #2632 ) ) ;
#2732 = AXIS2_PLACEMENT_3D ( 'NONE', #4722, #933, #4325 ) ;
#2733 = FACE_OUTER_BOUND ( 'NONE', #1755, .T. ) ;
#2734 = VERTEX_POINT ( 'NONE', #2538 ) ;
#2735 = CARTESIAN_POINT ( 'NONE',  ( -1.139835565157574400, 0.9999999999999995600, -1.139835565157576700 ) ) ;
#2736 = ORIENTED_EDGE ( 'NONE', *, *, #4804, .T. ) ;
#2737 = DIRECTION ( 'NONE',  ( -0.0000000000000000000, -0.0000000000000000000, -1.000000000000000000 ) ) ;
#2738 = VECTOR ( 'NONE', #4293, 1000.000000000000000 ) ;
#2739 = FILL_AREA_STYLE_COLOUR ( '', #2052 ) ;
#2740 = CIRCLE ( 'NONE', #3864, 0.1499999999999999700 ) ;
#2741 = DIRECTION ( 'NONE',  ( 0.08715574274765987300, 0.9961946980917454300, 0.0000000000000000000 ) ) ;
#2742 = ORIENTED_EDGE ( 'NONE', *, *, #1637, .T. ) ;
#2743 = ORIENTED_EDGE ( 'NONE', *, *, #3856, .F. ) ;
#2744 = DIRECTION ( 'NONE',  ( -1.000000000000000000, -0.0000000000000000000, -0.0000000000000000000 ) ) ;
#2745 = ORIENTED_EDGE ( 'NONE', *, *, #3569, .F. ) ;
#2746 = CARTESIAN_POINT ( 'NONE',  ( -1.806939028189363600, 0.5428135343563766900, -0.1124999999999999800 ) ) ;
#2747 = AXIS2_PLACEMENT_3D ( 'NONE', #312, #259, #4425 ) ;
#2748 = EDGE_LOOP ( 'NONE', ( #1825, #4668, #4446, #4152 ) ) ;
#2749 = ORIENTED_EDGE ( 'NONE', *, *, #1984, .F. ) ;
#2750 = ORIENTED_EDGE ( 'NONE', *, *, #4717, .F. ) ;
#2751 = VECTOR ( 'NONE', #922, 1000.000000000000000 ) ;
#2752 = LINE ( 'NONE', #1092, #2394 ) ;
#2753 = DIRECTION ( 'NONE',  ( -0.0000000000000000000, -0.0000000000000000000, -1.000000000000000000 ) ) ;
#2754 = EDGE_LOOP ( 'NONE', ( #4579, #4261 ) ) ;
#2755 = DIRECTION ( 'NONE',  ( 0.0000000000000000000, 1.000000000000000000, -0.0000000000000000000 ) ) ;
#2756 = CARTESIAN_POINT ( 'NONE',  ( 2.063146821684495700, 0.5652288117941927100, -0.3875000000000000700 ) ) ;
#2757 = EDGE_LOOP ( 'NONE', ( #3148, #121, #4013, #71 ) ) ;
#2758 = ORIENTED_EDGE ( 'NONE', *, *, #1231, .F. ) ;
#2759 = CARTESIAN_POINT ( 'NONE',  ( 1.806939028189363600, 0.6100000000000003200, 0.6124999999999999300 ) ) ;
#2760 = CARTESIAN_POINT ( 'NONE',  ( -1.806939028189363600, 0.8000000000000000400, -0.8875000000000000700 ) ) ;
#2761 = VECTOR ( 'NONE', #3368, 1000.000000000000000 ) ;
#2762 = CARTESIAN_POINT ( 'NONE',  ( -1.806939028189363600, 0.8000000000000000400, 0.6124999999999999300 ) ) ;
#2763 = AXIS2_PLACEMENT_3D ( 'NONE', #707, #4409, #4437 ) ;
#2764 = LINE ( 'NONE', #4275, #2138 ) ;
#2765 = DIRECTION ( 'NONE',  ( -1.000000000000000000, 0.0000000000000000000, 0.0000000000000000000 ) ) ;
#2766 = DIRECTION ( 'NONE',  ( -0.0000000000000000000, -0.0000000000000000000, -1.000000000000000000 ) ) ;
#2767 = STYLED_ITEM ( 'NONE', ( #1305 ), #1603 ) ;
#2768 = FACE_OUTER_BOUND ( 'NONE', #2995, .T. ) ;
#2769 = DIRECTION ( 'NONE',  ( 0.0000000000000000000, 1.000000000000000000, 0.0000000000000000000 ) ) ;
#2770 = PLANE ( 'NONE',  #3804 ) ;
#2771 = ORIENTED_EDGE ( 'NONE', *, *, #4394, .F. ) ;
#2772 = LINE ( 'NONE', #3797, #4371 ) ;
#2773 = ORIENTED_EDGE ( 'NONE', *, *, #2846, .F. ) ;
#2774 = ADVANCED_FACE ( 'NONE', ( #1108 ), #346, .T. ) ;
#2775 = VECTOR ( 'NONE', #3484, 1000.000000000000100 ) ;
#2776 = DIRECTION ( 'NONE',  ( -0.9986295347545742800, 0.05233595624293736800, 0.0000000000000000000 ) ) ;
#2777 = DIRECTION ( 'NONE',  ( -0.0000000000000000000, -0.0000000000000000000, -1.000000000000000000 ) ) ;
#2778 = EDGE_CURVE ( 'NONE', #1646, #1014, #1514, .T. ) ;
#2779 = VECTOR ( 'NONE', #517, 1000.000000000000100 ) ;
#2780 = CARTESIAN_POINT ( 'NONE',  ( 1.806939028189363600, 0.6100000000000003200, 0.1124999999999999800 ) ) ;
#2781 = CARTESIAN_POINT ( 'NONE',  ( 2.152691525569090400, 0.2053208885103196300, 1.112500000000000000 ) ) ;
#2782 = EDGE_LOOP ( 'NONE', ( #3047, #4104, #3212, #3132 ) ) ;
#2783 = LINE ( 'NONE', #2858, #63 ) ;
#2784 = AXIS2_PLACEMENT_3D ( 'NONE', #846, #3775, #1560 ) ;
#2785 = DIRECTION ( 'NONE',  ( -1.000000000000000000, 0.0000000000000000000, 0.0000000000000000000 ) ) ;
#2786 = CARTESIAN_POINT ( 'NONE',  ( 2.142747693882932400, 0.01558127690695090000, 0.6124999999999999300 ) ) ;
#2787 = EDGE_CURVE ( 'NONE', #3381, #2682, #225, .T. ) ;
#2788 = ORIENTED_EDGE ( 'NONE', *, *, #4656, .T. ) ;
#2789 = FACE_OUTER_BOUND ( 'NONE', #1294, .T. ) ;
#2790 = CARTESIAN_POINT ( 'NONE',  ( -1.806939028189363600, 0.6100000000000003200, -0.3875000000000000700 ) ) ;
#2791 = ORIENTED_EDGE ( 'NONE', *, *, #1957, .T. ) ;
#2792 = VECTOR ( 'NONE', #2240, 1000.000000000000200 ) ;
#2793 = ORIENTED_EDGE ( 'NONE', *, *, #96, .F. ) ;
#2794 = CARTESIAN_POINT ( 'NONE',  ( -2.152691525569090400, 0.2053208885103196300, -0.6124999999999999300 ) ) ;
#2795 = ADVANCED_FACE ( 'NONE', ( #4191 ), #3706, .T. ) ;
#2796 = ORIENTED_EDGE ( 'NONE', *, *, #157, .F. ) ;
#2797 = ORIENTED_EDGE ( 'NONE', *, *, #4326, .T. ) ;
#2798 = VERTEX_POINT ( 'NONE', #3003 ) ;
#2799 = VERTEX_POINT ( 'NONE', #1853 ) ;
#2800 = EDGE_CURVE ( 'NONE', #456, #819, #4081, .T. ) ;
#2801 = CARTESIAN_POINT ( 'NONE',  ( -1.806939028189363600, 0.8000000000000000400, -0.3875000000000000700 ) ) ;
#2802 = ORIENTED_EDGE ( 'NONE', *, *, #1555, .F. ) ;
#2803 = CARTESIAN_POINT ( 'NONE',  ( -2.156207793495132900, 0.2724152774378160200, -0.6124999999999999300 ) ) ;
#2804 = FACE_OUTER_BOUND ( 'NONE', #3905, .T. ) ;
#2805 = ORIENTED_EDGE ( 'NONE', *, *, #824, .F. ) ;
#2806 = CARTESIAN_POINT ( 'NONE',  ( -2.156207793495132900, 0.2724152774378160200, -1.112500000000000000 ) ) ;
#2807 = EDGE_CURVE ( 'NONE', #3916, #458, #3082, .T. ) ;
#2808 = MANIFOLD_SOLID_BREP ( 'Boss-Extrude2[2]', #1746 ) ;
#2809 = DIRECTION ( 'NONE',  ( -0.0000000000000000000, -0.0000000000000000000, -1.000000000000000000 ) ) ;
#2810 = EDGE_CURVE ( 'NONE', #1384, #3965, #1283, .T. ) ;
#2811 = CIRCLE ( 'NONE', #546, 0.06718646564362360000 ) ;
#2812 = VECTOR ( 'NONE', #499, 1000.000000000000000 ) ;
#2813 = ORIENTED_EDGE ( 'NONE', *, *, #3664, .F. ) ;
#2814 = DIRECTION ( 'NONE',  ( -0.0000000000000000000, -0.0000000000000000000, -1.000000000000000000 ) ) ;
#2815 = VECTOR ( 'NONE', #3246, 1000.000000000000200 ) ;
#2816 = CARTESIAN_POINT ( 'NONE',  ( -2.450000000000000200, 0.1897396116033688600, -0.6124999999999999300 ) ) ;
#2817 = AXIS2_PLACEMENT_3D ( 'NONE', #2440, #944, #3546 ) ;
#2818 = ORIENTED_EDGE ( 'NONE', *, *, #2894, .T. ) ;
#2819 = CARTESIAN_POINT ( 'NONE',  ( -1.806939028189363600, 0.6100000000000003200, 1.112500000000000000 ) ) ;
#2820 = LINE ( 'NONE', #1241, #2245 ) ;
#2821 = CARTESIAN_POINT ( 'NONE',  ( 1.500000000000000000, 0.6100000000000003200, 0.6124999999999999300 ) ) ;
#2822 = DIRECTION ( 'NONE',  ( 1.000000000000000000, 0.0000000000000000000, 0.0000000000000000000 ) ) ;
#2823 = CARTESIAN_POINT ( 'NONE',  ( -1.806939028189363600, 0.5428135343563766900, 1.112500000000000000 ) ) ;
#2824 = AXIS2_PLACEMENT_3D ( 'NONE', #2213, #2984, #774 ) ;
#2825 = DIRECTION ( 'NONE',  ( 0.0000000000000000000, -1.000000000000000000, 0.0000000000000000000 ) ) ;
#2826 = ADVANCED_FACE ( 'NONE', ( #284 ), #1521, .F. ) ;
#2827 = DIRECTION ( 'NONE',  ( -0.0000000000000000000, -0.0000000000000000000, -1.000000000000000000 ) ) ;
#2828 = DIRECTION ( 'NONE',  ( 0.0000000000000000000, 0.0000000000000000000, 1.000000000000000000 ) ) ;
#2829 = PLANE ( 'NONE',  #421 ) ;
#2830 = LINE ( 'NONE', #429, #390 ) ;
#2831 = CARTESIAN_POINT ( 'NONE',  ( -1.806939028189363600, 0.5428135343563766900, -0.3875000000000000700 ) ) ;
#2832 = ORIENTED_EDGE ( 'NONE', *, *, #3759, .T. ) ;
#2833 = DIRECTION ( 'NONE',  ( 0.9986295347545742800, -0.05233595624293736800, -0.0000000000000000000 ) ) ;
#2834 = EDGE_LOOP ( 'NONE', ( #4201, #3914, #3396, #850 ) ) ;
#2835 = VECTOR ( 'NONE', #2343, 1000.000000000000000 ) ;
#2836 = CARTESIAN_POINT ( 'NONE',  ( 1.873869829047064800, 0.5486692206721369700, -0.3875000000000000700 ) ) ;
#2837 = VERTEX_POINT ( 'NONE', #27 ) ;
#2838 = DIRECTION ( 'NONE',  ( 1.000000000000000000, 0.0000000000000000000, -2.168404344971008900E-016 ) ) ;
#2839 = DIRECTION ( 'NONE',  ( -0.9986295347545742800, 0.05233595624293736800, 0.0000000000000000000 ) ) ;
#2840 = AXIS2_PLACEMENT_3D ( 'NONE', #1978, #797, #3431 ) ;
#2841 = LINE ( 'NONE', #987, #1 ) ;
#2842 = ORIENTED_EDGE ( 'NONE', *, *, #2084, .F. ) ;
#2843 = DIRECTION ( 'NONE',  ( -1.000000000000000000, 0.0000000000000000000, 0.0000000000000000000 ) ) ;
#2844 = EDGE_LOOP ( 'NONE', ( #1722, #4832, #2576, #593 ) ) ;
#2845 = DIRECTION ( 'NONE',  ( -1.000000000000000000, 0.0000000000000000000, 0.0000000000000000000 ) ) ;
#2846 = EDGE_CURVE ( 'NONE', #4084, #3861, #3130, .T. ) ;
#2847 = VECTOR ( 'NONE', #1190, 1000.000000000000000 ) ;
#2848 = ORIENTED_EDGE ( 'NONE', *, *, #2346, .F. ) ;
#2849 = EDGE_CURVE ( 'NONE', #1401, #3975, #3607, .T. ) ;
#2850 = EDGE_CURVE ( 'NONE', #1475, #3871, #1225, .T. ) ;
#2851 =( LENGTH_UNIT ( ) NAMED_UNIT ( * ) SI_UNIT ( .MILLI., .METRE. ) );
#2852 = ORIENTED_EDGE ( 'NONE', *, *, #3290, .F. ) ;
#2853 = DIRECTION ( 'NONE',  ( -0.0000000000000000000, -0.0000000000000000000, -1.000000000000000000 ) ) ;
#2854 = LINE ( 'NONE', #1678, #3617 ) ;
#2855 = LINE ( 'NONE', #3253, #4475 ) ;
#2856 = ADVANCED_FACE ( 'NONE', ( #3254 ), #830, .T. ) ;
#2857 = EDGE_LOOP ( 'NONE', ( #1954, #3347, #3526, #4431 ) ) ;
#2858 = CARTESIAN_POINT ( 'NONE',  ( -2.089276992637431300, 0.2665595911220556800, 0.8875000000000000700 ) ) ;
#2859 = ORIENTED_EDGE ( 'NONE', *, *, #659, .T. ) ;
#2860 = STYLED_ITEM ( 'NONE', ( #2358 ), #1388 ) ;
#2861 = VECTOR ( 'NONE', #3625, 1000.000000000000200 ) ;
#2862 = CARTESIAN_POINT ( 'NONE',  ( -2.156207793495132900, 0.2724152774378160200, 0.1124999999999999800 ) ) ;
#2863 = CARTESIAN_POINT ( 'NONE',  ( -1.806939028189363600, 0.6100000000000003200, 0.8875000000000000700 ) ) ;
#2864 = CARTESIAN_POINT ( 'NONE',  ( -1.900000000000000100, 0.2500000000000000000, -0.6124999999999999300 ) ) ;
#2865 = AXIS2_PLACEMENT_3D ( 'NONE', #1413, #1088, #3292 ) ;
#2866 = VECTOR ( 'NONE', #4308, 1000.000000000000200 ) ;
#2867 = DIRECTION ( 'NONE',  ( -0.0000000000000000000, -0.0000000000000000000, -1.000000000000000000 ) ) ;
#2868 = ORIENTED_EDGE ( 'NONE', *, *, #4145, .T. ) ;
#2869 = EDGE_LOOP ( 'NONE', ( #1588, #2227, #950, #4009 ) ) ;
#2870 = CARTESIAN_POINT ( 'NONE',  ( -1.139835565157574400, 0.9999999999999995600, -0.9898355651575766500 ) ) ;
#2871 = CARTESIAN_POINT ( 'NONE',  ( -2.063146821684496100, 0.5652288117941926000, -0.6124999999999999300 ) ) ;
#2872 = ORIENTED_EDGE ( 'NONE', *, *, #4338, .F. ) ;
#2873 = FILL_AREA_STYLE ('',( #616 ) ) ;
#2874 = ORIENTED_EDGE ( 'NONE', *, *, #295, .F. ) ;
#2875 = EDGE_LOOP ( 'NONE', ( #3305, #4577 ) ) ;
#2876 = DIRECTION ( 'NONE',  ( 0.9986295347545742800, 0.05233595624293736800, 0.0000000000000000000 ) ) ;
#2877 = VECTOR ( 'NONE', #2036, 1000.000000000000000 ) ;
#2878 = LINE ( 'NONE', #4356, #3002 ) ;
#2879 = ORIENTED_EDGE ( 'NONE', *, *, #1556, .F. ) ;
#2880 = DIRECTION ( 'NONE',  ( -0.0000000000000000000, -0.0000000000000000000, -1.000000000000000000 ) ) ;
#2881 = CARTESIAN_POINT ( 'NONE',  ( -1.500000000000000000, 1.099999999999999600, 1.439835565157576500 ) ) ;
#2882 = EDGE_CURVE ( 'NONE', #819, #4084, #764, .T. ) ;
#2883 = DIRECTION ( 'NONE',  ( 1.000000000000000000, 0.0000000000000000000, 0.0000000000000000000 ) ) ;
#2884 = DIRECTION ( 'NONE',  ( -0.0000000000000000000, -0.0000000000000000000, -1.000000000000000000 ) ) ;
#2885 = CYLINDRICAL_SURFACE ( 'NONE', #483, 0.06718646564362382200 ) ;
#2886 = ORIENTED_EDGE ( 'NONE', *, *, #4213, .F. ) ;
#2887 = ORIENTED_EDGE ( 'NONE', *, *, #4190, .T. ) ;
#2888 = DIRECTION ( 'NONE',  ( 0.0000000000000000000, -0.0000000000000000000, 1.000000000000000000 ) ) ;
#2889 = ADVANCED_FACE ( 'NONE', ( #4140 ), #3398, .F. ) ;
#2890 = EDGE_CURVE ( 'NONE', #662, #1037, #3902, .T. ) ;
#2891 = LINE ( 'NONE', #2790, #3998 ) ;
#2892 = EDGE_CURVE ( 'NONE', #620, #1625, #2973, .T. ) ;
#2893 = DIRECTION ( 'NONE',  ( 0.9961946980917453200, 0.08715574274766131600, -0.0000000000000000000 ) ) ;
#2894 = EDGE_CURVE ( 'NONE', #1942, #567, #2164, .T. ) ;
#2895 = CARTESIAN_POINT ( 'NONE',  ( -1.873869829047064800, 0.5486692206721369700, -0.8875000000000000700 ) ) ;
#2896 = AXIS2_PLACEMENT_3D ( 'NONE', #971, #4682, #252 ) ;
#2897 = LINE ( 'NONE', #4726, #1666 ) ;
#2898 = EDGE_CURVE ( 'NONE', #1589, #130, #1874, .T. ) ;
#2899 = DIRECTION ( 'NONE',  ( -0.0000000000000000000, -0.0000000000000000000, -1.000000000000000000 ) ) ;
#2900 = DIRECTION ( 'NONE',  ( 0.0000000000000000000, 0.0000000000000000000, 1.000000000000000000 ) ) ;
#2901 = LINE ( 'NONE', #3416, #1034 ) ;
#2902 = DIRECTION ( 'NONE',  ( 0.0000000000000000000, 0.0000000000000000000, 1.000000000000000000 ) ) ;
#2903 = AXIS2_PLACEMENT_3D ( 'NONE', #3112, #2025, #4638 ) ;
#2904 = VERTEX_POINT ( 'NONE', #4608 ) ;
#2905 = LINE ( 'NONE', #4482, #2714 ) ;
#2906 = CARTESIAN_POINT ( 'NONE',  ( -1.500000000000000000, 0.6100000000000003200, 1.499999999999999800 ) ) ;
#2907 = ORIENTED_EDGE ( 'NONE', *, *, #1326, .T. ) ;
#2908 = FACE_OUTER_BOUND ( 'NONE', #1684, .T. ) ;
#2909 = DIRECTION ( 'NONE',  ( 0.0000000000000000000, 0.0000000000000000000, 1.000000000000000000 ) ) ;
#2910 = EDGE_LOOP ( 'NONE', ( #3620, #2947, #1977, #73 ) ) ;
#2911 = ADVANCED_FACE ( 'NONE', ( #2912 ), #879, .F. ) ;
#2912 = FACE_OUTER_BOUND ( 'NONE', #1375, .T. ) ;
#2913 = CARTESIAN_POINT ( 'NONE',  ( -1.806939028189363600, 0.8000000000000000400, 1.112500000000000000 ) ) ;
#2914 = VERTEX_POINT ( 'NONE', #143 ) ;
#2915 = ORIENTED_EDGE ( 'NONE', *, *, #822, .F. ) ;
#2916 = EDGE_CURVE ( 'NONE', #2284, #1099, #4792, .T. ) ;
#2917 = LINE ( 'NONE', #348, #708 ) ;
#2918 = DIRECTION ( 'NONE',  ( -0.0000000000000000000, 0.0000000000000000000, -1.000000000000000000 ) ) ;
#2919 = DIRECTION ( 'NONE',  ( 0.0000000000000000000, -0.0000000000000000000, -1.000000000000000000 ) ) ;
#2920 = EDGE_LOOP ( 'NONE', ( #2278, #897, #2186, #823 ) ) ;
#2921 = CARTESIAN_POINT ( 'NONE',  ( 2.156207793495132900, 0.2724152774378160200, -0.6124999999999999300 ) ) ;
#2922 = VECTOR ( 'NONE', #3997, 1000.000000000000000 ) ;
#2923 = CARTESIAN_POINT ( 'NONE',  ( 1.900000000000000100, 0.2500000000000000000, -0.8875000000000000700 ) ) ;
#2924 = CARTESIAN_POINT ( 'NONE',  ( 2.450000000000000200, 0.1897396116033688300, -1.112500000000000000 ) ) ;
#2925 = ORIENTED_EDGE ( 'NONE', *, *, #4596, .T. ) ;
#2926 = EDGE_LOOP ( 'NONE', ( #3963, #602, #849, #2261 ) ) ;
#2927 = LINE ( 'NONE', #1261, #835 ) ;
#2928 = ORIENTED_EDGE ( 'NONE', *, *, #1984, .T. ) ;
#2929 = AXIS2_PLACEMENT_3D ( 'NONE', #1073, #4772, #1430 ) ;
#2930 = DIRECTION ( 'NONE',  ( 0.0000000000000000000, 1.000000000000000000, 0.0000000000000000000 ) ) ;
#2931 = ADVANCED_FACE ( 'NONE', ( #4017 ), #2770, .T. ) ;
#2932 = CARTESIAN_POINT ( 'NONE',  ( -1.900000000000000100, 0.2500000000000000000, -1.112500000000000000 ) ) ;
#2933 = CARTESIAN_POINT ( 'NONE',  ( 1.806939028189363600, 0.5428135343563765800, 0.1124999999999999800 ) ) ;
#2934 = ORIENTED_EDGE ( 'NONE', *, *, #4837, .F. ) ;
#2935 = CARTESIAN_POINT ( 'NONE',  ( 0.0000000000000000000, 0.1499999999999997400, 0.0000000000000000000 ) ) ;
#2936 = LINE ( 'NONE', #2109, #1835 ) ;
#2937 = ORIENTED_EDGE ( 'NONE', *, *, #1290, .T. ) ;
#2938 = AXIS2_PLACEMENT_3D ( 'NONE', #4175, #4602, #1215 ) ;
#2939 = LINE ( 'NONE', #3043, #4466 ) ;
#2940 = VECTOR ( 'NONE', #1222, 1000.000000000000100 ) ;
#2941 = VERTEX_POINT ( 'NONE', #3514 ) ;
#2942 = AXIS2_PLACEMENT_3D ( 'NONE', #4740, #2827, #631 ) ;
#2943 = LINE ( 'NONE', #3265, #1373 ) ;
#2944 = ORIENTED_EDGE ( 'NONE', *, *, #279, .T. ) ;
#2945 = DIRECTION ( 'NONE',  ( 0.0000000000000000000, -0.0000000000000000000, 1.000000000000000000 ) ) ;
#2946 = CARTESIAN_POINT ( 'NONE',  ( -1.476670933428449100, 0.8000000000000000400, -0.3875000000000000700 ) ) ;
#2947 = ORIENTED_EDGE ( 'NONE', *, *, #3121, .F. ) ;
#2948 = CARTESIAN_POINT ( 'NONE',  ( -1.806939028189363600, 0.5428135343563766900, 0.6124999999999999300 ) ) ;
#2949 = EDGE_CURVE ( 'NONE', #272, #1042, #4730, .T. ) ;
#2950 = VECTOR ( 'NONE', #4153, 1000.000000000000000 ) ;
#2951 = DIRECTION ( 'NONE',  ( -0.08715574274766130200, -0.9961946980917452100, 0.0000000000000000000 ) ) ;
#2952 = ADVANCED_FACE ( 'NONE', ( #4614 ), #500, .F. ) ;
#2953 = EDGE_CURVE ( 'NONE', #1096, #3916, #4377, .T. ) ;
#2954 = DIRECTION ( 'NONE',  ( -1.000000000000000000, 0.0000000000000000000, 0.0000000000000000000 ) ) ;
#2955 = CARTESIAN_POINT ( 'NONE',  ( -1.900000000000000100, 0.2500000000000000000, 0.6124999999999999300 ) ) ;
#2956 = CARTESIAN_POINT ( 'NONE',  ( -1.806939028189363600, 0.6100000000000003200, -0.6124999999999999300 ) ) ;
#2957 = MECHANICAL_DESIGN_GEOMETRIC_PRESENTATION_REPRESENTATION (  '', ( #4785 ), #4202 ) ;
#2958 = ADVANCED_FACE ( 'NONE', ( #105 ), #2608, .F. ) ;
#2959 = FACE_OUTER_BOUND ( 'NONE', #1824, .T. ) ;
#2960 = ORIENTED_EDGE ( 'NONE', *, *, #860, .T. ) ;
#2961 = AXIS2_PLACEMENT_3D ( 'NONE', #3892, #3859, #4302 ) ;
#2962 = DIRECTION ( 'NONE',  ( 0.0000000000000000000, -0.0000000000000000000, -1.000000000000000000 ) ) ;
#2963 = DIRECTION ( 'NONE',  ( -1.000000000000000000, 0.0000000000000000000, 0.0000000000000000000 ) ) ;
#2964 = VERTEX_POINT ( 'NONE', #2393 ) ;
#2965 = CYLINDRICAL_SURFACE ( 'NONE', #2966, 0.06718646564362360000 ) ;
#2966 = AXIS2_PLACEMENT_3D ( 'NONE', #1683, #2072, #4674 ) ;
#2967 = VERTEX_POINT ( 'NONE', #3527 ) ;
#2968 = PLANE ( 'NONE',  #2094 ) ;
#2969 = DIRECTION ( 'NONE',  ( -0.0000000000000000000, 0.0000000000000000000, -1.000000000000000000 ) ) ;
#2970 = CARTESIAN_POINT ( 'NONE',  ( -1.139835565157574400, 0.9999999999999995600, -1.139835565157576700 ) ) ;
#2971 = LINE ( 'NONE', #532, #3725 ) ;
#2972 = ORIENTED_EDGE ( 'NONE', *, *, #2800, .F. ) ;
#2973 = LINE ( 'NONE', #1174, #2847 ) ;
#2974 = ORIENTED_EDGE ( 'NONE', *, *, #461, .T. ) ;
#2975 = EDGE_LOOP ( 'NONE', ( #4524, #3272, #2229, #1004 ) ) ;
#2976 = LINE ( 'NONE', #1028, #3908 ) ;
#2977 = CARTESIAN_POINT ( 'NONE',  ( -2.152691525569090400, 0.2053208885103196300, 0.6124999999999999300 ) ) ;
#2978 =( NAMED_UNIT ( * ) PLANE_ANGLE_UNIT ( ) SI_UNIT ( $, .RADIAN. ) );
#2979 = ORIENTED_EDGE ( 'NONE', *, *, #4583, .T. ) ;
#2980 = EDGE_CURVE ( 'NONE', #2004, #307, #2971, .T. ) ;
#2981 = EDGE_CURVE ( 'NONE', #2693, #2546, #3952, .T. ) ;
#2982 = VERTEX_POINT ( 'NONE', #2760 ) ;
#2983 = LINE ( 'NONE', #2060, #1586 ) ;
#2984 = DIRECTION ( 'NONE',  ( 2.152241387803296300E-016, -0.1218693434051477400, 0.9925461516413219800 ) ) ;
#2985 = ADVANCED_FACE ( 'NONE', ( #1979 ), #3671, .F. ) ;
#2986 = CARTESIAN_POINT ( 'NONE',  ( -1.900000000000000100, 0.2500000000000000000, 0.8875000000000000700 ) ) ;
#2987 = DIRECTION ( 'NONE',  ( 1.000000000000000000, -0.0000000000000000000, -0.0000000000000000000 ) ) ;
#2988 = CARTESIAN_POINT ( 'NONE',  ( -1.500000000000000000, 0.6100000000000003200, 0.8875000000000000700 ) ) ;
#2989 = DIRECTION ( 'NONE',  ( -1.000000000000000000, 0.0000000000000000000, 0.0000000000000000000 ) ) ;
#2990 = AXIS2_PLACEMENT_3D ( 'NONE', #4486, #3701, #417 ) ;
#2991 = VERTEX_POINT ( 'NONE', #2460 ) ;
#2992 = EDGE_LOOP ( 'NONE', ( #4016, #314, #4636, #4689 ) ) ;
#2993 = EDGE_CURVE ( 'NONE', #1625, #1948, #982, .T. ) ;
#2994 = VERTEX_POINT ( 'NONE', #2863 ) ;
#2995 = EDGE_LOOP ( 'NONE', ( #3422, #515, #2620, #4612 ) ) ;
#2996 = VERTEX_POINT ( 'NONE', #3611 ) ;
#2997 = EDGE_LOOP ( 'NONE', ( #1796, #1356, #2452, #278, #1199, #1920, #1751, #4691, #3183, #2482, #1131, #3505 ) ) ;
#2998 = AXIS2_PLACEMENT_3D ( 'NONE', #1332, #583, #1380 ) ;
#2999 = DIRECTION ( 'NONE',  ( -0.0000000000000000000, -0.0000000000000000000, -1.000000000000000000 ) ) ;
#3000 = DIRECTION ( 'NONE',  ( -1.000000000000000000, 0.0000000000000000000, 0.0000000000000000000 ) ) ;
#3001 = LINE ( 'NONE', #2074, #3339 ) ;
#3002 = VECTOR ( 'NONE', #970, 1000.000000000000100 ) ;
#3003 = CARTESIAN_POINT ( 'NONE',  ( -1.476670933428449100, 0.8000000000000000400, -0.1124999999999999800 ) ) ;
#3004 = CARTESIAN_POINT ( 'NONE',  ( -2.450000000000000200, 0.1897396116033688600, 0.8875000000000000700 ) ) ;
#3005 = SURFACE_STYLE_FILL_AREA ( #1549 ) ;
#3006 = VERTEX_POINT ( 'NONE', #586 ) ;
#3007 = ORIENTED_EDGE ( 'NONE', *, *, #3764, .F. ) ;
#3008 = CARTESIAN_POINT ( 'NONE',  ( -2.450000000000000200, 0.1897396116033688600, 1.112500000000000000 ) ) ;
#3009 = LINE ( 'NONE', #2384, #1021 ) ;
#3010 = ADVANCED_FACE ( 'NONE', ( #2098 ), #3951, .F. ) ;
#3011 = AXIS2_PLACEMENT_3D ( 'NONE', #1031, #3641, #2161 ) ;
#3012 = DIRECTION ( 'NONE',  ( -0.0000000000000000000, -0.0000000000000000000, -1.000000000000000000 ) ) ;
#3013 = LINE ( 'NONE', #2988, #3169 ) ;
#3014 = CARTESIAN_POINT ( 'NONE',  ( 1.873869829047064800, 0.5486692206721369700, 1.112500000000000000 ) ) ;
#3015 = AXIS2_PLACEMENT_3D ( 'NONE', #3911, #3182, #3571 ) ;
#3016 = VECTOR ( 'NONE', #4204, 1000.000000000000100 ) ;
#3017 = DIRECTION ( 'NONE',  ( -0.0000000000000000000, -0.0000000000000000000, -1.000000000000000000 ) ) ;
#3018 = DIRECTION ( 'NONE',  ( -0.05233595624293682600, -0.9986295347545742800, 0.0000000000000000000 ) ) ;
#3019 = CARTESIAN_POINT ( 'NONE',  ( -2.089276992637431300, 0.2665595911220556800, 0.6124999999999999300 ) ) ;
#3020 = ORIENTED_EDGE ( 'NONE', *, *, #2882, .T. ) ;
#3021 = CARTESIAN_POINT ( 'NONE',  ( -1.806939028189363600, 0.6100000000000003200, 0.3875000000000000700 ) ) ;
#3022 = CARTESIAN_POINT ( 'NONE',  ( 2.142747693882932400, 0.01558127690695090000, 1.112500000000000000 ) ) ;
#3023 = FACE_OUTER_BOUND ( 'NONE', #2857, .T. ) ;
#3024 = CARTESIAN_POINT ( 'NONE',  ( 1.443519101984663600, 0.1499999999999997400, -1.043377697597397900E-016 ) ) ;
#3025 = VERTEX_POINT ( 'NONE', #2801 ) ;
#3026 = PRESENTATION_LAYER_ASSIGNMENT (  '', '', ( #454 ) ) ;
#3027 = VECTOR ( 'NONE', #3408, 1000.000000000000000 ) ;
#3028 = EDGE_CURVE ( 'NONE', #4574, #4131, #575, .T. ) ;
#3029 = DIRECTION ( 'NONE',  ( 0.9986295347545742800, -0.05233595624293736800, -0.0000000000000000000 ) ) ;
#3030 = ORIENTED_EDGE ( 'NONE', *, *, #1293, .T. ) ;
#3031 =( NAMED_UNIT ( * ) PLANE_ANGLE_UNIT ( ) SI_UNIT ( $, .RADIAN. ) );
#3032 = VECTOR ( 'NONE', #4169, 1000.000000000000000 ) ;
#3033 = VERTEX_POINT ( 'NONE', #2104 ) ;
#3034 = DIRECTION ( 'NONE',  ( -1.000000000000000000, 0.0000000000000000000, 0.0000000000000000000 ) ) ;
#3035 = DIRECTION ( 'NONE',  ( -1.000000000000000000, 0.0000000000000000000, 0.0000000000000000000 ) ) ;
#3036 = CIRCLE ( 'NONE', #753, 0.2571864656436230200 ) ;
#3037 = DIRECTION ( 'NONE',  ( -0.08715574274766128800, 0.9961946980917452100, 0.0000000000000000000 ) ) ;
#3038 = EDGE_CURVE ( 'NONE', #4208, #4406, #399, .T. ) ;
#3039 = AXIS2_PLACEMENT_3D ( 'NONE', #3338, #3756, #1888 ) ;
#3040 = ORIENTED_EDGE ( 'NONE', *, *, #3821, .T. ) ;
#3041 = EDGE_CURVE ( 'NONE', #2624, #2982, #4432, .T. ) ;
#3042 = CARTESIAN_POINT ( 'NONE',  ( 1.806939028189363600, 0.6100000000000003200, -0.3875000000000000700 ) ) ;
#3043 = CARTESIAN_POINT ( 'NONE',  ( 1.873869829047064800, 0.5486692206721369700, 0.1124999999999999800 ) ) ;
#3044 = CIRCLE ( 'NONE', #691, 0.2571864656436234600 ) ;
#3045 = ORIENTED_EDGE ( 'NONE', *, *, #4405, .T. ) ;
#3046 = EDGE_CURVE ( 'NONE', #1010, #235, #2841, .T. ) ;
#3047 = ORIENTED_EDGE ( 'NONE', *, *, #2145, .T. ) ;
#3048 = DIRECTION ( 'NONE',  ( -1.000000000000000000, 0.0000000000000000000, 0.0000000000000000000 ) ) ;
#3049 = CARTESIAN_POINT ( 'NONE',  ( 2.156207793495132900, 0.2724152774378160200, 0.6124999999999999300 ) ) ;
#3050 = VERTEX_POINT ( 'NONE', #1008 ) ;
#3051 = VERTEX_POINT ( 'NONE', #2821 ) ;
#3052 = CARTESIAN_POINT ( 'NONE',  ( 1.500000000000000000, 0.6100000000000003200, 1.112500000000000000 ) ) ;
#3053 = VERTEX_POINT ( 'NONE', #3175 ) ;
#3054 = EDGE_LOOP ( 'NONE', ( #3687, #833, #2641, #2491 ) ) ;
#3055 = LINE ( 'NONE', #2913, #32 ) ;
#3056 = AXIS2_PLACEMENT_3D ( 'NONE', #2735, #3421, #3805 ) ;
#3057 = FACE_OUTER_BOUND ( 'NONE', #3799, .T. ) ;
#3058 = FACE_OUTER_BOUND ( 'NONE', #4331, .T. ) ;
#3059 = DIRECTION ( 'NONE',  ( -1.000000000000000000, 0.0000000000000000000, 0.0000000000000000000 ) ) ;
#3060 = VERTEX_POINT ( 'NONE', #4340 ) ;
#3061 = CARTESIAN_POINT ( 'NONE',  ( 1.500000000000000000, 0.6100000000000003200, 1.112500000000000000 ) ) ;
#3062 = VERTEX_POINT ( 'NONE', #3633 ) ;
#3063 = DIRECTION ( 'NONE',  ( -0.0000000000000000000, -0.0000000000000000000, -1.000000000000000000 ) ) ;
#3064 = DIRECTION ( 'NONE',  ( -0.0000000000000000000, -0.0000000000000000000, -1.000000000000000000 ) ) ;
#3065 = EDGE_CURVE ( 'NONE', #724, #1051, #3837, .T. ) ;
#3066 = EDGE_CURVE ( 'NONE', #1242, #3989, #1743, .T. ) ;
#3067 = EDGE_CURVE ( 'NONE', #2799, #283, #3424, .T. ) ;
#3068 = DIRECTION ( 'NONE',  ( -1.000000000000000000, 0.0000000000000000000, 0.0000000000000000000 ) ) ;
#3069 = CARTESIAN_POINT ( 'NONE',  ( 1.900000000000000100, 0.2500000000000000000, -0.3875000000000000700 ) ) ;
#3070 = FACE_OUTER_BOUND ( 'NONE', #231, .T. ) ;
#3071 = ORIENTED_EDGE ( 'NONE', *, *, #1145, .F. ) ;
#3072 = AXIS2_PLACEMENT_3D ( 'NONE', #3887, #3875, #4251 ) ;
#3073 = DIRECTION ( 'NONE',  ( -0.1218693434051425900, 0.9925461516413225400, 0.0000000000000000000 ) ) ;
#3074 = DIRECTION ( 'NONE',  ( -0.9925461516413219800, 0.1218693434051477400, 2.152241387803296500E-016 ) ) ;
#3075 = SURFACE_STYLE_USAGE ( .BOTH. , #1566 ) ;
#3076 = VECTOR ( 'NONE', #1627, 1000.000000000000000 ) ;
#3077 = EDGE_LOOP ( 'NONE', ( #747, #4752, #3830, #1411 ) ) ;
#3078 = CARTESIAN_POINT ( 'NONE',  ( 1.476670933428449100, 0.8000000000000000400, -0.6124999999999999300 ) ) ;
#3079 = COLOUR_RGB ( '',0.7921568627450980000, 0.8196078431372548800, 0.9333333333333333500 ) ;
#3080 = DIRECTION ( 'NONE',  ( -1.000000000000000000, 0.0000000000000000000, 0.0000000000000000000 ) ) ;
#3081 = ORIENTED_EDGE ( 'NONE', *, *, #2544, .F. ) ;
#3082 = LINE ( 'NONE', #4842, #1750 ) ;
#3083 = CARTESIAN_POINT ( 'NONE',  ( -1.439835565157577400, 1.099999999999999600, -1.499999999999999800 ) ) ;
#3084 = DIRECTION ( 'NONE',  ( 0.9961946980917453200, 0.08715574274766131600, -0.0000000000000000000 ) ) ;
#3085 = ORIENTED_EDGE ( 'NONE', *, *, #131, .T. ) ;
#3086 = ORIENTED_EDGE ( 'NONE', *, *, #980, .F. ) ;
#3087 = DIRECTION ( 'NONE',  ( -1.000000000000000000, 0.0000000000000000000, 0.0000000000000000000 ) ) ;
#3088 = DIRECTION ( 'NONE',  ( -0.0000000000000000000, -0.0000000000000000000, -1.000000000000000000 ) ) ;
#3089 = ORIENTED_EDGE ( 'NONE', *, *, #4459, .T. ) ;
#3090 = DIRECTION ( 'NONE',  ( -0.0000000000000000000, -0.0000000000000000000, -1.000000000000000000 ) ) ;
#3091 = DIRECTION ( 'NONE',  ( -0.1218693434051425900, -0.9925461516413225400, 0.0000000000000000000 ) ) ;
#3092 = LINE ( 'NONE', #3258, #2226 ) ;
#3093 = ORIENTED_EDGE ( 'NONE', *, *, #4263, .T. ) ;
#3094 = ORIENTED_EDGE ( 'NONE', *, *, #293, .F. ) ;
#3095 = ORIENTED_EDGE ( 'NONE', *, *, #2685, .F. ) ;
#3096 = EDGE_CURVE ( 'NONE', #3157, #3631, #1871, .T. ) ;
#3097 = ORIENTED_EDGE ( 'NONE', *, *, #3834, .F. ) ;
#3098 = EDGE_LOOP ( 'NONE', ( #2928, #2750, #3586, #3995 ) ) ;
#3099 = ORIENTED_EDGE ( 'NONE', *, *, #3286, .T. ) ;
#3100 = LINE ( 'NONE', #1296, #2751 ) ;
#3101 = VECTOR ( 'NONE', #1105, 1000.000000000000000 ) ;
#3102 = EDGE_LOOP ( 'NONE', ( #2338, #1861, #1613, #3439, #1980, #301, #4047, #4397, #3482, #958, #2524, #3973 ) ) ;
#3103 = PRESENTATION_LAYER_ASSIGNMENT (  '', '', ( #2860 ) ) ;
#3104 = DIRECTION ( 'NONE',  ( 0.08715574274765987300, 0.9961946980917454300, 0.0000000000000000000 ) ) ;
#3105 = VECTOR ( 'NONE', #3195, 1000.000000000000200 ) ;
#3106 = EDGE_LOOP ( 'NONE', ( #3511, #1516, #3901, #3040 ) ) ;
#3107 = ORIENTED_EDGE ( 'NONE', *, *, #3704, .F. ) ;
#3108 = MANIFOLD_SOLID_BREP ( 'Boss-Extrude2[1]', #2687 ) ;
#3109 = VECTOR ( 'NONE', #1934, 1000.000000000000100 ) ;
#3110 = CARTESIAN_POINT ( 'NONE',  ( 2.089276992637431300, 0.2665595911220557400, -1.112500000000000000 ) ) ;
#3111 = CARTESIAN_POINT ( 'NONE',  ( 2.142747693882932400, 0.01558127690695090000, -0.3875000000000000700 ) ) ;
#3112 = CARTESIAN_POINT ( 'NONE',  ( -2.156207793495132900, 0.2724152774378160200, 1.112500000000000000 ) ) ;
#3113 = DIRECTION ( 'NONE',  ( 0.08715574274766130200, -0.9961946980917452100, 0.0000000000000000000 ) ) ;
#3114 = FACE_OUTER_BOUND ( 'NONE', #2700, .T. ) ;
#3115 = ADVANCED_FACE ( 'NONE', ( #4252 ), #2489, .T. ) ;
#3116 = DIRECTION ( 'NONE',  ( 0.05233595624293728400, -0.9986295347545742800, 0.0000000000000000000 ) ) ;
#3117 = EDGE_CURVE ( 'NONE', #456, #495, #2558, .T. ) ;
#3118 = EDGE_LOOP ( 'NONE', ( #2603, #2616, #1350, #1109 ) ) ;
#3119 = EDGE_CURVE ( 'NONE', #3427, #780, #3369, .T. ) ;
#3120 = CYLINDRICAL_SURFACE ( 'NONE', #4358, 0.2571864656436234600 ) ;
#3121 = EDGE_CURVE ( 'NONE', #1942, #3835, #1510, .T. ) ;
#3122 = ORIENTED_EDGE ( 'NONE', *, *, #2892, .T. ) ;
#3123 = LINE ( 'NONE', #1512, #1926 ) ;
#3124 = SURFACE_SIDE_STYLE ('',( #430 ) ) ;
#3125 = DIRECTION ( 'NONE',  ( -0.0000000000000000000, -0.0000000000000000000, -1.000000000000000000 ) ) ;
#3126 = EDGE_LOOP ( 'NONE', ( #9, #4392, #3801, #58 ) ) ;
#3127 = DIRECTION ( 'NONE',  ( -0.9986295347545742800, 0.05233595624293736800, 0.0000000000000000000 ) ) ;
#3128 = EDGE_CURVE ( 'NONE', #3273, #1071, #4186, .T. ) ;
#3129 = CARTESIAN_POINT ( 'NONE',  ( 1.500000000000000000, 0.6100000000000003200, -0.1124999999999999800 ) ) ;
#3130 = LINE ( 'NONE', #1502, #3032 ) ;
#3131 = EDGE_CURVE ( 'NONE', #3053, #1455, #2367, .T. ) ;
#3132 = ORIENTED_EDGE ( 'NONE', *, *, #4778, .T. ) ;
#3133 = DIRECTION ( 'NONE',  ( -0.0000000000000000000, -0.0000000000000000000, -1.000000000000000000 ) ) ;
#3134 = VECTOR ( 'NONE', #790, 1000.000000000000200 ) ;
#3135 = ORIENTED_EDGE ( 'NONE', *, *, #3184, .T. ) ;
#3136 = CARTESIAN_POINT ( 'NONE',  ( 1.806939028189363600, 0.5428135343563765800, 1.112500000000000000 ) ) ;
#3137 =( NAMED_UNIT ( * ) PLANE_ANGLE_UNIT ( ) SI_UNIT ( $, .RADIAN. ) );
#3138 = SURFACE_STYLE_FILL_AREA ( #2873 ) ;
#3139 = PLANE ( 'NONE',  #1282 ) ;
#3140 = CARTESIAN_POINT ( 'NONE',  ( -1.806939028189363600, 0.5428135343563766900, 0.3875000000000000700 ) ) ;
#3141 = VERTEX_POINT ( 'NONE', #785 ) ;
#3142 = FILL_AREA_STYLE_COLOUR ( '', #4059 ) ;
#3143 = PLANE ( 'NONE',  #628 ) ;
#3144 = CLOSED_SHELL ( 'NONE', ( #1277, #2607, #4807, #3333, #4589, #4729, #2507, #463, #2174, #1420, #2179, #1687, #2160, #2931 ) ) ;
#3145 = EDGE_CURVE ( 'NONE', #3662, #3033, #2662, .T. ) ;
#3146 = ORIENTED_EDGE ( 'NONE', *, *, #3500, .T. ) ;
#3147 = PLANE ( 'NONE',  #2732 ) ;
#3148 = ORIENTED_EDGE ( 'NONE', *, *, #2704, .T. ) ;
#3149 = DIRECTION ( 'NONE',  ( 1.000000000000000000, 0.0000000000000000000, 0.0000000000000000000 ) ) ;
#3150 = EDGE_CURVE ( 'NONE', #1508, #3838, #1682, .T. ) ;
#3151 = VECTOR ( 'NONE', #320, 1000.000000000000000 ) ;
#3152 = CARTESIAN_POINT ( 'NONE',  ( -1.806939028189363600, 0.5428135343563766900, 0.6124999999999999300 ) ) ;
#3153 = VERTEX_POINT ( 'NONE', #3392 ) ;
#3154 = AXIS2_PLACEMENT_3D ( 'NONE', #1423, #997, #4347 ) ;
#3155 = VECTOR ( 'NONE', #4526, 1000.000000000000200 ) ;
#3156 = CIRCLE ( 'NONE', #936, 0.2571864656436234600 ) ;
#3157 = VERTEX_POINT ( 'NONE', #4120 ) ;
#3158 = CARTESIAN_POINT ( 'NONE',  ( 2.152691525569090400, 0.2053208885103196300, -0.8875000000000000700 ) ) ;
#3159 = DIRECTION ( 'NONE',  ( 0.9986295347545742800, -0.05233595624293736800, 0.0000000000000000000 ) ) ;
#3160 = AXIS2_PLACEMENT_3D ( 'NONE', #3207, #2457, #2122 ) ;
#3161 = VECTOR ( 'NONE', #1604, 1000.000000000000000 ) ;
#3162 = CARTESIAN_POINT ( 'NONE',  ( -2.089276992637431300, 0.2665595911220556800, -0.3875000000000000700 ) ) ;
#3163 = ORIENTED_EDGE ( 'NONE', *, *, #2597, .T. ) ;
#3164 = ADVANCED_FACE ( 'NONE', ( #818 ), #3346, .T. ) ;
#3165 = UNCERTAINTY_MEASURE_WITH_UNIT (LENGTH_MEASURE( 1.000000000000000100E-005 ), #1707, 'distance_accuracy_value', 'NONE');
#3166 = DIRECTION ( 'NONE',  ( -0.0000000000000000000, -0.0000000000000000000, -1.000000000000000000 ) ) ;
#3167 = DIRECTION ( 'NONE',  ( 1.000000000000000000, 0.0000000000000000000, 0.0000000000000000000 ) ) ;
#3168 = AXIS2_PLACEMENT_3D ( 'NONE', #309, #4023, #4456 ) ;
#3169 = VECTOR ( 'NONE', #3367, 1000.000000000000100 ) ;
#3170 = DIRECTION ( 'NONE',  ( -2.152241387803296000E-016, -0.1218693434051477500, -0.9925461516413219800 ) ) ;
#3171 = DIRECTION ( 'NONE',  ( -0.0000000000000000000, -0.0000000000000000000, -1.000000000000000000 ) ) ;
#3172 = AXIS2_PLACEMENT_3D ( 'NONE', #217, #234, #1762 ) ;
#3173 = PLANE ( 'NONE',  #3323 ) ;
#3174 = DIRECTION ( 'NONE',  ( -0.0000000000000000000, -0.0000000000000000000, -1.000000000000000000 ) ) ;
#3175 = CARTESIAN_POINT ( 'NONE',  ( -2.063146821684496100, 0.5652288117941926000, 0.3875000000000000700 ) ) ;
#3176 = CARTESIAN_POINT ( 'NONE',  ( 1.500000000000000000, 0.6100000000000003200, 0.1124999999999999800 ) ) ;
#3177 = AXIS2_PLACEMENT_3D ( 'NONE', #2520, #1405, #408 ) ;
#3178 = CARTESIAN_POINT ( 'NONE',  ( 1.900000000000000100, 0.2500000000000000000, -1.112500000000000000 ) ) ;
#3179 = ORIENTED_EDGE ( 'NONE', *, *, #2894, .F. ) ;
#3180 = FACE_OUTER_BOUND ( 'NONE', #3102, .T. ) ;
#3181 = DIRECTION ( 'NONE',  ( 1.000000000000000000, 0.0000000000000000000, 0.0000000000000000000 ) ) ;
#3182 = DIRECTION ( 'NONE',  ( -0.0000000000000000000, -0.0000000000000000000, -1.000000000000000000 ) ) ;
#3183 = ORIENTED_EDGE ( 'NONE', *, *, #1914, .T. ) ;
#3184 = EDGE_CURVE ( 'NONE', #1475, #1221, #3547, .T. ) ;
#3185 = EDGE_CURVE ( 'NONE', #4090, #1661, #219, .T. ) ;
#3186 = VECTOR ( 'NONE', #1414, 1000.000000000000000 ) ;
#3187 = ORIENTED_EDGE ( 'NONE', *, *, #3128, .T. ) ;
#3188 = ORIENTED_EDGE ( 'NONE', *, *, #3131, .T. ) ;
#3189 = ADVANCED_FACE ( 'NONE', ( #1393 ), #3361, .F. ) ;
#3190 = VECTOR ( 'NONE', #1800, 1000.000000000000000 ) ;
#3191 = CARTESIAN_POINT ( 'NONE',  ( 2.142747693882932400, 0.01558127690695090000, -0.8875000000000000700 ) ) ;
#3192 = AXIS2_PLACEMENT_3D ( 'NONE', #1933, #1583, #423 ) ;
#3193 = DIRECTION ( 'NONE',  ( -0.0000000000000000000, -0.0000000000000000000, -1.000000000000000000 ) ) ;
#3194 = EDGE_CURVE ( 'NONE', #1536, #1579, #3123, .T. ) ;
#3195 = DIRECTION ( 'NONE',  ( 0.08715574274766130200, 0.9961946980917452100, 0.0000000000000000000 ) ) ;
#3196 = VERTEX_POINT ( 'NONE', #800 ) ;
#3197 = VECTOR ( 'NONE', #230, 1000.000000000000200 ) ;
#3198 = CARTESIAN_POINT ( 'NONE',  ( -1.476670933428449100, 0.8000000000000000400, -0.8875000000000000700 ) ) ;
#3199 = AXIS2_PLACEMENT_3D ( 'NONE', #480, #2716, #3059 ) ;
#3200 = ORIENTED_EDGE ( 'NONE', *, *, #4596, .F. ) ;
#3201 = LINE ( 'NONE', #1378, #717 ) ;
#3202 = EDGE_LOOP ( 'NONE', ( #1803, #3623, #2575, #672, #1995, #4188, #3095, #3097, #975, #1561, #2502, #61 ) ) ;
#3203 = CARTESIAN_POINT ( 'NONE',  ( -2.152691525569090400, 0.2053208885103196300, 0.6124999999999999300 ) ) ;
#3204 = FACE_OUTER_BOUND ( 'NONE', #1633, .T. ) ;
#3205 = ORIENTED_EDGE ( 'NONE', *, *, #3704, .T. ) ;
#3206 = ORIENTED_EDGE ( 'NONE', *, *, #825, .F. ) ;
#3207 = CARTESIAN_POINT ( 'NONE',  ( 1.806939028189363600, 0.5428135343563765800, -0.8875000000000000700 ) ) ;
#3208 = DIRECTION ( 'NONE',  ( 1.000000000000000000, 0.0000000000000000000, 0.0000000000000000000 ) ) ;
#3209 = DIRECTION ( 'NONE',  ( 0.05233595624293681900, 0.9986295347545742800, -0.0000000000000000000 ) ) ;
#3210 = EDGE_CURVE ( 'NONE', #3968, #2176, #978, .T. ) ;
#3211 = PLANE ( 'NONE',  #1490 ) ;
#3212 = ORIENTED_EDGE ( 'NONE', *, *, #1111, .F. ) ;
#3213 = DIRECTION ( 'NONE',  ( -0.9986295347545742800, 0.05233595624293682600, 0.0000000000000000000 ) ) ;
#3214 = EDGE_CURVE ( 'NONE', #4765, #4280, #2156, .T. ) ;
#3215 = ORIENTED_EDGE ( 'NONE', *, *, #555, .T. ) ;
#3216 = ORIENTED_EDGE ( 'NONE', *, *, #2810, .T. ) ;
#3217 = ADVANCED_FACE ( 'NONE', ( #1677 ), #1927, .F. ) ;
#3218 = EDGE_CURVE ( 'NONE', #1882, #2050, #1213, .T. ) ;
#3219 = DIRECTION ( 'NONE',  ( -1.000000000000000000, -0.0000000000000000000, -0.0000000000000000000 ) ) ;
#3220 = EDGE_CURVE ( 'NONE', #2837, #812, #1163, .T. ) ;
#3221 = LINE ( 'NONE', #4618, #2877 ) ;
#3222 = CARTESIAN_POINT ( 'NONE',  ( 1.476670933428449100, 0.8000000000000000400, 0.1124999999999999800 ) ) ;
#3223 = VECTOR ( 'NONE', #1601, 1000.000000000000000 ) ;
#3224 = ORIENTED_EDGE ( 'NONE', *, *, #1136, .F. ) ;
#3225 = CARTESIAN_POINT ( 'NONE',  ( -1.806939028189363600, 0.5428135343563766900, -0.3875000000000000700 ) ) ;
#3226 = LINE ( 'NONE', #4257, #617 ) ;
#3227 = EDGE_CURVE ( 'NONE', #1948, #1652, #4182, .T. ) ;
#3228 = CARTESIAN_POINT ( 'NONE',  ( 2.450000000000000200, 0.1897396116033688300, -0.3875000000000000700 ) ) ;
#3229 = LINE ( 'NONE', #3019, #3109 ) ;
#3230 = CARTESIAN_POINT ( 'NONE',  ( 2.089276992637431300, 0.2665595911220557400, 0.6124999999999999300 ) ) ;
#3231 = CARTESIAN_POINT ( 'NONE',  ( 1.806939028189363600, 0.6100000000000003200, -0.3875000000000000700 ) ) ;
#3232 = LINE ( 'NONE', #4843, #2408 ) ;
#3233 = DIRECTION ( 'NONE',  ( -0.0000000000000000000, -0.0000000000000000000, -1.000000000000000000 ) ) ;
#3234 = DIRECTION ( 'NONE',  ( -0.0000000000000000000, -0.0000000000000000000, -1.000000000000000000 ) ) ;
#3235 = CARTESIAN_POINT ( 'NONE',  ( -1.500000000000000700, 0.6100000000000003200, -1.499999999999999800 ) ) ;
#3236 = FACE_OUTER_BOUND ( 'NONE', #1982, .T. ) ;
#3237 = DIRECTION ( 'NONE',  ( -0.0000000000000000000, -0.0000000000000000000, -1.000000000000000000 ) ) ;
#3238 = ORIENTED_EDGE ( 'NONE', *, *, #4567, .F. ) ;
#3239 = PLANE ( 'NONE',  #658 ) ;
#3240 = ADVANCED_FACE ( 'NONE', ( #2908 ), #4430, .T. ) ;
#3241 = LINE ( 'NONE', #1456, #3364 ) ;
#3242 = EDGE_LOOP ( 'NONE', ( #2868, #1399, #1523, #4620 ) ) ;
#3243 = DIRECTION ( 'NONE',  ( -0.0000000000000000000, -0.0000000000000000000, -1.000000000000000000 ) ) ;
#3244 = DIRECTION ( 'NONE',  ( -1.000000000000000000, 0.0000000000000000000, 0.0000000000000000000 ) ) ;
#3245 = UNCERTAINTY_MEASURE_WITH_UNIT (LENGTH_MEASURE( 1.000000000000000100E-005 ), #167, 'distance_accuracy_value', 'NONE');
#3246 = DIRECTION ( 'NONE',  ( -0.08715574274766128800, 0.9961946980917452100, 0.0000000000000000000 ) ) ;
#3247 = EDGE_CURVE ( 'NONE', #1099, #4471, #3420, .T. ) ;
#3248 = FACE_OUTER_BOUND ( 'NONE', #477, .T. ) ;
#3249 = DIRECTION ( 'NONE',  ( 0.0000000000000000000, 0.0000000000000000000, 1.000000000000000000 ) ) ;
#3250 = ORIENTED_EDGE ( 'NONE', *, *, #2627, .T. ) ;
#3251 = ORIENTED_EDGE ( 'NONE', *, *, #2778, .T. ) ;
#3252 = CARTESIAN_POINT ( 'NONE',  ( -2.142747693882932400, 0.01558127690695090000, -0.1124999999999999800 ) ) ;
#3253 = CARTESIAN_POINT ( 'NONE',  ( -2.450000000000000200, 0.1897396116033688600, 0.3875000000000000700 ) ) ;
#3254 = FACE_OUTER_BOUND ( 'NONE', #2059, .T. ) ;
#3255 = EDGE_LOOP ( 'NONE', ( #65, #3793, #1135, #1956 ) ) ;
#3256 = EDGE_CURVE ( 'NONE', #3371, #573, #866, .T. ) ;
#3257 = DIRECTION ( 'NONE',  ( -0.0000000000000000000, -0.0000000000000000000, -1.000000000000000000 ) ) ;
#3258 = CARTESIAN_POINT ( 'NONE',  ( -1.476670933428449100, 0.8000000000000000400, 0.1124999999999999800 ) ) ;
#3259 = LINE ( 'NONE', #3714, #2666 ) ;
#3260 = CIRCLE ( 'NONE', #3411, 0.1499999999999999700 ) ;
#3261 = VERTEX_POINT ( 'NONE', #2325 ) ;
#3262 = AXIS2_PLACEMENT_3D ( 'NONE', #3751, #1904, #41 ) ;
#3263 = LINE ( 'NONE', #2756, #2434 ) ;
#3264 = CARTESIAN_POINT ( 'NONE',  ( 1.873869829047064800, 0.5486692206721369700, -0.1124999999999999800 ) ) ;
#3265 = CARTESIAN_POINT ( 'NONE',  ( 1.806939028189363600, 0.6100000000000003200, 1.112500000000000000 ) ) ;
#3266 = CARTESIAN_POINT ( 'NONE',  ( -1.476670933428449100, 0.8000000000000000400, 0.1124999999999999800 ) ) ;
#3267 = CARTESIAN_POINT ( 'NONE',  ( -1.806939028189363600, 0.5428135343563766900, -0.6124999999999999300 ) ) ;
#3268 = FACE_OUTER_BOUND ( 'NONE', #1361, .T. ) ;
#3269 = DIRECTION ( 'NONE',  ( -0.05233595624293736800, 0.9986295347545742800, 0.0000000000000000000 ) ) ;
#3270 = ADVANCED_FACE ( 'NONE', ( #3180 ), #4586, .F. ) ;
#3271 = VERTEX_POINT ( 'NONE', #101 ) ;
#3272 = ORIENTED_EDGE ( 'NONE', *, *, #2263, .F. ) ;
#3273 = VERTEX_POINT ( 'NONE', #3474 ) ;
#3274 = EDGE_LOOP ( 'NONE', ( #3673, #3085, #1171, #2365, #3820, #3322, #481, #4065, #3851, #2944, #3832, #1289 ) ) ;
#3275 = AXIS2_PLACEMENT_3D ( 'NONE', #996, #3598, #3976 ) ;
#3276 = VECTOR ( 'NONE', #4033, 1000.000000000000000 ) ;
#3277 = DIRECTION ( 'NONE',  ( -0.08715574274765985900, -0.9961946980917454300, -0.0000000000000000000 ) ) ;
#3278 = EDGE_CURVE ( 'NONE', #1491, #2799, #1331, .T. ) ;
#3279 = VECTOR ( 'NONE', #3730, 1000.000000000000000 ) ;
#3280 = VECTOR ( 'NONE', #1024, 1000.000000000000200 ) ;
#3281 = ORIENTED_EDGE ( 'NONE', *, *, #3700, .F. ) ;
#3282 = EDGE_CURVE ( 'NONE', #4205, #141, #1976, .T. ) ;
#3283 = CARTESIAN_POINT ( 'NONE',  ( 2.063146821684495700, 0.5652288117941927100, 0.1124999999999999800 ) ) ;
#3284 = LINE ( 'NONE', #961, #3932 ) ;
#3285 = VERTEX_POINT ( 'NONE', #496 ) ;
#3286 = EDGE_CURVE ( 'NONE', #3583, #1221, #2418, .T. ) ;
#3287 = DIRECTION ( 'NONE',  ( 0.0000000000000000000, 1.000000000000000000, 0.0000000000000000000 ) ) ;
#3288 = AXIS2_PLACEMENT_3D ( 'NONE', #3854, #3903, #2403 ) ;
#3289 = LINE ( 'NONE', #4333, #4539 ) ;
#3290 = EDGE_CURVE ( 'NONE', #117, #3989, #452, .T. ) ;
#3291 = ADVANCED_FACE ( 'NONE', ( #4015 ), #1446, .F. ) ;
#3292 = DIRECTION ( 'NONE',  ( -1.000000000000000000, 0.0000000000000000000, 0.0000000000000000000 ) ) ;
#3293 = CARTESIAN_POINT ( 'NONE',  ( 2.063146821684495700, 0.5652288117941927100, 0.1124999999999999800 ) ) ;
#3294 = AXIS2_PLACEMENT_3D ( 'NONE', #2372, #909, #4266 ) ;
#3295 = CARTESIAN_POINT ( 'NONE',  ( -1.806939028189363600, 0.5428135343563766900, -0.1124999999999999800 ) ) ;
#3296 = DIRECTION ( 'NONE',  ( 0.08715574274766130200, -0.9961946980917452100, -0.0000000000000000000 ) ) ;
#3297 = DIRECTION ( 'NONE',  ( 0.0000000000000000000, 0.0000000000000000000, 1.000000000000000000 ) ) ;
#3298 = DIRECTION ( 'NONE',  ( 0.0000000000000000000, 1.000000000000000000, 0.0000000000000000000 ) ) ;
#3299 = ORIENTED_EDGE ( 'NONE', *, *, #4835, .F. ) ;
#3300 = PLANE ( 'NONE',  #3343 ) ;
#3301 = FACE_OUTER_BOUND ( 'NONE', #1253, .T. ) ;
#3302 = ORIENTED_EDGE ( 'NONE', *, *, #809, .F. ) ;
#3303 = ADVANCED_FACE ( 'NONE', ( #702 ), #2667, .F. ) ;
#3304 = DIRECTION ( 'NONE',  ( -0.0000000000000000000, -0.0000000000000000000, -1.000000000000000000 ) ) ;
#3305 = ORIENTED_EDGE ( 'NONE', *, *, #3256, .T. ) ;
#3306 = CARTESIAN_POINT ( 'NONE',  ( -1.806939028189363600, 0.6100000000000003200, 0.6124999999999999300 ) ) ;
#3307 = CARTESIAN_POINT ( 'NONE',  ( 2.450000000000000200, 0.1897396116033688300, 0.8875000000000000700 ) ) ;
#3308 = EDGE_CURVE ( 'NONE', #4433, #2050, #4849, .T. ) ;
#3309 = EDGE_CURVE ( 'NONE', #37, #4304, #2096, .T. ) ;
#3310 = VECTOR ( 'NONE', #547, 1000.000000000000000 ) ;
#3311 = CARTESIAN_POINT ( 'NONE',  ( -2.450000000000000200, 0.1897396116033688600, 1.112500000000000000 ) ) ;
#3312 = ADVANCED_FACE ( 'NONE', ( #2203 ), #4648, .T. ) ;
#3313 = DIRECTION ( 'NONE',  ( 0.0000000000000000000, 0.0000000000000000000, 1.000000000000000000 ) ) ;
#3314 = FACE_OUTER_BOUND ( 'NONE', #2204, .T. ) ;
#3315 = AXIS2_PLACEMENT_3D ( 'NONE', #1089, #1846, #3327 ) ;
#3316 = CARTESIAN_POINT ( 'NONE',  ( 2.142747693882932400, 0.01558127690695090000, 0.1124999999999999800 ) ) ;
#3317 = VERTEX_POINT ( 'NONE', #2794 ) ;
#3318 = UNCERTAINTY_MEASURE_WITH_UNIT (LENGTH_MEASURE( 1.000000000000000100E-005 ), #4848, 'distance_accuracy_value', 'NONE');
#3319 = ORIENTED_EDGE ( 'NONE', *, *, #540, .F. ) ;
#3320 = VECTOR ( 'NONE', #364, 1000.000000000000100 ) ;
#3321 = ORIENTED_EDGE ( 'NONE', *, *, #4460, .T. ) ;
#3322 = ORIENTED_EDGE ( 'NONE', *, *, #574, .T. ) ;
#3323 = AXIS2_PLACEMENT_3D ( 'NONE', #622, #985, #3590 ) ;
#3324 = DIRECTION ( 'NONE',  ( -0.0000000000000000000, -0.0000000000000000000, -1.000000000000000000 ) ) ;
#3325 = DIRECTION ( 'NONE',  ( -0.0000000000000000000, -0.0000000000000000000, -1.000000000000000000 ) ) ;
#3326 = CARTESIAN_POINT ( 'NONE',  ( 2.440056168313842200, 0.0000000000000000000, 0.8875000000000000700 ) ) ;
#3327 = DIRECTION ( 'NONE',  ( 0.08715574274766130200, -0.9961946980917452100, 0.0000000000000000000 ) ) ;
#3328 = LINE ( 'NONE', #3682, #2329 ) ;
#3329 = ORIENTED_EDGE ( 'NONE', *, *, #1205, .T. ) ;
#3330 = EDGE_LOOP ( 'NONE', ( #2859, #2670, #1680, #2711 ) ) ;
#3331 = ORIENTED_EDGE ( 'NONE', *, *, #4837, .T. ) ;
#3332 = CARTESIAN_POINT ( 'NONE',  ( -2.450000000000000200, 0.1897396116033688600, -0.3875000000000000700 ) ) ;
#3333 = ADVANCED_FACE ( 'NONE', ( #158 ), #4068, .T. ) ;
#3334 =( LENGTH_UNIT ( ) NAMED_UNIT ( * ) SI_UNIT ( .MILLI., .METRE. ) );
#3335 = VERTEX_POINT ( 'NONE', #2387 ) ;
#3336 = EDGE_LOOP ( 'NONE', ( #2570, #1506, #2745, #3802 ) ) ;
#3337 = EDGE_LOOP ( 'NONE', ( #4497, #1218, #431, #3570 ) ) ;
#3338 = CARTESIAN_POINT ( 'NONE',  ( 2.440056168313842200, 0.0000000000000000000, -0.8875000000000000700 ) ) ;
#3339 = VECTOR ( 'NONE', #894, 1000.000000000000200 ) ;
#3340 = LINE ( 'NONE', #2319, #2940 ) ;
#3341 = ORIENTED_EDGE ( 'NONE', *, *, #1794, .T. ) ;
#3342 = ADVANCED_FACE ( 'NONE', ( #3665 ), #1284, .F. ) ;
#3343 = AXIS2_PLACEMENT_3D ( 'NONE', #1908, #4093, #345 ) ;
#3344 = LINE ( 'NONE', #2864, #3105 ) ;
#3345 = DIRECTION ( 'NONE',  ( 0.9986295347545742800, 0.05233595624293682600, -0.0000000000000000000 ) ) ;
#3346 = PLANE ( 'NONE',  #3655 ) ;
#3347 = ORIENTED_EDGE ( 'NONE', *, *, #4773, .F. ) ;
#3348 = VERTEX_POINT ( 'NONE', #2415 ) ;
#3349 = FACE_OUTER_BOUND ( 'NONE', #4756, .T. ) ;
#3350 = STYLED_ITEM ( 'NONE', ( #92 ), #581 ) ;
#3351 = DIRECTION ( 'NONE',  ( 0.0000000000000000000, 0.0000000000000000000, 1.000000000000000000 ) ) ;
#3352 = DIRECTION ( 'NONE',  ( -1.000000000000000000, 0.0000000000000000000, 0.0000000000000000000 ) ) ;
#3353 = CARTESIAN_POINT ( 'NONE',  ( -2.450000000000000200, 0.1897396116033688600, 0.1124999999999999800 ) ) ;
#3354 = DIRECTION ( 'NONE',  ( 0.05233595624293681900, 0.9986295347545742800, -0.0000000000000000000 ) ) ;
#3355 = EDGE_CURVE ( 'NONE', #724, #4216, #336, .T. ) ;
#3356 = SURFACE_STYLE_FILL_AREA ( #4110 ) ;
#3357 = DIRECTION ( 'NONE',  ( -0.0000000000000000000, -0.0000000000000000000, -1.000000000000000000 ) ) ;
#3358 = FACE_OUTER_BOUND ( 'NONE', #4151, .T. ) ;
#3359 = ORIENTED_EDGE ( 'NONE', *, *, #4070, .T. ) ;
#3360 = CARTESIAN_POINT ( 'NONE',  ( 1.900000000000000100, 0.2500000000000000000, -0.3875000000000000700 ) ) ;
#3361 = PLANE ( 'NONE',  #62 ) ;
#3362 = DIRECTION ( 'NONE',  ( 0.0000000000000000000, 0.0000000000000000000, 1.000000000000000000 ) ) ;
#3363 = ORIENTED_EDGE ( 'NONE', *, *, #571, .F. ) ;
#3364 = VECTOR ( 'NONE', #44, 1000.000000000000100 ) ;
#3365 = ORIENTED_EDGE ( 'NONE', *, *, #100, .T. ) ;
#3366 = ADVANCED_FACE ( 'NONE', ( #3540 ), #2965, .F. ) ;
#3367 = DIRECTION ( 'NONE',  ( 0.1218693434051425900, 0.9925461516413225400, 0.0000000000000000000 ) ) ;
#3368 = DIRECTION ( 'NONE',  ( -0.0000000000000000000, -0.0000000000000000000, -1.000000000000000000 ) ) ;
#3369 = CIRCLE ( 'NONE', #2447, 0.06718646564362382200 ) ;
#3370 = VERTEX_POINT ( 'NONE', #3537 ) ;
#3371 = VERTEX_POINT ( 'NONE', #527 ) ;
#3372 = CARTESIAN_POINT ( 'NONE',  ( 1.499999999999999800, 0.6100000000000003200, -1.500000000000000400 ) ) ;
#3373 = VECTOR ( 'NONE', #1919, 1000.000000000000100 ) ;
#3374 = ORIENTED_EDGE ( 'NONE', *, *, #4270, .F. ) ;
#3375 = LINE ( 'NONE', #2539, #3712 ) ;
#3376 = ORIENTED_EDGE ( 'NONE', *, *, #2849, .T. ) ;
#3377 = FACE_OUTER_BOUND ( 'NONE', #3337, .T. ) ;
#3378 = CARTESIAN_POINT ( 'NONE',  ( -1.500000000000000000, 0.6100000000000003200, 0.1124999999999999800 ) ) ;
#3379 = EDGE_CURVE ( 'NONE', #1607, #4504, #213, .T. ) ;
#3380 = EDGE_CURVE ( 'NONE', #3051, #1042, #3833, .T. ) ;
#3381 = VERTEX_POINT ( 'NONE', #1295 ) ;
#3382 = LINE ( 'NONE', #4318, #4676 ) ;
#3383 = CARTESIAN_POINT ( 'NONE',  ( -1.873869829047064800, 0.5486692206721369700, -1.112500000000000000 ) ) ;
#3384 = AXIS2_PLACEMENT_3D ( 'NONE', #1860, #2249, #349 ) ;
#3385 = VECTOR ( 'NONE', #4342, 1000.000000000000100 ) ;
#3386 = VERTEX_POINT ( 'NONE', #967 ) ;
#3387 = PLANE ( 'NONE',  #2026 ) ;
#3388 = VERTEX_POINT ( 'NONE', #1667 ) ;
#3389 = VERTEX_POINT ( 'NONE', #576 ) ;
#3390 = EDGE_LOOP ( 'NONE', ( #3099, #3415, #2848, #654 ) ) ;
#3391 = PRESENTATION_LAYER_ASSIGNMENT (  '', '', ( #701 ) ) ;
#3392 = CARTESIAN_POINT ( 'NONE',  ( -1.900000000000000100, 0.2500000000000000000, 1.112500000000000000 ) ) ;
#3393 = CARTESIAN_POINT ( 'NONE',  ( 1.500000000000000000, 0.6100000000000003200, 0.3875000000000000700 ) ) ;
#3394 = PRODUCT ( 'SOT552-1', 'SOT552-1', '', ( #968 ) ) ;
#3395 = VECTOR ( 'NONE', #1258, 1000.000000000000000 ) ;
#3396 = ORIENTED_EDGE ( 'NONE', *, *, #1518, .F. ) ;
#3397 = CARTESIAN_POINT ( 'NONE',  ( 1.476670933428449100, 0.8000000000000000400, -0.1124999999999999800 ) ) ;
#3398 = PLANE ( 'NONE',  #1685 ) ;
#3399 = DIRECTION ( 'NONE',  ( -1.000000000000000000, 0.0000000000000000000, 0.0000000000000000000 ) ) ;
#3400 = DIRECTION ( 'NONE',  ( -1.000000000000000000, 0.0000000000000000000, 0.0000000000000000000 ) ) ;
#3401 = COLOUR_RGB ( '',0.7921568627450980000, 0.8196078431372548800, 0.9333333333333333500 ) ;
#3402 = LINE ( 'NONE', #1203, #3520 ) ;
#3403 = CARTESIAN_POINT ( 'NONE',  ( 1.900000000000000100, 0.2500000000000000000, -0.8875000000000000700 ) ) ;
#3404 = VECTOR ( 'NONE', #572, 1000.000000000000000 ) ;
#3405 = CIRCLE ( 'NONE', #4079, 0.2571864656436234600 ) ;
#3406 = VERTEX_POINT ( 'NONE', #4661 ) ;
#3407 = EDGE_CURVE ( 'NONE', #1505, #3861, #4721, .T. ) ;
#3408 = DIRECTION ( 'NONE',  ( -0.0000000000000000000, -0.0000000000000000000, -1.000000000000000000 ) ) ;
#3409 = LINE ( 'NONE', #3413, #1150 ) ;
#3410 = DIRECTION ( 'NONE',  ( -0.08715574274766130200, 0.9961946980917452100, 0.0000000000000000000 ) ) ;
#3411 = AXIS2_PLACEMENT_3D ( 'NONE', #3737, #3298, #1817 ) ;
#3412 = DIRECTION ( 'NONE',  ( -0.0000000000000000000, 0.0000000000000000000, -1.000000000000000000 ) ) ;
#3413 = CARTESIAN_POINT ( 'NONE',  ( -2.152691525569090400, 0.2053208885103196300, 1.112500000000000000 ) ) ;
#3414 = DIRECTION ( 'NONE',  ( -0.0000000000000000000, -0.0000000000000000000, -1.000000000000000000 ) ) ;
#3415 = ORIENTED_EDGE ( 'NONE', *, *, #3184, .F. ) ;
#3416 = CARTESIAN_POINT ( 'NONE',  ( -2.063146821684496100, 0.5652288117941926000, 1.112500000000000000 ) ) ;
#3417 = PRESENTATION_STYLE_ASSIGNMENT (( #1117 ) ) ;
#3418 = ADVANCED_FACE ( 'NONE', ( #3301 ), #3523, .F. ) ;
#3419 = ORIENTED_EDGE ( 'NONE', *, *, #2696, .T. ) ;
#3420 = LINE ( 'NONE', #4550, #3779 ) ;
#3421 = DIRECTION ( 'NONE',  ( -0.0000000000000000000, -1.000000000000000000, -0.0000000000000000000 ) ) ;
#3422 = ORIENTED_EDGE ( 'NONE', *, *, #3856, .T. ) ;
#3423 = CARTESIAN_POINT ( 'NONE',  ( 2.450000000000000200, 0.1897396116033688300, 0.6124999999999999300 ) ) ;
#3424 = LINE ( 'NONE', #2881, #2314 ) ;
#3425 = ORIENTED_EDGE ( 'NONE', *, *, #2438, .F. ) ;
#3426 = DIRECTION ( 'NONE',  ( 0.0000000000000000000, 1.000000000000000000, 0.0000000000000000000 ) ) ;
#3427 = VERTEX_POINT ( 'NONE', #1719 ) ;
#3428 = CARTESIAN_POINT ( 'NONE',  ( -1.806939028189363600, 0.6100000000000003200, -0.3875000000000000700 ) ) ;
#3429 = CARTESIAN_POINT ( 'NONE',  ( -1.873869829047064800, 0.5486692206721369700, -0.1124999999999999800 ) ) ;
#3430 = LINE ( 'NONE', #2397, #3676 ) ;
#3431 = DIRECTION ( 'NONE',  ( -1.000000000000000000, 0.0000000000000000000, 0.0000000000000000000 ) ) ;
#3432 = EDGE_CURVE ( 'NONE', #2450, #2464, #4786, .T. ) ;
#3433 = AXIS2_PLACEMENT_3D ( 'NONE', #439, #3840, #484 ) ;
#3434 = VERTEX_POINT ( 'NONE', #2021 ) ;
#3435 = DIRECTION ( 'NONE',  ( -0.0000000000000000000, -0.0000000000000000000, -1.000000000000000000 ) ) ;
#3436 = FACE_OUTER_BOUND ( 'NONE', #2875, .T. ) ;
#3437 = EDGE_CURVE ( 'NONE', #3141, #3062, #3722, .T. ) ;
#3438 = DIRECTION ( 'NONE',  ( 2.168404344971009100E-016, -0.0000000000000000000, 1.000000000000000000 ) ) ;
#3439 = ORIENTED_EDGE ( 'NONE', *, *, #2396, .T. ) ;
#3440 = DIRECTION ( 'NONE',  ( -0.9986295347545742800, -0.05233595624293728400, -0.0000000000000000000 ) ) ;
#3441 = COLOUR_RGB ( '',1.000000000000000000, 1.000000000000000000, 1.000000000000000000 ) ;
#3442 = ORIENTED_EDGE ( 'NONE', *, *, #2993, .T. ) ;
#3443 = EDGE_CURVE ( 'NONE', #1469, #3051, #1098, .T. ) ;
#3444 = EDGE_CURVE ( 'NONE', #2176, #1536, #1041, .T. ) ;
#3445 = LINE ( 'NONE', #1744, #4389 ) ;
#3446 = DIRECTION ( 'NONE',  ( -0.0000000000000000000, -0.0000000000000000000, -1.000000000000000000 ) ) ;
#3447 = ORIENTED_EDGE ( 'NONE', *, *, #4460, .F. ) ;
#3448 = ORIENTED_EDGE ( 'NONE', *, *, #202, .T. ) ;
#3449 =( NAMED_UNIT ( * ) SI_UNIT ( $, .STERADIAN. ) SOLID_ANGLE_UNIT ( ) );
#3450 = EDGE_LOOP ( 'NONE', ( #700, #521, #1186, #4398 ) ) ;
#3451 = MECHANICAL_DESIGN_GEOMETRIC_PRESENTATION_REPRESENTATION (  '', ( #454 ), #1458 ) ;
#3452 = CARTESIAN_POINT ( 'NONE',  ( -1.476670933428449100, 0.8000000000000000400, 0.1124999999999999800 ) ) ;
#3453 = VERTEX_POINT ( 'NONE', #1248 ) ;
#3454 = ORIENTED_EDGE ( 'NONE', *, *, #3290, .T. ) ;
#3455 = VERTEX_POINT ( 'NONE', #2225 ) ;
#3456 = PLANE ( 'NONE',  #2118 ) ;
#3457 = AXIS2_PLACEMENT_3D ( 'NONE', #926, #1302, #4273 ) ;
#3458 = LINE ( 'NONE', #2360, #4102 ) ;
#3459 = LINE ( 'NONE', #2421, #4527 ) ;
#3460 = ORIENTED_EDGE ( 'NONE', *, *, #76, .T. ) ;
#3461 = DIRECTION ( 'NONE',  ( -0.1218693434051425900, 0.9925461516413225400, 0.0000000000000000000 ) ) ;
#3462 = FACE_OUTER_BOUND ( 'NONE', #509, .T. ) ;
#3463 = VECTOR ( 'NONE', #2058, 1000.000000000000000 ) ;
#3464 = ORIENTED_EDGE ( 'NONE', *, *, #646, .F. ) ;
#3465 = ORIENTED_EDGE ( 'NONE', *, *, #479, .T. ) ;
#3466 = DIRECTION ( 'NONE',  ( -1.000000000000000000, -0.0000000000000000000, -0.0000000000000000000 ) ) ;
#3467 = DIRECTION ( 'NONE',  ( 0.0000000000000000000, 0.0000000000000000000, 1.000000000000000000 ) ) ;
#3468 = CARTESIAN_POINT ( 'NONE',  ( 1.806939028189363600, 0.5428135343563765800, 0.1124999999999999800 ) ) ;
#3469 = VERTEX_POINT ( 'NONE', #1530 ) ;
#3470 = CARTESIAN_POINT ( 'NONE',  ( 2.152691525569090400, 0.2053208885103196300, 0.6124999999999999300 ) ) ;
#3471 = FACE_OUTER_BOUND ( 'NONE', #1739, .T. ) ;
#3472 = EDGE_CURVE ( 'NONE', #505, #4471, #1568, .T. ) ;
#3473 = EDGE_CURVE ( 'NONE', #1872, #1741, #4663, .T. ) ;
#3474 = CARTESIAN_POINT ( 'NONE',  ( 2.063146821684495700, 0.5652288117941927100, 0.3875000000000000700 ) ) ;
#3475 = VECTOR ( 'NONE', #2199, 1000.000000000000000 ) ;
#3476 = AXIS2_PLACEMENT_3D ( 'NONE', #1444, #2140, #2494 ) ;
#3477 = DIRECTION ( 'NONE',  ( -0.0000000000000000000, -0.0000000000000000000, -1.000000000000000000 ) ) ;
#3478 = DIRECTION ( 'NONE',  ( -0.0000000000000000000, -0.0000000000000000000, -1.000000000000000000 ) ) ;
#3479 = VERTEX_POINT ( 'NONE', #1897 ) ;
#3480 = DIRECTION ( 'NONE',  ( -0.1218693434051425900, 0.9925461516413225400, 0.0000000000000000000 ) ) ;
#3481 = LINE ( 'NONE', #2202, #4011 ) ;
#3482 = ORIENTED_EDGE ( 'NONE', *, *, #911, .T. ) ;
#3483 = CARTESIAN_POINT ( 'NONE',  ( 1.806939028189363600, 0.6100000000000003200, 0.3875000000000000700 ) ) ;
#3484 = DIRECTION ( 'NONE',  ( 0.1218693434051425900, -0.9925461516413225400, -0.0000000000000000000 ) ) ;
#3485 = ORIENTED_EDGE ( 'NONE', *, *, #2846, .T. ) ;
#3486 = ORIENTED_EDGE ( 'NONE', *, *, #395, .F. ) ;
#3487 = COLOUR_RGB ( '',0.7921568627450980000, 0.8196078431372548800, 0.9333333333333333500 ) ;
#3488 = DIRECTION ( 'NONE',  ( -1.000000000000000000, 0.0000000000000000000, 0.0000000000000000000 ) ) ;
#3489 = ORIENTED_EDGE ( 'NONE', *, *, #3308, .T. ) ;
#3490 = ORIENTED_EDGE ( 'NONE', *, *, #4742, .T. ) ;
#3491 = LINE ( 'NONE', #3599, #1520 ) ;
#3492 = ADVANCED_FACE ( 'NONE', ( #813 ), #2246, .F. ) ;
#3493 = ORIENTED_EDGE ( 'NONE', *, *, #2335, .T. ) ;
#3494 = LINE ( 'NONE', #886, #1879 ) ;
#3495 = CARTESIAN_POINT ( 'NONE',  ( -2.063146821684496100, 0.5652288117941926000, -0.8875000000000000700 ) ) ;
#3496 = DIRECTION ( 'NONE',  ( -1.000000000000000000, 0.0000000000000000000, 0.0000000000000000000 ) ) ;
#3497 = ORIENTED_EDGE ( 'NONE', *, *, #3218, .T. ) ;
#3498 = FACE_OUTER_BOUND ( 'NONE', #1821, .T. ) ;
#3499 = DIRECTION ( 'NONE',  ( -0.9961946980917453200, -0.08715574274766131600, 0.0000000000000000000 ) ) ;
#3500 = EDGE_CURVE ( 'NONE', #129, #3389, #2659, .T. ) ;
#3501 = DIRECTION ( 'NONE',  ( 0.0000000000000000000, 0.0000000000000000000, 1.000000000000000000 ) ) ;
#3502 = DIRECTION ( 'NONE',  ( -0.0000000000000000000, -0.0000000000000000000, -1.000000000000000000 ) ) ;
#3503 = FACE_OUTER_BOUND ( 'NONE', #2782, .T. ) ;
#3504 = ORIENTED_EDGE ( 'NONE', *, *, #3278, .F. ) ;
#3505 = ORIENTED_EDGE ( 'NONE', *, *, #1263, .T. ) ;
#3506 = ORIENTED_EDGE ( 'NONE', *, *, #1832, .F. ) ;
#3507 = CARTESIAN_POINT ( 'NONE',  ( -1.500000000000000700, 0.6100000000000003200, -1.499999999999999800 ) ) ;
#3508 = DIRECTION ( 'NONE',  ( -1.000000000000000000, 0.0000000000000000000, 0.0000000000000000000 ) ) ;
#3509 = AXIS2_PLACEMENT_3D ( 'NONE', #83, #2674, #2293 ) ;
#3510 = VERTEX_POINT ( 'NONE', #1156 ) ;
#3511 = ORIENTED_EDGE ( 'NONE', *, *, #2647, .T. ) ;
#3512 = APPLICATION_PROTOCOL_DEFINITION ( 'draft international standard', 'automotive_design', 1998, #941 ) ;
#3513 = ORIENTED_EDGE ( 'NONE', *, *, #4561, .F. ) ;
#3514 = CARTESIAN_POINT ( 'NONE',  ( 1.500000000000000000, 0.6100000000000003200, 0.8875000000000000700 ) ) ;
#3515 = FACE_OUTER_BOUND ( 'NONE', #3979, .T. ) ;
#3516 = VERTEX_POINT ( 'NONE', #3745 ) ;
#3517 = AXIS2_PLACEMENT_3D ( 'NONE', #4711, #1756, #4351 ) ;
#3518 = PLANE ( 'NONE',  #2480 ) ;
#3519 = DIRECTION ( 'NONE',  ( -0.9986295347545742800, -0.05233595624293728400, -0.0000000000000000000 ) ) ;
#3520 = VECTOR ( 'NONE', #3466, 1000.000000000000000 ) ;
#3521 = VERTEX_POINT ( 'NONE', #3728 ) ;
#3522 = VECTOR ( 'NONE', #2766, 1000.000000000000000 ) ;
#3523 = PLANE ( 'NONE',  #2638 ) ;
#3524 = FACE_OUTER_BOUND ( 'NONE', #1600, .T. ) ;
#3525 = DIRECTION ( 'NONE',  ( 0.1209742911513548400, -0.9852565360152931700, 0.1209742911513548000 ) ) ;
#3526 = ORIENTED_EDGE ( 'NONE', *, *, #1387, .F. ) ;
#3527 = CARTESIAN_POINT ( 'NONE',  ( -2.152691525569090400, 0.2053208885103196300, -0.3875000000000000700 ) ) ;
#3528 = DIRECTION ( 'NONE',  ( -0.0000000000000000000, -0.0000000000000000000, -1.000000000000000000 ) ) ;
#3529 = AXIS2_PLACEMENT_3D ( 'NONE', #471, #1541, #1165 ) ;
#3530 = LINE ( 'NONE', #1884, #558 ) ;
#3531 = CARTESIAN_POINT ( 'NONE',  ( -1.500000000000000000, 0.6100000000000003200, 1.112500000000000000 ) ) ;
#3532 = DIRECTION ( 'NONE',  ( 0.05233595624293681900, -0.9986295347545742800, 0.0000000000000000000 ) ) ;
#3533 = EDGE_CURVE ( 'NONE', #177, #4417, #2037, .T. ) ;
#3534 = ORIENTED_EDGE ( 'NONE', *, *, #295, .T. ) ;
#3535 = EDGE_CURVE ( 'NONE', #3453, #3696, #2268, .T. ) ;
#3536 = FACE_OUTER_BOUND ( 'NONE', #4573, .T. ) ;
#3537 = CARTESIAN_POINT ( 'NONE',  ( 1.476670933428449100, 0.8000000000000000400, -0.3875000000000000700 ) ) ;
#3538 = ORIENTED_EDGE ( 'NONE', *, *, #3731, .T. ) ;
#3539 = ADVANCED_FACE ( 'NONE', ( #3248 ), #754, .F. ) ;
#3540 = FACE_OUTER_BOUND ( 'NONE', #3054, .T. ) ;
#3541 = DIRECTION ( 'NONE',  ( -0.0000000000000000000, -0.0000000000000000000, -1.000000000000000000 ) ) ;
#3542 = ORIENTED_EDGE ( 'NONE', *, *, #3954, .F. ) ;
#3543 = AXIS2_PLACEMENT_3D ( 'NONE', #1382, #2900, #1058 ) ;
#3544 = DIRECTION ( 'NONE',  ( -1.000000000000000000, 0.0000000000000000000, 0.0000000000000000000 ) ) ;
#3545 = DIRECTION ( 'NONE',  ( -0.0000000000000000000, 0.0000000000000000000, -1.000000000000000000 ) ) ;
#3546 = DIRECTION ( 'NONE',  ( -1.000000000000000000, 0.0000000000000000000, 0.0000000000000000000 ) ) ;
#3547 = LINE ( 'NONE', #1531, #1572 ) ;
#3548 = DIRECTION ( 'NONE',  ( 0.1218693434051425900, 0.9925461516413225400, 0.0000000000000000000 ) ) ;
#3549 = EDGE_CURVE ( 'NONE', #3271, #1593, #1441, .T. ) ;
#3550 = DIRECTION ( 'NONE',  ( 0.9961946980917454300, -0.08715574274765987300, 0.0000000000000000000 ) ) ;
#3551 = ORIENTED_EDGE ( 'NONE', *, *, #4231, .T. ) ;
#3552 = AXIS2_PLACEMENT_3D ( 'NONE', #1969, #4617, #135 ) ;
#3553 = CIRCLE ( 'NONE', #1590, 0.06718646564362382200 ) ;
#3554 = VERTEX_POINT ( 'NONE', #2871 ) ;
#3555 = DIRECTION ( 'NONE',  ( -1.000000000000000000, 0.0000000000000000000, 0.0000000000000000000 ) ) ;
#3556 = CIRCLE ( 'NONE', #2205, 0.06718646564362360000 ) ;
#3557 = DIRECTION ( 'NONE',  ( 0.0000000000000000000, 1.000000000000000000, 0.0000000000000000000 ) ) ;
#3558 = CIRCLE ( 'NONE', #2511, 0.06718646564362360000 ) ;
#3559 = CARTESIAN_POINT ( 'NONE',  ( -3.130133092792194000E-016, 0.1499999999999997400, -1.443519101984663800 ) ) ;
#3560 = FILL_AREA_STYLE ('',( #4003 ) ) ;
#3561 = DIRECTION ( 'NONE',  ( 0.0000000000000000000, 0.0000000000000000000, 1.000000000000000000 ) ) ;
#3562 = ORIENTED_EDGE ( 'NONE', *, *, #1970, .T. ) ;
#3563 = ADVANCED_FACE ( 'NONE', ( #1562 ), #4424, .F. ) ;
#3564 = EDGE_LOOP ( 'NONE', ( #551, #2493, #4814, #3135 ) ) ;
#3565 = EDGE_CURVE ( 'NONE', #668, #953, #2262, .T. ) ;
#3566 = ORIENTED_EDGE ( 'NONE', *, *, #4809, .F. ) ;
#3567 = LINE ( 'NONE', #843, #1474 ) ;
#3568 = DIRECTION ( 'NONE',  ( 0.0000000000000000000, 0.0000000000000000000, 1.000000000000000000 ) ) ;
#3569 = EDGE_CURVE ( 'NONE', #4343, #4209, #275, .T. ) ;
#3570 = ORIENTED_EDGE ( 'NONE', *, *, #3473, .T. ) ;
#3571 = DIRECTION ( 'NONE',  ( -1.000000000000000000, 0.0000000000000000000, 0.0000000000000000000 ) ) ;
#3572 = ORIENTED_EDGE ( 'NONE', *, *, #3220, .T. ) ;
#3573 = EDGE_CURVE ( 'NONE', #1836, #257, #637, .T. ) ;
#3574 = DIRECTION ( 'NONE',  ( -1.000000000000000000, 0.0000000000000000000, 0.0000000000000000000 ) ) ;
#3575 = VECTOR ( 'NONE', #4163, 1000.000000000000000 ) ;
#3576 = LINE ( 'NONE', #3495, #545 ) ;
#3577 = CARTESIAN_POINT ( 'NONE',  ( -1.806939028189363600, 0.6100000000000003200, -0.1124999999999999800 ) ) ;
#3578 = EDGE_CURVE ( 'NONE', #3455, #3196, #2605, .T. ) ;
#3579 = EDGE_LOOP ( 'NONE', ( #3331, #1859, #245, #2230 ) ) ;
#3580 = VECTOR ( 'NONE', #3519, 1000.000000000000000 ) ;
#3581 = FACE_OUTER_BOUND ( 'NONE', #170, .T. ) ;
#3582 = ORIENTED_EDGE ( 'NONE', *, *, #815, .F. ) ;
#3583 = VERTEX_POINT ( 'NONE', #4367 ) ;
#3584 = DIRECTION ( 'NONE',  ( -0.08715574274766130200, 0.9961946980917452100, 0.0000000000000000000 ) ) ;
#3585 = LINE ( 'NONE', #426, #2251 ) ;
#3586 = ORIENTED_EDGE ( 'NONE', *, *, #4804, .F. ) ;
#3587 = CARTESIAN_POINT ( 'NONE',  ( 1.439835565157576500, 1.099999999999999600, -1.439835565157577200 ) ) ;
#3588 = DIRECTION ( 'NONE',  ( 0.05233595624293681900, -0.9986295347545742800, 0.0000000000000000000 ) ) ;
#3589 = ADVANCED_FACE ( 'NONE', ( #49 ), #2148, .T. ) ;
#3590 = DIRECTION ( 'NONE',  ( -0.08715574274766130200, -0.9961946980917452100, 0.0000000000000000000 ) ) ;
#3591 = DIRECTION ( 'NONE',  ( 0.0000000000000000000, 0.0000000000000000000, 1.000000000000000000 ) ) ;
#3592 = CARTESIAN_POINT ( 'NONE',  ( 2.450000000000000200, 0.1897396116033688300, -0.3875000000000000700 ) ) ;
#3593 = CYLINDRICAL_SURFACE ( 'NONE', #1509, 0.1499999999999999700 ) ;
#3594 = DIRECTION ( 'NONE',  ( -0.05233595624293682600, -0.9986295347545742800, 0.0000000000000000000 ) ) ;
#3595 = ORIENTED_EDGE ( 'NONE', *, *, #569, .F. ) ;
#3596 = ORIENTED_EDGE ( 'NONE', *, *, #3978, .T. ) ;
#3597 = VECTOR ( 'NONE', #1017, 1000.000000000000000 ) ;
#3598 = DIRECTION ( 'NONE',  ( -0.0000000000000000000, -0.0000000000000000000, -1.000000000000000000 ) ) ;
#3599 = CARTESIAN_POINT ( 'NONE',  ( 1.476670933428449100, 0.8000000000000000400, -0.8875000000000000700 ) ) ;
#3600 = ORIENTED_EDGE ( 'NONE', *, *, #3787, .T. ) ;
#3601 = EDGE_CURVE ( 'NONE', #4131, #4574, #4783, .T. ) ;
#3602 = DIRECTION ( 'NONE',  ( -1.000000000000000000, 0.0000000000000000000, 0.0000000000000000000 ) ) ;
#3603 = DIRECTION ( 'NONE',  ( -1.000000000000000000, 0.0000000000000000000, 0.0000000000000000000 ) ) ;
#3604 = EDGE_LOOP ( 'NONE', ( #2458, #22, #3447, #1974 ) ) ;
#3605 = DIRECTION ( 'NONE',  ( -0.0000000000000000000, -0.0000000000000000000, -1.000000000000000000 ) ) ;
#3606 = VERTEX_POINT ( 'NONE', #673 ) ;
#3607 = CIRCLE ( 'NONE', #2182, 0.2571864656436234600 ) ;
#3608 = CARTESIAN_POINT ( 'NONE',  ( 1.806939028189363600, 0.6100000000000003200, -0.8875000000000000700 ) ) ;
#3609 = MECHANICAL_DESIGN_GEOMETRIC_PRESENTATION_REPRESENTATION (  '', ( #2860 ), #1875 ) ;
#3610 = CARTESIAN_POINT ( 'NONE',  ( -1.806939028189363600, 0.5428135343563766900, 0.3875000000000000700 ) ) ;
#3611 = CARTESIAN_POINT ( 'NONE',  ( -2.440056168313842200, 0.0000000000000000000, -0.3875000000000000700 ) ) ;
#3612 = EDGE_LOOP ( 'NONE', ( #1448, #1574, #3956, #1106 ) ) ;
#3613 = CARTESIAN_POINT ( 'NONE',  ( -2.450000000000000200, 0.1897396116033688600, 1.112500000000000000 ) ) ;
#3614 = FACE_OUTER_BOUND ( 'NONE', #4283, .T. ) ;
#3615 = CARTESIAN_POINT ( 'NONE',  ( 2.440056168313842200, 0.0000000000000000000, 1.112500000000000000 ) ) ;
#3616 = VERTEX_POINT ( 'NONE', #1439 ) ;
#3617 = VECTOR ( 'NONE', #3532, 1000.000000000000100 ) ;
#3618 = DIRECTION ( 'NONE',  ( -1.000000000000000000, 0.0000000000000000000, 0.0000000000000000000 ) ) ;
#3619 = ADVANCED_FACE ( 'NONE', ( #4129 ), #4396, .F. ) ;
#3620 = ORIENTED_EDGE ( 'NONE', *, *, #2298, .T. ) ;
#3621 = DIRECTION ( 'NONE',  ( 0.05233595624293736800, 0.9986295347545742800, -0.0000000000000000000 ) ) ;
#3622 = DIRECTION ( 'NONE',  ( -0.0000000000000000000, -0.0000000000000000000, -1.000000000000000000 ) ) ;
#3623 = ORIENTED_EDGE ( 'NONE', *, *, #1575, .F. ) ;
#3624 = LINE ( 'NONE', #3723, #2792 ) ;
#3625 = DIRECTION ( 'NONE',  ( -0.08715574274766128800, 0.9961946980917452100, 0.0000000000000000000 ) ) ;
#3626 = CARTESIAN_POINT ( 'NONE',  ( -1.806939028189363600, 0.8000000000000000400, -0.8875000000000000700 ) ) ;
#3627 = VECTOR ( 'NONE', #1400, 1000.000000000000000 ) ;
#3628 = ORIENTED_EDGE ( 'NONE', *, *, #3821, .F. ) ;
#3629 = EDGE_LOOP ( 'NONE', ( #4644, #3800, #995, #4819, #2660, #2818, #2093, #4055, #526, #4793, #1548, #2375 ) ) ;
#3630 = UNCERTAINTY_MEASURE_WITH_UNIT (LENGTH_MEASURE( 1.000000000000000100E-005 ), #1648, 'distance_accuracy_value', 'NONE');
#3631 = VERTEX_POINT ( 'NONE', #280 ) ;
#3632 = PLANE ( 'NONE',  #1121 ) ;
#3633 = CARTESIAN_POINT ( 'NONE',  ( -2.152691525569090400, 0.2053208885103196300, 0.8875000000000000700 ) ) ;
#3634 = CARTESIAN_POINT ( 'NONE',  ( -1.873869829047064800, 0.5486692206721369700, 0.6124999999999999300 ) ) ;
#3635 = EDGE_LOOP ( 'NONE', ( #3983, #3930, #524, #1877 ) ) ;
#3636 = DIRECTION ( 'NONE',  ( -0.0000000000000000000, -0.0000000000000000000, -1.000000000000000000 ) ) ;
#3637 = EDGE_LOOP ( 'NONE', ( #3187, #2038, #3790, #1415 ) ) ;
#3638 = VERTEX_POINT ( 'NONE', #2166 ) ;
#3639 = CARTESIAN_POINT ( 'NONE',  ( -2.440056168313842200, 0.0000000000000000000, 1.112500000000000000 ) ) ;
#3640 = EDGE_CURVE ( 'NONE', #4471, #1442, #1273, .T. ) ;
#3641 = DIRECTION ( 'NONE',  ( -0.0000000000000000000, -0.0000000000000000000, -1.000000000000000000 ) ) ;
#3642 = EDGE_CURVE ( 'NONE', #3335, #3554, #3894, .T. ) ;
#3643 = LINE ( 'NONE', #938, #4346 ) ;
#3644 = CARTESIAN_POINT ( 'NONE',  ( -2.440056168313842200, 0.0000000000000000000, 1.112500000000000000 ) ) ;
#3645 = LINE ( 'NONE', #692, #2181 ) ;
#3646 = ORIENTED_EDGE ( 'NONE', *, *, #2449, .F. ) ;
#3647 = EDGE_CURVE ( 'NONE', #1661, #3388, #3241, .T. ) ;
#3648 = LINE ( 'NONE', #2669, #3575 ) ;
#3649 = VECTOR ( 'NONE', #1644, 1000.000000000000000 ) ;
#3650 = EDGE_LOOP ( 'NONE', ( #3982, #2443, #2701, #4309 ) ) ;
#3651 = EDGE_CURVE ( 'NONE', #1119, #3924, #155, .T. ) ;
#3652 = ADVANCED_FACE ( 'NONE', ( #4249 ), #1798, .T. ) ;
#3653 = DIRECTION ( 'NONE',  ( -1.000000000000000000, 0.0000000000000000000, 0.0000000000000000000 ) ) ;
#3654 = DIRECTION ( 'NONE',  ( 0.0000000000000000000, 0.0000000000000000000, 1.000000000000000000 ) ) ;
#3655 = AXIS2_PLACEMENT_3D ( 'NONE', #4100, #402, #4135 ) ;
#3656 = LINE ( 'NONE', #3353, #2643 ) ;
#3657 =( NAMED_UNIT ( * ) PLANE_ANGLE_UNIT ( ) SI_UNIT ( $, .RADIAN. ) );
#3658 = PLANE ( 'NONE',  #4677 ) ;
#3659 = VECTOR ( 'NONE', #1570, 1000.000000000000000 ) ;
#3660 =( NAMED_UNIT ( * ) PLANE_ANGLE_UNIT ( ) SI_UNIT ( $, .RADIAN. ) );
#3661 = VECTOR ( 'NONE', #1492, 1000.000000000000000 ) ;
#3662 = VERTEX_POINT ( 'NONE', #2634 ) ;
#3663 = CARTESIAN_POINT ( 'NONE',  ( -2.142747693882932400, 0.01558127690695090000, 0.8875000000000000700 ) ) ;
#3664 = EDGE_CURVE ( 'NONE', #2176, #3662, #4489, .T. ) ;
#3665 = FACE_OUTER_BOUND ( 'NONE', #2834, .T. ) ;
#3666 = DIRECTION ( 'NONE',  ( 1.000000000000000000, 0.0000000000000000000, 0.0000000000000000000 ) ) ;
#3667 = ORIENTED_EDGE ( 'NONE', *, *, #4488, .F. ) ;
#3668 = ADVANCED_FACE ( 'NONE', ( #4546 ), #3120, .T. ) ;
#3669 = PLANE ( 'NONE',  #2747 ) ;
#3670 = PLANE ( 'NONE',  #3674 ) ;
#3671 = CYLINDRICAL_SURFACE ( 'NONE', #2903, 0.06718646564362382200 ) ;
#3672 = EDGE_LOOP ( 'NONE', ( #2006, #1994, #3934, #4487, #350, #778, #3122, #3442, #3600, #3321, #3692, #1702 ) ) ;
#3673 = ORIENTED_EDGE ( 'NONE', *, *, #3379, .T. ) ;
#3674 = AXIS2_PLACEMENT_3D ( 'NONE', #1438, #4045, #1453 ) ;
#3675 = DIRECTION ( 'NONE',  ( 0.0000000000000000000, 0.0000000000000000000, 1.000000000000000000 ) ) ;
#3676 = VECTOR ( 'NONE', #2776, 1000.000000000000000 ) ;
#3677 = ORIENTED_EDGE ( 'NONE', *, *, #614, .T. ) ;
#3678 = VECTOR ( 'NONE', #2128, 1000.000000000000000 ) ;
#3679 = DIRECTION ( 'NONE',  ( -1.000000000000000000, 0.0000000000000000000, 0.0000000000000000000 ) ) ;
#3680 = CARTESIAN_POINT ( 'NONE',  ( 1.806939028189363600, 0.5428135343563765800, 0.3875000000000000700 ) ) ;
#3681 = CARTESIAN_POINT ( 'NONE',  ( 2.450000000000000200, 0.1897396116033688300, 0.3875000000000000700 ) ) ;
#3682 = CARTESIAN_POINT ( 'NONE',  ( 1.456095662641281500, 0.9675721331400685100, -1.456095662641282200 ) ) ;
#3683 = ORIENTED_EDGE ( 'NONE', *, *, #3145, .F. ) ;
#3684 = AXIS2_PLACEMENT_3D ( 'NONE', #152, #4253, #4664 ) ;
#3685 = LINE ( 'NONE', #4008, #2675 ) ;
#3686 = ADVANCED_FACE ( 'NONE', ( #810 ), #3300, .F. ) ;
#3687 = ORIENTED_EDGE ( 'NONE', *, *, #963, .T. ) ;
#3688 = CARTESIAN_POINT ( 'NONE',  ( -2.440056168313842200, 0.0000000000000000000, -1.112500000000000000 ) ) ;
#3689 = CARTESIAN_POINT ( 'NONE',  ( 2.440056168313842200, 0.0000000000000000000, -0.1124999999999999800 ) ) ;
#3690 = ORIENTED_EDGE ( 'NONE', *, *, #72, .F. ) ;
#3691 = FILL_AREA_STYLE ('',( #2604 ) ) ;
#3692 = ORIENTED_EDGE ( 'NONE', *, *, #4194, .T. ) ;
#3693 = ORIENTED_EDGE ( 'NONE', *, *, #1168, .F. ) ;
#3694 = MANIFOLD_SOLID_BREP ( 'LPattern1[3]', #880 ) ;
#3695 = FACE_OUTER_BOUND ( 'NONE', #210, .T. ) ;
#3696 = VERTEX_POINT ( 'NONE', #750 ) ;
#3697 = EDGE_LOOP ( 'NONE', ( #4808, #23, #4087, #1686 ) ) ;
#3698 = ORIENTED_EDGE ( 'NONE', *, *, #648, .T. ) ;
#3700 = EDGE_CURVE ( 'NONE', #1042, #3924, #2152, .T. ) ;
#3699 = DIRECTION ( 'NONE',  ( 1.000000000000000000, 0.0000000000000000000, 0.0000000000000000000 ) ) ;
#3701 = DIRECTION ( 'NONE',  ( -0.9961946980917453200, -0.08715574274766131600, 0.0000000000000000000 ) ) ;
#3702 = LINE ( 'NONE', #4696, #3280 ) ;
#3703 = ORIENTED_EDGE ( 'NONE', *, *, #803, .T. ) ;
#3704 = EDGE_CURVE ( 'NONE', #4635, #2837, #2905, .T. ) ;
#3705 = CARTESIAN_POINT ( 'NONE',  ( -1.873869829047064800, 0.5486692206721369700, 1.112500000000000000 ) ) ;
#3706 = PLANE ( 'NONE',  #2157 ) ;
#3707 = DIRECTION ( 'NONE',  ( -1.000000000000000000, 0.0000000000000000000, 0.0000000000000000000 ) ) ;
#3708 = VECTOR ( 'NONE', #3354, 1000.000000000000000 ) ;
#3709 = CYLINDRICAL_SURFACE ( 'NONE', #4401, 0.1499999999999999700 ) ;
#3710 = ORIENTED_EDGE ( 'NONE', *, *, #2231, .T. ) ;
#3711 = ORIENTED_EDGE ( 'NONE', *, *, #3119, .F. ) ;
#3712 = VECTOR ( 'NONE', #1359, 1000.000000000000000 ) ;
#3713 = AXIS2_PLACEMENT_3D ( 'NONE', #4219, #485, #1175 ) ;
#3714 = CARTESIAN_POINT ( 'NONE',  ( -1.900000000000000100, 0.2500000000000000000, 0.1124999999999999800 ) ) ;
#3715 = CARTESIAN_POINT ( 'NONE',  ( 1.806939028189363600, 0.5428135343563765800, -0.3875000000000000700 ) ) ;
#3716 = DIRECTION ( 'NONE',  ( -0.0000000000000000000, -0.0000000000000000000, -1.000000000000000000 ) ) ;
#3717 = ADVANCED_FACE ( 'NONE', ( #4611 ), #396, .F. ) ;
#3718 = LINE ( 'NONE', #3078, #4840 ) ;
#3719 = CARTESIAN_POINT ( 'NONE',  ( 2.450000000000000200, 0.1897396116033688300, -0.3875000000000000700 ) ) ;
#3720 = FILL_AREA_STYLE_COLOUR ( '', #3487 ) ;
#3721 =( NAMED_UNIT ( * ) PLANE_ANGLE_UNIT ( ) SI_UNIT ( $, .RADIAN. ) );
#3722 = CIRCLE ( 'NONE', #3899, 0.06718646564362382200 ) ;
#3723 = CARTESIAN_POINT ( 'NONE',  ( 2.089276992637431300, 0.2665595911220557400, 0.1124999999999999800 ) ) ;
#3724 = ORIENTED_EDGE ( 'NONE', *, *, #2085, .T. ) ;
#3725 = VECTOR ( 'NONE', #1256, 1000.000000000000000 ) ;
#3726 = EDGE_CURVE ( 'NONE', #2004, #2996, #696, .T. ) ;
#3727 = ORIENTED_EDGE ( 'NONE', *, *, #3309, .T. ) ;
#3728 = CARTESIAN_POINT ( 'NONE',  ( 2.450000000000000200, 0.1897396116033688300, 0.8875000000000000700 ) ) ;
#3729 = ORIENTED_EDGE ( 'NONE', *, *, #293, .T. ) ;
#3730 = DIRECTION ( 'NONE',  ( 0.05233595624293681900, 0.9986295347545742800, -0.0000000000000000000 ) ) ;
#3731 = EDGE_CURVE ( 'NONE', #1589, #724, #3481, .T. ) ;
#3732 = EDGE_CURVE ( 'NONE', #3434, #3965, #508, .T. ) ;
#3733 = FACE_OUTER_BOUND ( 'NONE', #2920, .T. ) ;
#3734 = EDGE_LOOP ( 'NONE', ( #2743, #991, #4136, #1595, #3870, #3281, #4019, #2577, #419, #2344, #2180, #2153 ) ) ;
#3735 = CARTESIAN_POINT ( 'NONE',  ( -2.450000000000000200, 0.1897396116033688600, 0.1124999999999999800 ) ) ;
#3736 = FACE_OUTER_BOUND ( 'NONE', #240, .T. ) ;
#3737 = CARTESIAN_POINT ( 'NONE',  ( -1.139835565157574400, 1.099999999999999600, -1.139835565157576700 ) ) ;
#3738 = VERTEX_POINT ( 'NONE', #2618 ) ;
#3739 = VECTOR ( 'NONE', #1689, 1000.000000000000000 ) ;
#3740 = SURFACE_SIDE_STYLE ('',( #4177 ) ) ;
#3741 = ORIENTED_EDGE ( 'NONE', *, *, #4231, .F. ) ;
#3742 = ORIENTED_EDGE ( 'NONE', *, *, #772, .F. ) ;
#3743 = FACE_OUTER_BOUND ( 'NONE', #2975, .T. ) ;
#3744 = ADVANCED_FACE ( 'NONE', ( #3536 ), #2239, .F. ) ;
#3745 = CARTESIAN_POINT ( 'NONE',  ( -2.152691525569090400, 0.2053208885103196300, -0.1124999999999999800 ) ) ;
#3746 = CARTESIAN_POINT ( 'NONE',  ( -1.806939028189363600, 0.5428135343563766900, 0.6124999999999999300 ) ) ;
#3747 = VECTOR ( 'NONE', #2423, 1000.000000000000000 ) ;
#3748 = VERTEX_POINT ( 'NONE', #2592 ) ;
#3749 = ORIENTED_EDGE ( 'NONE', *, *, #1422, .T. ) ;
#3750 = DIRECTION ( 'NONE',  ( -1.000000000000000000, 0.0000000000000000000, 0.0000000000000000000 ) ) ;
#3751 = CARTESIAN_POINT ( 'NONE',  ( 1.806939028189363600, 0.5428135343563765800, -1.112500000000000000 ) ) ;
#3752 = ORIENTED_EDGE ( 'NONE', *, *, #451, .T. ) ;
#3753 = DIRECTION ( 'NONE',  ( 0.0000000000000000000, 0.0000000000000000000, 1.000000000000000000 ) ) ;
#3754 = ORIENTED_EDGE ( 'NONE', *, *, #3472, .F. ) ;
#3755 = ORIENTED_EDGE ( 'NONE', *, *, #2255, .F. ) ;
#3756 = DIRECTION ( 'NONE',  ( 0.05233595624293736800, 0.9986295347545742800, -0.0000000000000000000 ) ) ;
#3757 = LINE ( 'NONE', #4235, #1133 ) ;
#3758 = COLOUR_RGB ( '',0.7921568627450980000, 0.8196078431372548800, 0.9333333333333333500 ) ;
#3759 = EDGE_CURVE ( 'NONE', #1807, #4328, #2772, .T. ) ;
#3760 = CARTESIAN_POINT ( 'NONE',  ( 1.806939028189363600, 0.5428135343563765800, 0.8875000000000000700 ) ) ;
#3761 = EDGE_LOOP ( 'NONE', ( #4267, #4812, #4094, #4580 ) ) ;
#3762 = VERTEX_POINT ( 'NONE', #2956 ) ;
#3763 = LINE ( 'NONE', #3882, #3580 ) ;
#3764 = EDGE_CURVE ( 'NONE', #4737, #1384, #1507, .T. ) ;
#3765 = CIRCLE ( 'NONE', #1837, 0.06718646564362382200 ) ;
#3766 = ADVANCED_FACE ( 'NONE', ( #2545 ), #69, .F. ) ;
#3767 = AXIS2_PLACEMENT_3D ( 'NONE', #260, #4791, #1065 ) ;
#3768 = DIRECTION ( 'NONE',  ( -0.9986295347545742800, -0.05233595624293728400, -0.0000000000000000000 ) ) ;
#3769 = DIRECTION ( 'NONE',  ( -0.08715574274766130200, -0.9961946980917452100, 0.0000000000000000000 ) ) ;
#3770 = CARTESIAN_POINT ( 'NONE',  ( 1.806939028189363600, 0.8000000000000000400, -1.112500000000000000 ) ) ;
#3771 = DIRECTION ( 'NONE',  ( 1.000000000000000000, 0.0000000000000000000, 0.0000000000000000000 ) ) ;
#3772 = AXIS2_PLACEMENT_3D ( 'NONE', #4180, #1602, #4557 ) ;
#3773 = FACE_OUTER_BOUND ( 'NONE', #2334, .T. ) ;
#3774 = AXIS2_PLACEMENT_3D ( 'NONE', #3876, #1943, #3574 ) ;
#3775 = DIRECTION ( 'NONE',  ( 0.0000000000000000000, 1.000000000000000000, -0.0000000000000000000 ) ) ;
#3776 = ORIENTED_EDGE ( 'NONE', *, *, #2048, .F. ) ;
#3777 = CIRCLE ( 'NONE', #2840, 0.06718646564362360000 ) ;
#3778 = EDGE_LOOP ( 'NONE', ( #4634, #1833, #126, #988 ) ) ;
#3779 = VECTOR ( 'NONE', #2683, 1000.000000000000200 ) ;
#3780 = VERTEX_POINT ( 'NONE', #1965 ) ;
#3781 = PLANE ( 'NONE',  #3846 ) ;
#3782 = AXIS2_PLACEMENT_3D ( 'NONE', #4380, #3234, #711 ) ;
#3783 = VECTOR ( 'NONE', #4820, 1000.000000000000100 ) ;
#3784 = CLOSED_SHELL ( 'NONE', ( #2826, #442, #2958, #3909, #4385, #292, #4311, #1100, #166, #3867, #2774, #3717, #2483, #690 ) ) ;
#3785 = ORIENTED_EDGE ( 'NONE', *, *, #2428, .T. ) ;
#3786 = ORIENTED_EDGE ( 'NONE', *, *, #1152, .F. ) ;
#3787 = EDGE_CURVE ( 'NONE', #1948, #752, #2033, .T. ) ;
#3788 = VECTOR ( 'NONE', #1007, 1000.000000000000000 ) ;
#3789 = EDGE_CURVE ( 'NONE', #660, #2559, #3777, .T. ) ;
#3790 = ORIENTED_EDGE ( 'NONE', *, *, #2567, .F. ) ;
#3791 = FACE_OUTER_BOUND ( 'NONE', #2992, .T. ) ;
#3792 = DIRECTION ( 'NONE',  ( -1.000000000000000000, 0.0000000000000000000, 0.0000000000000000000 ) ) ;
#3793 = ORIENTED_EDGE ( 'NONE', *, *, #4670, .F. ) ;
#3794 = AXIS2_PLACEMENT_3D ( 'NONE', #3746, #4137, #2963 ) ;
#3795 = VECTOR ( 'NONE', #263, 1000.000000000000000 ) ;
#3796 = EDGE_CURVE ( 'NONE', #3738, #3913, #1923, .T. ) ;
#3797 = CARTESIAN_POINT ( 'NONE',  ( 2.089276992637431300, 0.2665595911220557400, -0.3875000000000000700 ) ) ;
#3798 = ORIENTED_EDGE ( 'NONE', *, *, #3278, .T. ) ;
#3799 = EDGE_LOOP ( 'NONE', ( #4337, #3464, #3506, #4788 ) ) ;
#3800 = ORIENTED_EDGE ( 'NONE', *, *, #3194, .T. ) ;
#3801 = ORIENTED_EDGE ( 'NONE', *, *, #3038, .F. ) ;
#3802 = ORIENTED_EDGE ( 'NONE', *, *, #2197, .T. ) ;
#3803 = ORIENTED_EDGE ( 'NONE', *, *, #1483, .F. ) ;
#3804 = AXIS2_PLACEMENT_3D ( 'NONE', #3140, #3545, #2410 ) ;
#3805 = DIRECTION ( 'NONE',  ( 0.0000000000000000000, 0.0000000000000000000, 1.000000000000000000 ) ) ;
#3806 = ORIENTED_EDGE ( 'NONE', *, *, #540, .T. ) ;
#3807 = LINE ( 'NONE', #2103, #4157 ) ;
#3808 = ORIENTED_EDGE ( 'NONE', *, *, #3647, .F. ) ;
#3809 = ADVANCED_FACE ( 'NONE', ( #2091 ), #4545, .F. ) ;
#3810 = DIRECTION ( 'NONE',  ( 0.9986295347545742800, 0.05233595624293728400, 0.0000000000000000000 ) ) ;
#3811 = DIRECTION ( 'NONE',  ( -1.000000000000000000, 0.0000000000000000000, 0.0000000000000000000 ) ) ;
#3812 = FILL_AREA_STYLE_COLOUR ( '', #39 ) ;
#3813 = PRESENTATION_STYLE_ASSIGNMENT (( #2622 ) ) ;
#3814 = VECTOR ( 'NONE', #2392, 1000.000000000000000 ) ;
#3815 = ORIENTED_EDGE ( 'NONE', *, *, #3578, .T. ) ;
#3816 = CARTESIAN_POINT ( 'NONE',  ( -1.806939028189363600, 0.6100000000000003200, -1.112500000000000000 ) ) ;
#3817 = EDGE_CURVE ( 'NONE', #106, #1469, #861, .T. ) ;
#3818 = VECTOR ( 'NONE', #3277, 1000.000000000000100 ) ;
#3819 = CARTESIAN_POINT ( 'NONE',  ( -2.142747693882932400, 0.01558127690695090000, 0.6124999999999999300 ) ) ;
#3820 = ORIENTED_EDGE ( 'NONE', *, *, #1101, .T. ) ;
#3821 = EDGE_CURVE ( 'NONE', #3050, #1455, #4483, .T. ) ;
#3822 = EDGE_CURVE ( 'NONE', #3975, #369, #2901, .T. ) ;
#3823 = DIRECTION ( 'NONE',  ( -0.08715574274766130200, -0.9961946980917452100, 0.0000000000000000000 ) ) ;
#3824 = AXIS2_PLACEMENT_3D ( 'NONE', #228, #2853, #3555 ) ;
#3825 = CARTESIAN_POINT ( 'NONE',  ( 2.089276992637431300, 0.2665595911220557400, -0.8875000000000000700 ) ) ;
#3826 = FILL_AREA_STYLE_COLOUR ( '', #3883 ) ;
#3827 = CARTESIAN_POINT ( 'NONE',  ( -2.450000000000000200, 0.1897396116033688600, -1.112500000000000000 ) ) ;
#3828 = DIRECTION ( 'NONE',  ( 0.0000000000000000000, 1.000000000000000000, -0.0000000000000000000 ) ) ;
#3829 = CIRCLE ( 'NONE', #3011, 0.06718646564362360000 ) ;
#3830 = ORIENTED_EDGE ( 'NONE', *, *, #2466, .F. ) ;
#3831 = AXIS2_PLACEMENT_3D ( 'NONE', #327, #2930, #2888 ) ;
#3832 = ORIENTED_EDGE ( 'NONE', *, *, #1711, .T. ) ;
#3833 = LINE ( 'NONE', #2401, #1862 ) ;
#3834 = EDGE_CURVE ( 'NONE', #1769, #3996, #3718, .T. ) ;
#3835 = VERTEX_POINT ( 'NONE', #3770 ) ;
#3836 = DIRECTION ( 'NONE',  ( -0.0000000000000000000, -0.0000000000000000000, -1.000000000000000000 ) ) ;
#3837 = LINE ( 'NONE', #251, #4496 ) ;
#3838 = VERTEX_POINT ( 'NONE', #3452 ) ;
#3839 = VERTEX_POINT ( 'NONE', #3816 ) ;
#3840 = DIRECTION ( 'NONE',  ( -0.0000000000000000000, 0.0000000000000000000, -1.000000000000000000 ) ) ;
#3841 = DIRECTION ( 'NONE',  ( -0.0000000000000000000, -0.0000000000000000000, -1.000000000000000000 ) ) ;
#3842 = CARTESIAN_POINT ( 'NONE',  ( -1.873869829047064800, 0.5486692206721369700, -0.3875000000000000700 ) ) ;
#3843 = LINE ( 'NONE', #1852, #1985 ) ;
#3844 = PLANE ( 'NONE',  #4698 ) ;
#3845 = EDGE_LOOP ( 'NONE', ( #2224, #1612, #2488, #4036 ) ) ;
#3846 = AXIS2_PLACEMENT_3D ( 'NONE', #3403, #1177, #1557 ) ;
#3847 = DIRECTION ( 'NONE',  ( -0.0000000000000000000, 0.0000000000000000000, -1.000000000000000000 ) ) ;
#3848 = VERTEX_POINT ( 'NONE', #412 ) ;
#3849 = CARTESIAN_POINT ( 'NONE',  ( -2.089276992637431300, 0.2665595911220556800, 1.112500000000000000 ) ) ;
#3850 = CIRCLE ( 'NONE', #2283, 0.2571864656436234600 ) ;
#3851 = ORIENTED_EDGE ( 'NONE', *, *, #4106, .T. ) ;
#3852 = DIRECTION ( 'NONE',  ( -0.9961946980917453200, 0.08715574274766131600, 0.0000000000000000000 ) ) ;
#3853 = EDGE_LOOP ( 'NONE', ( #33, #77, #1831, #400 ) ) ;
#3854 = CARTESIAN_POINT ( 'NONE',  ( -2.156207793495132900, 0.2724152774378160200, 0.1124999999999999800 ) ) ;
#3855 = VECTOR ( 'NONE', #4277, 1000.000000000000100 ) ;
#3856 = EDGE_CURVE ( 'NONE', #4216, #1362, #1383, .T. ) ;
#3857 = EDGE_CURVE ( 'NONE', #706, #522, #2830, .T. ) ;
#3858 = FACE_OUTER_BOUND ( 'NONE', #3635, .T. ) ;
#3859 = DIRECTION ( 'NONE',  ( -0.9925461516413219800, -0.1218693434051477400, 2.152241387803296500E-016 ) ) ;
#3860 = CARTESIAN_POINT ( 'NONE',  ( -2.440056168313842200, 0.0000000000000000000, 0.1124999999999999800 ) ) ;
#3861 = VERTEX_POINT ( 'NONE', #3021 ) ;
#3862 = CARTESIAN_POINT ( 'NONE',  ( -2.152691525569090400, 0.2053208885103196300, -0.8875000000000000700 ) ) ;
#3863 = ORIENTED_EDGE ( 'NONE', *, *, #1828, .F. ) ;
#3864 = AXIS2_PLACEMENT_3D ( 'NONE', #566, #990, #4359 ) ;
#3865 = CARTESIAN_POINT ( 'NONE',  ( 1.476670933428449100, 0.8000000000000000400, 0.1124999999999999800 ) ) ;
#3866 = DIRECTION ( 'NONE',  ( -1.000000000000000000, 0.0000000000000000000, 0.0000000000000000000 ) ) ;
#3867 = ADVANCED_FACE ( 'NONE', ( #3070 ), #3781, .F. ) ;
#3868 = VERTEX_POINT ( 'NONE', #4156 ) ;
#3869 = DIRECTION ( 'NONE',  ( -0.1218693434051425900, -0.9925461516413225400, 0.0000000000000000000 ) ) ;
#3870 = ORIENTED_EDGE ( 'NONE', *, *, #963, .F. ) ;
#3871 = VERTEX_POINT ( 'NONE', #4172 ) ;
#3872 =( GEOMETRIC_REPRESENTATION_CONTEXT ( 3 ) GLOBAL_UNCERTAINTY_ASSIGNED_CONTEXT ( ( #2305 ) ) GLOBAL_UNIT_ASSIGNED_CONTEXT ( ( #955, #214, #3890 ) ) REPRESENTATION_CONTEXT ( 'NONE', 'WORKASPACE' ) );
#3873 = LINE ( 'NONE', #4284, #2010 ) ;
#3874 = CYLINDRICAL_SURFACE ( 'NONE', #2929, 0.06718646564362382200 ) ;
#3875 = DIRECTION ( 'NONE',  ( -0.0000000000000000000, -0.0000000000000000000, -1.000000000000000000 ) ) ;
#3876 = CARTESIAN_POINT ( 'NONE',  ( -1.806939028189363600, 0.5428135343563766900, 0.8875000000000000700 ) ) ;
#3877 = VECTOR ( 'NONE', #4101, 999.9999999999998900 ) ;
#3878 = CARTESIAN_POINT ( 'NONE',  ( 2.440056168313842200, 0.0000000000000000000, 1.112500000000000000 ) ) ;
#3879 = SURFACE_STYLE_FILL_AREA ( #807 ) ;
#3880 = CARTESIAN_POINT ( 'NONE',  ( 1.900000000000000100, 0.2500000000000000000, -0.3875000000000000700 ) ) ;
#3881 = EDGE_CURVE ( 'NONE', #3370, #3996, #805, .T. ) ;
#3882 = CARTESIAN_POINT ( 'NONE',  ( -2.450000000000000200, 0.1897396116033688600, -0.6124999999999999300 ) ) ;
#3883 = COLOUR_RGB ( '',0.7921568627450980000, 0.8196078431372548800, 0.9333333333333333500 ) ;
#3884 = EDGE_CURVE ( 'NONE', #2693, #890, #2646, .T. ) ;
#3885 = EDGE_CURVE ( 'NONE', #4417, #1384, #4715, .T. ) ;
#3886 = DIRECTION ( 'NONE',  ( 0.9986295347545742800, -0.05233595624293736800, 0.0000000000000000000 ) ) ;
#3887 = CARTESIAN_POINT ( 'NONE',  ( 1.806939028189363600, 0.5428135343563765800, -0.1124999999999999800 ) ) ;
#3888 = LINE ( 'NONE', #3688, #3475 ) ;
#3889 = ADVANCED_FACE ( 'NONE', ( #151 ), #3844, .F. ) ;
#3890 =( NAMED_UNIT ( * ) SI_UNIT ( $, .STERADIAN. ) SOLID_ANGLE_UNIT ( ) );
#3891 = AXIS2_PLACEMENT_3D ( 'NONE', #1224, #1618, #109 ) ;
#3892 = CARTESIAN_POINT ( 'NONE',  ( -1.500000000000000700, 0.6100000000000003200, -1.499999999999999800 ) ) ;
#3893 = ORIENTED_EDGE ( 'NONE', *, *, #4656, .F. ) ;
#3894 = CIRCLE ( 'NONE', #1790, 0.2571864656436234600 ) ;
#3895 = ORIENTED_EDGE ( 'NONE', *, *, #2635, .F. ) ;
#3896 = CARTESIAN_POINT ( 'NONE',  ( -2.450000000000000200, 0.1897396116033688600, -0.3875000000000000700 ) ) ;
#3897 = VECTOR ( 'NONE', #3029, 1000.000000000000000 ) ;
#3898 = CARTESIAN_POINT ( 'NONE',  ( 1.806939028189363600, 0.6100000000000003200, 0.1124999999999999800 ) ) ;
#3899 = AXIS2_PLACEMENT_3D ( 'NONE', #1325, #376, #1582 ) ;
#3900 = CARTESIAN_POINT ( 'NONE',  ( -1.900000000000000100, 0.2500000000000000000, 0.8875000000000000700 ) ) ;
#3901 = ORIENTED_EDGE ( 'NONE', *, *, #1306, .F. ) ;
#3902 = LINE ( 'NONE', #852, #162 ) ;
#3903 = DIRECTION ( 'NONE',  ( -0.0000000000000000000, -0.0000000000000000000, -1.000000000000000000 ) ) ;
#3904 = EDGE_LOOP ( 'NONE', ( #1194, #2813, #2678, #3493 ) ) ;
#3905 = EDGE_LOOP ( 'NONE', ( #342, #3948, #3224, #2388 ) ) ;
#3906 = VECTOR ( 'NONE', #4086, 1000.000000000000000 ) ;
#3907 = ORIENTED_EDGE ( 'NONE', *, *, #2407, .F. ) ;
#3908 = VECTOR ( 'NONE', #1062, 1000.000000000000200 ) ;
#3909 = ADVANCED_FACE ( 'NONE', ( #2710 ), #520, .F. ) ;
#3910 = EDGE_CURVE ( 'NONE', #2232, #1769, #1621, .T. ) ;
#3911 = CARTESIAN_POINT ( 'NONE',  ( 1.806939028189363600, 0.5428135343563765800, -0.8875000000000000700 ) ) ;
#3912 = LINE ( 'NONE', #291, #594 ) ;
#3913 = VERTEX_POINT ( 'NONE', #2446 ) ;
#3914 = ORIENTED_EDGE ( 'NONE', *, *, #433, .F. ) ;
#3915 = DIRECTION ( 'NONE',  ( 1.000000000000000000, 0.0000000000000000000, 0.0000000000000000000 ) ) ;
#3916 = VERTEX_POINT ( 'NONE', #1632 ) ;
#3917 = VERTEX_POINT ( 'NONE', #1276 ) ;
#3918 = ORIENTED_EDGE ( 'NONE', *, *, #3787, .F. ) ;
#3919 = DIRECTION ( 'NONE',  ( -1.000000000000000000, 0.0000000000000000000, 0.0000000000000000000 ) ) ;
#3920 = CARTESIAN_POINT ( 'NONE',  ( -2.450000000000000200, 0.1897396116033688600, -0.3875000000000000700 ) ) ;
#3921 = DIRECTION ( 'NONE',  ( -0.0000000000000000000, -0.0000000000000000000, -1.000000000000000000 ) ) ;
#3922 = ORIENTED_EDGE ( 'NONE', *, *, #4647, .T. ) ;
#3923 = VECTOR ( 'NONE', #3926, 1000.000000000000000 ) ;
#3924 = VERTEX_POINT ( 'NONE', #3483 ) ;
#3925 = AXIS2_PLACEMENT_3D ( 'NONE', #2652, #4165, #1944 ) ;
#3926 = DIRECTION ( 'NONE',  ( -0.0000000000000000000, -0.0000000000000000000, -1.000000000000000000 ) ) ;
#3927 = CARTESIAN_POINT ( 'NONE',  ( 2.450000000000000200, 0.1897396116033688300, -0.3875000000000000700 ) ) ;
#3928 = LINE ( 'NONE', #1578, #2691 ) ;
#3929 = CYLINDRICAL_SURFACE ( 'NONE', #2668, 0.2571864656436234600 ) ;
#3930 = ORIENTED_EDGE ( 'NONE', *, *, #76, .F. ) ;
#3931 = VECTOR ( 'NONE', #3133, 1000.000000000000000 ) ;
#3932 = VECTOR ( 'NONE', #2839, 1000.000000000000000 ) ;
#3933 = DIRECTION ( 'NONE',  ( 0.08715574274766130200, 0.9961946980917452100, 0.0000000000000000000 ) ) ;
#3934 = ORIENTED_EDGE ( 'NONE', *, *, #3041, .T. ) ;
#3935 = ADVANCED_FACE ( 'NONE', ( #2198 ), #2129, .F. ) ;
#3936 = LINE ( 'NONE', #3827, #1964 ) ;
#3937 = SURFACE_STYLE_USAGE ( .BOTH. , #1370 ) ;
#3938 = CARTESIAN_POINT ( 'NONE',  ( 1.500000000000000000, 0.6100000000000003200, -0.8875000000000000700 ) ) ;
#3939 = CARTESIAN_POINT ( 'NONE',  ( -1.500000000000000000, 0.6100000000000003200, 0.1124999999999999800 ) ) ;
#3940 = EDGE_CURVE ( 'NONE', #2350, #3469, #1210, .T. ) ;
#3941 = EDGE_CURVE ( 'NONE', #3839, #1646, #3942, .T. ) ;
#3942 = LINE ( 'NONE', #2485, #208 ) ;
#3943 = DIRECTION ( 'NONE',  ( 0.0000000000000000000, 0.9925461516413219800, -0.1218693434051477500 ) ) ;
#3944 = DIRECTION ( 'NONE',  ( 0.1218693434051425900, -0.9925461516413225400, -0.0000000000000000000 ) ) ;
#3945 = ORIENTED_EDGE ( 'NONE', *, *, #1290, .F. ) ;
#3946 = VECTOR ( 'NONE', #3438, 1000.000000000000000 ) ;
#3947 = CARTESIAN_POINT ( 'NONE',  ( -1.806939028189363600, 0.8000000000000000400, -0.1124999999999999800 ) ) ;
#3948 = ORIENTED_EDGE ( 'NONE', *, *, #2890, .F. ) ;
#3949 = AXIS2_PLACEMENT_3D ( 'NONE', #1849, #4021, #1447 ) ;
#3950 = DIRECTION ( 'NONE',  ( 0.1218693434051425900, -0.9925461516413225400, -0.0000000000000000000 ) ) ;
#3951 = PLANE ( 'NONE',  #116 ) ;
#3952 = LINE ( 'NONE', #3860, #641 ) ;
#3953 = ORIENTED_EDGE ( 'NONE', *, *, #4006, .F. ) ;
#3954 = EDGE_CURVE ( 'NONE', #3153, #220, #4243, .T. ) ;
#3955 = DIRECTION ( 'NONE',  ( 0.0000000000000000000, -0.0000000000000000000, -1.000000000000000000 ) ) ;
#3956 = ORIENTED_EDGE ( 'NONE', *, *, #4455, .F. ) ;
#3957 = ADVANCED_FACE ( 'NONE', ( #2028 ), #751, .T. ) ;
#3958 = DIRECTION ( 'NONE',  ( -0.05233595624293736800, -0.9986295347545742800, 0.0000000000000000000 ) ) ;
#3959 = DIRECTION ( 'NONE',  ( 1.000000000000000000, 0.0000000000000000000, 0.0000000000000000000 ) ) ;
#3960 = AXIS2_PLACEMENT_3D ( 'NONE', #4794, #1753, #3602 ) ;
#3961 = CARTESIAN_POINT ( 'NONE',  ( 2.063146821684495700, 0.5652288117941927100, 0.6124999999999999300 ) ) ;
#3962 = VECTOR ( 'NONE', #4218, 1000.000000000000200 ) ;
#3963 = ORIENTED_EDGE ( 'NONE', *, *, #104, .T. ) ;
#3964 = DIRECTION ( 'NONE',  ( -0.0000000000000000000, -0.0000000000000000000, -1.000000000000000000 ) ) ;
#3965 = VERTEX_POINT ( 'NONE', #610 ) ;
#3966 = LINE ( 'NONE', #93, #4001 ) ;
#3967 = ORIENTED_EDGE ( 'NONE', *, *, #4167, .F. ) ;
#3968 = VERTEX_POINT ( 'NONE', #4242 ) ;
#3969 = CYLINDRICAL_SURFACE ( 'NONE', #4713, 0.2571864656436234600 ) ;
#3970 = DIRECTION ( 'NONE',  ( 0.08715574274765987300, 0.9961946980917454300, 0.0000000000000000000 ) ) ;
#3971 = DIRECTION ( 'NONE',  ( -1.000000000000000000, 0.0000000000000000000, 0.0000000000000000000 ) ) ;
#3972 = ADVANCED_FACE ( 'NONE', ( #3773 ), #1748, .F. ) ;
#3973 = ORIENTED_EDGE ( 'NONE', *, *, #4488, .T. ) ;
#3974 = EDGE_CURVE ( 'NONE', #136, #4044, #45, .T. ) ;
#3975 = VERTEX_POINT ( 'NONE', #2113 ) ;
#3976 = DIRECTION ( 'NONE',  ( -1.000000000000000000, 0.0000000000000000000, 0.0000000000000000000 ) ) ;
#3977 = DIRECTION ( 'NONE',  ( 0.0000000000000000000, -0.0000000000000000000, -1.000000000000000000 ) ) ;
#3978 = EDGE_CURVE ( 'NONE', #3521, #1674, #4064, .T. ) ;
#3979 = EDGE_LOOP ( 'NONE', ( #4322, #2286, #1244, #3486 ) ) ;
#3980 = DIRECTION ( 'NONE',  ( 0.08715574274766130200, -0.9961946980917452100, -0.0000000000000000000 ) ) ;
#3981 = CARTESIAN_POINT ( 'NONE',  ( 1.873869829047064800, 0.5486692206721369700, 0.6124999999999999300 ) ) ;
#3982 = ORIENTED_EDGE ( 'NONE', *, *, #665, .T. ) ;
#3983 = ORIENTED_EDGE ( 'NONE', *, *, #949, .T. ) ;
#3984 = DIRECTION ( 'NONE',  ( 0.0000000000000000000, 1.000000000000000000, 0.0000000000000000000 ) ) ;
#3985 = AXIS2_PLACEMENT_3D ( 'NONE', #771, #3362, #1142 ) ;
#3986 = ADVANCED_FACE ( 'NONE', ( #1154 ), #869, .F. ) ;
#3987 = CYLINDRICAL_SURFACE ( 'NONE', #3288, 0.06718646564362382200 ) ;
#3988 = CIRCLE ( 'NONE', #3774, 0.2571864656436234600 ) ;
#3989 = VERTEX_POINT ( 'NONE', #1996 ) ;
#3990 = CARTESIAN_POINT ( 'NONE',  ( -1.900000000000000100, 0.2500000000000000000, 0.1124999999999999800 ) ) ;
#3991 = DIRECTION ( 'NONE',  ( 1.000000000000000000, -0.0000000000000000000, -0.0000000000000000000 ) ) ;
#3992 = DIRECTION ( 'NONE',  ( -1.000000000000000000, 0.0000000000000000000, 0.0000000000000000000 ) ) ;
#3993 = AXIS2_PLACEMENT_3D ( 'NONE', #2933, #1032, #1452 ) ;
#3994 = COLOUR_RGB ( '',0.7921568627450980000, 0.8196078431372548800, 0.9333333333333333500 ) ;
#3995 = ORIENTED_EDGE ( 'NONE', *, *, #4247, .T. ) ;
#3996 = VERTEX_POINT ( 'NONE', #686 ) ;
#3997 = DIRECTION ( 'NONE',  ( -1.000000000000000000, -0.0000000000000000000, 2.168404344971008900E-016 ) ) ;
#3998 = VECTOR ( 'NONE', #3149, 1000.000000000000000 ) ;
#3999 = DIRECTION ( 'NONE',  ( -0.0000000000000000000, 1.000000000000000000, -0.0000000000000000000 ) ) ;
#4000 = PLANE ( 'NONE',  #4529 ) ;
#4001 = VECTOR ( 'NONE', #82, 999.9999999999998900 ) ;
#4002 = CARTESIAN_POINT ( 'NONE',  ( -1.476670933428449100, 0.8000000000000000400, 0.6124999999999999300 ) ) ;
#4003 = FILL_AREA_STYLE_COLOUR ( '', #3079 ) ;
#4004 = DIRECTION ( 'NONE',  ( -0.0000000000000000000, -0.0000000000000000000, -1.000000000000000000 ) ) ;
#4005 = CYLINDRICAL_SURFACE ( 'NONE', #3782, 0.06718646564362382200 ) ;
#4006 = EDGE_CURVE ( 'NONE', #3696, #2991, #2258, .T. ) ;
#4007 = DIRECTION ( 'NONE',  ( -1.000000000000000000, 0.0000000000000000000, 0.0000000000000000000 ) ) ;
#4008 = CARTESIAN_POINT ( 'NONE',  ( -2.450000000000000200, 0.1897396116033688600, 1.112500000000000000 ) ) ;
#4009 = ORIENTED_EDGE ( 'NONE', *, *, #4297, .T. ) ;
#4010 = ADVANCED_FACE ( 'NONE', ( #3358 ), #328, .T. ) ;
#4011 = VECTOR ( 'NONE', #4833, 1000.000000000000000 ) ;
#4012 = CARTESIAN_POINT ( 'NONE',  ( -2.089276992637431300, 0.2665595911220556800, -1.112500000000000000 ) ) ;
#4013 = ORIENTED_EDGE ( 'NONE', *, *, #1571, .F. ) ;
#4014 = DIRECTION ( 'NONE',  ( -1.000000000000000000, 0.0000000000000000000, 0.0000000000000000000 ) ) ;
#4015 = FACE_OUTER_BOUND ( 'NONE', #2584, .T. ) ;
#4016 = ORIENTED_EDGE ( 'NONE', *, *, #1303, .T. ) ;
#4017 = FACE_OUTER_BOUND ( 'NONE', #353, .T. ) ;
#4018 = AXIS2_PLACEMENT_3D ( 'NONE', #2806, #1713, #4806 ) ;
#4019 = ORIENTED_EDGE ( 'NONE', *, *, #2949, .F. ) ;
#4020 = DIRECTION ( 'NONE',  ( 1.000000000000000000, 0.0000000000000000000, -2.168404344971008900E-016 ) ) ;
#4021 = DIRECTION ( 'NONE',  ( -0.05233595624293736800, -0.9986295347545742800, 0.0000000000000000000 ) ) ;
#4022 = LINE ( 'NONE', #204, #1053 ) ;
#4023 = DIRECTION ( 'NONE',  ( -0.0000000000000000000, -0.0000000000000000000, -1.000000000000000000 ) ) ;
#4024 = FILL_AREA_STYLE_COLOUR ( '', #3441 ) ;
#4025 = DIRECTION ( 'NONE',  ( 0.08715574274766130200, -0.9961946980917452100, -0.0000000000000000000 ) ) ;
#4026 = ORIENTED_EDGE ( 'NONE', *, *, #1518, .T. ) ;
#4027 = DIRECTION ( 'NONE',  ( -0.0000000000000000000, 0.0000000000000000000, -1.000000000000000000 ) ) ;
#4028 = CYLINDRICAL_SURFACE ( 'NONE', #110, 0.06718646564362360000 ) ;
#4029 = ADVANCED_FACE ( 'NONE', ( #2959 ), #1815, .F. ) ;
#4030 = VERTEX_POINT ( 'NONE', #4828 ) ;
#4031 = ORIENTED_EDGE ( 'NONE', *, *, #2715, .F. ) ;
#4032 = AXIS2_PLACEMENT_3D ( 'NONE', #2654, #4217, #3087 ) ;
#4033 = DIRECTION ( 'NONE',  ( 0.9986295347545742800, -0.05233595624293736800, -0.0000000000000000000 ) ) ;
#4034 = CARTESIAN_POINT ( 'NONE',  ( 2.156207793495132900, 0.2724152774378160200, -0.3875000000000000700 ) ) ;
#4035 = CARTESIAN_POINT ( 'NONE',  ( 2.089276992637431300, 0.2665595911220557400, -1.112500000000000000 ) ) ;
#4036 = ORIENTED_EDGE ( 'NONE', *, *, #4305, .T. ) ;
#4037 = ORIENTED_EDGE ( 'NONE', *, *, #661, .T. ) ;
#4038 = DIRECTION ( 'NONE',  ( -0.0000000000000000000, -0.0000000000000000000, -1.000000000000000000 ) ) ;
#4039 = EDGE_CURVE ( 'NONE', #161, #4744, #1735, .T. ) ;
#4040 = ORIENTED_EDGE ( 'NONE', *, *, #3437, .T. ) ;
#4041 = CARTESIAN_POINT ( 'NONE',  ( -2.450000000000000200, 0.1897396116033688600, 0.6124999999999999300 ) ) ;
#4042 = EDGE_CURVE ( 'NONE', #4609, #4215, #2600, .T. ) ;
#4043 = DIRECTION ( 'NONE',  ( 2.152241387803296300E-016, 0.1218693434051477400, 0.9925461516413219800 ) ) ;
#4044 = VERTEX_POINT ( 'NONE', #294 ) ;
#4045 = DIRECTION ( 'NONE',  ( -0.05233595624293736800, -0.9986295347545742800, 0.0000000000000000000 ) ) ;
#4046 = LINE ( 'NONE', #1321, #3923 ) ;
#4047 = ORIENTED_EDGE ( 'NONE', *, *, #4391, .T. ) ;
#4048 = CARTESIAN_POINT ( 'NONE',  ( -2.440056168313842200, 0.0000000000000000000, 0.1124999999999999800 ) ) ;
#4049 = UNCERTAINTY_MEASURE_WITH_UNIT (LENGTH_MEASURE( 1.000000000000000100E-005 ), #3334, 'distance_accuracy_value', 'NONE');
#4050 = FACE_OUTER_BOUND ( 'NONE', #2910, .T. ) ;
#4051 = ORIENTED_EDGE ( 'NONE', *, *, #2428, .F. ) ;
#4052 = AXIS2_PLACEMENT_3D ( 'NONE', #1657, #2051, #150 ) ;
#4053 = EDGE_CURVE ( 'NONE', #1652, #1473, #3888, .T. ) ;
#4054 = VECTOR ( 'NONE', #4666, 1000.000000000000100 ) ;
#4055 = ORIENTED_EDGE ( 'NONE', *, *, #3565, .T. ) ;
#4056 = ORIENTED_EDGE ( 'NONE', *, *, #3884, .F. ) ;
#4057 = CARTESIAN_POINT ( 'NONE',  ( -2.063146821684496100, 0.5652288117941926000, -1.112500000000000000 ) ) ;
#4058 = AXIS2_PLACEMENT_3D ( 'NONE', #4034, #3325, #3653 ) ;
#4059 = COLOUR_RGB ( '',0.2509803921568627400, 0.2509803921568627400, 0.2509803921568627400 ) ;
#4060 = ADVANCED_FACE ( 'NONE', ( #2361 ), #3593, .F. ) ;
#4061 = CARTESIAN_POINT ( 'NONE',  ( -1.139835565157574400, 0.9999999999999995600, -1.139835565157576700 ) ) ;
#4062 = CARTESIAN_POINT ( 'NONE',  ( 1.500000000000000000, 0.6100000000000003200, 0.8875000000000000700 ) ) ;
#4063 =( NAMED_UNIT ( * ) SI_UNIT ( $, .STERADIAN. ) SOLID_ANGLE_UNIT ( ) );
#4064 = LINE ( 'NONE', #243, #1266 ) ;
#4065 = ORIENTED_EDGE ( 'NONE', *, *, #2807, .T. ) ;
#4066 = PLANE ( 'NONE',  #3315 ) ;
#4067 = EDGE_CURVE ( 'NONE', #3479, #4205, #270, .T. ) ;
#4068 = CYLINDRICAL_SURFACE ( 'NONE', #1060, 0.2571864656436234600 ) ;
#4069 = DIRECTION ( 'NONE',  ( -1.000000000000000000, 0.0000000000000000000, 0.0000000000000000000 ) ) ;
#4070 = EDGE_CURVE ( 'NONE', #4817, #3285, #1500, .T. ) ;
#4071 = ORIENTED_EDGE ( 'NONE', *, *, #3885, .F. ) ;
#4072 = ADVANCED_FACE ( 'NONE', ( #3236 ), #2537, .F. ) ;
#4073 = CARTESIAN_POINT ( 'NONE',  ( -2.156207793495132900, 0.2724152774378160200, -0.6124999999999999300 ) ) ;
#4074 = DIRECTION ( 'NONE',  ( 0.08715574274766130200, 0.9961946980917452100, 0.0000000000000000000 ) ) ;
#4075 = DIRECTION ( 'NONE',  ( 0.9925461516413219800, -0.1218693434051477400, -7.174137959344322100E-017 ) ) ;
#4076 = VECTOR ( 'NONE', #1381, 1000.000000000000000 ) ;
#4077 = ORIENTED_EDGE ( 'NONE', *, *, #4403, .F. ) ;
#4078 = ORIENTED_EDGE ( 'NONE', *, *, #4778, .F. ) ;
#4079 = AXIS2_PLACEMENT_3D ( 'NONE', #184, #3561, #2822 ) ;
#4080 = DIRECTION ( 'NONE',  ( -0.0000000000000000000, -0.0000000000000000000, -1.000000000000000000 ) ) ;
#4081 = LINE ( 'NONE', #4414, #2321 ) ;
#4082 = ADVANCED_FACE ( 'NONE', ( #972 ), #3669, .F. ) ;
#4083 = ORIENTED_EDGE ( 'NONE', *, *, #2430, .T. ) ;
#4084 = VERTEX_POINT ( 'NONE', #2188 ) ;
#4085 = PRESENTATION_LAYER_ASSIGNMENT (  '', '', ( #2412 ) ) ;
#4086 = DIRECTION ( 'NONE',  ( 0.9986295347545742800, -0.05233595624293736800, -0.0000000000000000000 ) ) ;
#4087 = ORIENTED_EDGE ( 'NONE', *, *, #395, .T. ) ;
#4088 = LINE ( 'NONE', #2499, #2922 ) ;
#4089 = DIRECTION ( 'NONE',  ( -0.05233595624293682600, 0.9986295347545742800, 0.0000000000000000000 ) ) ;
#4090 = VERTEX_POINT ( 'NONE', #2555 ) ;
#4091 = DIRECTION ( 'NONE',  ( 0.0000000000000000000, 0.0000000000000000000, 1.000000000000000000 ) ) ;
#4092 = DIRECTION ( 'NONE',  ( 0.0000000000000000000, 1.000000000000000000, 0.0000000000000000000 ) ) ;
#4093 = DIRECTION ( 'NONE',  ( 0.0000000000000000000, 1.000000000000000000, -0.0000000000000000000 ) ) ;
#4094 = ORIENTED_EDGE ( 'NONE', *, *, #2422, .F. ) ;
#4095 = ORIENTED_EDGE ( 'NONE', *, *, #2810, .F. ) ;
#4096 = ORIENTED_EDGE ( 'NONE', *, *, #659, .F. ) ;
#4097 = VERTEX_POINT ( 'NONE', #4810 ) ;
#4098 = ORIENTED_EDGE ( 'NONE', *, *, #4438, .F. ) ;
#4099 = DIRECTION ( 'NONE',  ( -0.0000000000000000000, -0.0000000000000000000, -1.000000000000000000 ) ) ;
#4100 = CARTESIAN_POINT ( 'NONE',  ( -1.806939028189363600, 0.5428135343563766900, 0.8875000000000000700 ) ) ;
#4101 = DIRECTION ( 'NONE',  ( -0.1209742911513548600, -0.9852565360152931700, -0.1209742911513548200 ) ) ;
#4102 = VECTOR ( 'NONE', #4299, 1000.000000000000000 ) ;
#4103 = VECTOR ( 'NONE', #3174, 1000.000000000000000 ) ;
#4104 = ORIENTED_EDGE ( 'NONE', *, *, #4297, .F. ) ;
#4105 = ADVANCED_FACE ( 'NONE', ( #1917 ), #4005, .F. ) ;
#4106 = EDGE_CURVE ( 'NONE', #458, #948, #3829, .T. ) ;
#4107 = AXIS2_PLACEMENT_3D ( 'NONE', #688, #1773, #4381 ) ;
#4108 = CARTESIAN_POINT ( 'NONE',  ( -2.089276992637431300, 0.2665595911220556800, 0.1124999999999999800 ) ) ;
#4109 = CARTESIAN_POINT ( 'NONE',  ( 2.156207793495132900, 0.2724152774378160200, -0.1124999999999999800 ) ) ;
#4110 = FILL_AREA_STYLE ('',( #2216 ) ) ;
#4111 = DIRECTION ( 'NONE',  ( -0.0000000000000000000, -0.0000000000000000000, -1.000000000000000000 ) ) ;
#4112 = CYLINDRICAL_SURFACE ( 'NONE', #1265, 0.06718646564362360000 ) ;
#4113 = ORIENTED_EDGE ( 'NONE', *, *, #3940, .F. ) ;
#4114 = DIRECTION ( 'NONE',  ( -1.000000000000000000, 0.0000000000000000000, 0.0000000000000000000 ) ) ;
#4115 = LINE ( 'NONE', #1212, #38 ) ;
#4116 = CARTESIAN_POINT ( 'NONE',  ( -2.440056168313842200, 0.0000000000000000000, -0.8875000000000000700 ) ) ;
#4117 = AXIS2_PLACEMENT_3D ( 'NONE', #4728, #1856, #2221 ) ;
#4118 = FACE_OUTER_BOUND ( 'NONE', #1701, .T. ) ;
#4119 = DIRECTION ( 'NONE',  ( -0.0000000000000000000, -0.0000000000000000000, -1.000000000000000000 ) ) ;
#4120 = CARTESIAN_POINT ( 'NONE',  ( -1.873869829047064800, 0.5486692206721369700, -0.8875000000000000700 ) ) ;
#4121 = AXIS2_PLACEMENT_3D ( 'NONE', #1761, #3243, #233 ) ;
#4122 = FILL_AREA_STYLE ('',( #786 ) ) ;
#4123 = CIRCLE ( 'NONE', #97, 0.06718646564362382200 ) ;
#4124 = CARTESIAN_POINT ( 'NONE',  ( 1.900000000000000100, 0.2500000000000000000, 0.3875000000000000700 ) ) ;
#4125 = FILL_AREA_STYLE ('',( #3720 ) ) ;
#4126 = DIRECTION ( 'NONE',  ( -0.0000000000000000000, 1.000000000000000000, 0.0000000000000000000 ) ) ;
#4127 = ORIENTED_EDGE ( 'NONE', *, *, #4670, .T. ) ;
#4128 = DIRECTION ( 'NONE',  ( 0.9986295347545742800, 0.05233595624293682600, -0.0000000000000000000 ) ) ;
#4129 = FACE_OUTER_BOUND ( 'NONE', #4675, .T. ) ;
#4130 = CARTESIAN_POINT ( 'NONE',  ( -1.139835565157574400, 1.099999999999999600, -0.9898355651575766500 ) ) ;
#4131 = VERTEX_POINT ( 'NONE', #670 ) ;
#4132 = ADVANCED_FACE ( 'NONE', ( #3114 ), #4441, .T. ) ;
#4133 = LINE ( 'NONE', #4513, #2650 ) ;
#4134 = CARTESIAN_POINT ( 'NONE',  ( 1.900000000000000100, 0.2500000000000000000, -1.112500000000000000 ) ) ;
#4135 = DIRECTION ( 'NONE',  ( -1.000000000000000000, 0.0000000000000000000, 0.0000000000000000000 ) ) ;
#4136 = ORIENTED_EDGE ( 'NONE', *, *, #548, .F. ) ;
#4137 = DIRECTION ( 'NONE',  ( 0.0000000000000000000, 0.0000000000000000000, 1.000000000000000000 ) ) ;
#4138 = EDGE_CURVE ( 'NONE', #1949, #2734, #2147, .T. ) ;
#4139 = EDGE_CURVE ( 'NONE', #4468, #3317, #4123, .T. ) ;
#4140 = FACE_OUTER_BOUND ( 'NONE', #2997, .T. ) ;
#4141 = ORIENTED_EDGE ( 'NONE', *, *, #3407, .F. ) ;
#4142 = CARTESIAN_POINT ( 'NONE',  ( 1.806939028189363600, 0.6100000000000003200, -0.1124999999999999800 ) ) ;
#4143 = CARTESIAN_POINT ( 'NONE',  ( -1.476670933428449100, 0.8000000000000000400, 1.112500000000000000 ) ) ;
#4144 = LINE ( 'NONE', #552, #1403 ) ;
#4145 = EDGE_CURVE ( 'NONE', #734, #4725, #4657, .T. ) ;
#4146 = ORIENTED_EDGE ( 'NONE', *, *, #4139, .T. ) ;
#4147 = FACE_OUTER_BOUND ( 'NONE', #2374, .T. ) ;
#4148 = LINE ( 'NONE', #337, #1410 ) ;
#4149 = CARTESIAN_POINT ( 'NONE',  ( -1.476670933428449100, 0.8000000000000000400, 0.1124999999999999800 ) ) ;
#4150 = CARTESIAN_POINT ( 'NONE',  ( 2.156207793495132900, 0.2724152774378160200, 0.1124999999999999800 ) ) ;
#4151 = EDGE_LOOP ( 'NONE', ( #3454, #3786, #4250, #29 ) ) ;
#4152 = ORIENTED_EDGE ( 'NONE', *, *, #2255, .T. ) ;
#4153 = DIRECTION ( 'NONE',  ( -0.0000000000000000000, -0.0000000000000000000, -1.000000000000000000 ) ) ;
#4154 = ORIENTED_EDGE ( 'NONE', *, *, #3028, .F. ) ;
#4155 = EDGE_CURVE ( 'NONE', #2967, #3317, #3530, .T. ) ;
#4156 = CARTESIAN_POINT ( 'NONE',  ( 2.089276992637431300, 0.2665595911220557400, 0.8875000000000000700 ) ) ;
#4157 = VECTOR ( 'NONE', #303, 1000.000000000000000 ) ;
#4158 = ORIENTED_EDGE ( 'NONE', *, *, #3822, .T. ) ;
#4159 = EDGE_CURVE ( 'NONE', #3406, #2083, #693, .T. ) ;
#4160 = FACE_OUTER_BOUND ( 'NONE', #3336, .T. ) ;
#4161 = VECTOR ( 'NONE', #142, 1000.000000000000000 ) ;
#4162 = CARTESIAN_POINT ( 'NONE',  ( -2.450000000000000200, 0.1897396116033688600, 1.112500000000000000 ) ) ;
#4163 = DIRECTION ( 'NONE',  ( -0.0000000000000000000, -0.0000000000000000000, -1.000000000000000000 ) ) ;
#4164 = FACE_OUTER_BOUND ( 'NONE', #3126, .T. ) ;
#4165 = DIRECTION ( 'NONE',  ( -0.0000000000000000000, -0.0000000000000000000, -1.000000000000000000 ) ) ;
#4166 = ORIENTED_EDGE ( 'NONE', *, *, #4042, .F. ) ;
#4167 = EDGE_CURVE ( 'NONE', #4030, #706, #470, .T. ) ;
#4168 = CARTESIAN_POINT ( 'NONE',  ( 2.089276992637431300, 0.2665595911220557400, 0.6124999999999999300 ) ) ;
#4169 = DIRECTION ( 'NONE',  ( -0.0000000000000000000, -0.0000000000000000000, -1.000000000000000000 ) ) ;
#4170 = PLANE ( 'NONE',  #3713 ) ;
#4171 = FACE_OUTER_BOUND ( 'NONE', #2000, .T. ) ;
#4172 = CARTESIAN_POINT ( 'NONE',  ( 2.063146821684495700, 0.5652288117941927100, -0.8875000000000000700 ) ) ;
#4173 = AXIS2_PLACEMENT_3D ( 'NONE', #4279, #3116, #1997 ) ;
#4174 = CARTESIAN_POINT ( 'NONE',  ( -1.500000000000000000, 0.6100000000000003200, 0.1124999999999999800 ) ) ;
#4175 = CARTESIAN_POINT ( 'NONE',  ( -1.806939028189363600, 0.5428135343563766900, 0.1124999999999999800 ) ) ;
#4176 = CARTESIAN_POINT ( 'NONE',  ( 1.476670933428449100, 0.8000000000000000400, 1.112500000000000000 ) ) ;
#4177 = SURFACE_STYLE_FILL_AREA ( #3691 ) ;
#4178 = ORIENTED_EDGE ( 'NONE', *, *, #2597, .F. ) ;
#4179 = CARTESIAN_POINT ( 'NONE',  ( 2.089276992637431300, 0.2665595911220557400, -0.6124999999999999300 ) ) ;
#4180 = CARTESIAN_POINT ( 'NONE',  ( 2.450000000000000200, 0.1897396116033688300, 0.6124999999999999300 ) ) ;
#4181 = DIRECTION ( 'NONE',  ( -1.000000000000000000, -0.0000000000000000000, -0.0000000000000000000 ) ) ;
#4182 = LINE ( 'NONE', #2359, #3076 ) ;
#4183 = ORIENTED_EDGE ( 'NONE', *, *, #2370, .F. ) ;
#4184 = DIRECTION ( 'NONE',  ( 0.0000000000000000000, 0.0000000000000000000, 1.000000000000000000 ) ) ;
#4185 = AXIS2_PLACEMENT_3D ( 'NONE', #851, #4198, #820 ) ;
#4186 = CIRCLE ( 'NONE', #1189, 0.2571864656436230200 ) ;
#4187 = CARTESIAN_POINT ( 'NONE',  ( 2.450000000000000200, 0.1897396116033688300, 0.1124999999999999800 ) ) ;
#4188 = ORIENTED_EDGE ( 'NONE', *, *, #3308, .F. ) ;
#4189 = UNCERTAINTY_MEASURE_WITH_UNIT (LENGTH_MEASURE( 1.000000000000000100E-005 ), #4200, 'distance_accuracy_value', 'NONE');
#4190 = EDGE_CURVE ( 'NONE', #257, #3389, #1406, .T. ) ;
#4191 = FACE_OUTER_BOUND ( 'NONE', #679, .T. ) ;
#4192 = CARTESIAN_POINT ( 'NONE',  ( -1.900000000000000100, 0.2500000000000000000, 0.1124999999999999800 ) ) ;
#4193 = FILL_AREA_STYLE_COLOUR ( '', #3994 ) ;
#4194 = EDGE_CURVE ( 'NONE', #839, #3157, #3843, .T. ) ;
#4195 = EDGE_CURVE ( 'NONE', #2706, #117, #4553, .T. ) ;
#4196 = ORIENTED_EDGE ( 'NONE', *, *, #889, .F. ) ;
#4197 = ADVANCED_FACE ( 'NONE', ( #2327 ), #4366, .F. ) ;
#4198 = DIRECTION ( 'NONE',  ( -0.0000000000000000000, -0.0000000000000000000, -1.000000000000000000 ) ) ;
#4199 = CARTESIAN_POINT ( 'NONE',  ( -1.806939028189363600, 0.5428135343563766900, 1.112500000000000000 ) ) ;
#4200 =( LENGTH_UNIT ( ) NAMED_UNIT ( * ) SI_UNIT ( .MILLI., .METRE. ) );
#4201 = ORIENTED_EDGE ( 'NONE', *, *, #891, .T. ) ;
#4202 =( GEOMETRIC_REPRESENTATION_CONTEXT ( 3 ) GLOBAL_UNCERTAINTY_ASSIGNED_CONTEXT ( ( #742 ) ) GLOBAL_UNIT_ASSIGNED_CONTEXT ( ( #2143, #3657, #4760 ) ) REPRESENTATION_CONTEXT ( 'NONE', 'WORKASPACE' ) );
#4203 = CYLINDRICAL_SURFACE ( 'NONE', #623, 0.06718646564362360000 ) ;
#4204 = DIRECTION ( 'NONE',  ( 0.1218693434051425900, 0.9925461516413225400, 0.0000000000000000000 ) ) ;
#4205 = VERTEX_POINT ( 'NONE', #4108 ) ;
#4206 = PRODUCT_DEFINITION ( 'UNKNOWN', '', #4719, #4360 ) ;
#4207 = FACE_OUTER_BOUND ( 'NONE', #3579, .T. ) ;
#4208 = VERTEX_POINT ( 'NONE', #3719 ) ;
#4209 = VERTEX_POINT ( 'NONE', #339 ) ;
#4210 = VECTOR ( 'NONE', #3435, 1000.000000000000000 ) ;
#4211 = AXIS2_PLACEMENT_3D ( 'NONE', #4192, #3852, #3823 ) ;
#4212 = DIRECTION ( 'NONE',  ( -0.0000000000000000000, -0.0000000000000000000, -1.000000000000000000 ) ) ;
#4213 = EDGE_CURVE ( 'NONE', #1245, #3153, #2540, .T. ) ;
#4214 = VERTEX_POINT ( 'NONE', #776 ) ;
#4215 = VERTEX_POINT ( 'NONE', #3383 ) ;
#4216 = VERTEX_POINT ( 'NONE', #2253 ) ;
#4217 = DIRECTION ( 'NONE',  ( -0.0000000000000000000, 0.0000000000000000000, -1.000000000000000000 ) ) ;
#4218 = DIRECTION ( 'NONE',  ( -0.08715574274766128800, 0.9961946980917452100, 0.0000000000000000000 ) ) ;
#4219 = CARTESIAN_POINT ( 'NONE',  ( 1.499999999999999800, 0.6100000000000003200, -1.500000000000000400 ) ) ;
#4220 = CARTESIAN_POINT ( 'NONE',  ( -2.450000000000000200, 0.1897396116033688600, 0.6124999999999999300 ) ) ;
#4221 = VECTOR ( 'NONE', #164, 1000.000000000000000 ) ;
#4222 = LINE ( 'NONE', #4542, #1840 ) ;
#4223 = ORIENTED_EDGE ( 'NONE', *, *, #1665, .F. ) ;
#4224 = CARTESIAN_POINT ( 'NONE',  ( -1.806939028189363600, 0.5428135343563766900, -0.8875000000000000700 ) ) ;
#4225 = DIRECTION ( 'NONE',  ( -0.0000000000000000000, -0.0000000000000000000, -1.000000000000000000 ) ) ;
#4226 = FACE_OUTER_BOUND ( 'NONE', #600, .T. ) ;
#4227 = VECTOR ( 'NONE', #3991, 1000.000000000000000 ) ;
#4228 = DIRECTION ( 'NONE',  ( 0.9986295347545742800, -0.05233595624293736800, -0.0000000000000000000 ) ) ;
#4229 = ORIENTED_EDGE ( 'NONE', *, *, #2566, .T. ) ;
#4230 = ORIENTED_EDGE ( 'NONE', *, *, #447, .F. ) ;
#4231 = EDGE_CURVE ( 'NONE', #220, #2083, #4541, .T. ) ;
#4232 = EDGE_CURVE ( 'NONE', #505, #4464, #3850, .T. ) ;
#4233 = CARTESIAN_POINT ( 'NONE',  ( 2.156207793495132900, 0.2724152774378160200, -0.3875000000000000700 ) ) ;
#4234 = FACE_OUTER_BOUND ( 'NONE', #3845, .T. ) ;
#4235 = CARTESIAN_POINT ( 'NONE',  ( -1.806939028189363600, 0.6100000000000003200, -0.8875000000000000700 ) ) ;
#4236 = FILL_AREA_STYLE_COLOUR ( '', #3758 ) ;
#4237 = AXIS2_PLACEMENT_3D ( 'NONE', #1185, #2705, #1615 ) ;
#4238 = FACE_OUTER_BOUND ( 'NONE', #2404, .T. ) ;
#4239 = CARTESIAN_POINT ( 'NONE',  ( 1.806939028189363600, 0.8000000000000000400, -0.1124999999999999800 ) ) ;
#4240 = CARTESIAN_POINT ( 'NONE',  ( 1.500000000000000000, 0.6100000000000003200, 0.3875000000000000700 ) ) ;
#4241 = CARTESIAN_POINT ( 'NONE',  ( -1.139835565157574400, 0.9999999999999995600, -1.289835565157576600 ) ) ;
#4242 = CARTESIAN_POINT ( 'NONE',  ( 2.142747693882932400, 0.01558127690695090000, -0.8875000000000000700 ) ) ;
#4243 = LINE ( 'NONE', #2727, #95 ) ;
#4244 = CARTESIAN_POINT ( 'NONE',  ( -2.440056168313842200, 0.0000000000000000000, 0.6124999999999999300 ) ) ;
#4245 = ORIENTED_EDGE ( 'NONE', *, *, #3407, .T. ) ;
#4246 = AXIS2_PLACEMENT_3D ( 'NONE', #712, #698, #3297 ) ;
#4247 = EDGE_CURVE ( 'NONE', #1596, #3554, #4133, .T. ) ;
#4248 = EDGE_LOOP ( 'NONE', ( #4031, #1274, #2614, #643 ) ) ;
#4249 = FACE_OUTER_BOUND ( 'NONE', #2514, .T. ) ;
#4250 = ORIENTED_EDGE ( 'NONE', *, *, #3067, .F. ) ;
#4251 = DIRECTION ( 'NONE',  ( 1.000000000000000000, 0.0000000000000000000, 0.0000000000000000000 ) ) ;
#4252 = FACE_OUTER_BOUND ( 'NONE', #1340, .T. ) ;
#4253 = DIRECTION ( 'NONE',  ( 0.0000000000000000000, 0.0000000000000000000, 1.000000000000000000 ) ) ;
#4254 = EDGE_LOOP ( 'NONE', ( #1801, #4026, #3727, #1629, #543, #1229, #1069, #3089, #2151, #783, #3749, #3538 ) ) ;
#4255 = ORIENTED_EDGE ( 'NONE', *, *, #2685, .T. ) ;
#4256 = DIRECTION ( 'NONE',  ( 0.9986295347545742800, 0.05233595624293736800, 0.0000000000000000000 ) ) ;
#4257 = CARTESIAN_POINT ( 'NONE',  ( 2.063146821684495700, 0.5652288117941927100, 1.112500000000000000 ) ) ;
#4258 = LINE ( 'NONE', #4426, #2613 ) ;
#4259 = CARTESIAN_POINT ( 'NONE',  ( 2.152691525569090400, 0.2053208885103196300, 1.112500000000000000 ) ) ;
#4260 = DIRECTION ( 'NONE',  ( 0.9961946980917453200, 0.08715574274766131600, -0.0000000000000000000 ) ) ;
#4261 = ORIENTED_EDGE ( 'NONE', *, *, #387, .T. ) ;
#4262 = ADVANCED_FACE ( 'NONE', ( #3023 ), #10, .F. ) ;
#4263 = EDGE_CURVE ( 'NONE', #4304, #4044, #149, .T. ) ;
#4264 = CARTESIAN_POINT ( 'NONE',  ( 1.806939028189363600, 0.5428135343563765800, 0.8875000000000000700 ) ) ;
#4265 = LINE ( 'NONE', #3191, #1688 ) ;
#4266 = DIRECTION ( 'NONE',  ( -1.000000000000000000, 0.0000000000000000000, 0.0000000000000000000 ) ) ;
#4267 = ORIENTED_EDGE ( 'NONE', *, *, #3647, .T. ) ;
#4268 = FACE_OUTER_BOUND ( 'NONE', #3077, .T. ) ;
#4269 = AXIS2_PLACEMENT_3D ( 'NONE', #4264, #4643, #3167 ) ;
#4270 = EDGE_CURVE ( 'NONE', #1010, #2706, #3966, .T. ) ;
#4271 = CYLINDRICAL_SURFACE ( 'NONE', #432, 0.2571864656436234600 ) ;
#4272 = CARTESIAN_POINT ( 'NONE',  ( 2.152691525569090400, 0.2053208885103196300, -0.3875000000000000700 ) ) ;
#4273 = DIRECTION ( 'NONE',  ( -0.9986295347545742800, -0.05233595624293736800, 0.0000000000000000000 ) ) ;
#4274 = ORIENTED_EDGE ( 'NONE', *, *, #1040, .T. ) ;
#4275 = CARTESIAN_POINT ( 'NONE',  ( 1.476670933428449100, 0.8000000000000000400, 1.112500000000000000 ) ) ;
#4276 = ORIENTED_EDGE ( 'NONE', *, *, #223, .F. ) ;
#4277 = DIRECTION ( 'NONE',  ( -0.08715574274765985900, -0.9961946980917454300, -0.0000000000000000000 ) ) ;
#4278 = ORIENTED_EDGE ( 'NONE', *, *, #3732, .T. ) ;
#4279 = CARTESIAN_POINT ( 'NONE',  ( -2.450000000000000200, 0.1897396116033688600, 0.6124999999999999300 ) ) ;
#4280 = VERTEX_POINT ( 'NONE', #3397 ) ;
#4281 = LINE ( 'NONE', #2512, #3151 ) ;
#4282 = CARTESIAN_POINT ( 'NONE',  ( 1.476670933428449100, 0.8000000000000000400, -0.3875000000000000700 ) ) ;
#4283 = EDGE_LOOP ( 'NONE', ( #3359, #3893, #1649, #3534 ) ) ;
#4284 = CARTESIAN_POINT ( 'NONE',  ( -2.440056168313842200, 0.0000000000000000000, -0.6124999999999999300 ) ) ;
#4285 = ADVANCED_FACE ( 'NONE', ( #2206 ), #1173, .F. ) ;
#4286 = LINE ( 'NONE', #3307, #3279 ) ;
#4287 = FACE_OUTER_BOUND ( 'NONE', #4520, .T. ) ;
#4288 = ORIENTED_EDGE ( 'NONE', *, *, #1711, .F. ) ;
#4289 = CARTESIAN_POINT ( 'NONE',  ( -1.806939028189363600, 0.6100000000000003200, 0.3875000000000000700 ) ) ;
#4290 = CARTESIAN_POINT ( 'NONE',  ( -2.156207793495132900, 0.2724152774378160200, -0.8875000000000000700 ) ) ;
#4291 = AXIS2_PLACEMENT_3D ( 'NONE', #3880, #4260, #3584 ) ;
#4292 = CIRCLE ( 'NONE', #2053, 0.2571864656436230200 ) ;
#4293 = DIRECTION ( 'NONE',  ( -0.0000000000000000000, -0.0000000000000000000, -1.000000000000000000 ) ) ;
#4294 = CARTESIAN_POINT ( 'NONE',  ( 1.806939028189363600, 0.5428135343563765800, -0.3875000000000000700 ) ) ;
#4295 = CARTESIAN_POINT ( 'NONE',  ( -1.476670933428449100, 0.8000000000000000400, 0.8875000000000000700 ) ) ;
#4296 = VECTOR ( 'NONE', #264, 1000.000000000000000 ) ;
#4297 = EDGE_CURVE ( 'NONE', #4660, #2063, #4222, .T. ) ;
#4298 = DIRECTION ( 'NONE',  ( 1.000000000000000000, -0.0000000000000000000, -0.0000000000000000000 ) ) ;
#4299 = DIRECTION ( 'NONE',  ( -1.000000000000000000, 0.0000000000000000000, 0.0000000000000000000 ) ) ;
#4300 = CARTESIAN_POINT ( 'NONE',  ( -1.806939028189363600, 0.6100000000000003200, 0.1124999999999999800 ) ) ;
#4301 = AXIS2_PLACEMENT_3D ( 'NONE', #3266, #1418, #725 ) ;
#4302 = DIRECTION ( 'NONE',  ( 0.1218693434051477400, -0.9925461516413219800, 0.0000000000000000000 ) ) ;
#4303 = DIRECTION ( 'NONE',  ( -0.9961946980917453200, 0.08715574274766131600, 0.0000000000000000000 ) ) ;
#4304 = VERTEX_POINT ( 'NONE', #4168 ) ;
#4305 = EDGE_CURVE ( 'NONE', #2464, #4725, #2692, .T. ) ;
#4306 = CARTESIAN_POINT ( 'NONE',  ( 1.900000000000000100, 0.2500000000000000000, 1.112500000000000000 ) ) ;
#4307 = VECTOR ( 'NONE', #3357, 1000.000000000000000 ) ;
#4308 = DIRECTION ( 'NONE',  ( -0.08715574274766128800, 0.9961946980917452100, 0.0000000000000000000 ) ) ;
#4309 = ORIENTED_EDGE ( 'NONE', *, *, #4561, .T. ) ;
#4310 = CARTESIAN_POINT ( 'NONE',  ( -2.063146821684496100, 0.5652288117941926000, -0.8875000000000000700 ) ) ;
#4311 = ADVANCED_FACE ( 'NONE', ( #191 ), #1554, .F. ) ;
#4312 = VECTOR ( 'NONE', #4470, 1000.000000000000000 ) ;
#4313 = CARTESIAN_POINT ( 'NONE',  ( 1.806939028189363600, 0.8000000000000000400, 0.6124999999999999300 ) ) ;
#4314 = ORIENTED_EDGE ( 'NONE', *, *, #4039, .F. ) ;
#4315 = DIRECTION ( 'NONE',  ( 0.05233595624293681900, -0.9986295347545742800, 0.0000000000000000000 ) ) ;
#4316 = VERTEX_POINT ( 'NONE', #66 ) ;
#4317 = LINE ( 'NONE', #1771, #650 ) ;
#4318 = CARTESIAN_POINT ( 'NONE',  ( 2.450000000000000200, 0.1897396116033688300, -0.6124999999999999300 ) ) ;
#4319 =( NAMED_UNIT ( * ) PLANE_ANGLE_UNIT ( ) SI_UNIT ( $, .RADIAN. ) );
#4320 = PLANE ( 'NONE',  #4846 ) ;
#4321 = CARTESIAN_POINT ( 'NONE',  ( 2.450000000000000200, 0.1897396116033688300, -0.6124999999999999300 ) ) ;
#4322 = ORIENTED_EDGE ( 'NONE', *, *, #1482, .F. ) ;
#4323 = VECTOR ( 'NONE', #1436, 1000.000000000000000 ) ;
#4324 = EDGE_CURVE ( 'NONE', #3196, #3616, #3402, .T. ) ;
#4325 = DIRECTION ( 'NONE',  ( -0.1218693434051425900, -0.9925461516413225400, 0.0000000000000000000 ) ) ;
#4326 = EDGE_CURVE ( 'NONE', #3838, #1889, #4348, .T. ) ;
#4327 = DIRECTION ( 'NONE',  ( 0.05233595624293736800, 0.9986295347545742800, -0.0000000000000000000 ) ) ;
#4328 = VERTEX_POINT ( 'NONE', #4179 ) ;
#4329 = LINE ( 'NONE', #2895, #2621 ) ;
#4330 = VERTEX_POINT ( 'NONE', #2330 ) ;
#4331 = EDGE_LOOP ( 'NONE', ( #1343, #1647, #2797, #1827, #2717, #2554, #715, #2925, #685, #4382, #3205, #3572 ) ) ;
#4332 = DIRECTION ( 'NONE',  ( -0.9986295347545742800, 0.05233595624293736800, 0.0000000000000000000 ) ) ;
#4333 = CARTESIAN_POINT ( 'NONE',  ( -1.900000000000000100, 0.2500000000000000000, 0.3875000000000000700 ) ) ;
#4334 = VECTOR ( 'NONE', #201, 1000.000000000000000 ) ;
#4335 = ADVANCED_FACE ( 'NONE', ( #3058 ), #1932, .F. ) ;
#4336 = ORIENTED_EDGE ( 'NONE', *, *, #1828, .T. ) ;
#4337 = ORIENTED_EDGE ( 'NONE', *, *, #2288, .T. ) ;
#4338 = EDGE_CURVE ( 'NONE', #3631, #2218, #1660, .T. ) ;
#4339 = DIRECTION ( 'NONE',  ( -0.0000000000000000000, -0.0000000000000000000, -1.000000000000000000 ) ) ;
#4340 = CARTESIAN_POINT ( 'NONE',  ( -1.139835565157574400, 0.9999999999999995600, -1.289835565157576600 ) ) ;
#4341 = ORIENTED_EDGE ( 'NONE', *, *, #1797, .F. ) ;
#4342 = DIRECTION ( 'NONE',  ( -0.08715574274765985900, -0.9961946980917454300, -0.0000000000000000000 ) ) ;
#4343 = VERTEX_POINT ( 'NONE', #1961 ) ;
#4344 = ORIENTED_EDGE ( 'NONE', *, *, #3642, .F. ) ;
#4345 = AXIS2_PLACEMENT_3D ( 'NONE', #1725, #2475, #1317 ) ;
#4346 = VECTOR ( 'NONE', #3525, 1000.000000000000000 ) ;
#4347 = DIRECTION ( 'NONE',  ( -0.9986295347545742800, -0.05233595624293736800, 0.0000000000000000000 ) ) ;
#4348 = LINE ( 'NONE', #4149, #4694 ) ;
#4349 = CARTESIAN_POINT ( 'NONE',  ( 2.089276992637431300, 0.2665595911220557400, -0.3875000000000000700 ) ) ;
#4350 = LINE ( 'NONE', #3231, #4227 ) ;
#4351 = DIRECTION ( 'NONE',  ( -0.05233595624293682600, 0.9986295347545742800, 0.0000000000000000000 ) ) ;
#4352 = ORIENTED_EDGE ( 'NONE', *, *, #391, .F. ) ;
#4353 = ORIENTED_EDGE ( 'NONE', *, *, #4006, .T. ) ;
#4354 = DIRECTION ( 'NONE',  ( -0.0000000000000000000, -0.0000000000000000000, -1.000000000000000000 ) ) ;
#4355 = VECTOR ( 'NONE', #3414, 1000.000000000000000 ) ;
#4356 = CARTESIAN_POINT ( 'NONE',  ( -1.500000000000000000, 0.6100000000000003200, -0.6124999999999999300 ) ) ;
#4357 = CARTESIAN_POINT ( 'NONE',  ( 2.450000000000000200, 0.1897396116033688300, -0.8875000000000000700 ) ) ;
#4358 = AXIS2_PLACEMENT_3D ( 'NONE', #31, #1525, #4114 ) ;
#4359 = DIRECTION ( 'NONE',  ( 0.0000000000000000000, 0.0000000000000000000, 1.000000000000000000 ) ) ;
#4360 = PRODUCT_DEFINITION_CONTEXT ( 'detailed design', #941, 'design' ) ;
#4361 = CARTESIAN_POINT ( 'NONE',  ( -1.873869829047064800, 0.5486692206721369700, 0.8875000000000000700 ) ) ;
#4362 = ADVANCED_FACE ( 'NONE', ( #488 ), #1717, .T. ) ;
#4363 = DIRECTION ( 'NONE',  ( -0.9986295347545742800, 0.05233595624293736800, 0.0000000000000000000 ) ) ;
#4364 = DIRECTION ( 'NONE',  ( -1.000000000000000000, 0.0000000000000000000, 0.0000000000000000000 ) ) ;
#4365 = AXIS2_PLACEMENT_3D ( 'NONE', #2200, #2615, #2989 ) ;
#4366 = CYLINDRICAL_SURFACE ( 'NONE', #2528, 0.06718646564362360000 ) ;
#4367 = CARTESIAN_POINT ( 'NONE',  ( 2.152691525569090400, 0.2053208885103196300, -1.112500000000000000 ) ) ;
#4368 = DIRECTION ( 'NONE',  ( -0.0000000000000000000, -0.0000000000000000000, -1.000000000000000000 ) ) ;
#4369 = EDGE_LOOP ( 'NONE', ( #2400, #4523, #4734, #3030 ) ) ;
#4370 = CARTESIAN_POINT ( 'NONE',  ( 2.440056168313842200, 0.0000000000000000000, 0.1124999999999999800 ) ) ;
#4371 = VECTOR ( 'NONE', #837, 1000.000000000000000 ) ;
#4372 = CARTESIAN_POINT ( 'NONE',  ( 2.089276992637431300, 0.2665595911220557400, -0.3875000000000000700 ) ) ;
#4373 = EDGE_LOOP ( 'NONE', ( #4255, #713, #362, #469 ) ) ;
#4374 = PRESENTATION_LAYER_ASSIGNMENT (  '', '', ( #2436 ) ) ;
#4375 = DIRECTION ( 'NONE',  ( 0.05233595624293681900, -0.9986295347545742800, 0.0000000000000000000 ) ) ;
#4376 = CARTESIAN_POINT ( 'NONE',  ( -1.806939028189363600, 0.6100000000000003200, 0.1124999999999999800 ) ) ;
#4377 = LINE ( 'NONE', #2056, #2779 ) ;
#4378 = ORIENTED_EDGE ( 'NONE', *, *, #331, .T. ) ;
#4379 = AXIS2_PLACEMENT_3D ( 'NONE', #2193, #4799, #720 ) ;
#4380 = CARTESIAN_POINT ( 'NONE',  ( -2.156207793495132900, 0.2724152774378160200, -0.3875000000000000700 ) ) ;
#4381 = DIRECTION ( 'NONE',  ( 1.000000000000000000, 0.0000000000000000000, 0.0000000000000000000 ) ) ;
#4382 = ORIENTED_EDGE ( 'NONE', *, *, #4567, .T. ) ;
#4383 = VERTEX_POINT ( 'NONE', #1945 ) ;
#4384 = CIRCLE ( 'NONE', #2664, 0.2571864656436230200 ) ;
#4385 = ADVANCED_FACE ( 'NONE', ( #4050 ), #733, .T. ) ;
#4386 = VERTEX_POINT ( 'NONE', #829 ) ;
#4387 = CARTESIAN_POINT ( 'NONE',  ( -2.450000000000000200, 0.1897396116033688600, 0.1124999999999999800 ) ) ;
#4388 = DIRECTION ( 'NONE',  ( 0.08715574274766130200, -0.9961946980917452100, 0.0000000000000000000 ) ) ;
#4389 = VECTOR ( 'NONE', #2478, 1000.000000000000000 ) ;
#4390 = PLANE ( 'NONE',  #1963 ) ;
#4391 = EDGE_CURVE ( 'NONE', #3370, #1428, #3340, .T. ) ;
#4392 = ORIENTED_EDGE ( 'NONE', *, *, #428, .F. ) ;
#4393 = DIRECTION ( 'NONE',  ( 0.0000000000000000000, -0.0000000000000000000, -1.000000000000000000 ) ) ;
#4394 = EDGE_CURVE ( 'NONE', #1889, #2350, #2399, .T. ) ;
#4395 = ORIENTED_EDGE ( 'NONE', *, *, #772, .T. ) ;
#4396 = PLANE ( 'NONE',  #2212 ) ;
#4397 = ORIENTED_EDGE ( 'NONE', *, *, #899, .T. ) ;
#4398 = ORIENTED_EDGE ( 'NONE', *, *, #3380, .T. ) ;
#4399 = DIRECTION ( 'NONE',  ( -0.0000000000000000000, -0.0000000000000000000, -1.000000000000000000 ) ) ;
#4400 = ORIENTED_EDGE ( 'NONE', *, *, #2807, .F. ) ;
#4401 = AXIS2_PLACEMENT_3D ( 'NONE', #1039, #2183, #1763 ) ;
#4402 = ADVANCED_FACE ( 'NONE', ( #2075 ), #4593, .T. ) ;
#4403 = EDGE_CURVE ( 'NONE', #3861, #1661, #2185, .T. ) ;
#4404 = CIRCLE ( 'NONE', #1374, 0.06718646564362382200 ) ;
#4405 = EDGE_CURVE ( 'NONE', #4214, #1769, #684, .T. ) ;
#4406 = VERTEX_POINT ( 'NONE', #4272 ) ;
#4407 = CARTESIAN_POINT ( 'NONE',  ( 2.142747693882932400, 0.01558127690695090000, 1.112500000000000000 ) ) ;
#4408 = DIRECTION ( 'NONE',  ( -0.0000000000000000000, -0.0000000000000000000, -1.000000000000000000 ) ) ;
#4409 = DIRECTION ( 'NONE',  ( 0.0000000000000000000, 0.0000000000000000000, 1.000000000000000000 ) ) ;
#4410 = AXIS2_PLACEMENT_3D ( 'NONE', #652, #1774, #2560 ) ;
#4411 = LINE ( 'NONE', #2007, #3649 ) ;
#4412 = LINE ( 'NONE', #174, #2527 ) ;
#4413 = CARTESIAN_POINT ( 'NONE',  ( 1.900000000000000100, 0.2500000000000000000, 0.8875000000000000700 ) ) ;
#4414 = CARTESIAN_POINT ( 'NONE',  ( -1.900000000000000100, 0.2500000000000000000, 0.6124999999999999300 ) ) ;
#4415 = DIRECTION ( 'NONE',  ( 0.9986295347545742800, 0.05233595624293728400, 0.0000000000000000000 ) ) ;
#4416 = LINE ( 'NONE', #1304, #1138 ) ;
#4417 = VERTEX_POINT ( 'NONE', #1319 ) ;
#4418 = CYLINDRICAL_SURFACE ( 'NONE', #1368, 0.06718646564362360000 ) ;
#4419 = DIRECTION ( 'NONE',  ( -0.0000000000000000000, -0.0000000000000000000, -1.000000000000000000 ) ) ;
#4420 = DIRECTION ( 'NONE',  ( 0.0000000000000000000, 0.0000000000000000000, 1.000000000000000000 ) ) ;
#4421 = EDGE_CURVE ( 'NONE', #3989, #3606, #1193, .T. ) ;
#4422 = DIRECTION ( 'NONE',  ( 0.05233595624293681900, -0.9986295347545742800, 0.0000000000000000000 ) ) ;
#4423 = ADVANCED_FACE ( 'NONE', ( #85 ), #3929, .T. ) ;
#4424 = CYLINDRICAL_SURFACE ( 'NONE', #4410, 0.06718646564362382200 ) ;
#4425 = DIRECTION ( 'NONE',  ( 0.9986295347545742800, 0.05233595624293728400, 0.0000000000000000000 ) ) ;
#4426 = CARTESIAN_POINT ( 'NONE',  ( 1.476670933428449100, 0.8000000000000000400, -0.1124999999999999800 ) ) ;
#4427 = CARTESIAN_POINT ( 'NONE',  ( -2.440056168313842200, 0.0000000000000000000, 0.8875000000000000700 ) ) ;
#4428 = ORIENTED_EDGE ( 'NONE', *, *, #2020, .F. ) ;
#4429 = AXIS2_PLACEMENT_3D ( 'NONE', #4723, #1734, #2468 ) ;
#4430 = CYLINDRICAL_SURFACE ( 'NONE', #308, 0.2571864656436234600 ) ;
#4431 = ORIENTED_EDGE ( 'NONE', *, *, #4709, .T. ) ;
#4432 = LINE ( 'NONE', #2139, #455 ) ;
#4433 = VERTEX_POINT ( 'NONE', #2039 ) ;
#4434 = AXIS2_PLACEMENT_3D ( 'NONE', #2588, #1869, #3018 ) ;
#4435 = ORIENTED_EDGE ( 'NONE', *, *, #50, .T. ) ;
#4436 = CARTESIAN_POINT ( 'NONE',  ( 3.130133092792192500E-016, 0.1499999999999997400, 1.443519101984663200 ) ) ;
#4437 = DIRECTION ( 'NONE',  ( -1.000000000000000000, 0.0000000000000000000, 0.0000000000000000000 ) ) ;
#4438 = EDGE_CURVE ( 'NONE', #2116, #1216, #3156, .T. ) ;
#4439 = VECTOR ( 'NONE', #1623, 1000.000000000000000 ) ;
#4440 = DIRECTION ( 'NONE',  ( 1.000000000000000000, 0.0000000000000000000, 0.0000000000000000000 ) ) ;
#4441 = PLANE ( 'NONE',  #3177 ) ;
#4442 = CARTESIAN_POINT ( 'NONE',  ( -2.440056168313842200, 0.0000000000000000000, 0.1124999999999999800 ) ) ;
#4443 = ORIENTED_EDGE ( 'NONE', *, *, #4067, .F. ) ;
#4444 = LINE ( 'NONE', #695, #3678 ) ;
#4445 = DIRECTION ( 'NONE',  ( 0.05233595624293681900, -0.9986295347545742800, 0.0000000000000000000 ) ) ;
#4446 = ORIENTED_EDGE ( 'NONE', *, *, #2599, .F. ) ;
#4447 = LINE ( 'NONE', #4702, #3855 ) ;
#4448 = ORIENTED_EDGE ( 'NONE', *, *, #1899, .F. ) ;
#4449 = AXIS2_PLACEMENT_3D ( 'NONE', #2906, #4043, #1389 ) ;
#4450 = DIRECTION ( 'NONE',  ( 1.000000000000000000, 0.0000000000000000000, 0.0000000000000000000 ) ) ;
#4451 = PLANE ( 'NONE',  #1998 ) ;
#4452 = VECTOR ( 'NONE', #4332, 1000.000000000000000 ) ;
#4453 = ORIENTED_EDGE ( 'NONE', *, *, #1450, .F. ) ;
#4454 = ORIENTED_EDGE ( 'NONE', *, *, #199, .F. ) ;
#4455 = EDGE_CURVE ( 'NONE', #2967, #2004, #2526, .T. ) ;
#4456 = DIRECTION ( 'NONE',  ( -1.000000000000000000, 0.0000000000000000000, 0.0000000000000000000 ) ) ;
#4457 = CARTESIAN_POINT ( 'NONE',  ( -1.900000000000000100, 0.2500000000000000000, 0.6124999999999999300 ) ) ;
#4458 = ADVANCED_FACE ( 'NONE', ( #1427 ), #1269, .F. ) ;
#4459 = EDGE_CURVE ( 'NONE', #3051, #1119, #4824, .T. ) ;
#4460 = EDGE_CURVE ( 'NONE', #752, #839, #1546, .T. ) ;
#4461 = CARTESIAN_POINT ( 'NONE',  ( -1.806939028189363600, 0.5428135343563766900, -0.8875000000000000700 ) ) ;
#4462 = DIRECTION ( 'NONE',  ( -1.000000000000000000, 0.0000000000000000000, 0.0000000000000000000 ) ) ;
#4463 = DIRECTION ( 'NONE',  ( 0.1218693434051477400, 0.9925461516413219800, 0.0000000000000000000 ) ) ;
#4464 = VERTEX_POINT ( 'NONE', #3111 ) ;
#4465 = CARTESIAN_POINT ( 'NONE',  ( 1.806939028189363600, 0.6100000000000003200, 0.6124999999999999300 ) ) ;
#4466 = VECTOR ( 'NONE', #445, 1000.000000000000000 ) ;
#4467 = LINE ( 'NONE', #1630, #1955 ) ;
#4468 = VERTEX_POINT ( 'NONE', #2378 ) ;
#4469 = CYLINDRICAL_SURFACE ( 'NONE', #3891, 0.2571864656436234600 ) ;
#4470 = DIRECTION ( 'NONE',  ( -0.0000000000000000000, -0.0000000000000000000, -1.000000000000000000 ) ) ;
#4471 = VERTEX_POINT ( 'NONE', #2077 ) ;
#4472 = AXIS2_PLACEMENT_3D ( 'NONE', #4776, #2969, #2765 ) ;
#4473 = CARTESIAN_POINT ( 'NONE',  ( -1.500000000000000700, 0.6100000000000003200, -1.499999999999999800 ) ) ;
#4474 = VERTEX_POINT ( 'NONE', #1301 ) ;
#4475 = VECTOR ( 'NONE', #2131, 1000.000000000000100 ) ;
#4476 = AXIS2_PLACEMENT_3D ( 'NONE', #1913, #3345, #383 ) ;
#4477 = CIRCLE ( 'NONE', #2405, 0.2571864656436234600 ) ;
#4478 = CARTESIAN_POINT ( 'NONE',  ( -2.156207793495132900, 0.2724152774378160200, 1.112500000000000000 ) ) ;
#4479 = ORIENTED_EDGE ( 'NONE', *, *, #3117, .F. ) ;
#4480 = DIRECTION ( 'NONE',  ( 0.0000000000000000000, -0.0000000000000000000, 1.000000000000000000 ) ) ;
#4481 = LINE ( 'NONE', #3626, #441 ) ;
#4482 = CARTESIAN_POINT ( 'NONE',  ( -1.900000000000000100, 0.2500000000000000000, 0.1124999999999999800 ) ) ;
#4483 = LINE ( 'NONE', #2299, #916 ) ;
#4484 = ORIENTED_EDGE ( 'NONE', *, *, #3642, .T. ) ;
#4485 = CARTESIAN_POINT ( 'NONE',  ( -2.089276992637431300, 0.2665595911220556800, -0.3875000000000000700 ) ) ;
#4486 = CARTESIAN_POINT ( 'NONE',  ( 2.089276992637431300, 0.2665595911220557400, 0.1124999999999999800 ) ) ;
#4487 = ORIENTED_EDGE ( 'NONE', *, *, #2310, .T. ) ;
#4488 = EDGE_CURVE ( 'NONE', #4464, #2964, #4411, .T. ) ;
#4489 = LINE ( 'NONE', #14, #1673 ) ;
#4490 = EDGE_CURVE ( 'NONE', #4205, #1513, #613, .T. ) ;
#4491 = ORIENTED_EDGE ( 'NONE', *, *, #574, .F. ) ;
#4492 = DIRECTION ( 'NONE',  ( -0.0000000000000000000, -0.0000000000000000000, -1.000000000000000000 ) ) ;
#4493 = CARTESIAN_POINT ( 'NONE',  ( -1.500000000000000000, 0.6100000000000003200, -1.112500000000000000 ) ) ;
#4494 =( LENGTH_UNIT ( ) NAMED_UNIT ( * ) SI_UNIT ( .MILLI., .METRE. ) );
#4495 = DIRECTION ( 'NONE',  ( 0.0000000000000000000, 1.000000000000000000, 0.0000000000000000000 ) ) ;
#4496 = VECTOR ( 'NONE', #3209, 1000.000000000000000 ) ;
#4497 = ORIENTED_EDGE ( 'NONE', *, *, #1110, .T. ) ;
#4498 = EDGE_CURVE ( 'NONE', #1579, #3583, #434, .T. ) ;
#4499 = DIRECTION ( 'NONE',  ( -0.1218693434051425900, 0.9925461516413225400, 0.0000000000000000000 ) ) ;
#4500 = DIRECTION ( 'NONE',  ( -7.228014483236697000E-017, 0.0000000000000000000, -1.000000000000000000 ) ) ;
#4501 = VECTOR ( 'NONE', #1785, 1000.000000000000100 ) ;
#4502 = EDGE_CURVE ( 'NONE', #1989, #1693, #3576, .T. ) ;
#4503 = ORIENTED_EDGE ( 'NONE', *, *, #3796, .T. ) ;
#4504 = VERTEX_POINT ( 'NONE', #1255 ) ;
#4505 = VECTOR ( 'NONE', #3980, 1000.000000000000200 ) ;
#4506 = ORIENTED_EDGE ( 'NONE', *, *, #4159, .T. ) ;
#4507 = LINE ( 'NONE', #2064, #168 ) ;
#4508 = DIRECTION ( 'NONE',  ( 1.000000000000000000, 0.0000000000000000000, 0.0000000000000000000 ) ) ;
#4509 = DIRECTION ( 'NONE',  ( 1.000000000000000000, 0.0000000000000000000, 0.0000000000000000000 ) ) ;
#4510 = UNCERTAINTY_MEASURE_WITH_UNIT (LENGTH_MEASURE( 1.000000000000000100E-005 ), #67, 'distance_accuracy_value', 'NONE');
#4511 = PLANE ( 'NONE',  #4117 ) ;
#4512 = ADVANCED_FACE ( 'NONE', ( #4287 ), #3139, .F. ) ;
#4513 = CARTESIAN_POINT ( 'NONE',  ( -2.063146821684496100, 0.5652288117941926000, -0.3875000000000000700 ) ) ;
#4514 = DIRECTION ( 'NONE',  ( 0.0000000000000000000, 0.0000000000000000000, 1.000000000000000000 ) ) ;
#4515 = CIRCLE ( 'NONE', #4560, 0.2571864656436234600 ) ;
#4516 = DIRECTION ( 'NONE',  ( -0.05233595624293682600, 0.9986295347545742800, 0.0000000000000000000 ) ) ;
#4517 = EDGE_LOOP ( 'NONE', ( #4353, #2728, #2497, #3215 ) ) ;
#4518 = EDGE_LOOP ( 'NONE', ( #4484, #2424, #4223, #1829 ) ) ;
#4519 = CARTESIAN_POINT ( 'NONE',  ( 1.439835565157576500, 1.099999999999999600, -1.500000000000000400 ) ) ;
#4520 = EDGE_LOOP ( 'NONE', ( #4083, #4453, #1573, #1538 ) ) ;
#4521 = VERTEX_POINT ( 'NONE', #4239 ) ;
#4522 = EDGE_CURVE ( 'NONE', #1536, #3033, #4467, .T. ) ;
#4523 = ORIENTED_EDGE ( 'NONE', *, *, #1898, .F. ) ;
#4524 = ORIENTED_EDGE ( 'NONE', *, *, #1576, .T. ) ;
#4525 = CARTESIAN_POINT ( 'NONE',  ( 1.806939028189363600, 0.8000000000000000400, 1.112500000000000000 ) ) ;
#4526 = DIRECTION ( 'NONE',  ( -0.08715574274766128800, 0.9961946980917452100, 0.0000000000000000000 ) ) ;
#4527 = VECTOR ( 'NONE', #4732, 1000.000000000000000 ) ;
#4528 = CARTESIAN_POINT ( 'NONE',  ( 2.089276992637431300, 0.2665595911220557400, 0.1124999999999999800 ) ) ;
#4529 = AXIS2_PLACEMENT_3D ( 'NONE', #2146, #2163, #4415 ) ;
#4530 = DIRECTION ( 'NONE',  ( 1.000000000000000000, -0.0000000000000000000, -0.0000000000000000000 ) ) ;
#4531 = DIRECTION ( 'NONE',  ( -0.0000000000000000000, -0.0000000000000000000, -1.000000000000000000 ) ) ;
#4532 = VECTOR ( 'NONE', #1481, 1000.000000000000000 ) ;
#4533 = LINE ( 'NONE', #4002, #1901 ) ;
#4534 = EDGE_CURVE ( 'NONE', #1216, #539, #3702, .T. ) ;
#4535 = PLANE ( 'NONE',  #905 ) ;
#4536 = VECTOR ( 'NONE', #2777, 1000.000000000000000 ) ;
#4537 = LINE ( 'NONE', #865, #2190 ) ;
#4538 = DIRECTION ( 'NONE',  ( 0.05233595624293728400, -0.9986295347545742800, 0.0000000000000000000 ) ) ;
#4539 = VECTOR ( 'NONE', #3933, 1000.000000000000200 ) ;
#4540 = DIRECTION ( 'NONE',  ( 1.000000000000000000, 0.0000000000000000000, 0.0000000000000000000 ) ) ;
#4541 = LINE ( 'NONE', #2986, #2173 ) ;
#4542 = CARTESIAN_POINT ( 'NONE',  ( 2.450000000000000200, 0.1897396116033688300, 0.1124999999999999800 ) ) ;
#4543 = CARTESIAN_POINT ( 'NONE',  ( 2.063146821684495700, 0.5652288117941927100, -0.1124999999999999800 ) ) ;
#4544 = ORIENTED_EDGE ( 'NONE', *, *, #1303, .F. ) ;
#4545 = PLANE ( 'NONE',  #3529 ) ;
#4546 = FACE_OUTER_BOUND ( 'NONE', #3604, .T. ) ;
#4547 = AXIS2_PLACEMENT_3D ( 'NONE', #2746, #146, #2845 ) ;
#4548 = ORIENTED_EDGE ( 'NONE', *, *, #3046, .T. ) ;
#4549 = VECTOR ( 'NONE', #4099, 1000.000000000000000 ) ;
#4550 = CARTESIAN_POINT ( 'NONE',  ( 1.900000000000000100, 0.2500000000000000000, -0.6124999999999999300 ) ) ;
#4551 = DIRECTION ( 'NONE',  ( 0.08715574274766130200, -0.9961946980917452100, -0.0000000000000000000 ) ) ;
#4552 = EDGE_CURVE ( 'NONE', #1159, #1010, #2295, .T. ) ;
#4553 = LINE ( 'NONE', #2587, #2309 ) ;
#4554 = ORIENTED_EDGE ( 'NONE', *, *, #1416, .F. ) ;
#4555 = ORIENTED_EDGE ( 'NONE', *, *, #1110, .F. ) ;
#4556 = CARTESIAN_POINT ( 'NONE',  ( 1.500000000000000000, 0.6100000000000003200, -0.8875000000000000700 ) ) ;
#4557 = DIRECTION ( 'NONE',  ( -0.05233595624293682600, -0.9986295347545742800, 0.0000000000000000000 ) ) ;
#4558 = DIRECTION ( 'NONE',  ( 0.0000000000000000000, -0.0000000000000000000, 1.000000000000000000 ) ) ;
#4559 = FACE_OUTER_BOUND ( 'NONE', #1118, .T. ) ;
#4560 = AXIS2_PLACEMENT_3D ( 'NONE', #4787, #3249, #682 ) ;
#4561 = EDGE_CURVE ( 'NONE', #668, #3510, #4585, .T. ) ;
#4562 = EDGE_CURVE ( 'NONE', #1037, #3053, #845, .T. ) ;
#4563 = EDGE_LOOP ( 'NONE', ( #3752, #507, #35, #619 ) ) ;
#4564 = DIRECTION ( 'NONE',  ( -0.0000000000000000000, -0.0000000000000000000, -1.000000000000000000 ) ) ;
#4565 = CIRCLE ( 'NONE', #2998, 0.2571864656436230200 ) ;
#4566 = AXIS2_PLACEMENT_3D ( 'NONE', #2492, #3193, #3971 ) ;
#4567 = EDGE_CURVE ( 'NONE', #2546, #4635, #2640, .T. ) ;
#4568 = VERTEX_POINT ( 'NONE', #1780 ) ;
#4569 = PLANE ( 'NONE',  #2377 ) ;
#4570 = LINE ( 'NONE', #1018, #4805 ) ;
#4571 = VERTEX_POINT ( 'NONE', #959 ) ;
#4572 = CARTESIAN_POINT ( 'NONE',  ( 1.806939028189363600, 0.8000000000000000400, -0.3875000000000000700 ) ) ;
#4573 = EDGE_LOOP ( 'NONE', ( #3677, #6, #2595, #925 ) ) ;
#4574 = VERTEX_POINT ( 'NONE', #1334 ) ;
#4575 = PLANE ( 'NONE',  #3509 ) ;
#4576 = VECTOR ( 'NONE', #2357, 1000.000000000000000 ) ;
#4577 = ORIENTED_EDGE ( 'NONE', *, *, #1482, .T. ) ;
#4578 = CARTESIAN_POINT ( 'NONE',  ( -2.440056168313842200, 0.0000000000000000000, -0.8875000000000000700 ) ) ;
#4579 = ORIENTED_EDGE ( 'NONE', *, *, #4138, .T. ) ;
#4580 = ORIENTED_EDGE ( 'NONE', *, *, #3185, .T. ) ;
#4581 = DIRECTION ( 'NONE',  ( 0.0000000000000000000, 0.0000000000000000000, 1.000000000000000000 ) ) ;
#4582 = EDGE_CURVE ( 'NONE', #2214, #3510, #2456, .T. ) ;
#4583 = EDGE_CURVE ( 'NONE', #4215, #3839, #1365, .T. ) ;
#4584 = FACE_OUTER_BOUND ( 'NONE', #2578, .T. ) ;
#4585 = LINE ( 'NONE', #2459, #2582 ) ;
#4586 = PLANE ( 'NONE',  #3552 ) ;
#4587 = EDGE_LOOP ( 'NONE', ( #4146, #196, #347, #1477 ) ) ;
#4588 = SURFACE_STYLE_USAGE ( .BOTH. , #1971 ) ;
#4589 = ADVANCED_FACE ( 'NONE', ( #1606 ), #3632, .F. ) ;
#4590 = EDGE_LOOP ( 'NONE', ( #51, #317, #102, #1143 ) ) ;
#4591 = AXIS2_PLACEMENT_3D ( 'NONE', #984, #1379, #247 ) ;
#4592 = ORIENTED_EDGE ( 'NONE', *, *, #2681, .T. ) ;
#4593 = PLANE ( 'NONE',  #2961 ) ;
#4594 = CARTESIAN_POINT ( 'NONE',  ( 2.142747693882932400, 0.01558127690695090000, -0.6124999999999999300 ) ) ;
#4595 = CARTESIAN_POINT ( 'NONE',  ( -1.476670933428449100, 0.8000000000000000400, -0.3875000000000000700 ) ) ;
#4596 = EDGE_CURVE ( 'NONE', #2914, #2693, #373, .T. ) ;
#4597 = LINE ( 'NONE', #4143, #1023 ) ;
#4598 = CARTESIAN_POINT ( 'NONE',  ( 2.450000000000000200, 0.1897396116033688300, 0.3875000000000000700 ) ) ;
#4599 = ORIENTED_EDGE ( 'NONE', *, *, #2114, .T. ) ;
#4600 = AXIS2_PLACEMENT_3D ( 'NONE', #848, #3426, #1916 ) ;
#4601 = CYLINDRICAL_SURFACE ( 'NONE', #716, 0.2571864656436234600 ) ;
#4602 = DIRECTION ( 'NONE',  ( -0.0000000000000000000, -0.0000000000000000000, -1.000000000000000000 ) ) ;
#4603 = CARTESIAN_POINT ( 'NONE',  ( 1.806939028189363600, 0.8000000000000000400, 0.3875000000000000700 ) ) ;
#4604 = VECTOR ( 'NONE', #276, 1000.000000000000200 ) ;
#4605 = ORIENTED_EDGE ( 'NONE', *, *, #451, .F. ) ;
#4606 = EDGE_CURVE ( 'NONE', #4571, #3388, #4533, .T. ) ;
#4607 = DIRECTION ( 'NONE',  ( 0.0000000000000000000, -0.0000000000000000000, 1.000000000000000000 ) ) ;
#4608 = CARTESIAN_POINT ( 'NONE',  ( 2.440056168313842200, 0.0000000000000000000, 0.8875000000000000700 ) ) ;
#4609 = VERTEX_POINT ( 'NONE', #1398 ) ;
#4610 = DIRECTION ( 'NONE',  ( -0.0000000000000000000, -0.0000000000000000000, -1.000000000000000000 ) ) ;
#4611 = FACE_OUTER_BOUND ( 'NONE', #3904, .T. ) ;
#4612 = ORIENTED_EDGE ( 'NONE', *, *, #3355, .T. ) ;
#4613 = AXIS2_PLACEMENT_3D ( 'NONE', #2322, #3828, #4184 ) ;
#4614 = FACE_OUTER_BOUND ( 'NONE', #406, .T. ) ;
#4615 = CARTESIAN_POINT ( 'NONE',  ( 1.476670933428449100, 0.8000000000000000400, 0.6124999999999999300 ) ) ;
#4616 = ORIENTED_EDGE ( 'NONE', *, *, #3817, .F. ) ;
#4617 = DIRECTION ( 'NONE',  ( -0.0000000000000000000, 0.0000000000000000000, -1.000000000000000000 ) ) ;
#4618 = CARTESIAN_POINT ( 'NONE',  ( -2.450000000000000200, 0.1897396116033688600, 0.3875000000000000700 ) ) ;
#4619 = AXIS2_PLACEMENT_3D ( 'NONE', #2935, #1114, #4480 ) ;
#4620 = ORIENTED_EDGE ( 'NONE', *, *, #391, .T. ) ;
#4621 = LINE ( 'NONE', #492, #4795 ) ;
#4622 = CARTESIAN_POINT ( 'NONE',  ( 2.063146821684495700, 0.5652288117941927100, -0.6124999999999999300 ) ) ;
#4623 = CARTESIAN_POINT ( 'NONE',  ( 2.156207793495132900, 0.2724152774378160200, 0.6124999999999999300 ) ) ;
#4624 = DIRECTION ( 'NONE',  ( 1.000000000000000000, 0.0000000000000000000, 0.0000000000000000000 ) ) ;
#4625 = ORIENTED_EDGE ( 'NONE', *, *, #3437, .F. ) ;
#4626 = LINE ( 'NONE', #2505, #2861 ) ;
#4627 = DIRECTION ( 'NONE',  ( -0.0000000000000000000, -0.0000000000000000000, -1.000000000000000000 ) ) ;
#4628 = CIRCLE ( 'NONE', #1528, 0.2571864656436234600 ) ;
#4629 = ORIENTED_EDGE ( 'NONE', *, *, #1251, .T. ) ;
#4630 = ORIENTED_EDGE ( 'NONE', *, *, #2145, .F. ) ;
#4631 = DIRECTION ( 'NONE',  ( 0.0000000000000000000, -0.0000000000000000000, -1.000000000000000000 ) ) ;
#4632 = EDGE_CURVE ( 'NONE', #4097, #3917, #1013, .T. ) ;
#4633 = CARTESIAN_POINT ( 'NONE',  ( -1.900000000000000100, 0.2500000000000000000, -0.1124999999999999800 ) ) ;
#4634 = ORIENTED_EDGE ( 'NONE', *, *, #1351, .T. ) ;
#4635 = VERTEX_POINT ( 'NONE', #3990 ) ;
#4636 = ORIENTED_EDGE ( 'NONE', *, *, #3726, .F. ) ;
#4637 = SURFACE_STYLE_USAGE ( .BOTH. , #2720 ) ;
#4638 = DIRECTION ( 'NONE',  ( -1.000000000000000000, 0.0000000000000000000, 0.0000000000000000000 ) ) ;
#4639 = SURFACE_STYLE_USAGE ( .BOTH. , #2333 ) ;
#4640 = LINE ( 'NONE', #1668, #487 ) ;
#4641 = PLANE ( 'NONE',  #238 ) ;
#4642 = LINE ( 'NONE', #1598, #84 ) ;
#4643 = DIRECTION ( 'NONE',  ( 0.0000000000000000000, 0.0000000000000000000, 1.000000000000000000 ) ) ;
#4644 = ORIENTED_EDGE ( 'NONE', *, *, #3444, .T. ) ;
#4645 = EDGE_CURVE ( 'NONE', #660, #2425, #3459, .T. ) ;
#4646 = LINE ( 'NONE', #592, #3522 ) ;
#4647 = EDGE_CURVE ( 'NONE', #3917, #1226, #2878, .T. ) ;
#4648 = PLANE ( 'NONE',  #814 ) ;
#4649 = LINE ( 'NONE', #2306, #2950 ) ;
#4650 = CARTESIAN_POINT ( 'NONE',  ( 1.806939028189363600, 0.6100000000000003200, 0.6124999999999999300 ) ) ;
#4651 = AXIS2_PLACEMENT_3D ( 'NONE', #3061, #462, #3461 ) ;
#4652 = FACE_OUTER_BOUND ( 'NONE', #1315, .T. ) ;
#4653 = CARTESIAN_POINT ( 'NONE',  ( -2.089276992637431300, 0.2665595911220556800, 1.112500000000000000 ) ) ;
#4654 = DIRECTION ( 'NONE',  ( 0.1218693434051425900, -0.9925461516413225400, -0.0000000000000000000 ) ) ;
#4655 = FILL_AREA_STYLE ('',( #3142 ) ) ;
#4656 = EDGE_CURVE ( 'NONE', #1625, #3285, #3807, .T. ) ;
#4657 = LINE ( 'NONE', #4142, #1670 ) ;
#4658 = CARTESIAN_POINT ( 'NONE',  ( -1.806939028189363600, 0.6100000000000003200, 0.8875000000000000700 ) ) ;
#4659 = CARTESIAN_POINT ( 'NONE',  ( 2.440056168313842200, 0.0000000000000000000, 0.6124999999999999300 ) ) ;
#4660 = VERTEX_POINT ( 'NONE', #198 ) ;
#4661 = CARTESIAN_POINT ( 'NONE',  ( -1.873869829047064800, 0.5486692206721369700, 1.112500000000000000 ) ) ;
#4662 = ORIENTED_EDGE ( 'NONE', *, *, #1390, .T. ) ;
#4663 = LINE ( 'NONE', #2977, #4312 ) ;
#4664 = DIRECTION ( 'NONE',  ( 1.000000000000000000, 0.0000000000000000000, 0.0000000000000000000 ) ) ;
#4665 = ORIENTED_EDGE ( 'NONE', *, *, #2981, .F. ) ;
#4666 = DIRECTION ( 'NONE',  ( 0.1218693434051425900, -0.9925461516413225400, -0.0000000000000000000 ) ) ;
#4667 = VECTOR ( 'NONE', #2247, 1000.000000000000000 ) ;
#4668 = ORIENTED_EDGE ( 'NONE', *, *, #4405, .F. ) ;
#4669 = EDGE_CURVE ( 'NONE', #2012, #4817, #4404, .T. ) ;
#4670 = EDGE_CURVE ( 'NONE', #1245, #826, #1072, .T. ) ;
#4671 = DIRECTION ( 'NONE',  ( 1.000000000000000000, 0.0000000000000000000, 0.0000000000000000000 ) ) ;
#4672 = VECTOR ( 'NONE', #871, 1000.000000000000000 ) ;
#4673 = EDGE_CURVE ( 'NONE', #1401, #3348, #3055, .T. ) ;
#4674 = DIRECTION ( 'NONE',  ( -1.000000000000000000, 0.0000000000000000000, 0.0000000000000000000 ) ) ;
#4675 = EDGE_LOOP ( 'NONE', ( #165, #2879, #4665, #2097 ) ) ;
#4676 = VECTOR ( 'NONE', #638, 1000.000000000000000 ) ;
#4677 = AXIS2_PLACEMENT_3D ( 'NONE', #277, #2893, #2115 ) ;
#4678 = ADVANCED_FACE ( 'NONE', ( #2011 ), #1478, .F. ) ;
#4679 = DIRECTION ( 'NONE',  ( -1.000000000000000000, 0.0000000000000000000, 0.0000000000000000000 ) ) ;
#4680 = ORIENTED_EDGE ( 'NONE', *, *, #4632, .F. ) ;
#4681 = CYLINDRICAL_SURFACE ( 'NONE', #1207, 0.2571864656436234600 ) ;
#4682 = DIRECTION ( 'NONE',  ( -0.0000000000000000000, 0.0000000000000000000, -1.000000000000000000 ) ) ;
#4683 = VERTEX_POINT ( 'NONE', #4407 ) ;
#4684 = CARTESIAN_POINT ( 'NONE',  ( -2.089276992637431300, 0.2665595911220556800, -0.8875000000000000700 ) ) ;
#4685 = AXIS2_PLACEMENT_3D ( 'NONE', #4457, #1903, #2951 ) ;
#4686 = EDGE_LOOP ( 'NONE', ( #1249, #4428, #1211, #4813 ) ) ;
#4687 = ORIENTED_EDGE ( 'NONE', *, *, #3834, .T. ) ;
#4688 = LINE ( 'NONE', #2217, #1703 ) ;
#4689 = ORIENTED_EDGE ( 'NONE', *, *, #2980, .T. ) ;
#4690 = CARTESIAN_POINT ( 'NONE',  ( -2.152691525569090400, 0.2053208885103196300, 0.1124999999999999800 ) ) ;
#4691 = ORIENTED_EDGE ( 'NONE', *, *, #3432, .T. ) ;
#4692 = ORIENTED_EDGE ( 'NONE', *, *, #1797, .T. ) ;
#4693 = SURFACE_STYLE_FILL_AREA ( #4122 ) ;
#4694 = VECTOR ( 'NONE', #3048, 1000.000000000000000 ) ;
#4695 = ORIENTED_EDGE ( 'NONE', *, *, #104, .F. ) ;
#4696 = CARTESIAN_POINT ( 'NONE',  ( -1.900000000000000100, 0.2500000000000000000, -0.1124999999999999800 ) ) ;
#4697 = DIRECTION ( 'NONE',  ( 0.05233595624293681900, -0.9986295347545742800, 0.0000000000000000000 ) ) ;
#4698 = AXIS2_PLACEMENT_3D ( 'NONE', #1376, #3958, #125 ) ;
#4699 = CARTESIAN_POINT ( 'NONE',  ( -2.063146821684496100, 0.5652288117941926000, -0.3875000000000000700 ) ) ;
#4700 = LINE ( 'NONE', #4801, #194 ) ;
#4701 = ORIENTED_EDGE ( 'NONE', *, *, #1001, .F. ) ;
#4702 = CARTESIAN_POINT ( 'NONE',  ( -2.089276992637431300, 0.2665595911220556800, -0.6124999999999999300 ) ) ;
#4703 = FACE_OUTER_BOUND ( 'NONE', #2032, .T. ) ;
#4704 = ADVANCED_FACE ( 'NONE', ( #3515 ), #2523, .T. ) ;
#4705 = CARTESIAN_POINT ( 'NONE',  ( 1.806939028189363600, 0.6100000000000003200, -1.112500000000000000 ) ) ;
#4706 = CARTESIAN_POINT ( 'NONE',  ( 1.900000000000000100, 0.2500000000000000000, 0.6124999999999999300 ) ) ;
#4707 = FACE_OUTER_BOUND ( 'NONE', #4815, .T. ) ;
#4708 = EDGE_CURVE ( 'NONE', #579, #3662, #2132, .T. ) ;
#4709 = EDGE_CURVE ( 'NONE', #141, #3516, #1134, .T. ) ;
#4710 = SURFACE_SIDE_STYLE ('',( #3138 ) ) ;
#4711 = CARTESIAN_POINT ( 'NONE',  ( -2.450000000000000200, 0.1897396116033688600, -0.8875000000000000700 ) ) ;
#4712 = DIRECTION ( 'NONE',  ( -0.08715574274766128800, 0.9961946980917452100, 0.0000000000000000000 ) ) ;
#4713 = AXIS2_PLACEMENT_3D ( 'NONE', #3225, #4399, #4746 ) ;
#4714 = DIRECTION ( 'NONE',  ( -0.05233595624293736800, -0.9986295347545742800, 0.0000000000000000000 ) ) ;
#4715 = LINE ( 'NONE', #884, #4779 ) ;
#4716 = CARTESIAN_POINT ( 'NONE',  ( 2.440056168313842200, 0.0000000000000000000, -0.3875000000000000700 ) ) ;
#4717 = EDGE_CURVE ( 'NONE', #1651, #4468, #4281, .T. ) ;
#4718 = CARTESIAN_POINT ( 'NONE',  ( -2.152691525569090400, 0.2053208885103196300, -1.112500000000000000 ) ) ;
#4719 = PRODUCT_DEFINITION_FORMATION_WITH_SPECIFIED_SOURCE ( 'ANY', '', #3394, .NOT_KNOWN. ) ;
#4720 = EDGE_LOOP ( 'NONE', ( #766, #4071, #1841, #1464 ) ) ;
#4721 = CIRCLE ( 'NONE', #3294, 0.06718646564362360000 ) ;
#4722 = CARTESIAN_POINT ( 'NONE',  ( -1.500000000000000000, 0.6100000000000003200, 0.6124999999999999300 ) ) ;
#4723 = CARTESIAN_POINT ( 'NONE',  ( 1.806939028189363600, 0.5428135343563765800, -0.1124999999999999800 ) ) ;
#4724 = ORIENTED_EDGE ( 'NONE', *, *, #1390, .F. ) ;
#4725 = VERTEX_POINT ( 'NONE', #2208 ) ;
#4726 = CARTESIAN_POINT ( 'NONE',  ( -2.440056168313842200, 0.0000000000000000000, -0.3875000000000000700 ) ) ;
#4727 = ORIENTED_EDGE ( 'NONE', *, *, #4534, .T. ) ;
#4728 = CARTESIAN_POINT ( 'NONE',  ( -1.500000000000000700, 0.6100000000000003200, -1.499999999999999800 ) ) ;
#4729 = ADVANCED_FACE ( 'NONE', ( #2686 ), #3874, .F. ) ;
#4730 = LINE ( 'NONE', #4240, #928 ) ;
#4731 = DIRECTION ( 'NONE',  ( 0.0000000000000000000, 0.0000000000000000000, 1.000000000000000000 ) ) ;
#4732 = DIRECTION ( 'NONE',  ( -0.0000000000000000000, -0.0000000000000000000, -1.000000000000000000 ) ) ;
#4733 = DIRECTION ( 'NONE',  ( -0.9961946980917453200, -0.08715574274766131600, 0.0000000000000000000 ) ) ;
#4734 = ORIENTED_EDGE ( 'NONE', *, *, #4194, .F. ) ;
#4735 = PLANE ( 'NONE',  #2896 ) ;
#4736 = CARTESIAN_POINT ( 'NONE',  ( 2.450000000000000200, 0.1897396116033688300, -0.8875000000000000700 ) ) ;
#4737 = VERTEX_POINT ( 'NONE', #3264 ) ;
#4738 = CIRCLE ( 'NONE', #3160, 0.06718646564362360000 ) ;
#4739 = EDGE_CURVE ( 'NONE', #2996, #3638, #3645, .T. ) ;
#4740 = CARTESIAN_POINT ( 'NONE',  ( 1.806939028189363600, 0.5428135343563765800, 0.6124999999999999300 ) ) ;
#4741 = DIRECTION ( 'NONE',  ( 0.9986295347545742800, -0.05233595624293736800, -0.0000000000000000000 ) ) ;
#4742 = EDGE_CURVE ( 'NONE', #3913, #1401, #788, .T. ) ;
#4743 = PLANE ( 'NONE',  #3154 ) ;
#4744 = VERTEX_POINT ( 'NONE', #2923 ) ;
#4745 = EDGE_CURVE ( 'NONE', #3261, #3381, #1187, .T. ) ;
#4746 = DIRECTION ( 'NONE',  ( -1.000000000000000000, 0.0000000000000000000, 0.0000000000000000000 ) ) ;
#4747 = CARTESIAN_POINT ( 'NONE',  ( 2.156207793495132900, 0.2724152774378160200, 0.3875000000000000700 ) ) ;
#4748 = PRESENTATION_LAYER_ASSIGNMENT (  '', '', ( #2238 ) ) ;
#4749 = ADVANCED_FACE ( 'NONE', ( #186 ), #333, .F. ) ;
#4750 = EDGE_LOOP ( 'NONE', ( #3489, #459, #1056, #2532 ) ) ;
#4751 = ORIENTED_EDGE ( 'NONE', *, *, #4263, .F. ) ;
#4752 = ORIENTED_EDGE ( 'NONE', *, *, #1925, .F. ) ;
#4753 = DIRECTION ( 'NONE',  ( -0.0000000000000000000, -0.0000000000000000000, -1.000000000000000000 ) ) ;
#4754 = DIRECTION ( 'NONE',  ( -1.000000000000000000, 0.0000000000000000000, 0.0000000000000000000 ) ) ;
#4755 = CARTESIAN_POINT ( 'NONE',  ( -2.142747693882932400, 0.01558127690695090000, -0.8875000000000000700 ) ) ;
#4756 = EDGE_LOOP ( 'NONE', ( #2791, #514, #3798, #1656 ) ) ;
#4757 = CARTESIAN_POINT ( 'NONE',  ( -1.806939028189363600, 0.6100000000000003200, 0.1124999999999999800 ) ) ;
#4758 = ORIENTED_EDGE ( 'NONE', *, *, #3500, .F. ) ;
#4759 = ORIENTED_EDGE ( 'NONE', *, *, #555, .F. ) ;
#4760 =( NAMED_UNIT ( * ) SI_UNIT ( $, .STERADIAN. ) SOLID_ANGLE_UNIT ( ) );
#4761 = ADVANCED_FACE ( 'NONE', ( #1710 ), #1806, .F. ) ;
#4762 = CARTESIAN_POINT ( 'NONE',  ( 2.440056168313842200, 0.0000000000000000000, -0.3875000000000000700 ) ) ;
#4763 = DIRECTION ( 'NONE',  ( -0.0000000000000000000, -0.0000000000000000000, -1.000000000000000000 ) ) ;
#4764 = FACE_OUTER_BOUND ( 'NONE', #2757, .T. ) ;
#4765 = VERTEX_POINT ( 'NONE', #3865 ) ;
#4766 = CARTESIAN_POINT ( 'NONE',  ( -1.806939028189363600, 0.5428135343563766900, -1.112500000000000000 ) ) ;
#4767 = CARTESIAN_POINT ( 'NONE',  ( -1.806939028189363600, 0.6100000000000003200, 1.112500000000000000 ) ) ;
#4768 = LINE ( 'NONE', #827, #189 ) ;
#4769 = ORIENTED_EDGE ( 'NONE', *, *, #3789, .F. ) ;
#4770 = VERTEX_POINT ( 'NONE', #4259 ) ;
#4771 = LINE ( 'NONE', #934, #2019 ) ;
#4772 = DIRECTION ( 'NONE',  ( -0.0000000000000000000, -0.0000000000000000000, -1.000000000000000000 ) ) ;
#4773 = EDGE_CURVE ( 'NONE', #2914, #3386, #4046, .T. ) ;
#4774 = CARTESIAN_POINT ( 'NONE',  ( 1.900000000000000100, 0.2500000000000000000, 1.112500000000000000 ) ) ;
#4775 = CIRCLE ( 'NONE', #3824, 0.06718646564362382200 ) ;
#4776 = CARTESIAN_POINT ( 'NONE',  ( 2.156207793495132900, 0.2724152774378160200, 1.112500000000000000 ) ) ;
#4777 = CARTESIAN_POINT ( 'NONE',  ( 1.900000000000000100, 0.2500000000000000000, 1.112500000000000000 ) ) ;
#4778 = EDGE_CURVE ( 'NONE', #4330, #4316, #1655, .T. ) ;
#4779 = VECTOR ( 'NONE', #2013, 1000.000000000000000 ) ;
#4780 = DIRECTION ( 'NONE',  ( 0.9925461516413226500, 0.1218693434051426000, -0.0000000000000000000 ) ) ;
#4781 = ORIENTED_EDGE ( 'NONE', *, *, #646, .T. ) ;
#4782 = ADVANCED_FACE ( 'NONE', ( #4764 ), #1664, .F. ) ;
#4783 = CIRCLE ( 'NONE', #1715, 0.1499999999999999700 ) ;
#4784 = VERTEX_POINT ( 'NONE', #2726 ) ;
#4785 = STYLED_ITEM ( 'NONE', ( #232 ), #2112 ) ;
#4786 = LINE ( 'NONE', #2780, #1802 ) ;
#4787 = CARTESIAN_POINT ( 'NONE',  ( 2.156207793495132900, 0.2724152774378160200, -1.112500000000000000 ) ) ;
#4788 = ORIENTED_EDGE ( 'NONE', *, *, #1001, .T. ) ;
#4789 = MECHANICAL_DESIGN_GEOMETRIC_PRESENTATION_REPRESENTATION (  '', ( #2767 ), #1434 ) ;
#4790 = DIRECTION ( 'NONE',  ( 0.9986295347545742800, 0.05233595624293736800, 0.0000000000000000000 ) ) ;
#4791 = DIRECTION ( 'NONE',  ( 0.0000000000000000000, -1.000000000000000000, 0.0000000000000000000 ) ) ;
#4792 = LINE ( 'NONE', #1645, #3310 ) ;
#4793 = ORIENTED_EDGE ( 'NONE', *, *, #4039, .T. ) ;
#4794 = CARTESIAN_POINT ( 'NONE',  ( 2.156207793495132900, 0.2724152774378160200, 0.1124999999999999800 ) ) ;
#4795 = VECTOR ( 'NONE', #1243, 1000.000000000000000 ) ;
#4796 = PRESENTATION_LAYER_ASSIGNMENT (  '', '', ( #2496 ) ) ;
#4797 = ORIENTED_EDGE ( 'NONE', *, *, #4053, .T. ) ;
#4798 = VECTOR ( 'NONE', #3716, 1000.000000000000000 ) ;
#4799 = DIRECTION ( 'NONE',  ( 0.0000000000000000000, 1.000000000000000000, 0.0000000000000000000 ) ) ;
#4800 = CARTESIAN_POINT ( 'NONE',  ( -1.900000000000000100, 0.2500000000000000000, 0.6124999999999999300 ) ) ;
#4801 = CARTESIAN_POINT ( 'NONE',  ( -1.806939028189363600, 0.6100000000000003200, -0.1124999999999999800 ) ) ;
#4802 = ORIENTED_EDGE ( 'NONE', *, *, #4053, .F. ) ;
#4803 = CARTESIAN_POINT ( 'NONE',  ( 1.806939028189363600, 0.5428135343563765800, 0.1124999999999999800 ) ) ;
#4804 = EDGE_CURVE ( 'NONE', #1596, #1651, #249, .T. ) ;
#4805 = VECTOR ( 'NONE', #2451, 1000.000000000000100 ) ;
#4806 = DIRECTION ( 'NONE',  ( 1.000000000000000000, 0.0000000000000000000, 0.0000000000000000000 ) ) ;
#4807 = ADVANCED_FACE ( 'NONE', ( #2804 ), #3143, .F. ) ;
#4808 = ORIENTED_EDGE ( 'NONE', *, *, #386, .F. ) ;
#4809 = EDGE_CURVE ( 'NONE', #3388, #1037, #2936, .T. ) ;
#4810 = CARTESIAN_POINT ( 'NONE',  ( -1.500000000000000000, 0.6100000000000003200, -0.3875000000000000700 ) ) ;
#4811 = DIRECTION ( 'NONE',  ( 0.9986295347545742800, -0.05233595624293736800, -0.0000000000000000000 ) ) ;
#4812 = ORIENTED_EDGE ( 'NONE', *, *, #4606, .F. ) ;
#4813 = ORIENTED_EDGE ( 'NONE', *, *, #1866, .T. ) ;
#4814 = ORIENTED_EDGE ( 'NONE', *, *, #2850, .F. ) ;
#4815 = EDGE_LOOP ( 'NONE', ( #1544, #368, #489, #1419 ) ) ;
#4816 = ORIENTED_EDGE ( 'NONE', *, *, #113, .F. ) ;
#4817 = VERTEX_POINT ( 'NONE', #4718 ) ;
#4818 = EDGE_CURVE ( 'NONE', #2721, #4328, #2071, .T. ) ;
#4819 = ORIENTED_EDGE ( 'NONE', *, *, #2850, .T. ) ;
#4820 = DIRECTION ( 'NONE',  ( -0.08715574274765985900, -0.9961946980917454300, -0.0000000000000000000 ) ) ;
#4821 = DIRECTION ( 'NONE',  ( -0.9986295347545742800, 0.05233595624293736800, 0.0000000000000000000 ) ) ;
#4822 = MECHANICAL_DESIGN_GEOMETRIC_PRESENTATION_REPRESENTATION (  '', ( #701 ), #939 ) ;
#4823 = FACE_OUTER_BOUND ( 'NONE', #4373, .T. ) ;
#4824 = LINE ( 'NONE', #2759, #3814 ) ;
#4825 = ORIENTED_EDGE ( 'NONE', *, *, #571, .T. ) ;
#4826 = PLANE ( 'NONE',  #1654 ) ;
#4827 = ADVANCED_FACE ( 'NONE', ( #1953 ), #2583, .T. ) ;
#4828 = CARTESIAN_POINT ( 'NONE',  ( 2.152691525569090400, 0.2053208885103196300, -0.1124999999999999800 ) ) ;
#4829 = LINE ( 'NONE', #2589, #3708 ) ;
#4830 = DIRECTION ( 'NONE',  ( 0.1218693434051425900, -0.9925461516413225400, -0.0000000000000000000 ) ) ;
#4831 = LINE ( 'NONE', #2946, #1611 ) ;
#4832 = ORIENTED_EDGE ( 'NONE', *, *, #4522, .F. ) ;
#4833 = DIRECTION ( 'NONE',  ( 0.9986295347545742800, -0.05233595624293736800, -0.0000000000000000000 ) ) ;
#4834 = CARTESIAN_POINT ( 'NONE',  ( -1.500000000000000000, 0.6100000000000003200, -0.1124999999999999800 ) ) ;
#4835 = EDGE_CURVE ( 'NONE', #1876, #1491, #2752, .T. ) ;
#4836 = CARTESIAN_POINT ( 'NONE',  ( -1.476670933428449100, 0.8000000000000000400, 1.112500000000000000 ) ) ;
#4837 = EDGE_CURVE ( 'NONE', #3348, #369, #3988, .T. ) ;
#4838 = DIRECTION ( 'NONE',  ( -1.000000000000000000, -0.0000000000000000000, 2.168404344971008900E-016 ) ) ;
#4839 = CARTESIAN_POINT ( 'NONE',  ( 1.476670933428449100, 0.8000000000000000400, -1.112500000000000000 ) ) ;
#4840 = VECTOR ( 'NONE', #2644, 1000.000000000000000 ) ;
#4841 = DIRECTION ( 'NONE',  ( 0.0000000000000000000, 0.0000000000000000000, 1.000000000000000000 ) ) ;
#4842 = CARTESIAN_POINT ( 'NONE',  ( 1.806939028189363600, 0.6100000000000003200, 1.112500000000000000 ) ) ;
#4843 = CARTESIAN_POINT ( 'NONE',  ( -2.089276992637431300, 0.2665595911220556800, -0.8875000000000000700 ) ) ;
#4844 = CARTESIAN_POINT ( 'NONE',  ( -1.139835565157574400, 0.9999999999999995600, -1.139835565157576700 ) ) ;
#4845 = ORIENTED_EDGE ( 'NONE', *, *, #132, .F. ) ;
#4846 = AXIS2_PLACEMENT_3D ( 'NONE', #3592, #4714, #3159 ) ;
#4847 = ORIENTED_EDGE ( 'NONE', *, *, #1326, .F. ) ;
#4848 =( LENGTH_UNIT ( ) NAMED_UNIT ( * ) SI_UNIT ( .MILLI., .METRE. ) );
#4849 = LINE ( 'NONE', #1597, #2835 ) ;
#4850 = EDGE_LOOP ( 'NONE', ( #892, #4479, #2389, #1297 ) ) ;
#4851 = ADVANCED_FACE ( 'NONE', ( #840 ), #896, .F. ) ;
ENDSEC;
END-ISO-10303-21;
