ISO-10303-21;
HEADER;
FILE_DESCRIPTION (( 'STEP AP214' ),
    '1' );
FILE_NAME ('LM75BDP.STEP',
    '2023-03-15T03:37:19',
    ( '' ),
    ( '' ),
    'SwSTEP 2.0',
    'SolidWorks 2021',
    '' );
FILE_SCHEMA (( 'AUTOMOTIVE_DESIGN' ));
ENDSEC;

DATA;
#1 = ADVANCED_FACE ( 'NONE', ( #1484 ), #3646, .T. ) ;
#2 = ORIENTED_EDGE ( 'NONE', *, *, #4007, .F. ) ;
#3 = AXIS2_PLACEMENT_3D ( 'NONE', #3874, #1356, #3857 ) ;
#4 = CARTESIAN_POINT ( 'NONE',  ( -1.900000000000000355, 0.5000000000000113243, -0.7999999999999999334 ) ) ;
#5 = DIRECTION ( 'NONE',  ( -1.000000000000000000, 0.000000000000000000, 0.000000000000000000 ) ) ;
#6 = EDGE_CURVE ( 'NONE', #1930, #1710, #3366, .T. ) ;
#7 = LINE ( 'NONE', #3723, #1340 ) ;
#8 = CIRCLE ( 'NONE', #1708, 0.04999999999999991257 ) ;
#9 = FACE_OUTER_BOUND ( 'NONE', #824, .T. ) ;
#10 = AXIS2_PLACEMENT_3D ( 'NONE', #4004, #3658, #1192 ) ;
#11 = FACE_OUTER_BOUND ( 'NONE', #309, .T. ) ;
#12 = FACE_OUTER_BOUND ( 'NONE', #2647, .T. ) ;
#13 = FACE_OUTER_BOUND ( 'NONE', #2878, .T. ) ;
#14 = VERTEX_POINT ( 'NONE', #246 ) ;
#15 = VERTEX_POINT ( 'NONE', #2091 ) ;
#16 = AXIS2_PLACEMENT_3D ( 'NONE', #4019, #3710, #3657 ) ;
#17 = DIRECTION ( 'NONE',  ( -1.000000000000000000, 0.000000000000000000, 0.000000000000000000 ) ) ;
#18 = VECTOR ( 'NONE', #390, 1000.000000000000000 ) ;
#19 = PLANE ( 'NONE',  #1784 ) ;
#20 = ORIENTED_EDGE ( 'NONE', *, *, #3447, .T. ) ;
#21 = EDGE_LOOP ( 'NONE', ( #228, #729, #3925, #2903 ) ) ;
#22 = ADVANCED_FACE ( 'NONE', ( #830 ), #2675, .F. ) ;
#23 = AXIS2_PLACEMENT_3D ( 'NONE', #2143, #2532, #1916 ) ;
#24 = CARTESIAN_POINT ( 'NONE',  ( 2.438747769407769272, 3.333050971609179826E-16, 0.5000000000000000000 ) ) ;
#25 = DIRECTION ( 'NONE',  ( 0.2035585949527727867, -0.9576678948579753214, 0.2035585949527727867 ) ) ;
#26 = CYLINDRICAL_SURFACE ( 'NONE', #3207, 0.2650000000000000688 ) ;
#27 = VECTOR ( 'NONE', #2427, 1000.000000000000114 ) ;
#28 = DIRECTION ( 'NONE',  ( 1.000000000000000000, -6.195440985631449401E-16, -0.000000000000000000 ) ) ;
#29 = PLANE ( 'NONE',  #23 ) ;
#30 = VERTEX_POINT ( 'NONE', #209 ) ;
#31 = ADVANCED_FACE ( 'NONE', ( #184 ), #2453, .T. ) ;
#32 = EDGE_CURVE ( 'NONE', #353, #3924, #1766, .T. ) ;
#33 = ADVANCED_FACE ( 'NONE', ( #3385 ), #3021, .T. ) ;
#34 = EDGE_CURVE ( 'NONE', #2620, #406, #3981, .T. ) ;
#35 = CARTESIAN_POINT ( 'NONE',  ( -2.162383202187853737, 0.2297787076300654707, 1.149999999999999911 ) ) ;
#36 = FILL_AREA_STYLE_COLOUR ( '', #698 ) ;
#37 = CARTESIAN_POINT ( 'NONE',  ( 1.850000000000000089, 0.7650000000000121148, 0.7999999999999999334 ) ) ;
#38 = DIRECTION ( 'NONE',  ( -1.000000000000000000, -6.195440985631449401E-16, 0.000000000000000000 ) ) ;
#39 = VECTOR ( 'NONE', #1736, 1000.000000000000000 ) ;
#40 = FACE_OUTER_BOUND ( 'NONE', #440, .T. ) ;
#41 = CARTESIAN_POINT ( 'NONE',  ( -1.850000000000000533, 0.5000000000000113243, 0.1499999999999999667 ) ) ;
#42 = ORIENTED_EDGE ( 'NONE', *, *, #2316, .T. ) ;
#43 = ORIENTED_EDGE ( 'NONE', *, *, #1910, .T. ) ;
#44 = FACE_OUTER_BOUND ( 'NONE', #3535, .T. ) ;
#45 = VECTOR ( 'NONE', #3062, 1000.000000000000114 ) ;
#46 = ORIENTED_EDGE ( 'NONE', *, *, #1852, .F. ) ;
#47 = ORIENTED_EDGE ( 'NONE', *, *, #3013, .T. ) ;
#48 = VECTOR ( 'NONE', #1138, 1000.000000000000114 ) ;
#49 = DIRECTION ( 'NONE',  ( 0.000000000000000000, 0.000000000000000000, 1.000000000000000000 ) ) ;
#50 = ORIENTED_EDGE ( 'NONE', *, *, #576, .F. ) ;
#51 = CARTESIAN_POINT ( 'NONE',  ( -1.050000000000000044, 1.100000000000000089, -0.8500000000000001998 ) ) ;
#52 = CARTESIAN_POINT ( 'NONE',  ( -2.438747769407769272, -5.340566408274855646E-16, 1.149999999999999911 ) ) ;
#53 = LINE ( 'NONE', #2317, #3100 ) ;
#54 = PRESENTATION_STYLE_ASSIGNMENT (( #3455 ) ) ;
#55 = LINE ( 'NONE', #2196, #3112 ) ;
#56 = DIRECTION ( 'NONE',  ( 0.000000000000000000, 0.000000000000000000, -1.000000000000000000 ) ) ;
#57 = DIRECTION ( 'NONE',  ( 0.05233595624293217730, 0.9986295347545744994, -0.000000000000000000 ) ) ;
#58 = CARTESIAN_POINT ( 'NONE',  ( 2.449999999999999289, 0.2147053499722340608, 0.5000000000000000000 ) ) ;
#59 = DIRECTION ( 'NONE',  ( -0.000000000000000000, -0.000000000000000000, -1.000000000000000000 ) ) ;
#60 = DIRECTION ( 'NONE',  ( 5.906049733841301226E-15, 1.000000000000000000, -0.000000000000000000 ) ) ;
#61 = ORIENTED_EDGE ( 'NONE', *, *, #1552, .T. ) ;
#62 = PLANE ( 'NONE',  #3569 ) ;
#63 = ORIENTED_EDGE ( 'NONE', *, *, #1169, .F. ) ;
#64 = CARTESIAN_POINT ( 'NONE',  ( -1.500000000000000222, 0.5500000000000113687, 0.1499999999999999667 ) ) ;
#65 = EDGE_LOOP ( 'NONE', ( #121, #3590, #1654, #2501 ) ) ;
#66 = VERTEX_POINT ( 'NONE', #3627 ) ;
#67 = LINE ( 'NONE', #3848, #2112 ) ;
#68 = ORIENTED_EDGE ( 'NONE', *, *, #1055, .F. ) ;
#69 = DIRECTION ( 'NONE',  ( -0.000000000000000000, -0.000000000000000000, -1.000000000000000000 ) ) ;
#70 = CARTESIAN_POINT ( 'NONE',  ( 1.850000000000000533, 0.5000000000000119904, -1.149999999999999911 ) ) ;
#71 =( LENGTH_UNIT ( ) NAMED_UNIT ( * ) SI_UNIT ( .MILLI., .METRE. ) );
#72 = CARTESIAN_POINT ( 'NONE',  ( 1.477402589417877277, 0.7650000000000120037, -0.7999999999999999334 ) ) ;
#73 = VERTEX_POINT ( 'NONE', #2691 ) ;
#74 = AXIS2_PLACEMENT_3D ( 'NONE', #421, #1673, #1950 ) ;
#75 = EDGE_CURVE ( 'NONE', #2643, #364, #2417, .T. ) ;
#76 = DIRECTION ( 'NONE',  ( 0.000000000000000000, 0.000000000000000000, 1.000000000000000000 ) ) ;
#77 = DIRECTION ( 'NONE',  ( 0.000000000000000000, 0.2079116908177528200, 0.9781476007338070211 ) ) ;
#78 = MECHANICAL_DESIGN_GEOMETRIC_PRESENTATION_REPRESENTATION (  '', ( #1769 ), #3211 ) ;
#79 = DIRECTION ( 'NONE',  ( 0.000000000000000000, 0.000000000000000000, 1.000000000000000000 ) ) ;
#80 = ORIENTED_EDGE ( 'NONE', *, *, #2033, .F. ) ;
#81 = EDGE_LOOP ( 'NONE', ( #2403, #2607, #3220, #1666 ) ) ;
#82 = EDGE_CURVE ( 'NONE', #470, #2238, #1291, .T. ) ;
#83 = DIRECTION ( 'NONE',  ( -0.000000000000000000, -0.000000000000000000, -1.000000000000000000 ) ) ;
#84 = VECTOR ( 'NONE', #2909, 1000.000000000000000 ) ;
#85 = ORIENTED_EDGE ( 'NONE', *, *, #3779, .T. ) ;
#86 = VERTEX_POINT ( 'NONE', #2540 ) ;
#87 = VECTOR ( 'NONE', #664, 1000.000000000000000 ) ;
#88 = DIRECTION ( 'NONE',  ( -0.9945218953682737340, -0.1045284632676504316, 0.000000000000000000 ) ) ;
#89 = EDGE_CURVE ( 'NONE', #3593, #3356, #996, .T. ) ;
#90 = PRESENTATION_STYLE_ASSIGNMENT (( #2293 ) ) ;
#91 = COLOUR_RGB ( '',0.7921568627450980005, 0.8196078431372548767, 0.9333333333333333481 ) ;
#92 = LINE ( 'NONE', #2594, #3896 ) ;
#93 = DIRECTION ( 'NONE',  ( 0.000000000000000000, 0.000000000000000000, 1.000000000000000000 ) ) ;
#94 = AXIS2_PLACEMENT_3D ( 'NONE', #1961, #2004, #2575 ) ;
#95 = ORIENTED_EDGE ( 'NONE', *, *, #750, .F. ) ;
#96 = AXIS2_PLACEMENT_3D ( 'NONE', #356, #1308, #2551 ) ;
#97 = LINE ( 'NONE', #2600, #2375 ) ;
#98 = DIRECTION ( 'NONE',  ( -0.000000000000000000, -0.000000000000000000, -1.000000000000000000 ) ) ;
#99 = PLANE ( 'NONE',  #2312 ) ;
#100 = EDGE_LOOP ( 'NONE', ( #3361, #1162, #2124, #2685 ) ) ;
#101 = VERTEX_POINT ( 'NONE', #976 ) ;
#102 = CYLINDRICAL_SURFACE ( 'NONE', #723, 0.04999999999999991257 ) ;
#103 = VERTEX_POINT ( 'NONE', #1221 ) ;
#104 = VERTEX_POINT ( 'NONE', #271 ) ;
#105 = EDGE_CURVE ( 'NONE', #2999, #3026, #2528, .T. ) ;
#106 = ADVANCED_FACE ( 'NONE', ( #2770 ), #605, .F. ) ;
#107 = DIRECTION ( 'NONE',  ( -1.000000000000000000, 0.000000000000000000, 0.000000000000000000 ) ) ;
#108 = AXIS2_PLACEMENT_3D ( 'NONE', #226, #864, #1417 ) ;
#109 = CARTESIAN_POINT ( 'NONE',  ( -1.500000000000000222, 0.5500000000000113687, 1.149999999999999911 ) ) ;
#110 = FILL_AREA_STYLE ('',( #1920 ) ) ;
#111 = DIRECTION ( 'NONE',  ( -1.000000000000000000, 0.000000000000000000, 0.000000000000000000 ) ) ;
#112 = UNCERTAINTY_MEASURE_WITH_UNIT (LENGTH_MEASURE( 1.000000000000000082E-05 ), #3184, 'distance_accuracy_value', 'NONE');
#113 = ORIENTED_EDGE ( 'NONE', *, *, #1582, .T. ) ;
#114 = ADVANCED_FACE ( 'NONE', ( #3101 ), #2854, .T. ) ;
#115 = CARTESIAN_POINT ( 'NONE',  ( -1.500000000000000222, 0.5500000000000113687, 0.1499999999999999667 ) ) ;
#116 = LINE ( 'NONE', #3546, #2650 ) ;
#117 = CARTESIAN_POINT ( 'NONE',  ( -1.050000000000000044, 1.050000000000000044, -1.050000000000000044 ) ) ;
#118 = ORIENTED_EDGE ( 'NONE', *, *, #795, .T. ) ;
#119 = VERTEX_POINT ( 'NONE', #3079 ) ;
#120 = LINE ( 'NONE', #697, #2433 ) ;
#121 = ORIENTED_EDGE ( 'NONE', *, *, #1011, .T. ) ;
#122 = ORIENTED_EDGE ( 'NONE', *, *, #2045, .T. ) ;
#123 = EDGE_CURVE ( 'NONE', #319, #1556, #1924, .T. ) ;
#124 = CARTESIAN_POINT ( 'NONE',  ( -2.115000000000000213, 0.2797101843677941568, 0.7999999999999999334 ) ) ;
#125 = PLANE ( 'NONE',  #411 ) ;
#126 = DIRECTION ( 'NONE',  ( 1.000000000000000000, 0.000000000000000000, 0.000000000000000000 ) ) ;
#127 = ORIENTED_EDGE ( 'NONE', *, *, #1260, .F. ) ;
#128 = DIRECTION ( 'NONE',  ( -0.000000000000000000, -0.000000000000000000, -1.000000000000000000 ) ) ;
#129 =( NAMED_UNIT ( * ) PLANE_ANGLE_UNIT ( ) SI_UNIT ( $, .RADIAN. ) );
#130 = CARTESIAN_POINT ( 'NONE',  ( -1.477402589417877721, 0.7650000000000114486, -0.7999999999999999334 ) ) ;
#131 = EDGE_CURVE ( 'NONE', #2572, #1640, #4038, .T. ) ;
#132 = ORIENTED_EDGE ( 'NONE', *, *, #676, .F. ) ;
#133 = ORIENTED_EDGE ( 'NONE', *, *, #2228, .T. ) ;
#134 = AXIS2_PLACEMENT_3D ( 'NONE', #439, #463, #2661 ) ;
#135 = CARTESIAN_POINT ( 'NONE',  ( -1.900000000000000355, 0.2797101843677941568, -0.5000000000000000000 ) ) ;
#136 = ORIENTED_EDGE ( 'NONE', *, *, #3484, .F. ) ;
#137 = ORIENTED_EDGE ( 'NONE', *, *, #1899, .T. ) ;
#138 = ORIENTED_EDGE ( 'NONE', *, *, #2759, .F. ) ;
#139 =( GEOMETRIC_REPRESENTATION_CONTEXT ( 3 ) GLOBAL_UNCERTAINTY_ASSIGNED_CONTEXT ( ( #2300 ) ) GLOBAL_UNIT_ASSIGNED_CONTEXT ( ( #2783, #1580, #206 ) ) REPRESENTATION_CONTEXT ( 'NONE', 'WORKASPACE' ) );
#140 = CARTESIAN_POINT ( 'NONE',  ( -1.850000000000000533, 0.5000000000000113243, 1.149999999999999911 ) ) ;
#141 = PRESENTATION_LAYER_ASSIGNMENT (  '', '', ( #1332 ) ) ;
#142 = DIRECTION ( 'NONE',  ( -0.000000000000000000, -0.000000000000000000, -1.000000000000000000 ) ) ;
#143 = VECTOR ( 'NONE', #2165, 1000.000000000000000 ) ;
#144 = PLANE ( 'NONE',  #3684 ) ;
#145 = LINE ( 'NONE', #1377, #1286 ) ;
#146 = EDGE_CURVE ( 'NONE', #2477, #3283, #2474, .T. ) ;
#147 = SURFACE_STYLE_FILL_AREA ( #1367 ) ;
#148 = ORIENTED_EDGE ( 'NONE', *, *, #1955, .F. ) ;
#149 = EDGE_CURVE ( 'NONE', #3940, #2785, #55, .T. ) ;
#150 = EDGE_CURVE ( 'NONE', #3243, #161, #1545, .T. ) ;
#151 = ADVANCED_FACE ( 'NONE', ( #909 ), #4060, .F. ) ;
#152 = ADVANCED_FACE ( 'NONE', ( #1267 ), #3746, .F. ) ;
#153 = ADVANCED_FACE ( 'NONE', ( #3456 ), #3406, .F. ) ;
#154 = CARTESIAN_POINT ( 'NONE',  ( 1.499999999999999778, 0.5500000000000120348, 0.7999999999999999334 ) ) ;
#155 = DIRECTION ( 'NONE',  ( -0.000000000000000000, -0.000000000000000000, -1.000000000000000000 ) ) ;
#156 = CIRCLE ( 'NONE', #1457, 0.1999999999999999833 ) ;
#157 = ORIENTED_EDGE ( 'NONE', *, *, #2349, .F. ) ;
#158 = ORIENTED_EDGE ( 'NONE', *, *, #3126, .F. ) ;
#159 = EDGE_LOOP ( 'NONE', ( #261, #1486, #1938, #950 ) ) ;
#160 = VERTEX_POINT ( 'NONE', #2259 ) ;
#161 = VERTEX_POINT ( 'NONE', #956 ) ;
#162 = EDGE_CURVE ( 'NONE', #2153, #1115, #2169, .T. ) ;
#163 = AXIS2_PLACEMENT_3D ( 'NONE', #1485, #2072, #2729 ) ;
#164 = DIRECTION ( 'NONE',  ( 1.000000000000000000, 2.909848919217164945E-16, 0.000000000000000000 ) ) ;
#165 = VECTOR ( 'NONE', #501, 1000.000000000000000 ) ;
#166 = VERTEX_POINT ( 'NONE', #2810 ) ;
#167 = CARTESIAN_POINT ( 'NONE',  ( 2.162383202187853737, 0.2297787076300663311, 0.5000000000000000000 ) ) ;
#168 = DIRECTION ( 'NONE',  ( -0.000000000000000000, 0.000000000000000000, -1.000000000000000000 ) ) ;
#169 = DIRECTION ( 'NONE',  ( 5.906049733841301226E-15, 1.000000000000000000, -0.000000000000000000 ) ) ;
#170 = CARTESIAN_POINT ( 'NONE',  ( 1.850000000000000533, 0.5000000000000119904, -0.5000000000000000000 ) ) ;
#171 = ORIENTED_EDGE ( 'NONE', *, *, #3203, .T. ) ;
#172 = ADVANCED_FACE ( 'NONE', ( #9 ), #3769, .F. ) ;
#173 = DIRECTION ( 'NONE',  ( -0.000000000000000000, -0.000000000000000000, -1.000000000000000000 ) ) ;
#174 = ORIENTED_EDGE ( 'NONE', *, *, #1726, .F. ) ;
#175 = ORIENTED_EDGE ( 'NONE', *, *, #282, .T. ) ;
#176 = ORIENTED_EDGE ( 'NONE', *, *, #3604, .F. ) ;
#177 = PRESENTATION_STYLE_ASSIGNMENT (( #1757 ) ) ;
#178 = EDGE_LOOP ( 'NONE', ( #3757, #122, #505, #851 ) ) ;
#179 = DIRECTION ( 'NONE',  ( -1.000000000000000000, 0.000000000000000000, 0.000000000000000000 ) ) ;
#180 = ORIENTED_EDGE ( 'NONE', *, *, #2873, .F. ) ;
#181 = DIRECTION ( 'NONE',  ( -0.9945218953682722907, 0.1045284632676634629, 0.000000000000000000 ) ) ;
#182 = CARTESIAN_POINT ( 'NONE',  ( -2.162383202187853737, 0.2297787076300654707, -0.5000000000000000000 ) ) ;
#183 = FACE_OUTER_BOUND ( 'NONE', #3912, .T. ) ;
#184 = FACE_OUTER_BOUND ( 'NONE', #3129, .T. ) ;
#185 = EDGE_CURVE ( 'NONE', #103, #2931, #3680, .T. ) ;
#186 = VERTEX_POINT ( 'NONE', #2432 ) ;
#187 = DIRECTION ( 'NONE',  ( -1.000000000000000000, 0.000000000000000000, 0.000000000000000000 ) ) ;
#188 = CARTESIAN_POINT ( 'NONE',  ( -1.850000000000000533, 0.5500000000000111466, -0.5000000000000000000 ) ) ;
#189 = DIRECTION ( 'NONE',  ( -1.000000000000000000, 0.000000000000000000, 0.000000000000000000 ) ) ;
#190 = ORIENTED_EDGE ( 'NONE', *, *, #836, .F. ) ;
#191 = ORIENTED_EDGE ( 'NONE', *, *, #1677, .F. ) ;
#192 = ADVANCED_FACE ( 'NONE', ( #183 ), #1763, .F. ) ;
#193 = EDGE_CURVE ( 'NONE', #2153, #2883, #1174, .T. ) ;
#194 = AXIS2_PLACEMENT_3D ( 'NONE', #2117, #241, #2762 ) ;
#195 = AXIS2_PLACEMENT_3D ( 'NONE', #3817, #1592, #2224 ) ;
#196 = ORIENTED_EDGE ( 'NONE', *, *, #2791, .T. ) ;
#197 = DIRECTION ( 'NONE',  ( -0.000000000000000000, -0.000000000000000000, -1.000000000000000000 ) ) ;
#198 = DIRECTION ( 'NONE',  ( -0.000000000000000000, -0.000000000000000000, -1.000000000000000000 ) ) ;
#199 = AXIS2_PLACEMENT_3D ( 'NONE', #2845, #49, #2448 ) ;
#200 = APPLICATION_PROTOCOL_DEFINITION ( 'draft international standard', 'automotive_design', 1998, #998 ) ;
#201 = DIRECTION ( 'NONE',  ( 0.05233595624293620185, -0.9986295347545742773, 0.000000000000000000 ) ) ;
#202 = AXIS2_PLACEMENT_3D ( 'NONE', #328, #3131, #1843 ) ;
#203 = ORIENTED_EDGE ( 'NONE', *, *, #3344, .T. ) ;
#204 = DIRECTION ( 'NONE',  ( 0.9986295347545741663, -0.05233595624293779086, -0.000000000000000000 ) ) ;
#205 = AXIS2_PLACEMENT_3D ( 'NONE', #3365, #1176, #829 ) ;
#206 =( NAMED_UNIT ( * ) SI_UNIT ( $, .STERADIAN. ) SOLID_ANGLE_UNIT ( ) );
#207 = CARTESIAN_POINT ( 'NONE',  ( 2.151130971595621499, 0.01507335765783308738, -0.1499999999999999667 ) ) ;
#208 = LINE ( 'NONE', #809, #1871 ) ;
#209 = CARTESIAN_POINT ( 'NONE',  ( 2.449999999999999289, 0.2147053499722340608, 0.7999999999999999334 ) ) ;
#210 = PRESENTATION_LAYER_ASSIGNMENT (  '', '', ( #1273 ) ) ;
#211 = DIRECTION ( 'NONE',  ( -0.1039620511844945444, -0.9891328443778545365, 0.1039620511844945444 ) ) ;
#212 = AXIS2_PLACEMENT_3D ( 'NONE', #1825, #2468, #2485 ) ;
#213 = ORIENTED_EDGE ( 'NONE', *, *, #2297, .F. ) ;
#214 = VERTEX_POINT ( 'NONE', #3663 ) ;
#215 = CARTESIAN_POINT ( 'NONE',  ( -1.406196170502074905, 1.100000000000000089, -0.000000000000000000 ) ) ;
#216 = AXIS2_PLACEMENT_3D ( 'NONE', #1131, #3932, #2086 ) ;
#217 = DIRECTION ( 'NONE',  ( 0.000000000000000000, 0.000000000000000000, 1.000000000000000000 ) ) ;
#218 = ADVANCED_FACE ( 'NONE', ( #1729 ), #3933, .F. ) ;
#219 = ORIENTED_EDGE ( 'NONE', *, *, #4056, .F. ) ;
#220 = VECTOR ( 'NONE', #4015, 1000.000000000000000 ) ;
#221 = DIRECTION ( 'NONE',  ( 1.968683244613767075E-15, -1.000000000000000000, 0.000000000000000000 ) ) ;
#222 = CLOSED_SHELL ( 'NONE', ( #2636, #1179, #2618, #2590, #1257, #3434, #3972, #555, #1035, #2720, #378, #3299, #3096, #4008 ) ) ;
#223 = EDGE_LOOP ( 'NONE', ( #544, #2750, #2029, #2344 ) ) ;
#224 = VECTOR ( 'NONE', #1564, 1000.000000000000000 ) ;
#225 = DIRECTION ( 'NONE',  ( -0.05233595624293777004, -0.9986295347545742773, 0.000000000000000000 ) ) ;
#226 = CARTESIAN_POINT ( 'NONE',  ( -1.850000000000000533, 0.5000000000000113243, -0.1499999999999999667 ) ) ;
#227 = EDGE_CURVE ( 'NONE', #902, #1638, #2365, .T. ) ;
#228 = ORIENTED_EDGE ( 'NONE', *, *, #6, .T. ) ;
#229 = CIRCLE ( 'NONE', #768, 0.05000000000000012768 ) ;
#230 = LINE ( 'NONE', #3369, #2107 ) ;
#231 = CARTESIAN_POINT ( 'NONE',  ( 2.438747769407769272, 3.333050971609179826E-16, -0.7999999999999999334 ) ) ;
#232 = CARTESIAN_POINT ( 'NONE',  ( -2.115000000000000657, 0.5000000000000113243, 0.5000000000000000000 ) ) ;
#233 = VERTEX_POINT ( 'NONE', #2065 ) ;
#234 = ORIENTED_EDGE ( 'NONE', *, *, #3656, .F. ) ;
#235 = LINE ( 'NONE', #1209, #3342 ) ;
#236 = CARTESIAN_POINT ( 'NONE',  ( 1.850000000000000089, 0.5500000000000118128, 0.5000000000000000000 ) ) ;
#237 = ORIENTED_EDGE ( 'NONE', *, *, #2034, .F. ) ;
#238 = EDGE_CURVE ( 'NONE', #233, #2286, #3305, .T. ) ;
#239 = CARTESIAN_POINT ( 'NONE',  ( 2.162383202187853737, 0.2297787076300663311, -0.1499999999999999667 ) ) ;
#240 = DIRECTION ( 'NONE',  ( -1.000000000000000000, -2.909848919217164945E-16, -0.000000000000000000 ) ) ;
#241 = DIRECTION ( 'NONE',  ( 0.000000000000000000, 0.000000000000000000, 1.000000000000000000 ) ) ;
#242 = EDGE_LOOP ( 'NONE', ( #1811, #2662, #2586, #2649 ) ) ;
#243 = CARTESIAN_POINT ( 'NONE',  ( -1.477402589417877721, 0.7650000000000114486, -0.7999999999999999334 ) ) ;
#244 = CARTESIAN_POINT ( 'NONE',  ( -1.500000000000000222, 0.1499999999999999944, 1.457958305893729323 ) ) ;
#245 = DIRECTION ( 'NONE',  ( 0.000000000000000000, 0.000000000000000000, 1.000000000000000000 ) ) ;
#246 = CARTESIAN_POINT ( 'NONE',  ( 2.115000000000000657, 0.5000000000000121014, -0.5000000000000000000 ) ) ;
#247 = EDGE_CURVE ( 'NONE', #2202, #902, #1029, .T. ) ;
#248 = FACE_OUTER_BOUND ( 'NONE', #1026, .T. ) ;
#249 = DIRECTION ( 'NONE',  ( -0.000000000000000000, -0.000000000000000000, -1.000000000000000000 ) ) ;
#250 = EDGE_LOOP ( 'NONE', ( #3783, #1965, #1750, #277 ) ) ;
#251 = ORIENTED_EDGE ( 'NONE', *, *, #1909, .F. ) ;
#252 = DIRECTION ( 'NONE',  ( 0.000000000000000000, 0.000000000000000000, 1.000000000000000000 ) ) ;
#253 = CARTESIAN_POINT ( 'NONE',  ( 1.499999999999999778, 0.5500000000000120348, 0.1499999999999999667 ) ) ;
#254 = ORIENTED_EDGE ( 'NONE', *, *, #2587, .F. ) ;
#255 = PRODUCT_RELATED_PRODUCT_CATEGORY ( 'part', '', ( #367 ) ) ;
#256 = AXIS2_PLACEMENT_3D ( 'NONE', #2561, #3823, #2288 ) ;
#257 = DIRECTION ( 'NONE',  ( -0.000000000000000000, -0.000000000000000000, -1.000000000000000000 ) ) ;
#258 = CARTESIAN_POINT ( 'NONE',  ( -1.900000000000000355, 0.2797101843677941568, -0.1499999999999999667 ) ) ;
#259 = EDGE_CURVE ( 'NONE', #962, #2006, #208, .T. ) ;
#260 = AXIS2_PLACEMENT_3D ( 'NONE', #1080, #181, #3261 ) ;
#261 = ORIENTED_EDGE ( 'NONE', *, *, #3302, .T. ) ;
#262 = CIRCLE ( 'NONE', #3486, 0.05000000000000012768 ) ;
#263 = EDGE_CURVE ( 'NONE', #3105, #1008, #3975, .T. ) ;
#264 = CARTESIAN_POINT ( 'NONE',  ( -2.162383202187853737, 0.2297787076300651654, -0.5000000000000000000 ) ) ;
#265 = FACE_OUTER_BOUND ( 'NONE', #1185, .T. ) ;
#266 = FACE_OUTER_BOUND ( 'NONE', #2487, .T. ) ;
#267 = VECTOR ( 'NONE', #2885, 1000.000000000000000 ) ;
#268 = EDGE_CURVE ( 'NONE', #3858, #1406, #2689, .T. ) ;
#269 = EDGE_CURVE ( 'NONE', #186, #3552, #3979, .T. ) ;
#270 = EDGE_CURVE ( 'NONE', #3170, #1393, #3322, .T. ) ;
#271 = CARTESIAN_POINT ( 'NONE',  ( -1.477402589417877721, 0.7650000000000114486, 1.149999999999999911 ) ) ;
#272 = CIRCLE ( 'NONE', #2760, 0.05000000000000012768 ) ;
#273 = CARTESIAN_POINT ( 'NONE',  ( -2.115000000000000657, 0.5000000000000113243, -1.149999999999999911 ) ) ;
#274 = CARTESIAN_POINT ( 'NONE',  ( -2.115000000000000657, 0.5000000000000113243, -0.5000000000000000000 ) ) ;
#275 = DIRECTION ( 'NONE',  ( -0.1045284632676634906, 0.9945218953682721796, 0.000000000000000000 ) ) ;
#276 = EDGE_LOOP ( 'NONE', ( #113, #3144, #1596, #3918 ) ) ;
#277 = ORIENTED_EDGE ( 'NONE', *, *, #3158, .T. ) ;
#278 = DIRECTION ( 'NONE',  ( -0.000000000000000000, -0.000000000000000000, -1.000000000000000000 ) ) ;
#279 = LINE ( 'NONE', #1531, #468 ) ;
#280 = DIRECTION ( 'NONE',  ( -0.000000000000000000, -0.000000000000000000, -1.000000000000000000 ) ) ;
#281 = ORIENTED_EDGE ( 'NONE', *, *, #1890, .T. ) ;
#282 = EDGE_CURVE ( 'NONE', #104, #490, #1482, .T. ) ;
#283 = CIRCLE ( 'NONE', #1345, 0.04999999999999991257 ) ;
#284 = CARTESIAN_POINT ( 'NONE',  ( -1.900000000000000355, 0.2797101843677941568, 0.5000000000000000000 ) ) ;
#285 = CARTESIAN_POINT ( 'NONE',  ( 0.000000000000000000, 1.100000000000000089, 1.442192670603877458 ) ) ;
#286 = VECTOR ( 'NONE', #2660, 1000.000000000000000 ) ;
#287 = ORIENTED_EDGE ( 'NONE', *, *, #313, .F. ) ;
#288 = DIRECTION ( 'NONE',  ( 0.9986295347545741663, 0.05233595624293795739, 0.000000000000000000 ) ) ;
#289 = DIRECTION ( 'NONE',  ( -0.000000000000000000, -1.000000000000000000, -0.000000000000000000 ) ) ;
#290 = FACE_OUTER_BOUND ( 'NONE', #3926, .T. ) ;
#291 = AXIS2_PLACEMENT_3D ( 'NONE', #1927, #294, #1593 ) ;
#292 = CARTESIAN_POINT ( 'NONE',  ( -2.151130971595622388, 0.01507335765783184012, 1.149999999999999911 ) ) ;
#293 = DIRECTION ( 'NONE',  ( -1.000000000000000000, 0.000000000000000000, 0.000000000000000000 ) ) ;
#294 = DIRECTION ( 'NONE',  ( 0.000000000000000000, 1.000000000000000000, 0.000000000000000000 ) ) ;
#295 = CARTESIAN_POINT ( 'NONE',  ( -1.850000000000000533, 0.7650000000000113376, 0.5000000000000000000 ) ) ;
#296 = AXIS2_PLACEMENT_3D ( 'NONE', #648, #3018, #2415 ) ;
#297 = ORIENTED_EDGE ( 'NONE', *, *, #1562, .F. ) ;
#298 = CARTESIAN_POINT ( 'NONE',  ( 1.499999999999999778, 0.5500000000000120348, -0.1499999999999999667 ) ) ;
#299 = ORIENTED_EDGE ( 'NONE', *, *, #3648, .T. ) ;
#300 = DIRECTION ( 'NONE',  ( 0.000000000000000000, 0.000000000000000000, 1.000000000000000000 ) ) ;
#301 = EDGE_CURVE ( 'NONE', #66, #2153, #1088, .T. ) ;
#302 = PLANE ( 'NONE',  #2813 ) ;
#303 = VERTEX_POINT ( 'NONE', #1809 ) ;
#304 = ORIENTED_EDGE ( 'NONE', *, *, #920, .F. ) ;
#305 = CARTESIAN_POINT ( 'NONE',  ( -1.850000000000000533, 0.5000000000000113243, 0.5000000000000000000 ) ) ;
#306 = LINE ( 'NONE', #350, #3213 ) ;
#307 = CARTESIAN_POINT ( 'NONE',  ( -1.900000000000000355, 0.2797101843677941568, -0.7999999999999999334 ) ) ;
#308 = CARTESIAN_POINT ( 'NONE',  ( 2.151130971595621499, 0.01507335765783308738, 0.5000000000000000000 ) ) ;
#309 = EDGE_LOOP ( 'NONE', ( #1407, #1780, #3859, #3083 ) ) ;
#310 = DIRECTION ( 'NONE',  ( -0.9986295347545741663, -0.05233595624293760351, 0.000000000000000000 ) ) ;
#311 = CARTESIAN_POINT ( 'NONE',  ( -2.115000000000000213, 0.2797101843677941568, -0.7999999999999999334 ) ) ;
#312 = DIRECTION ( 'NONE',  ( -0.1045284632676634906, 0.9945218953682721796, 0.000000000000000000 ) ) ;
#313 = EDGE_CURVE ( 'NONE', #2883, #3593, #4042, .T. ) ;
#314 = CARTESIAN_POINT ( 'NONE',  ( 1.900000000000000355, 0.2797101843677948230, -1.149999999999999911 ) ) ;
#315 = PLANE ( 'NONE',  #291 ) ;
#316 = EDGE_CURVE ( 'NONE', #2723, #962, #1672, .T. ) ;
#317 = DIRECTION ( 'NONE',  ( 0.000000000000000000, 1.000000000000000000, 0.000000000000000000 ) ) ;
#318 = ORIENTED_EDGE ( 'NONE', *, *, #1122, .T. ) ;
#319 = VERTEX_POINT ( 'NONE', #2832 ) ;
#320 = CARTESIAN_POINT ( 'NONE',  ( 1.477402589417877277, 0.7650000000000120037, 0.1499999999999999667 ) ) ;
#321 = DIRECTION ( 'NONE',  ( 0.000000000000000000, 0.000000000000000000, 1.000000000000000000 ) ) ;
#322 = DIRECTION ( 'NONE',  ( -6.195440985631449401E-16, 1.000000000000000000, 0.000000000000000000 ) ) ;
#323 = ORIENTED_EDGE ( 'NONE', *, *, #1365, .T. ) ;
#324 = EDGE_CURVE ( 'NONE', #2422, #898, #3432, .T. ) ;
#325 = ORIENTED_EDGE ( 'NONE', *, *, #373, .F. ) ;
#326 = EDGE_CURVE ( 'NONE', #3660, #883, #1198, .T. ) ;
#327 = EDGE_CURVE ( 'NONE', #1671, #4018, #2472, .T. ) ;
#328 = CARTESIAN_POINT ( 'NONE',  ( 1.850000000000000533, 0.5000000000000119904, -0.7999999999999999334 ) ) ;
#329 = CYLINDRICAL_SURFACE ( 'NONE', #3947, 0.1999999999999999833 ) ;
#330 = SURFACE_SIDE_STYLE ('',( #1283 ) ) ;
#331 = ORIENTED_EDGE ( 'NONE', *, *, #2682, .F. ) ;
#332 = VECTOR ( 'NONE', #3573, 1000.000000000000114 ) ;
#333 = CARTESIAN_POINT ( 'NONE',  ( -1.850000000000000533, 0.7650000000000113376, 0.7999999999999999334 ) ) ;
#334 = CARTESIAN_POINT ( 'NONE',  ( 1.477402589417877277, 0.7650000000000120037, 0.1499999999999999667 ) ) ;
#335 = CARTESIAN_POINT ( 'NONE',  ( 1.850000000000000089, 0.5500000000000118128, 0.1499999999999999667 ) ) ;
#336 =( NAMED_UNIT ( * ) PLANE_ANGLE_UNIT ( ) SI_UNIT ( $, .RADIAN. ) );
#337 = VECTOR ( 'NONE', #340, 1000.000000000000000 ) ;
#338 = DIRECTION ( 'NONE',  ( -0.000000000000000000, -0.000000000000000000, -1.000000000000000000 ) ) ;
#339 = VECTOR ( 'NONE', #2615, 1000.000000000000000 ) ;
#340 = DIRECTION ( 'NONE',  ( -0.000000000000000000, -1.000000000000000000, -0.000000000000000000 ) ) ;
#341 = CARTESIAN_POINT ( 'NONE',  ( -2.438747769407769272, -5.340566408274855646E-16, 0.7999999999999999334 ) ) ;
#342 = ORIENTED_EDGE ( 'NONE', *, *, #2162, .F. ) ;
#343 = ORIENTED_EDGE ( 'NONE', *, *, #3595, .T. ) ;
#344 = AXIS2_PLACEMENT_3D ( 'NONE', #2625, #88, #2336 ) ;
#345 = DIRECTION ( 'NONE',  ( -0.000000000000000000, -0.000000000000000000, -1.000000000000000000 ) ) ;
#346 = AXIS2_PLACEMENT_3D ( 'NONE', #1497, #3626, #1156 ) ;
#347 = ORIENTED_EDGE ( 'NONE', *, *, #2090, .T. ) ;
#348 = VERTEX_POINT ( 'NONE', #4058 ) ;
#349 = STYLED_ITEM ( 'NONE', ( #3582 ), #3044 ) ;
#350 = CARTESIAN_POINT ( 'NONE',  ( -2.450000000000000178, 0.2147053499722332004, -1.149999999999999911 ) ) ;
#351 = CARTESIAN_POINT ( 'NONE',  ( -1.850000000000000533, 0.7650000000000113376, -0.1499999999999999667 ) ) ;
#352 = VECTOR ( 'NONE', #3865, 1000.000000000000114 ) ;
#353 = VERTEX_POINT ( 'NONE', #311 ) ;
#354 = AXIS2_PLACEMENT_3D ( 'NONE', #2512, #2743, #907 ) ;
#355 = CARTESIAN_POINT ( 'NONE',  ( -1.442192670603877902, 1.100000000000000089, -0.000000000000000000 ) ) ;
#356 = CARTESIAN_POINT ( 'NONE',  ( 2.165000000000000036, 0.2797101843677950450, -0.5000000000000000000 ) ) ;
#357 = LINE ( 'NONE', #3403, #2920 ) ;
#358 = DIRECTION ( 'NONE',  ( 0.000000000000000000, 0.000000000000000000, 1.000000000000000000 ) ) ;
#359 = DIRECTION ( 'NONE',  ( -6.195440985631449401E-16, 1.000000000000000000, 0.000000000000000000 ) ) ;
#360 = AXIS2_PLACEMENT_3D ( 'NONE', #3003, #2694, #187 ) ;
#361 = LINE ( 'NONE', #3162, #1838 ) ;
#362 = DIRECTION ( 'NONE',  ( -0.000000000000000000, -0.000000000000000000, -1.000000000000000000 ) ) ;
#363 = LINE ( 'NONE', #1623, #1984 ) ;
#364 = VERTEX_POINT ( 'NONE', #1921 ) ;
#365 = ORIENTED_EDGE ( 'NONE', *, *, #2154, .F. ) ;
#366 = VECTOR ( 'NONE', #1896, 1000.000000000000000 ) ;
#367 = PRODUCT ( 'LM75BDP', 'LM75BDP', '', ( #1701 ) ) ;
#368 = DIRECTION ( 'NONE',  ( -0.9986295347545741663, 0.05233595624293776311, -0.000000000000000000 ) ) ;
#369 = VERTEX_POINT ( 'NONE', #3722 ) ;
#370 = EDGE_LOOP ( 'NONE', ( #1077, #1455, #850, #1362 ) ) ;
#371 = AXIS2_PLACEMENT_3D ( 'NONE', #2670, #3559, #744 ) ;
#372 = CYLINDRICAL_SURFACE ( 'NONE', #3492, 0.2650000000000000688 ) ;
#373 = EDGE_CURVE ( 'NONE', #1625, #2329, #4010, .T. ) ;
#374 = ORIENTED_EDGE ( 'NONE', *, *, #1553, .T. ) ;
#375 = CARTESIAN_POINT ( 'NONE',  ( -1.477402589417877721, 0.7650000000000114486, 0.5000000000000000000 ) ) ;
#376 = DIRECTION ( 'NONE',  ( 0.000000000000000000, 1.000000000000000000, 0.000000000000000000 ) ) ;
#377 = ORIENTED_EDGE ( 'NONE', *, *, #3004, .T. ) ;
#378 = ADVANCED_FACE ( 'NONE', ( #3098 ), #1264, .F. ) ;
#379 = FACE_OUTER_BOUND ( 'NONE', #1847, .T. ) ;
#380 = CARTESIAN_POINT ( 'NONE',  ( 2.115000000000000657, 0.5000000000000121014, -0.1499999999999999667 ) ) ;
#381 = DIRECTION ( 'NONE',  ( 0.9986295347545741663, 0.05233595624293759657, 0.000000000000000000 ) ) ;
#382 = ORIENTED_EDGE ( 'NONE', *, *, #269, .T. ) ;
#383 = ORIENTED_EDGE ( 'NONE', *, *, #4024, .F. ) ;
#384 = EDGE_CURVE ( 'NONE', #1298, #1374, #582, .T. ) ;
#385 = FACE_OUTER_BOUND ( 'NONE', #1739, .T. ) ;
#386 = EDGE_LOOP ( 'NONE', ( #2623, #46, #644, #1004 ) ) ;
#387 = ORIENTED_EDGE ( 'NONE', *, *, #927, .T. ) ;
#388 = LINE ( 'NONE', #3882, #3753 ) ;
#389 = DIRECTION ( 'NONE',  ( 0.9945218953682737340, 0.1045284632676502790, -0.000000000000000000 ) ) ;
#390 = DIRECTION ( 'NONE',  ( -0.000000000000000000, -1.000000000000000000, -0.000000000000000000 ) ) ;
#391 = UNCERTAINTY_MEASURE_WITH_UNIT (LENGTH_MEASURE( 1.000000000000000082E-05 ), #3685, 'distance_accuracy_value', 'NONE');
#392 = VERTEX_POINT ( 'NONE', #1242 ) ;
#393 = VECTOR ( 'NONE', #3844, 1000.000000000000114 ) ;
#394 = DIRECTION ( 'NONE',  ( -0.000000000000000000, -0.000000000000000000, -1.000000000000000000 ) ) ;
#395 = PLANE ( 'NONE',  #2581 ) ;
#396 = ADVANCED_FACE ( 'NONE', ( #266 ), #2240, .F. ) ;
#397 = EDGE_CURVE ( 'NONE', #1433, #2439, #4034, .T. ) ;
#398 = PRESENTATION_LAYER_ASSIGNMENT (  '', '', ( #991 ) ) ;
#399 = ADVANCED_FACE ( 'NONE', ( #290 ), #953, .T. ) ;
#400 = ORIENTED_EDGE ( 'NONE', *, *, #123, .T. ) ;
#401 = ORIENTED_EDGE ( 'NONE', *, *, #1598, .T. ) ;
#402 = AXIS2_PLACEMENT_3D ( 'NONE', #1937, #3177, #3236 ) ;
#403 = CARTESIAN_POINT ( 'NONE',  ( -1.850000000000000533, 0.5500000000000111466, -0.5000000000000000000 ) ) ;
#404 = VECTOR ( 'NONE', #2737, 1000.000000000000114 ) ;
#405 = ORIENTED_EDGE ( 'NONE', *, *, #3057, .T. ) ;
#406 = VERTEX_POINT ( 'NONE', #335 ) ;
#407 = CIRCLE ( 'NONE', #2892, 0.2649999999999998468 ) ;
#408 = EDGE_CURVE ( 'NONE', #2603, #4005, #357, .T. ) ;
#409 = CYLINDRICAL_SURFACE ( 'NONE', #2516, 0.2649999999999998468 ) ;
#410 = VECTOR ( 'NONE', #3242, 1000.000000000000114 ) ;
#411 = AXIS2_PLACEMENT_3D ( 'NONE', #3171, #2585, #2290 ) ;
#412 =( NAMED_UNIT ( * ) PLANE_ANGLE_UNIT ( ) SI_UNIT ( $, .RADIAN. ) );
#413 = PLANE ( 'NONE',  #1595 ) ;
#414 = CARTESIAN_POINT ( 'NONE',  ( -1.900000000000000355, 0.5000000000000113243, 1.149999999999999911 ) ) ;
#415 = VERTEX_POINT ( 'NONE', #929 ) ;
#416 = CARTESIAN_POINT ( 'NONE',  ( -2.151130971595622388, 0.01507335765783184012, -1.149999999999999911 ) ) ;
#417 = DIRECTION ( 'NONE',  ( -0.000000000000000000, -0.000000000000000000, -1.000000000000000000 ) ) ;
#418 = LINE ( 'NONE', #380, #3763 ) ;
#419 = ORIENTED_EDGE ( 'NONE', *, *, #3809, .F. ) ;
#420 = ORIENTED_EDGE ( 'NONE', *, *, #4047, .T. ) ;
#421 = CARTESIAN_POINT ( 'NONE',  ( 1.900000000000000355, 0.2797101843677948230, 0.5000000000000000000 ) ) ;
#422 = VECTOR ( 'NONE', #1731, 1000.000000000000000 ) ;
#423 = EDGE_LOOP ( 'NONE', ( #2051, #4055, #1136, #2780, #1216, #1906, #2546, #2969, #639, #3602, #2305, #3986 ) ) ;
#424 = ORIENTED_EDGE ( 'NONE', *, *, #2005, .F. ) ;
#425 = EDGE_CURVE ( 'NONE', #2301, #2572, #2008, .T. ) ;
#426 = AXIS2_PLACEMENT_3D ( 'NONE', #1436, #3645, #3341 ) ;
#427 = CARTESIAN_POINT ( 'NONE',  ( -2.438747769407769272, -5.340566408274855646E-16, 1.149999999999999911 ) ) ;
#428 = PLANE ( 'NONE',  #682 ) ;
#429 = CARTESIAN_POINT ( 'NONE',  ( 1.850000000000000089, 0.7650000000000121148, -0.7999999999999999334 ) ) ;
#430 = VECTOR ( 'NONE', #2751, 1000.000000000000000 ) ;
#431 = DIRECTION ( 'NONE',  ( -0.000000000000000000, -0.000000000000000000, -1.000000000000000000 ) ) ;
#432 = ADVANCED_FACE ( 'NONE', ( #625 ), #663, .F. ) ;
#433 = DIRECTION ( 'NONE',  ( -0.9986295347545744994, 0.05233595624293218423, 0.000000000000000000 ) ) ;
#434 = CARTESIAN_POINT ( 'NONE',  ( -2.115000000000000657, 0.5000000000000113243, -0.5000000000000000000 ) ) ;
#435 = ORIENTED_EDGE ( 'NONE', *, *, #1012, .F. ) ;
#436 = DIRECTION ( 'NONE',  ( -1.000000000000000000, -2.909848919217164945E-16, 0.000000000000000000 ) ) ;
#437 = SURFACE_STYLE_USAGE ( .BOTH. , #3914 ) ;
#438 = LINE ( 'NONE', #1669, #1526 ) ;
#439 = CARTESIAN_POINT ( 'NONE',  ( -1.850000000000000533, 0.5000000000000113243, -0.1499999999999999667 ) ) ;
#440 = EDGE_LOOP ( 'NONE', ( #3495, #3871, #918, #3548 ) ) ;
#441 = EDGE_LOOP ( 'NONE', ( #2332, #788, #2445, #1189 ) ) ;
#442 = EDGE_CURVE ( 'NONE', #1406, #3880, #1586, .T. ) ;
#443 = MANIFOLD_SOLID_BREP ( 'LPattern1[6]', #553 ) ;
#444 = DIRECTION ( 'NONE',  ( 0.9986295347545741663, -0.05233595624293779086, -0.000000000000000000 ) ) ;
#445 = ORIENTED_EDGE ( 'NONE', *, *, #1422, .T. ) ;
#446 = ORIENTED_EDGE ( 'NONE', *, *, #1314, .F. ) ;
#447 = ORIENTED_EDGE ( 'NONE', *, *, #3542, .F. ) ;
#448 = ADVANCED_FACE ( 'NONE', ( #2713 ), #2808, .T. ) ;
#449 = DIRECTION ( 'NONE',  ( -0.000000000000000000, -0.000000000000000000, -1.000000000000000000 ) ) ;
#450 = DIRECTION ( 'NONE',  ( 0.9986295347545743883, 0.05233595624293620185, -0.000000000000000000 ) ) ;
#451 = EDGE_CURVE ( 'NONE', #3968, #1815, #539, .T. ) ;
#452 = EDGE_CURVE ( 'NONE', #1638, #1427, #3448, .T. ) ;
#453 = EDGE_CURVE ( 'NONE', #3283, #3251, #1113, .T. ) ;
#454 = EDGE_CURVE ( 'NONE', #3399, #3196, #3519, .T. ) ;
#455 = MANIFOLD_SOLID_BREP ( 'Cut-Extrude1', #2915 ) ;
#456 = DIRECTION ( 'NONE',  ( -0.000000000000000000, -0.000000000000000000, -1.000000000000000000 ) ) ;
#457 = DIRECTION ( 'NONE',  ( -1.000000000000000000, 0.000000000000000000, 0.000000000000000000 ) ) ;
#458 =( NAMED_UNIT ( * ) SI_UNIT ( $, .STERADIAN. ) SOLID_ANGLE_UNIT ( ) );
#459 = FACE_OUTER_BOUND ( 'NONE', #2526, .T. ) ;
#460 = ORIENTED_EDGE ( 'NONE', *, *, #1468, .F. ) ;
#461 = CARTESIAN_POINT ( 'NONE',  ( 1.477402589417877277, 0.7650000000000120037, 0.5000000000000000000 ) ) ;
#462 = DIRECTION ( 'NONE',  ( 0.000000000000000000, 1.000000000000000000, 0.000000000000000000 ) ) ;
#463 = DIRECTION ( 'NONE',  ( -0.000000000000000000, -0.000000000000000000, -1.000000000000000000 ) ) ;
#464 = ADVANCED_FACE ( 'NONE', ( #2125 ), #1181, .F. ) ;
#465 = VECTOR ( 'NONE', #345, 1000.000000000000000 ) ;
#466 = ORIENTED_EDGE ( 'NONE', *, *, #572, .F. ) ;
#467 = ORIENTED_EDGE ( 'NONE', *, *, #1533, .T. ) ;
#468 = VECTOR ( 'NONE', #2777, 1000.000000000000000 ) ;
#469 = ORIENTED_EDGE ( 'NONE', *, *, #2630, .T. ) ;
#470 = VERTEX_POINT ( 'NONE', #1812 ) ;
#471 = VERTEX_POINT ( 'NONE', #3923 ) ;
#472 = VECTOR ( 'NONE', #394, 1000.000000000000000 ) ;
#473 = CARTESIAN_POINT ( 'NONE',  ( 1.457958305893729323, 0.1499999999999999944, -1.457958305893729767 ) ) ;
#474 = VECTOR ( 'NONE', #988, 1000.000000000000000 ) ;
#475 = CARTESIAN_POINT ( 'NONE',  ( -1.500000000000000222, 0.5500000000000113687, 1.149999999999999911 ) ) ;
#476 = CIRCLE ( 'NONE', #202, 0.04999999999999991257 ) ;
#477 = DIRECTION ( 'NONE',  ( 0.000000000000000000, 0.000000000000000000, 1.000000000000000000 ) ) ;
#478 = VECTOR ( 'NONE', #3384, 1000.000000000000000 ) ;
#479 = ORIENTED_EDGE ( 'NONE', *, *, #1907, .T. ) ;
#480 = CIRCLE ( 'NONE', #1342, 0.2650000000000000688 ) ;
#481 = CARTESIAN_POINT ( 'NONE',  ( -2.162383202187853737, 0.2297787076300651654, -0.7999999999999999334 ) ) ;
#482 = CARTESIAN_POINT ( 'NONE',  ( 1.850000000000000533, 0.5000000000000119904, -1.149999999999999911 ) ) ;
#483 = CIRCLE ( 'NONE', #3502, 0.2649999999999998468 ) ;
#484 = ORIENTED_EDGE ( 'NONE', *, *, #3770, .F. ) ;
#485 = ORIENTED_EDGE ( 'NONE', *, *, #825, .F. ) ;
#486 = CARTESIAN_POINT ( 'NONE',  ( 2.151130971595621499, 0.01507335765783308738, -1.149999999999999911 ) ) ;
#487 = AXIS2_PLACEMENT_3D ( 'NONE', #2064, #462, #2397 ) ;
#488 = DIRECTION ( 'NONE',  ( -1.000000000000000000, -2.909848919217164945E-16, 0.000000000000000000 ) ) ;
#489 = ORIENTED_EDGE ( 'NONE', *, *, #268, .T. ) ;
#490 = VERTEX_POINT ( 'NONE', #3285 ) ;
#491 = ORIENTED_EDGE ( 'NONE', *, *, #1121, .F. ) ;
#492 = VECTOR ( 'NONE', #3122, 1000.000000000000000 ) ;
#493 = FILL_AREA_STYLE_COLOUR ( '', #3222 ) ;
#494 = VERTEX_POINT ( 'NONE', #486 ) ;
#495 = AXIS2_PLACEMENT_3D ( 'NONE', #893, #1792, #3934 ) ;
#496 = LINE ( 'NONE', #3011, #3276 ) ;
#497 = ADVANCED_FACE ( 'NONE', ( #1159 ), #1768, .F. ) ;
#498 = ORIENTED_EDGE ( 'NONE', *, *, #3203, .F. ) ;
#499 = PLANE ( 'NONE',  #260 ) ;
#500 = CARTESIAN_POINT ( 'NONE',  ( -2.165000000000000480, 0.2797101843677941568, -0.7999999999999999334 ) ) ;
#501 = DIRECTION ( 'NONE',  ( -0.000000000000000000, -1.000000000000000000, -0.000000000000000000 ) ) ;
#502 = EDGE_CURVE ( 'NONE', #1797, #1509, #1735, .T. ) ;
#503 = FACE_OUTER_BOUND ( 'NONE', #1860, .T. ) ;
#504 = EDGE_LOOP ( 'NONE', ( #1020, #3167, #191, #469 ) ) ;
#505 = ORIENTED_EDGE ( 'NONE', *, *, #408, .F. ) ;
#506 = DIRECTION ( 'NONE',  ( -0.000000000000000000, 0.000000000000000000, -1.000000000000000000 ) ) ;
#507 = LINE ( 'NONE', #2108, #39 ) ;
#508 = CARTESIAN_POINT ( 'NONE',  ( 1.850000000000000533, 0.5000000000000119904, 0.1499999999999999667 ) ) ;
#509 = ORIENTED_EDGE ( 'NONE', *, *, #397, .T. ) ;
#510 = ORIENTED_EDGE ( 'NONE', *, *, #1359, .T. ) ;
#511 = SURFACE_STYLE_FILL_AREA ( #2991 ) ;
#512 = ORIENTED_EDGE ( 'NONE', *, *, #4036, .T. ) ;
#513 = DIRECTION ( 'NONE',  ( -0.000000000000000000, -1.000000000000000000, -0.000000000000000000 ) ) ;
#514 = DIRECTION ( 'NONE',  ( -0.000000000000000000, -0.000000000000000000, -1.000000000000000000 ) ) ;
#515 = CARTESIAN_POINT ( 'NONE',  ( -1.406196170502074905, 1.100000000000000089, 1.406196170502074461 ) ) ;
#516 = ORIENTED_EDGE ( 'NONE', *, *, #2387, .T. ) ;
#517 = EDGE_CURVE ( 'NONE', #4018, #3389, #3913, .T. ) ;
#518 = CARTESIAN_POINT ( 'NONE',  ( 1.850000000000000533, 0.5000000000000119904, 0.7999999999999999334 ) ) ;
#519 = ADVANCED_FACE ( 'NONE', ( #2071 ), #1751, .T. ) ;
#520 = CARTESIAN_POINT ( 'NONE',  ( 1.499999999999999778, 0.5500000000000120348, 0.5000000000000000000 ) ) ;
#521 = VERTEX_POINT ( 'NONE', #1440 ) ;
#522 = ORIENTED_EDGE ( 'NONE', *, *, #3656, .T. ) ;
#523 = CARTESIAN_POINT ( 'NONE',  ( 2.438747769407769272, 3.333050971609179826E-16, 1.149999999999999911 ) ) ;
#525 = PRESENTATION_LAYER_ASSIGNMENT (  '', '', ( #1769 ) ) ;
#524 = CARTESIAN_POINT ( 'NONE',  ( -1.850000000000000533, 0.7650000000000113376, -0.1499999999999999667 ) ) ;
#526 = VERTEX_POINT ( 'NONE', #3960 ) ;
#527 = CARTESIAN_POINT ( 'NONE',  ( -2.165000000000000480, 0.2797101843677941568, -1.149999999999999911 ) ) ;
#528 = CIRCLE ( 'NONE', #732, 0.2650000000000002354 ) ;
#529 = CARTESIAN_POINT ( 'NONE',  ( -1.850000000000000533, 0.5500000000000111466, -0.7999999999999999334 ) ) ;
#530 = ADVANCED_FACE ( 'NONE', ( #1137 ), #1956, .F. ) ;
#531 = ORIENTED_EDGE ( 'NONE', *, *, #3921, .F. ) ;
#532 = AXIS2_PLACEMENT_3D ( 'NONE', #508, #3311, #189 ) ;
#533 = DIRECTION ( 'NONE',  ( 0.000000000000000000, 0.000000000000000000, 1.000000000000000000 ) ) ;
#534 = DIRECTION ( 'NONE',  ( -0.000000000000000000, 0.000000000000000000, -1.000000000000000000 ) ) ;
#535 = DIRECTION ( 'NONE',  ( -0.9986295347545741663, -0.05233595624293795046, 0.000000000000000000 ) ) ;
#536 = FACE_OUTER_BOUND ( 'NONE', #3421, .T. ) ;
#537 = VERTEX_POINT ( 'NONE', #1349 ) ;
#538 =( GEOMETRIC_REPRESENTATION_CONTEXT ( 3 ) GLOBAL_UNCERTAINTY_ASSIGNED_CONTEXT ( ( #1352 ) ) GLOBAL_UNIT_ASSIGNED_CONTEXT ( ( #2656, #770, #458 ) ) REPRESENTATION_CONTEXT ( 'NONE', 'WORKASPACE' ) );
#539 = LINE ( 'NONE', #847, #45 ) ;
#540 = LINE ( 'NONE', #1793, #3585 ) ;
#541 = EDGE_CURVE ( 'NONE', #2992, #186, #1645, .T. ) ;
#542 = AXIS2_PLACEMENT_3D ( 'NONE', #2784, #3810, #3638 ) ;
#543 = DIRECTION ( 'NONE',  ( -0.9986295347545744994, 0.05233595624293218423, 0.000000000000000000 ) ) ;
#544 = ORIENTED_EDGE ( 'NONE', *, *, #712, .T. ) ;
#545 = ORIENTED_EDGE ( 'NONE', *, *, #712, .F. ) ;
#546 = AXIS2_PLACEMENT_3D ( 'NONE', #2979, #168, #1416 ) ;
#547 = CYLINDRICAL_SURFACE ( 'NONE', #2499, 0.1999999999999999833 ) ;
#548 = CARTESIAN_POINT ( 'NONE',  ( 1.900000000000000355, 0.5000000000000119904, -0.5000000000000000000 ) ) ;
#549 = VERTEX_POINT ( 'NONE', #1523 ) ;
#550 = DIRECTION ( 'NONE',  ( 5.906049733841301226E-15, 1.000000000000000000, -0.000000000000000000 ) ) ;
#551 = PRESENTATION_LAYER_ASSIGNMENT (  '', '', ( #1214 ) ) ;
#552 = LINE ( 'NONE', #3718, #1186 ) ;
#553 = CLOSED_SHELL ( 'NONE', ( #106, #1697, #2430, #1450, #3036, #2906, #2746, #1981, #218, #2338, #1774, #1456, #1098, #563 ) ) ;
#554 = ORIENTED_EDGE ( 'NONE', *, *, #454, .T. ) ;
#555 = ADVANCED_FACE ( 'NONE', ( #3154 ), #4014, .F. ) ;
#556 = COLOUR_RGB ( '',0.2509803921568627416, 0.2509803921568627416, 0.2509803921568627416 ) ;
#557 = LINE ( 'NONE', #243, #3293 ) ;
#558 = CARTESIAN_POINT ( 'NONE',  ( 1.850000000000000533, 0.5000000000000119904, -0.1499999999999999667 ) ) ;
#559 = DIRECTION ( 'NONE',  ( 1.000000000000000000, 0.000000000000000000, 0.000000000000000000 ) ) ;
#560 = CARTESIAN_POINT ( 'NONE',  ( 2.115000000000000657, 0.5000000000000121014, 0.1499999999999999667 ) ) ;
#561 = VECTOR ( 'NONE', #3812, 1000.000000000000114 ) ;
#562 = DIRECTION ( 'NONE',  ( -0.1045284632676634490, -0.9945218953682721796, 0.000000000000000000 ) ) ;
#563 = ADVANCED_FACE ( 'NONE', ( #706 ), #972, .F. ) ;
#564 = CARTESIAN_POINT ( 'NONE',  ( -1.900000000000000355, 0.5000000000000113243, 0.5000000000000000000 ) ) ;
#565 = FACE_OUTER_BOUND ( 'NONE', #1180, .T. ) ;
#566 = ORIENTED_EDGE ( 'NONE', *, *, #2502, .T. ) ;
#567 = ORIENTED_EDGE ( 'NONE', *, *, #1226, .F. ) ;
#568 = ADVANCED_FACE ( 'NONE', ( #2867 ), #2595, .T. ) ;
#569 = FACE_OUTER_BOUND ( 'NONE', #3094, .T. ) ;
#570 = PLANE ( 'NONE',  #989 ) ;
#571 = EDGE_LOOP ( 'NONE', ( #1637, #446, #3130, #445 ) ) ;
#572 = EDGE_CURVE ( 'NONE', #1908, #1112, #3705, .T. ) ;
#573 = DIRECTION ( 'NONE',  ( -1.000000000000000000, 0.000000000000000000, 0.000000000000000000 ) ) ;
#574 = CARTESIAN_POINT ( 'NONE',  ( -2.115000000000000213, 0.2797101843677941568, 0.5000000000000000000 ) ) ;
#575 = EDGE_CURVE ( 'NONE', #2012, #813, #691, .T. ) ;
#576 = EDGE_CURVE ( 'NONE', #1570, #2671, #992, .T. ) ;
#577 = ADVANCED_FACE ( 'NONE', ( #895 ), #2255, .F. ) ;
#578 = ADVANCED_FACE ( 'NONE', ( #1632 ), #2150, .T. ) ;
#579 = ORIENTED_EDGE ( 'NONE', *, *, #1175, .F. ) ;
#580 = LINE ( 'NONE', #4032, #1778 ) ;
#581 = DIRECTION ( 'NONE',  ( -0.9986295347545741663, 0.05233595624293776311, -0.000000000000000000 ) ) ;
#582 = LINE ( 'NONE', #1828, #2078 ) ;
#583 = LINE ( 'NONE', #2416, #478 ) ;
#584 = DIRECTION ( 'NONE',  ( -0.000000000000000000, -0.000000000000000000, -1.000000000000000000 ) ) ;
#585 = DIRECTION ( 'NONE',  ( 0.05233595624293760351, -0.9986295347545742773, 0.000000000000000000 ) ) ;
#586 = ADVANCED_FACE ( 'NONE', ( #248 ), #1499, .F. ) ;
#587 = CARTESIAN_POINT ( 'NONE',  ( -1.500000000000000222, 0.5500000000000113687, -0.1499999999999999667 ) ) ;
#588 = ORIENTED_EDGE ( 'NONE', *, *, #2587, .T. ) ;
#589 = VERTEX_POINT ( 'NONE', #3080 ) ;
#590 = CARTESIAN_POINT ( 'NONE',  ( -1.477402589417877721, 0.7650000000000114486, -0.5000000000000000000 ) ) ;
#591 = LINE ( 'NONE', #3085, #3270 ) ;
#592 = CARTESIAN_POINT ( 'NONE',  ( -1.850000000000000533, 0.5500000000000111466, 0.5000000000000000000 ) ) ;
#593 = VERTEX_POINT ( 'NONE', #273 ) ;
#594 = VECTOR ( 'NONE', #916, 1000.000000000000000 ) ;
#595 = PLANE ( 'NONE',  #2186 ) ;
#596 = CARTESIAN_POINT ( 'NONE',  ( 1.442192670603877458, 0.7650002721546617090, -1.477402560813270815 ) ) ;
#597 = VECTOR ( 'NONE', #2659, 1000.000000000000000 ) ;
#598 = ORIENTED_EDGE ( 'NONE', *, *, #2742, .T. ) ;
#599 = LINE ( 'NONE', #52, #2048 ) ;
#600 = DIRECTION ( 'NONE',  ( -1.000000000000000000, 0.000000000000000000, 0.000000000000000000 ) ) ;
#601 = DIRECTION ( 'NONE',  ( 1.968683244613767075E-15, -1.000000000000000000, 0.000000000000000000 ) ) ;
#602 = AXIS2_PLACEMENT_3D ( 'NONE', #2057, #2972, #164 ) ;
#603 = EDGE_CURVE ( 'NONE', #1467, #3858, #1614, .T. ) ;
#604 = CARTESIAN_POINT ( 'NONE',  ( -2.151130971595622388, 0.01507335765783184012, -0.7999999999999999334 ) ) ;
#605 = PLANE ( 'NONE',  #2844 ) ;
#606 = AXIS2_PLACEMENT_3D ( 'NONE', #871, #543, #1794 ) ;
#607 = DIRECTION ( 'NONE',  ( -0.000000000000000000, -0.000000000000000000, -1.000000000000000000 ) ) ;
#608 = DIRECTION ( 'NONE',  ( 1.000000000000000000, 0.000000000000000000, 0.000000000000000000 ) ) ;
#609 = DIRECTION ( 'NONE',  ( 0.000000000000000000, 0.000000000000000000, 1.000000000000000000 ) ) ;
#610 = VECTOR ( 'NONE', #142, 1000.000000000000000 ) ;
#611 = ORIENTED_EDGE ( 'NONE', *, *, #2486, .F. ) ;
#612 = VERTEX_POINT ( 'NONE', #51 ) ;
#613 = DIRECTION ( 'NONE',  ( -1.000000000000000000, -6.195440985631449401E-16, 0.000000000000000000 ) ) ;
#614 = AXIS2_PLACEMENT_3D ( 'NONE', #3639, #823, #3034 ) ;
#615 = DIRECTION ( 'NONE',  ( 2.909848919217164945E-16, -1.000000000000000000, 0.000000000000000000 ) ) ;
#616 = ORIENTED_EDGE ( 'NONE', *, *, #3922, .T. ) ;
#617 = ORIENTED_EDGE ( 'NONE', *, *, #2228, .F. ) ;
#618 = CARTESIAN_POINT ( 'NONE',  ( 1.900000000000000355, 0.5000000000000119904, 1.149999999999999911 ) ) ;
#619 = LINE ( 'NONE', #657, #1649 ) ;
#620 = FACE_OUTER_BOUND ( 'NONE', #1252, .T. ) ;
#621 = DIRECTION ( 'NONE',  ( 0.000000000000000000, 1.000000000000000000, 0.000000000000000000 ) ) ;
#622 = ORIENTED_EDGE ( 'NONE', *, *, #1767, .T. ) ;
#623 = EDGE_CURVE ( 'NONE', #3968, #887, #1307, .T. ) ;
#624 = DIRECTION ( 'NONE',  ( -0.000000000000000000, -0.000000000000000000, -1.000000000000000000 ) ) ;
#625 = FACE_OUTER_BOUND ( 'NONE', #710, .T. ) ;
#626 = DIRECTION ( 'NONE',  ( 0.9986295347545741663, -0.05233595624293779086, -0.000000000000000000 ) ) ;
#627 = CARTESIAN_POINT ( 'NONE',  ( 2.165000000000000036, 0.2797101843677950450, 0.5000000000000000000 ) ) ;
#628 = EDGE_CURVE ( 'NONE', #1948, #3528, #3183, .T. ) ;
#629 = DIRECTION ( 'NONE',  ( 0.000000000000000000, -0.000000000000000000, 1.000000000000000000 ) ) ;
#630 = EDGE_CURVE ( 'NONE', #2820, #2006, #1328, .T. ) ;
#631 = CARTESIAN_POINT ( 'NONE',  ( 2.115000000000000657, 0.5000000000000121014, -0.5000000000000000000 ) ) ;
#632 = VECTOR ( 'NONE', #584, 1000.000000000000000 ) ;
#633 = ORIENTED_EDGE ( 'NONE', *, *, #1311, .T. ) ;
#634 = EDGE_LOOP ( 'NONE', ( #841, #777, #325, #616 ) ) ;
#635 = DIRECTION ( 'NONE',  ( -1.000000000000000000, -2.909848919217164945E-16, 0.000000000000000000 ) ) ;
#636 = CARTESIAN_POINT ( 'NONE',  ( -1.850000000000000533, 0.5500000000000111466, 0.1499999999999999667 ) ) ;
#637 = CYLINDRICAL_SURFACE ( 'NONE', #1912, 0.1999999999999999833 ) ;
#638 = VERTEX_POINT ( 'NONE', #1399 ) ;
#639 = ORIENTED_EDGE ( 'NONE', *, *, #1866, .F. ) ;
#640 = DIRECTION ( 'NONE',  ( 0.000000000000000000, 0.000000000000000000, 1.000000000000000000 ) ) ;
#641 = CARTESIAN_POINT ( 'NONE',  ( 2.115000000000000657, 0.5000000000000121014, -1.149999999999999911 ) ) ;
#642 = DIRECTION ( 'NONE',  ( -1.000000000000000000, 0.000000000000000000, 0.000000000000000000 ) ) ;
#643 = CARTESIAN_POINT ( 'NONE',  ( 0.000000000000000000, 1.100000000000000089, -1.442192670603877902 ) ) ;
#644 = ORIENTED_EDGE ( 'NONE', *, *, #2275, .F. ) ;
#645 = CARTESIAN_POINT ( 'NONE',  ( -1.500000000000000222, 0.5500000000000113687, 1.499999999999999778 ) ) ;
#646 = DIRECTION ( 'NONE',  ( -0.1045284632676634490, -0.9945218953682721796, 0.000000000000000000 ) ) ;
#647 = CARTESIAN_POINT ( 'NONE',  ( -1.850000000000000533, 0.5500000000000111466, 0.7999999999999999334 ) ) ;
#648 = CARTESIAN_POINT ( 'NONE',  ( -2.450000000000000178, 0.2147053499722332004, -0.1499999999999999667 ) ) ;
#649 = CARTESIAN_POINT ( 'NONE',  ( 2.114999999999999769, 0.2797101843677950450, -0.1499999999999999667 ) ) ;
#650 = CARTESIAN_POINT ( 'NONE',  ( 2.438747769407769272, 3.333050971609179826E-16, -0.7999999999999999334 ) ) ;
#651 = VERTEX_POINT ( 'NONE', #1431 ) ;
#652 = DIRECTION ( 'NONE',  ( 0.000000000000000000, 0.000000000000000000, -1.000000000000000000 ) ) ;
#653 = EDGE_LOOP ( 'NONE', ( #2927, #2716, #1101, #2754 ) ) ;
#654 = DIRECTION ( 'NONE',  ( 6.195440985631449401E-16, 1.000000000000000000, -0.000000000000000000 ) ) ;
#655 = ORIENTED_EDGE ( 'NONE', *, *, #408, .T. ) ;
#656 = ORIENTED_EDGE ( 'NONE', *, *, #3887, .T. ) ;
#657 = CARTESIAN_POINT ( 'NONE',  ( 2.115000000000000657, 0.5000000000000121014, -0.7999999999999999334 ) ) ;
#658 = CARTESIAN_POINT ( 'NONE',  ( -2.438747769407769272, -5.340566408274855646E-16, 0.1499999999999999667 ) ) ;
#659 = ORIENTED_EDGE ( 'NONE', *, *, #1524, .F. ) ;
#660 = VECTOR ( 'NONE', #2506, 1000.000000000000000 ) ;
#661 = DIRECTION ( 'NONE',  ( 0.000000000000000000, 0.000000000000000000, 1.000000000000000000 ) ) ;
#662 = CARTESIAN_POINT ( 'NONE',  ( -1.900000000000000355, 0.2797101843677941568, 0.7999999999999999334 ) ) ;
#663 = PLANE ( 'NONE',  #1217 ) ;
#664 = DIRECTION ( 'NONE',  ( -0.000000000000000000, -0.000000000000000000, -1.000000000000000000 ) ) ;
#665 = AXIS2_PLACEMENT_3D ( 'NONE', #2827, #3788, #3977 ) ;
#666 = CARTESIAN_POINT ( 'NONE',  ( 1.499999999999999778, 0.5500000000000120348, -0.7999999999999999334 ) ) ;
#667 = LINE ( 'NONE', #3386, #3225 ) ;
#668 = AXIS2_PLACEMENT_3D ( 'NONE', #2609, #450, #3864 ) ;
#669 = DIRECTION ( 'NONE',  ( 0.1045284632676634629, 0.9945218953682721796, 0.000000000000000000 ) ) ;
#670 = CARTESIAN_POINT ( 'NONE',  ( -2.115000000000000657, 0.5000000000000113243, -0.1499999999999999667 ) ) ;
#671 = LINE ( 'NONE', #2229, #1591 ) ;
#672 = ORIENTED_EDGE ( 'NONE', *, *, #1761, .F. ) ;
#673 = ORIENTED_EDGE ( 'NONE', *, *, #2083, .F. ) ;
#674 = CIRCLE ( 'NONE', #3558, 0.05000000000000012768 ) ;
#675 = EDGE_CURVE ( 'NONE', #3701, #73, #801, .T. ) ;
#676 = EDGE_CURVE ( 'NONE', #3343, #1865, #2058, .T. ) ;
#677 = LINE ( 'NONE', #2308, #1577 ) ;
#678 = VERTEX_POINT ( 'NONE', #2392 ) ;
#679 = ORIENTED_EDGE ( 'NONE', *, *, #3221, .T. ) ;
#680 = FACE_OUTER_BOUND ( 'NONE', #861, .T. ) ;
#681 = FACE_OUTER_BOUND ( 'NONE', #3898, .T. ) ;
#682 = AXIS2_PLACEMENT_3D ( 'NONE', #3776, #2231, #652 ) ;
#683 = ORIENTED_EDGE ( 'NONE', *, *, #3748, .F. ) ;
#684 = VECTOR ( 'NONE', #3059, 1000.000000000000114 ) ;
#685 = CARTESIAN_POINT ( 'NONE',  ( 1.442200534938037793, 7.482414138211849683E-05, 1.442200534938037793 ) ) ;
#686 = DIRECTION ( 'NONE',  ( 0.2035585949527727867, -0.9576678948579753214, -0.2035585949527727867 ) ) ;
#687 = SURFACE_STYLE_USAGE ( .BOTH. , #3791 ) ;
#688 = ADVANCED_FACE ( 'NONE', ( #769 ), #2973, .F. ) ;
#689 = DIRECTION ( 'NONE',  ( 1.000000000000000000, 0.000000000000000000, 0.000000000000000000 ) ) ;
#690 = ORIENTED_EDGE ( 'NONE', *, *, #2565, .T. ) ;
#691 = CIRCLE ( 'NONE', #1796, 0.1999999999999999833 ) ;
#692 = LINE ( 'NONE', #1945, #4006 ) ;
#693 = DIRECTION ( 'NONE',  ( 0.000000000000000000, -1.000000000000000000, 0.000000000000000000 ) ) ;
#694 = LINE ( 'NONE', #2175, #3829 ) ;
#695 = EDGE_LOOP ( 'NONE', ( #3901, #2287, #1490, #818 ) ) ;
#696 = EDGE_LOOP ( 'NONE', ( #2234, #1165, #254, #175 ) ) ;
#697 = CARTESIAN_POINT ( 'NONE',  ( 1.850000000000000089, 0.5500000000000118128, -0.1499999999999999667 ) ) ;
#698 = COLOUR_RGB ( '',0.7921568627450980005, 0.8196078431372548767, 0.9333333333333333481 ) ;
#699 = ORIENTED_EDGE ( 'NONE', *, *, #2458, .F. ) ;
#700 = EDGE_CURVE ( 'NONE', #2964, #3655, #2913, .T. ) ;
#701 = ORIENTED_EDGE ( 'NONE', *, *, #3794, .T. ) ;
#702 = CARTESIAN_POINT ( 'NONE',  ( -1.500000000000000222, 0.5500000000000113687, 0.5000000000000000000 ) ) ;
#703 = ADVANCED_FACE ( 'NONE', ( #2315 ), #3296, .F. ) ;
#704 = ADVANCED_FACE ( 'NONE', ( #1996 ), #3238, .F. ) ;
#705 = EDGE_CURVE ( 'NONE', #3283, #2896, #1700, .T. ) ;
#706 = FACE_OUTER_BOUND ( 'NONE', #1814, .T. ) ;
#707 = ORIENTED_EDGE ( 'NONE', *, *, #800, .T. ) ;
#708 = DIRECTION ( 'NONE',  ( -0.000000000000000000, -0.000000000000000000, -1.000000000000000000 ) ) ;
#709 = DIRECTION ( 'NONE',  ( -0.000000000000000000, -0.000000000000000000, -1.000000000000000000 ) ) ;
#710 = EDGE_LOOP ( 'NONE', ( #3603, #63, #2052, #3606, #2046, #447, #2545, #3821, #3998, #138, #611, #1030 ) ) ;
#711 = ORIENTED_EDGE ( 'NONE', *, *, #2630, .F. ) ;
#712 = EDGE_CURVE ( 'NONE', #2525, #593, #1296, .T. ) ;
#713 = CARTESIAN_POINT ( 'NONE',  ( -2.450000000000000178, 0.2147053499722332004, -0.1499999999999999667 ) ) ;
#714 = ORIENTED_EDGE ( 'NONE', *, *, #2033, .T. ) ;
#715 = EDGE_LOOP ( 'NONE', ( #20, #1261, #3107, #133 ) ) ;
#716 = CARTESIAN_POINT ( 'NONE',  ( 1.850000000000000533, 0.5000000000000119904, -0.1499999999999999667 ) ) ;
#717 = CARTESIAN_POINT ( 'NONE',  ( 1.850000000000000533, 0.5000000000000119904, -0.5000000000000000000 ) ) ;
#718 = DIRECTION ( 'NONE',  ( -0.9986295347545741663, 0.05233595624293779086, 0.000000000000000000 ) ) ;
#719 = CYLINDRICAL_SURFACE ( 'NONE', #742, 0.05000000000000012768 ) ;
#720 = LINE ( 'NONE', #1972, #410 ) ;
#721 = UNCERTAINTY_MEASURE_WITH_UNIT (LENGTH_MEASURE( 1.000000000000000082E-05 ), #2015, 'distance_accuracy_value', 'NONE');
#722 = ORIENTED_EDGE ( 'NONE', *, *, #2349, .T. ) ;
#723 = AXIS2_PLACEMENT_3D ( 'NONE', #1043, #2605, #1600 ) ;
#724 = CARTESIAN_POINT ( 'NONE',  ( 1.850000000000000089, 0.5500000000000118128, 1.149999999999999911 ) ) ;
#725 = FILL_AREA_STYLE_COLOUR ( '', #2040 ) ;
#726 = CARTESIAN_POINT ( 'NONE',  ( 2.165000000000000036, 0.2797101843677950450, 0.5000000000000000000 ) ) ;
#727 = EDGE_CURVE ( 'NONE', #3233, #2026, #145, .T. ) ;
#728 = CIRCLE ( 'NONE', #665, 0.2650000000000002354 ) ;
#729 = ORIENTED_EDGE ( 'NONE', *, *, #3329, .F. ) ;
#730 = EDGE_CURVE ( 'NONE', #3046, #549, #3886, .T. ) ;
#731 = ORIENTED_EDGE ( 'NONE', *, *, #3477, .F. ) ;
#732 = AXIS2_PLACEMENT_3D ( 'NONE', #1027, #3503, #2116 ) ;
#733 = PLANE ( 'NONE',  #256 ) ;
#734 = VECTOR ( 'NONE', #1469, 1000.000000000000000 ) ;
#735 = ORIENTED_EDGE ( 'NONE', *, *, #876, .T. ) ;
#736 = EDGE_CURVE ( 'NONE', #1374, #392, #1092, .T. ) ;
#737 = ORIENTED_EDGE ( 'NONE', *, *, #576, .T. ) ;
#738 = VECTOR ( 'NONE', #1183, 1000.000000000000114 ) ;
#739 = DIRECTION ( 'NONE',  ( -0.000000000000000000, -0.000000000000000000, -1.000000000000000000 ) ) ;
#740 = CARTESIAN_POINT ( 'NONE',  ( -1.500000000000000222, 0.5500000000000113687, 1.499999999999999778 ) ) ;
#741 = LINE ( 'NONE', #429, #2830 ) ;
#742 = AXIS2_PLACEMENT_3D ( 'NONE', #1093, #2613, #111 ) ;
#743 = CARTESIAN_POINT ( 'NONE',  ( 1.477402589417877277, 0.7650000000000120037, 1.149999999999999911 ) ) ;
#744 = DIRECTION ( 'NONE',  ( 0.9986295347545741663, 0.05233595624293759657, 0.000000000000000000 ) ) ;
#745 = VECTOR ( 'NONE', #221, 1000.000000000000000 ) ;
#746 = SURFACE_STYLE_USAGE ( .BOTH. , #3199 ) ;
#747 = CARTESIAN_POINT ( 'NONE',  ( -1.477402560813270815, 0.7650002721546617090, -1.477402560813270815 ) ) ;
#748 = ORIENTED_EDGE ( 'NONE', *, *, #1588, .F. ) ;
#749 = VECTOR ( 'NONE', #2103, 1000.000000000000000 ) ;
#750 = EDGE_CURVE ( 'NONE', #1885, #2321, #780, .T. ) ;
#751 = CARTESIAN_POINT ( 'NONE',  ( 1.850000000000000089, 0.7650000000000121148, 0.1499999999999999667 ) ) ;
#752 = DIRECTION ( 'NONE',  ( 0.000000000000000000, 0.000000000000000000, 1.000000000000000000 ) ) ;
#753 = DIRECTION ( 'NONE',  ( -0.9986295347545744994, 0.05233595624293218423, 0.000000000000000000 ) ) ;
#754 = ORIENTED_EDGE ( 'NONE', *, *, #1753, .F. ) ;
#755 = VERTEX_POINT ( 'NONE', #3346 ) ;
#756 = VECTOR ( 'NONE', #1182, 1000.000000000000000 ) ;
#757 = EDGE_CURVE ( 'NONE', #1710, #2025, #1939, .T. ) ;
#758 = EDGE_CURVE ( 'NONE', #2731, #1570, #3064, .T. ) ;
#759 = ADVANCED_FACE ( 'NONE', ( #1203 ), #1770, .F. ) ;
#760 = CARTESIAN_POINT ( 'NONE',  ( 2.151130971595621499, 0.01507335765783308738, 0.7999999999999999334 ) ) ;
#761 = AXIS2_PLACEMENT_3D ( 'NONE', #1244, #1855, #2789 ) ;
#762 = VERTEX_POINT ( 'NONE', #564 ) ;
#763 = ORIENTED_EDGE ( 'NONE', *, *, #3642, .F. ) ;
#764 = VERTEX_POINT ( 'NONE', #3650 ) ;
#765 = AXIS2_PLACEMENT_3D ( 'NONE', #558, #3039, #2725 ) ;
#766 = DIRECTION ( 'NONE',  ( 1.000000000000000000, 6.195440985631449401E-16, 0.000000000000000000 ) ) ;
#767 = CARTESIAN_POINT ( 'NONE',  ( 1.900000000000000355, 0.2797101843677948230, -0.5000000000000000000 ) ) ;
#768 = AXIS2_PLACEMENT_3D ( 'NONE', #3773, #959, #3164 ) ;
#769 = FACE_OUTER_BOUND ( 'NONE', #1391, .T. ) ;
#770 =( NAMED_UNIT ( * ) PLANE_ANGLE_UNIT ( ) SI_UNIT ( $, .RADIAN. ) );
#771 = PLANE ( 'NONE',  #936 ) ;
#772 = ORIENTED_EDGE ( 'NONE', *, *, #888, .F. ) ;
#773 = FACE_OUTER_BOUND ( 'NONE', #1140, .T. ) ;
#774 = CARTESIAN_POINT ( 'NONE',  ( -1.850000000000000533, 0.5500000000000111466, 0.5000000000000000000 ) ) ;
#775 = ORIENTED_EDGE ( 'NONE', *, *, #3490, .T. ) ;
#776 = ORIENTED_EDGE ( 'NONE', *, *, #1166, .T. ) ;
#777 = ORIENTED_EDGE ( 'NONE', *, *, #1010, .F. ) ;
#778 = ORIENTED_EDGE ( 'NONE', *, *, #502, .T. ) ;
#779 = ORIENTED_EDGE ( 'NONE', *, *, #2846, .T. ) ;
#780 = LINE ( 'NONE', #3043, #220 ) ;
#781 = PRESENTATION_STYLE_ASSIGNMENT (( #2038 ) ) ;
#782 = FACE_OUTER_BOUND ( 'NONE', #1107, .T. ) ;
#783 = ORIENTED_EDGE ( 'NONE', *, *, #3407, .F. ) ;
#784 = DIRECTION ( 'NONE',  ( -5.906049733841302015E-15, -1.000000000000000000, 0.000000000000000000 ) ) ;
#785 = CARTESIAN_POINT ( 'NONE',  ( 1.900000000000000355, 0.5000000000000119904, 0.5000000000000000000 ) ) ;
#786 = AXIS2_PLACEMENT_3D ( 'NONE', #3547, #753, #1336 ) ;
#787 = VERTEX_POINT ( 'NONE', #2714 ) ;
#788 = ORIENTED_EDGE ( 'NONE', *, *, #1573, .F. ) ;
#789 = DIRECTION ( 'NONE',  ( -0.9945218953682722907, 0.1045284632676634629, 0.000000000000000000 ) ) ;
#790 = AXIS2_PLACEMENT_3D ( 'NONE', #970, #1258, #827 ) ;
#791 = ORIENTED_EDGE ( 'NONE', *, *, #2711, .T. ) ;
#792 = ORIENTED_EDGE ( 'NONE', *, *, #700, .F. ) ;
#793 = EDGE_LOOP ( 'NONE', ( #512, #2838, #3751, #3035 ) ) ;
#794 = VECTOR ( 'NONE', #2825, 1000.000000000000000 ) ;
#795 = EDGE_CURVE ( 'NONE', #369, #1298, #2524, .T. ) ;
#796 = AXIS2_PLACEMENT_3D ( 'NONE', #2251, #3176, #1953 ) ;
#797 = CARTESIAN_POINT ( 'NONE',  ( -2.162383202187853737, 0.2297787076300651654, -0.1499999999999999667 ) ) ;
#798 = AXIS2_PLACEMENT_3D ( 'NONE', #1290, #2539, #1243 ) ;
#799 = LINE ( 'NONE', #2721, #1712 ) ;
#800 = EDGE_CURVE ( 'NONE', #2022, #353, #3984, .T. ) ;
#801 = LINE ( 'NONE', #2339, #1084 ) ;
#802 = PRESENTATION_LAYER_ASSIGNMENT (  '', '', ( #349 ) ) ;
#803 = CARTESIAN_POINT ( 'NONE',  ( -2.450000000000000178, 0.2147053499722332004, -0.5000000000000000000 ) ) ;
#804 = EDGE_LOOP ( 'NONE', ( #714, #61, #2463, #3074, #707, #85, #47, #985, #622, #3620, #3227, #2815 ) ) ;
#805 = LINE ( 'NONE', #1170, #27 ) ;
#806 = VECTOR ( 'NONE', #1728, 1000.000000000000114 ) ;
#807 = LINE ( 'NONE', #774, #1603 ) ;
#808 = EDGE_CURVE ( 'NONE', #1467, #2603, #3995, .T. ) ;
#809 = CARTESIAN_POINT ( 'NONE',  ( 2.115000000000000657, 0.5000000000000121014, 0.7999999999999999334 ) ) ;
#810 = CARTESIAN_POINT ( 'NONE',  ( -2.165000000000000480, 0.2797101843677941568, 0.7999999999999999334 ) ) ;
#811 = VECTOR ( 'NONE', #2066, 1000.000000000000000 ) ;
#812 = CARTESIAN_POINT ( 'NONE',  ( 1.477402589417877277, 0.7650000000000120037, -0.1499999999999999667 ) ) ;
#813 = VERTEX_POINT ( 'NONE', #2986 ) ;
#814 = DIRECTION ( 'NONE',  ( 1.000000000000000000, 0.000000000000000000, 0.000000000000000000 ) ) ;
#815 = CARTESIAN_POINT ( 'NONE',  ( 1.850000000000000533, 0.5000000000000119904, 0.1499999999999999667 ) ) ;
#816 = EDGE_LOOP ( 'NONE', ( #522, #2559, #400, #2648, #566, #3209, #2509, #1864, #2843, #1755, #1277, #2028 ) ) ;
#817 = ORIENTED_EDGE ( 'NONE', *, *, #150, .T. ) ;
#818 = ORIENTED_EDGE ( 'NONE', *, *, #3457, .T. ) ;
#819 = CIRCLE ( 'NONE', #2070, 0.1999999999999999833 ) ;
#820 = DIRECTION ( 'NONE',  ( 0.1045284632676634629, 0.9945218953682721796, 0.000000000000000000 ) ) ;
#821 = CLOSED_SHELL ( 'NONE', ( #1904, #464, #3666, #519, #530, #3056, #703, #1821, #1120, #3229, #1883, #997, #1421, #2799 ) ) ;
#822 = VECTOR ( 'NONE', #3436, 1000.000000000000000 ) ;
#823 = DIRECTION ( 'NONE',  ( 0.000000000000000000, 1.000000000000000000, 0.000000000000000000 ) ) ;
#824 = EDGE_LOOP ( 'NONE', ( #1045, #1234, #2732, #735 ) ) ;
#825 = EDGE_CURVE ( 'NONE', #1305, #2839, #3706, .T. ) ;
#826 = EDGE_CURVE ( 'NONE', #214, #1112, #1160, .T. ) ;
#827 = DIRECTION ( 'NONE',  ( 1.000000000000000000, 0.000000000000000000, 0.000000000000000000 ) ) ;
#828 = CARTESIAN_POINT ( 'NONE',  ( 1.900000000000000355, 0.2797101843677948230, -0.5000000000000000000 ) ) ;
#829 = DIRECTION ( 'NONE',  ( 1.000000000000000000, 0.000000000000000000, -0.000000000000000000 ) ) ;
#830 = FACE_OUTER_BOUND ( 'NONE', #2829, .T. ) ;
#831 = DIRECTION ( 'NONE',  ( -1.000000000000000000, 0.000000000000000000, 0.000000000000000000 ) ) ;
#832 = DIRECTION ( 'NONE',  ( -1.968683244613767075E-15, 1.000000000000000000, 0.000000000000000000 ) ) ;
#833 = DIRECTION ( 'NONE',  ( -1.000000000000000000, 0.000000000000000000, 0.000000000000000000 ) ) ;
#834 = ORIENTED_EDGE ( 'NONE', *, *, #3447, .F. ) ;
#835 = VERTEX_POINT ( 'NONE', #896 ) ;
#836 = EDGE_CURVE ( 'NONE', #3265, #3248, #507, .T. ) ;
#837 = DIRECTION ( 'NONE',  ( -0.000000000000000000, -0.000000000000000000, -1.000000000000000000 ) ) ;
#838 = ORIENTED_EDGE ( 'NONE', *, *, #259, .F. ) ;
#839 = DIRECTION ( 'NONE',  ( 0.9986295347545741663, -0.05233595624293776311, 0.000000000000000000 ) ) ;
#840 = DIRECTION ( 'NONE',  ( -1.000000000000000000, 0.000000000000000000, 0.000000000000000000 ) ) ;
#841 = ORIENTED_EDGE ( 'NONE', *, *, #2005, .T. ) ;
#842 = ADVANCED_FACE ( 'NONE', ( #3686 ), #1500, .F. ) ;
#843 = LINE ( 'NONE', #2102, #4011 ) ;
#844 = CARTESIAN_POINT ( 'NONE',  ( 1.850000000000000089, 0.5500000000000118128, -0.5000000000000000000 ) ) ;
#845 = CARTESIAN_POINT ( 'NONE',  ( -2.165000000000000480, 0.2797101843677941568, -0.1499999999999999667 ) ) ;
#846 = ORIENTED_EDGE ( 'NONE', *, *, #442, .F. ) ;
#847 = CARTESIAN_POINT ( 'NONE',  ( -2.450000000000000178, 0.2147053499722332004, -0.7999999999999999334 ) ) ;
#848 = CARTESIAN_POINT ( 'NONE',  ( 1.499999999999999778, 0.5500000000000113687, -1.500000000000000222 ) ) ;
#849 = ADVANCED_FACE ( 'NONE', ( #2695 ), #1464, .F. ) ;
#850 = ORIENTED_EDGE ( 'NONE', *, *, #1366, .F. ) ;
#851 = ORIENTED_EDGE ( 'NONE', *, *, #2933, .T. ) ;
#852 = VECTOR ( 'NONE', #3551, 1000.000000000000114 ) ;
#853 = EDGE_CURVE ( 'NONE', #1948, #2698, #868, .T. ) ;
#854 = CIRCLE ( 'NONE', #1259, 0.05000000000000012768 ) ;
#855 = EDGE_LOOP ( 'NONE', ( #633, #783, #2968, #3508 ) ) ;
#856 = LINE ( 'NONE', #1473, #1447 ) ;
#857 = VECTOR ( 'NONE', #923, 1000.000000000000114 ) ;
#858 = DIRECTION ( 'NONE',  ( 0.9986295347545743883, 0.05233595624293620185, -0.000000000000000000 ) ) ;
#859 = DIRECTION ( 'NONE',  ( -1.000000000000000000, 5.906049733841302015E-15, 0.000000000000000000 ) ) ;
#860 = VECTOR ( 'NONE', #1936, 1000.000000000000114 ) ;
#861 = EDGE_LOOP ( 'NONE', ( #779, #2177, #2495, #2062 ) ) ;
#862 = VECTOR ( 'NONE', #1502, 1000.000000000000000 ) ;
#863 = CARTESIAN_POINT ( 'NONE',  ( 1.457958305893729323, 0.1499999999999999944, 1.457958305893729323 ) ) ;
#864 = DIRECTION ( 'NONE',  ( 0.000000000000000000, 0.000000000000000000, 1.000000000000000000 ) ) ;
#865 = CARTESIAN_POINT ( 'NONE',  ( 2.115000000000000657, 0.5000000000000121014, 1.149999999999999911 ) ) ;
#866 = ORIENTED_EDGE ( 'NONE', *, *, #3920, .F. ) ;
#867 = AXIS2_PLACEMENT_3D ( 'NONE', #3380, #2610, #2276 ) ;
#868 = LINE ( 'NONE', #2401, #3364 ) ;
#869 = AXIS2_PLACEMENT_3D ( 'NONE', #717, #2910, #107 ) ;
#870 = EDGE_CURVE ( 'NONE', #3082, #3125, #2126, .T. ) ;
#871 = CARTESIAN_POINT ( 'NONE',  ( 2.449999999999999289, 0.2147053499722340608, 0.5000000000000000000 ) ) ;
#872 = ORIENTED_EDGE ( 'NONE', *, *, #1177, .T. ) ;
#873 = ORIENTED_EDGE ( 'NONE', *, *, #2739, .F. ) ;
#874 = EDGE_CURVE ( 'NONE', #3283, #3429, #2092, .T. ) ;
#875 = EDGE_CURVE ( 'NONE', #2542, #3267, #540, .T. ) ;
#876 = EDGE_CURVE ( 'NONE', #73, #2374, #2492, .T. ) ;
#877 = DIRECTION ( 'NONE',  ( -0.9781476007338070211, 0.2079116908177528200, 0.000000000000000000 ) ) ;
#878 = EDGE_CURVE ( 'NONE', #86, #1425, #1525, .T. ) ;
#879 = CIRCLE ( 'NONE', #3899, 0.2649999999999998468 ) ;
#880 = CARTESIAN_POINT ( 'NONE',  ( 1.850000000000000089, 0.5500000000000118128, -1.149999999999999911 ) ) ;
#881 = CARTESIAN_POINT ( 'NONE',  ( 2.438747769407769272, 3.333050971609179826E-16, 1.149999999999999911 ) ) ;
#882 = DIRECTION ( 'NONE',  ( 1.000000000000000000, 0.000000000000000000, 0.000000000000000000 ) ) ;
#883 = VERTEX_POINT ( 'NONE', #3819 ) ;
#884 = LINE ( 'NONE', #618, #1511 ) ;
#885 = DIRECTION ( 'NONE',  ( 0.000000000000000000, 0.000000000000000000, 1.000000000000000000 ) ) ;
#886 = VECTOR ( 'NONE', #293, 1000.000000000000000 ) ;
#887 = VERTEX_POINT ( 'NONE', #3140 ) ;
#888 = EDGE_CURVE ( 'NONE', #678, #2105, #229, .T. ) ;
#889 = VECTOR ( 'NONE', #1155, 1000.000000000000114 ) ;
#890 = LINE ( 'NONE', #3097, #2836 ) ;
#891 = DIRECTION ( 'NONE',  ( -1.000000000000000000, 0.000000000000000000, 0.000000000000000000 ) ) ;
#892 = LINE ( 'NONE', #3323, #2645 ) ;
#893 = CARTESIAN_POINT ( 'NONE',  ( -1.850000000000000533, 0.5000000000000113243, -0.1499999999999999667 ) ) ;
#894 = UNCERTAINTY_MEASURE_WITH_UNIT (LENGTH_MEASURE( 1.000000000000000082E-05 ), #3498, 'distance_accuracy_value', 'NONE');
#895 = FACE_OUTER_BOUND ( 'NONE', #2614, .T. ) ;
#896 = CARTESIAN_POINT ( 'NONE',  ( -1.850000000000000533, 0.5500000000000111466, 1.149999999999999911 ) ) ;
#897 = ORIENTED_EDGE ( 'NONE', *, *, #2328, .F. ) ;
#898 = VERTEX_POINT ( 'NONE', #587 ) ;
#899 = FACE_OUTER_BOUND ( 'NONE', #2775, .T. ) ;
#900 = DIRECTION ( 'NONE',  ( -0.9986295347545741663, 0.05233595624293776311, -0.000000000000000000 ) ) ;
#901 = DIRECTION ( 'NONE',  ( -6.195440985631449401E-16, 1.000000000000000000, 0.000000000000000000 ) ) ;
#902 = VERTEX_POINT ( 'NONE', #649 ) ;
#903 = DIRECTION ( 'NONE',  ( 1.000000000000000000, 0.000000000000000000, 0.000000000000000000 ) ) ;
#904 = CARTESIAN_POINT ( 'NONE',  ( -2.165000000000000480, 0.2797101843677941568, -0.5000000000000000000 ) ) ;
#905 = FACE_OUTER_BOUND ( 'NONE', #804, .T. ) ;
#906 = ORIENTED_EDGE ( 'NONE', *, *, #1317, .F. ) ;
#907 = DIRECTION ( 'NONE',  ( -1.000000000000000000, 0.000000000000000000, 0.000000000000000000 ) ) ;
#908 = CARTESIAN_POINT ( 'NONE',  ( -1.850000000000000533, 0.5000000000000113243, -0.1499999999999999667 ) ) ;
#909 = FACE_OUTER_BOUND ( 'NONE', #2919, .T. ) ;
#910 = CARTESIAN_POINT ( 'NONE',  ( -1.500000000000000222, 0.5500000000000113687, 0.5000000000000000000 ) ) ;
#911 = CARTESIAN_POINT ( 'NONE',  ( 1.499999999999999778, 0.5500000000000120348, -1.149999999999999911 ) ) ;
#912 = ORIENTED_EDGE ( 'NONE', *, *, #3612, .T. ) ;
#913 = EDGE_LOOP ( 'NONE', ( #2481, #136, #3413, #3206 ) ) ;
#914 = PLANE ( 'NONE',  #995 ) ;
#915 = CARTESIAN_POINT ( 'NONE',  ( 2.151130971595621499, 0.01507335765783308738, 0.1499999999999999667 ) ) ;
#916 = DIRECTION ( 'NONE',  ( 0.000000000000000000, 1.000000000000000000, 0.000000000000000000 ) ) ;
#917 = DIRECTION ( 'NONE',  ( -1.000000000000000000, -6.195440985631449401E-16, 0.000000000000000000 ) ) ;
#918 = ORIENTED_EDGE ( 'NONE', *, *, #105, .F. ) ;
#919 = AXIS2_PLACEMENT_3D ( 'NONE', #3804, #983, #1639 ) ;
#920 = EDGE_CURVE ( 'NONE', #1892, #2896, #1622, .T. ) ;
#921 = FACE_OUTER_BOUND ( 'NONE', #1737, .T. ) ;
#922 = CARTESIAN_POINT ( 'NONE',  ( -1.900000000000000355, 0.2797101843677941568, -0.1499999999999999667 ) ) ;
#923 = DIRECTION ( 'NONE',  ( 0.05233595624293217730, 0.9986295347545744994, -0.000000000000000000 ) ) ;
#924 = VECTOR ( 'NONE', #4061, 1000.000000000000227 ) ;
#925 = ORIENTED_EDGE ( 'NONE', *, *, #2935, .F. ) ;
#926 = VECTOR ( 'NONE', #3989, 1000.000000000000114 ) ;
#927 = EDGE_CURVE ( 'NONE', #2896, #1343, #2476, .T. ) ;
#928 = DIRECTION ( 'NONE',  ( -0.000000000000000000, -0.000000000000000000, -1.000000000000000000 ) ) ;
#929 = CARTESIAN_POINT ( 'NONE',  ( -2.450000000000000178, 0.2147053499722332004, 0.1499999999999999667 ) ) ;
#930 = VECTOR ( 'NONE', #766, 1000.000000000000000 ) ;
#931 = CARTESIAN_POINT ( 'NONE',  ( -1.500000000000000222, 0.5500000000000113687, -0.5000000000000000000 ) ) ;
#932 = CARTESIAN_POINT ( 'NONE',  ( -2.115000000000000657, 0.5000000000000113243, 0.7999999999999999334 ) ) ;
#933 = CIRCLE ( 'NONE', #3561, 0.2650000000000000688 ) ;
#934 = PLANE ( 'NONE',  #1643 ) ;
#935 = DIRECTION ( 'NONE',  ( 0.9986295347545741663, 0.05233595624293795739, 0.000000000000000000 ) ) ;
#936 = AXIS2_PLACEMENT_3D ( 'NONE', #2361, #859, #2394 ) ;
#937 = ORIENTED_EDGE ( 'NONE', *, *, #2553, .T. ) ;
#938 = ORIENTED_EDGE ( 'NONE', *, *, #1260, .T. ) ;
#939 = DIRECTION ( 'NONE',  ( -0.9986295347545741663, -0.05233595624293760351, 0.000000000000000000 ) ) ;
#940 = VECTOR ( 'NONE', #3557, 1000.000000000000000 ) ;
#941 = CARTESIAN_POINT ( 'NONE',  ( 1.499999999999999778, 0.5500000000000120348, -0.5000000000000000000 ) ) ;
#942 = CARTESIAN_POINT ( 'NONE',  ( -2.438747769407769272, -5.340566408274855646E-16, -0.7999999999999999334 ) ) ;
#943 = ORIENTED_EDGE ( 'NONE', *, *, #3501, .T. ) ;
#944 = ORIENTED_EDGE ( 'NONE', *, *, #1853, .F. ) ;
#945 = DIRECTION ( 'NONE',  ( 1.000000000000000000, 0.000000000000000000, 0.000000000000000000 ) ) ;
#946 = LINE ( 'NONE', #596, #2957 ) ;
#947 = DIRECTION ( 'NONE',  ( -1.000000000000000000, 0.000000000000000000, 0.000000000000000000 ) ) ;
#948 = DIRECTION ( 'NONE',  ( 0.9986295347545741663, 0.05233595624293795739, 0.000000000000000000 ) ) ;
#949 = FACE_OUTER_BOUND ( 'NONE', #571, .T. ) ;
#950 = ORIENTED_EDGE ( 'NONE', *, *, #2627, .T. ) ;
#951 = MECHANICAL_DESIGN_GEOMETRIC_PRESENTATION_REPRESENTATION (  '', ( #1214 ), #2841 ) ;
#952 = LINE ( 'NONE', #4, #2123 ) ;
#953 = CYLINDRICAL_SURFACE ( 'NONE', #2405, 0.2650000000000000688 ) ;
#954 = LINE ( 'NONE', #2168, #1007 ) ;
#955 = EDGE_CURVE ( 'NONE', #2584, #3252, #2518, .T. ) ;
#956 = CARTESIAN_POINT ( 'NONE',  ( 1.499999999999999778, 0.5500000000000120348, -0.5000000000000000000 ) ) ;
#957 = VECTOR ( 'NONE', #601, 1000.000000000000000 ) ;
#958 = DIRECTION ( 'NONE',  ( 0.1045284632676635045, -0.9945218953682721796, -0.000000000000000000 ) ) ;
#959 = DIRECTION ( 'NONE',  ( -0.000000000000000000, -0.000000000000000000, -1.000000000000000000 ) ) ;
#960 = DIRECTION ( 'NONE',  ( 0.9986295347545741663, -0.05233595624293776311, 0.000000000000000000 ) ) ;
#961 = VECTOR ( 'NONE', #456, 1000.000000000000000 ) ;
#962 = VERTEX_POINT ( 'NONE', #2173 ) ;
#963 = ORIENTED_EDGE ( 'NONE', *, *, #263, .T. ) ;
#964 = LINE ( 'NONE', #236, #3816 ) ;
#965 = ORIENTED_EDGE ( 'NONE', *, *, #131, .T. ) ;
#966 = ORIENTED_EDGE ( 'NONE', *, *, #2875, .F. ) ;
#967 = ADVANCED_FACE ( 'NONE', ( #3410 ), #315, .F. ) ;
#968 = CARTESIAN_POINT ( 'NONE',  ( 1.850000000000000089, 0.7650000000000121148, 1.149999999999999911 ) ) ;
#969 = CARTESIAN_POINT ( 'NONE',  ( -1.050000000000000044, 1.050000000000000044, -1.050000000000000044 ) ) ;
#970 = CARTESIAN_POINT ( 'NONE',  ( -1.850000000000000533, 0.5000000000000113243, -0.7999999999999999334 ) ) ;
#971 = EDGE_LOOP ( 'NONE', ( #1723, #3683, #1302, #966 ) ) ;
#972 = PLANE ( 'NONE',  #2975 ) ;
#973 = LINE ( 'NONE', #1329, #2589 ) ;
#974 = DIRECTION ( 'NONE',  ( 1.000000000000000000, -6.195440985631449401E-16, -0.000000000000000000 ) ) ;
#975 = DIRECTION ( 'NONE',  ( 0.000000000000000000, 0.000000000000000000, 1.000000000000000000 ) ) ;
#976 = CARTESIAN_POINT ( 'NONE',  ( -2.162383202187853737, 0.2297787076300651654, 0.7999999999999999334 ) ) ;
#977 = EDGE_CURVE ( 'NONE', #1641, #3046, #3845, .T. ) ;
#978 = CYLINDRICAL_SURFACE ( 'NONE', #1915, 0.2649999999999998468 ) ;
#979 = DIRECTION ( 'NONE',  ( -0.000000000000000000, -0.000000000000000000, -1.000000000000000000 ) ) ;
#980 = CARTESIAN_POINT ( 'NONE',  ( -2.162383202187853737, 0.2297787076300654707, 1.149999999999999911 ) ) ;
#981 = ORIENTED_EDGE ( 'NONE', *, *, #1226, .T. ) ;
#982 = ORIENTED_EDGE ( 'NONE', *, *, #1830, .T. ) ;
#983 = DIRECTION ( 'NONE',  ( -0.000000000000000000, -0.000000000000000000, -1.000000000000000000 ) ) ;
#984 = EDGE_LOOP ( 'NONE', ( #2567, #4051 ) ) ;
#985 = ORIENTED_EDGE ( 'NONE', *, *, #451, .T. ) ;
#986 = CARTESIAN_POINT ( 'NONE',  ( -2.450000000000000178, 0.2147053499722332004, 1.149999999999999911 ) ) ;
#987 = EDGE_CURVE ( 'NONE', #1008, #3288, #3749, .T. ) ;
#988 = DIRECTION ( 'NONE',  ( 1.000000000000000000, -6.195440985631449401E-16, -0.000000000000000000 ) ) ;
#989 = AXIS2_PLACEMENT_3D ( 'NONE', #942, #3755, #1800 ) ;
#990 = ORIENTED_EDGE ( 'NONE', *, *, #3172, .F. ) ;
#991 = STYLED_ITEM ( 'NONE', ( #2363 ), #1678 ) ;
#992 = LINE ( 'NONE', #3725, #3982 ) ;
#993 = DIRECTION ( 'NONE',  ( -0.000000000000000000, -0.000000000000000000, -1.000000000000000000 ) ) ;
#994 = DIRECTION ( 'NONE',  ( -0.05233595624293218423, -0.9986295347545744994, 0.000000000000000000 ) ) ;
#995 = AXIS2_PLACEMENT_3D ( 'NONE', #2178, #3415, #613 ) ;
#996 = LINE ( 'NONE', #1590, #2135 ) ;
#997 = ADVANCED_FACE ( 'NONE', ( #40 ), #1898, .F. ) ;
#998 = APPLICATION_CONTEXT ( 'automotive_design' ) ;
#999 = VECTOR ( 'NONE', #240, 1000.000000000000000 ) ;
#1000 = CARTESIAN_POINT ( 'NONE',  ( 2.115000000000000657, 0.5000000000000121014, -0.1499999999999999667 ) ) ;
#1001 = CARTESIAN_POINT ( 'NONE',  ( 1.900000000000000355, 0.2797101843677948230, 1.149999999999999911 ) ) ;
#1002 = DIRECTION ( 'NONE',  ( 1.000000000000000000, 0.000000000000000000, -0.000000000000000000 ) ) ;
#1003 = ORIENTED_EDGE ( 'NONE', *, *, #2281, .T. ) ;
#1004 = ORIENTED_EDGE ( 'NONE', *, *, #1178, .T. ) ;
#1005 = EDGE_CURVE ( 'NONE', #1087, #2822, #819, .T. ) ;
#1006 = DIRECTION ( 'NONE',  ( -0.000000000000000000, -0.000000000000000000, -1.000000000000000000 ) ) ;
#1007 = VECTOR ( 'NONE', #1851, 1000.000000000000000 ) ;
#1008 = VERTEX_POINT ( 'NONE', #2151 ) ;
#1009 = EDGE_LOOP ( 'NONE', ( #3532, #3066, #3520, #2478 ) ) ;
#1010 = EDGE_CURVE ( 'NONE', #2329, #2525, #2812, .T. ) ;
#1011 = EDGE_CURVE ( 'NONE', #3288, #160, #1271, .T. ) ;
#1012 = EDGE_CURVE ( 'NONE', #2643, #3243, #4041, .T. ) ;
#1013 = AXIS2_PLACEMENT_3D ( 'NONE', #2631, #1018, #3241 ) ;
#1014 = CIRCLE ( 'NONE', #542, 0.04999999999999991257 ) ;
#1015 = ORIENTED_EDGE ( 'NONE', *, *, #3181, .F. ) ;
#1016 = VECTOR ( 'NONE', #3766, 1000.000000000000000 ) ;
#1017 = CARTESIAN_POINT ( 'NONE',  ( -2.438747769407769272, -5.340566408274855646E-16, -0.1499999999999999667 ) ) ;
#1018 = DIRECTION ( 'NONE',  ( 1.000000000000000000, 1.968683244613767075E-15, -0.000000000000000000 ) ) ;
#1019 = LINE ( 'NONE', #72, #1126 ) ;
#1020 = ORIENTED_EDGE ( 'NONE', *, *, #878, .T. ) ;
#1021 = ADVANCED_FACE ( 'NONE', ( #1546 ), #934, .T. ) ;
#1022 = VECTOR ( 'NONE', #4062, 1000.000000000000000 ) ;
#1023 = LINE ( 'NONE', #2517, #3945 ) ;
#1024 = CARTESIAN_POINT ( 'NONE',  ( 1.850000000000000533, 0.5000000000000119904, -0.7999999999999999334 ) ) ;
#1025 = ORIENTED_EDGE ( 'NONE', *, *, #270, .F. ) ;
#1026 = EDGE_LOOP ( 'NONE', ( #1195, #3846, #1412, #3752 ) ) ;
#1027 = CARTESIAN_POINT ( 'NONE',  ( -2.165000000000000480, 0.2797101843677941568, 1.149999999999999911 ) ) ;
#1028 = CARTESIAN_POINT ( 'NONE',  ( 2.162383202187853737, 0.2297787076300663311, 0.1499999999999999667 ) ) ;
#1029 = CIRCLE ( 'NONE', #426, 0.05000000000000012768 ) ;
#1030 = ORIENTED_EDGE ( 'NONE', *, *, #1359, .F. ) ;
#1031 = ORIENTED_EDGE ( 'NONE', *, *, #2297, .T. ) ;
#1032 = CARTESIAN_POINT ( 'NONE',  ( -2.165000000000000480, 0.2797101843677941568, 1.149999999999999911 ) ) ;
#1033 = CARTESIAN_POINT ( 'NONE',  ( -1.050000000000000044, 1.050000000000000044, -1.050000000000000044 ) ) ;
#1034 = DIRECTION ( 'NONE',  ( -1.000000000000000000, 0.000000000000000000, 0.000000000000000000 ) ) ;
#1035 = ADVANCED_FACE ( 'NONE', ( #12 ), #2602, .F. ) ;
#1036 = FACE_OUTER_BOUND ( 'NONE', #3050, .T. ) ;
#1037 = DIRECTION ( 'NONE',  ( 1.000000000000000000, 6.195440985631449401E-16, 0.000000000000000000 ) ) ;
#1038 = ORIENTED_EDGE ( 'NONE', *, *, #3521, .F. ) ;
#1039 = FACE_OUTER_BOUND ( 'NONE', #1009, .T. ) ;
#1040 = LINE ( 'NONE', #3189, #3836 ) ;
#1041 = ORIENTED_EDGE ( 'NONE', *, *, #3737, .T. ) ;
#1042 = ORIENTED_EDGE ( 'NONE', *, *, #3051, .F. ) ;
#1043 = CARTESIAN_POINT ( 'NONE',  ( 1.850000000000000533, 0.5000000000000119904, -0.7999999999999999334 ) ) ;
#1044 = ORIENTED_EDGE ( 'NONE', *, *, #757, .F. ) ;
#1045 = ORIENTED_EDGE ( 'NONE', *, *, #3300, .T. ) ;
#1046 = DIRECTION ( 'NONE',  ( -1.000000000000000000, -2.909848919217164945E-16, -0.000000000000000000 ) ) ;
#1047 = LINE ( 'NONE', #3808, #474 ) ;
#1048 = LINE ( 'NONE', #2311, #940 ) ;
#1049 = ADVANCED_FACE ( 'NONE', ( #2924 ), #99, .F. ) ;
#1050 = DIRECTION ( 'NONE',  ( 0.05233595624293217730, 0.9986295347545744994, -0.000000000000000000 ) ) ;
#1051 = FILL_AREA_STYLE ('',( #2893 ) ) ;
#1052 = CARTESIAN_POINT ( 'NONE',  ( 2.114999999999999769, 0.2797101843677950450, -1.149999999999999911 ) ) ;
#1053 = VERTEX_POINT ( 'NONE', #3263 ) ;
#1054 = ADVANCED_FACE ( 'NONE', ( #2874 ), #2619, .F. ) ;
#1055 = EDGE_CURVE ( 'NONE', #2620, #103, #1834, .T. ) ;
#1056 = ADVANCED_FACE ( 'NONE', ( #2304 ), #2326, .F. ) ;
#1057 = VECTOR ( 'NONE', #3392, 1000.000000000000114 ) ;
#1058 = LINE ( 'NONE', #1975, #3408 ) ;
#1059 = PRESENTATION_STYLE_ASSIGNMENT (( #1668 ) ) ;
#1060 = CARTESIAN_POINT ( 'NONE',  ( 2.449999999999999289, 0.2147053499722340608, 1.149999999999999911 ) ) ;
#1061 = MECHANICAL_DESIGN_GEOMETRIC_PRESENTATION_REPRESENTATION (  '', ( #991 ), #1505 ) ;
#1062 = ORIENTED_EDGE ( 'NONE', *, *, #82, .T. ) ;
#1063 = ORIENTED_EDGE ( 'NONE', *, *, #3887, .F. ) ;
#1064 = VECTOR ( 'NONE', #939, 1000.000000000000114 ) ;
#1065 = LINE ( 'NONE', #3147, #465 ) ;
#1066 = AXIS2_PLACEMENT_3D ( 'NONE', #922, #2187, #1868 ) ;
#1067 = ORIENTED_EDGE ( 'NONE', *, *, #800, .F. ) ;
#1068 = ORIENTED_EDGE ( 'NONE', *, *, #4031, .F. ) ;
#1069 = AXIS2_PLACEMENT_3D ( 'NONE', #2998, #2089, #3956 ) ;
#1070 = LINE ( 'NONE', #2547, #267 ) ;
#1071 =( NAMED_UNIT ( * ) PLANE_ANGLE_UNIT ( ) SI_UNIT ( $, .RADIAN. ) );
#1072 = CARTESIAN_POINT ( 'NONE',  ( -1.442200534938038237, 7.482414138209139177E-05, 1.442200534938037793 ) ) ;
#1073 = MECHANICAL_DESIGN_GEOMETRIC_PRESENTATION_REPRESENTATION (  '', ( #3692 ), #3565 ) ;
#1074 = CARTESIAN_POINT ( 'NONE',  ( -1.900000000000000355, 0.2797101843677941568, 0.1499999999999999667 ) ) ;
#1075 = VECTOR ( 'NONE', #1313, 1000.000000000000000 ) ;
#1076 = DIRECTION ( 'NONE',  ( 0.000000000000000000, 0.000000000000000000, -1.000000000000000000 ) ) ;
#1077 = ORIENTED_EDGE ( 'NONE', *, *, #676, .T. ) ;
#1078 = AXIS2_PLACEMENT_3D ( 'NONE', #500, #2431, #1746 ) ;
#1079 = CARTESIAN_POINT ( 'NONE',  ( -1.477402589417877721, 0.7650000000000114486, 0.5000000000000000000 ) ) ;
#1080 = CARTESIAN_POINT ( 'NONE',  ( -1.500000000000000222, 0.5500000000000113687, 1.149999999999999911 ) ) ;
#1081 = FACE_BOUND ( 'NONE', #1083, .T. ) ;
#1082 = VERTEX_POINT ( 'NONE', #1756 ) ;
#1083 = EDGE_LOOP ( 'NONE', ( #3935, #3670 ) ) ;
#1084 = VECTOR ( 'NONE', #1125, 1000.000000000000114 ) ;
#1085 = ORIENTED_EDGE ( 'NONE', *, *, #3739, .T. ) ;
#1086 = VERTEX_POINT ( 'NONE', #473 ) ;
#1087 = VERTEX_POINT ( 'NONE', #2079 ) ;
#1088 = CIRCLE ( 'NONE', #765, 0.04999999999999991257 ) ;
#1089 = LINE ( 'NONE', #2356, #3089 ) ;
#1090 = VECTOR ( 'NONE', #3831, 1000.000000000000000 ) ;
#1091 = FACE_OUTER_BOUND ( 'NONE', #696, .T. ) ;
#1092 = LINE ( 'NONE', #2359, #1408 ) ;
#1093 = CARTESIAN_POINT ( 'NONE',  ( 2.165000000000000036, 0.2797101843677950450, 1.149999999999999911 ) ) ;
#1094 = VERTEX_POINT ( 'NONE', #523 ) ;
#1095 = PLANE ( 'NONE',  #1347 ) ;
#1096 = DIRECTION ( 'NONE',  ( -1.000000000000000000, 0.000000000000000000, 0.000000000000000000 ) ) ;
#1097 = VERTEX_POINT ( 'NONE', #3653 ) ;
#1098 = ADVANCED_FACE ( 'NONE', ( #2096 ), #1777, .T. ) ;
#1099 = ORIENTED_EDGE ( 'NONE', *, *, #2876, .T. ) ;
#1100 = DIRECTION ( 'NONE',  ( 0.000000000000000000, 0.000000000000000000, 1.000000000000000000 ) ) ;
#1101 = ORIENTED_EDGE ( 'NONE', *, *, #3659, .T. ) ;
#1102 = ORIENTED_EDGE ( 'NONE', *, *, #1725, .T. ) ;
#1103 = ORIENTED_EDGE ( 'NONE', *, *, #920, .T. ) ;
#1104 = CARTESIAN_POINT ( 'NONE',  ( 1.850000000000000533, 0.5000000000000119904, 0.5000000000000000000 ) ) ;
#1105 = ADVANCED_FACE ( 'NONE', ( #1395 ), #2651, .F. ) ;
#1106 = DIRECTION ( 'NONE',  ( -0.000000000000000000, -0.000000000000000000, -1.000000000000000000 ) ) ;
#1107 = EDGE_LOOP ( 'NONE', ( #510, #1415, #659, #516 ) ) ;
#1108 = CARTESIAN_POINT ( 'NONE',  ( -1.500000000000000222, 0.5500000000000113687, 0.7999999999999999334 ) ) ;
#1109 = LINE ( 'NONE', #1788, #2901 ) ;
#1110 = PRODUCT_DEFINITION ( 'UNKNOWN', '', #3572, #3387 ) ;
#1111 = CARTESIAN_POINT ( 'NONE',  ( 0.000000000000000000, 0.1499999999999999944, 1.457958305893729323 ) ) ;
#1112 = VERTEX_POINT ( 'NONE', #253 ) ;
#1113 = LINE ( 'NONE', #3649, #1674 ) ;
#1114 = STYLED_ITEM ( 'NONE', ( #3426 ), #1732 ) ;
#1115 = VERTEX_POINT ( 'NONE', #548 ) ;
#1116 = VERTEX_POINT ( 'NONE', #1554 ) ;
#1117 = ORIENTED_EDGE ( 'NONE', *, *, #2988, .T. ) ;
#1118 = CIRCLE ( 'NONE', #1191, 0.04999999999999991257 ) ;
#1119 = AXIS2_PLACEMENT_3D ( 'NONE', #527, #1167, #179 ) ;
#1120 = ADVANCED_FACE ( 'NONE', ( #1574 ), #570, .F. ) ;
#1121 = EDGE_CURVE ( 'NONE', #1901, #3991, #4000, .T. ) ;
#1122 = EDGE_CURVE ( 'NONE', #2176, #1425, #2796, .T. ) ;
#1123 = ADVANCED_FACE ( 'NONE', ( #2206 ), #637, .F. ) ;
#1124 = AXIS2_PLACEMENT_3D ( 'NONE', #810, #2674, #559 ) ;
#1125 = DIRECTION ( 'NONE',  ( -0.9986295347545741663, -0.05233595624293760351, 0.000000000000000000 ) ) ;
#1126 = VECTOR ( 'NONE', #1957, 1000.000000000000000 ) ;
#1127 = LINE ( 'NONE', #1478, #1401 ) ;
#1128 = ORIENTED_EDGE ( 'NONE', *, *, #149, .T. ) ;
#1129 = AXIS2_PLACEMENT_3D ( 'NONE', #1154, #534, #1405 ) ;
#1130 = CARTESIAN_POINT ( 'NONE',  ( 2.449999999999999289, 0.2147053499722340608, -0.1499999999999999667 ) ) ;
#1131 = CARTESIAN_POINT ( 'NONE',  ( -1.050000000000000044, 1.050000000000000044, -1.050000000000000044 ) ) ;
#1132 = EDGE_CURVE ( 'NONE', #755, #166, #1863, .T. ) ;
#1133 = FILL_AREA_STYLE_COLOUR ( '', #1451 ) ;
#1134 = VECTOR ( 'NONE', #310, 1000.000000000000114 ) ;
#1135 = ORIENTED_EDGE ( 'NONE', *, *, #131, .F. ) ;
#1136 = ORIENTED_EDGE ( 'NONE', *, *, #4045, .F. ) ;
#1137 = FACE_OUTER_BOUND ( 'NONE', #3830, .T. ) ;
#1138 = DIRECTION ( 'NONE',  ( 0.9986295347545741663, 0.05233595624293795739, 0.000000000000000000 ) ) ;
#1139 = EDGE_LOOP ( 'NONE', ( #2861, #3988, #1713, #2707 ) ) ;
#1140 = EDGE_LOOP ( 'NONE', ( #2370, #2457, #2865, #343 ) ) ;
#1141 = CLOSED_SHELL ( 'NONE', ( #1306, #3269, #152, #1150, #2676, #4048, #3395, #1105, #2981, #3800, #3032, #842, #497, #3849 ) ) ;
#1142 = DIRECTION ( 'NONE',  ( -0.000000000000000000, -1.000000000000000000, -0.000000000000000000 ) ) ;
#1143 = VERTEX_POINT ( 'NONE', #2498 ) ;
#1144 = VECTOR ( 'NONE', #3324, 1000.000000000000000 ) ;
#1145 = CARTESIAN_POINT ( 'NONE',  ( 2.162383202187853737, 0.2297787076300663311, -0.1499999999999999667 ) ) ;
#1146 = DIRECTION ( 'NONE',  ( -1.000000000000000000, 0.000000000000000000, 0.000000000000000000 ) ) ;
#1147 = MECHANICAL_DESIGN_GEOMETRIC_PRESENTATION_REPRESENTATION (  '', ( #1292 ), #3580 ) ;
#1148 = FACE_OUTER_BOUND ( 'NONE', #2371, .T. ) ;
#1149 = ORIENTED_EDGE ( 'NONE', *, *, #750, .T. ) ;
#1150 = ADVANCED_FACE ( 'NONE', ( #3443 ), #3376, .F. ) ;
#1151 = EDGE_CURVE ( 'NONE', #651, #612, #3128, .T. ) ;
#1152 = CARTESIAN_POINT ( 'NONE',  ( -2.162383202187853737, 0.2297787076300651654, 1.149999999999999911 ) ) ;
#1153 = CARTESIAN_POINT ( 'NONE',  ( -1.850000000000000533, 0.5000000000000113243, -0.5000000000000000000 ) ) ;
#1154 = CARTESIAN_POINT ( 'NONE',  ( 1.850000000000000533, 0.5000000000000119904, 0.5000000000000000000 ) ) ;
#1155 = DIRECTION ( 'NONE',  ( 0.9986295347545741663, 0.05233595624293795739, 0.000000000000000000 ) ) ;
#1156 = DIRECTION ( 'NONE',  ( 1.000000000000000000, 0.000000000000000000, 0.000000000000000000 ) ) ;
#1157 = CARTESIAN_POINT ( 'NONE',  ( -2.162383202187853737, 0.2297787076300654707, 0.5000000000000000000 ) ) ;
#1158 = ADVANCED_FACE ( 'NONE', ( #3417 ), #1489, .F. ) ;
#1159 = FACE_OUTER_BOUND ( 'NONE', #3482, .T. ) ;
#1160 = LINE ( 'NONE', #520, #4035 ) ;
#1161 = LINE ( 'NONE', #1527, #1716 ) ;
#1162 = ORIENTED_EDGE ( 'NONE', *, *, #1178, .F. ) ;
#1163 = ORIENTED_EDGE ( 'NONE', *, *, #4045, .T. ) ;
#1164 = DIRECTION ( 'NONE',  ( 0.000000000000000000, 1.000000000000000000, 0.000000000000000000 ) ) ;
#1165 = ORIENTED_EDGE ( 'NONE', *, *, #1533, .F. ) ;
#1166 = EDGE_CURVE ( 'NONE', #2794, #1082, #3693, .T. ) ;
#1167 = DIRECTION ( 'NONE',  ( -0.000000000000000000, -0.000000000000000000, -1.000000000000000000 ) ) ;
#1168 = CARTESIAN_POINT ( 'NONE',  ( -1.850000000000000533, 0.5000000000000113243, 0.7999999999999999334 ) ) ;
#1169 = EDGE_CURVE ( 'NONE', #549, #1498, #2741, .T. ) ;
#1170 = CARTESIAN_POINT ( 'NONE',  ( -2.450000000000000178, 0.2147053499722332004, 0.1499999999999999667 ) ) ;
#1171 = ORIENTED_EDGE ( 'NONE', *, *, #2701, .T. ) ;
#1172 = ADVANCED_FACE ( 'NONE', ( #3731 ), #302, .F. ) ;
#1173 = FACE_OUTER_BOUND ( 'NONE', #2692, .T. ) ;
#1174 = LINE ( 'NONE', #3955, #165 ) ;
#1175 = EDGE_CURVE ( 'NONE', #214, #2620, #964, .T. ) ;
#1176 = DIRECTION ( 'NONE',  ( 0.000000000000000000, 0.000000000000000000, 1.000000000000000000 ) ) ;
#1177 = EDGE_CURVE ( 'NONE', #1797, #1358, #1839, .T. ) ;
#1178 = EDGE_CURVE ( 'NONE', #2764, #2025, #591, .T. ) ;
#1179 = ADVANCED_FACE ( 'NONE', ( #1532 ), #2778, .F. ) ;
#1180 = EDGE_LOOP ( 'NONE', ( #1745, #1575, #2399, #420 ) ) ;
#1181 = PLANE ( 'NONE',  #1624 ) ;
#1182 = DIRECTION ( 'NONE',  ( 0.000000000000000000, 0.000000000000000000, -1.000000000000000000 ) ) ;
#1183 = DIRECTION ( 'NONE',  ( 0.05233595624293217730, 0.9986295347545744994, -0.000000000000000000 ) ) ;
#1184 = EDGE_LOOP ( 'NONE', ( #1044, #2434, #180, #127, #132, #2327, #731, #2, #1675, #3608, #466, #3348 ) ) ;
#1185 = EDGE_LOOP ( 'NONE', ( #1163, #3708, #3446, #937 ) ) ;
#1186 = VECTOR ( 'NONE', #1889, 1000.000000000000000 ) ;
#1187 = DIRECTION ( 'NONE',  ( -0.9986295347545741663, 0.05233595624293779086, 0.000000000000000000 ) ) ;
#1188 = VECTOR ( 'NONE', #2413, 1000.000000000000000 ) ;
#1189 = ORIENTED_EDGE ( 'NONE', *, *, #268, .F. ) ;
#1190 = CARTESIAN_POINT ( 'NONE',  ( 1.499999999999999778, 0.5500000000000113687, -1.500000000000000222 ) ) ;
#1191 = AXIS2_PLACEMENT_3D ( 'NONE', #1798, #278, #2424 ) ;
#1192 = DIRECTION ( 'NONE',  ( -0.9986295347545741663, -0.05233595624293795046, 0.000000000000000000 ) ) ;
#1193 = CARTESIAN_POINT ( 'NONE',  ( -2.162383202187853737, 0.2297787076300651654, 0.1499999999999999667 ) ) ;
#1194 = AXIS2_PLACEMENT_3D ( 'NONE', #716, #3517, #1967 ) ;
#1195 = ORIENTED_EDGE ( 'NONE', *, *, #3707, .T. ) ;
#1196 = AXIS2_PLACEMENT_3D ( 'NONE', #1594, #2494, #2577 ) ;
#1197 = CARTESIAN_POINT ( 'NONE',  ( 2.165000000000000036, 0.2797101843677950450, -0.7999999999999999334 ) ) ;
#1198 = LINE ( 'NONE', #3743, #957 ) ;
#1199 = CARTESIAN_POINT ( 'NONE',  ( -1.050000000000000044, 1.100000000000000089, -0.8500000000000001998 ) ) ;
#1200 = DIRECTION ( 'NONE',  ( -1.000000000000000000, 0.000000000000000000, 0.000000000000000000 ) ) ;
#1201 = VECTOR ( 'NONE', #1232, 1000.000000000000227 ) ;
#1202 = CARTESIAN_POINT ( 'NONE',  ( -2.162383202187853737, 0.2297787076300654707, -0.1499999999999999667 ) ) ;
#1203 = FACE_OUTER_BOUND ( 'NONE', #21, .T. ) ;
#1204 = CIRCLE ( 'NONE', #2450, 0.05000000000000012768 ) ;
#1205 = ORIENTED_EDGE ( 'NONE', *, *, #3610, .T. ) ;
#1206 = ORIENTED_EDGE ( 'NONE', *, *, #2612, .T. ) ;
#1207 = FACE_OUTER_BOUND ( 'NONE', #1987, .T. ) ;
#1208 = CIRCLE ( 'NONE', #96, 0.05000000000000012768 ) ;
#1209 = CARTESIAN_POINT ( 'NONE',  ( 1.900000000000000355, 0.5000000000000119904, -0.7999999999999999334 ) ) ;
#1210 = DIRECTION ( 'NONE',  ( 1.000000000000000000, 0.000000000000000000, 0.000000000000000000 ) ) ;
#1211 = CARTESIAN_POINT ( 'NONE',  ( -1.850000000000000533, 0.5000000000000113243, 0.1499999999999999667 ) ) ;
#1212 = ORIENTED_EDGE ( 'NONE', *, *, #3484, .T. ) ;
#1213 = CARTESIAN_POINT ( 'NONE',  ( -2.115000000000000213, 0.2797101843677941568, -0.1499999999999999667 ) ) ;
#1214 = STYLED_ITEM ( 'NONE', ( #3345 ), #455 ) ;
#1215 = PLANE ( 'NONE',  #1973 ) ;
#1216 = ORIENTED_EDGE ( 'NONE', *, *, #1582, .F. ) ;
#1217 = AXIS2_PLACEMENT_3D ( 'NONE', #1873, #3118, #1894 ) ;
#1218 = DIRECTION ( 'NONE',  ( -0.000000000000000000, -0.000000000000000000, -1.000000000000000000 ) ) ;
#1219 = CARTESIAN_POINT ( 'NONE',  ( -1.850000000000000533, 0.5500000000000111466, -0.1499999999999999667 ) ) ;
#1220 =( LENGTH_UNIT ( ) NAMED_UNIT ( * ) SI_UNIT ( .MILLI., .METRE. ) );
#1221 = CARTESIAN_POINT ( 'NONE',  ( 1.900000000000000355, 0.5000000000000119904, 0.5000000000000000000 ) ) ;
#1222 = UNCERTAINTY_MEASURE_WITH_UNIT (LENGTH_MEASURE( 1.000000000000000082E-05 ), #2256, 'distance_accuracy_value', 'NONE');
#1223 = DIRECTION ( 'NONE',  ( 0.05233595624293779780, 0.9986295347545742773, -0.000000000000000000 ) ) ;
#1224 = LINE ( 'NONE', #910, #924 ) ;
#1225 = CARTESIAN_POINT ( 'NONE',  ( 1.499999999999999778, 0.5500000000000120348, -0.1499999999999999667 ) ) ;
#1226 = EDGE_CURVE ( 'NONE', #3125, #1641, #1322, .T. ) ;
#1227 = LINE ( 'NONE', #232, #862 ) ;
#1228 = ORIENTED_EDGE ( 'NONE', *, *, #3228, .F. ) ;
#1229 = VERTEX_POINT ( 'NONE', #1964 ) ;
#1230 = DIRECTION ( 'NONE',  ( -0.000000000000000000, -0.000000000000000000, -1.000000000000000000 ) ) ;
#1231 = CARTESIAN_POINT ( 'NONE',  ( 1.900000000000000355, 0.2797101843677948230, 0.5000000000000000000 ) ) ;
#1232 = DIRECTION ( 'NONE',  ( 0.1045284632676634629, 0.9945218953682721796, 0.000000000000000000 ) ) ;
#1233 = EDGE_CURVE ( 'NONE', #66, #1339, #120, .T. ) ;
#1234 = ORIENTED_EDGE ( 'NONE', *, *, #541, .F. ) ;
#1235 = CARTESIAN_POINT ( 'NONE',  ( -1.050000000000000044, 1.050000000000000044, -1.250000000000000222 ) ) ;
#1236 = DIRECTION ( 'NONE',  ( -1.000000000000000000, 0.000000000000000000, 0.000000000000000000 ) ) ;
#1237 = DIRECTION ( 'NONE',  ( -0.000000000000000000, -0.000000000000000000, -1.000000000000000000 ) ) ;
#1238 = LINE ( 'NONE', #1130, #857 ) ;
#1239 = DIRECTION ( 'NONE',  ( -0.1045284632676634906, 0.9945218953682721796, 0.000000000000000000 ) ) ;
#1240 = ORIENTED_EDGE ( 'NONE', *, *, #628, .T. ) ;
#1241 = CARTESIAN_POINT ( 'NONE',  ( 2.438747769407769272, 3.333050971609179826E-16, -0.7999999999999999334 ) ) ;
#1242 = CARTESIAN_POINT ( 'NONE',  ( 2.438747769407769272, 3.333050971609179826E-16, 0.7999999999999999334 ) ) ;
#1243 = DIRECTION ( 'NONE',  ( -1.000000000000000000, 0.000000000000000000, 0.000000000000000000 ) ) ;
#1244 = CARTESIAN_POINT ( 'NONE',  ( -1.850000000000000533, 0.5000000000000113243, -0.7999999999999999334 ) ) ;
#1245 = DIRECTION ( 'NONE',  ( -1.000000000000000000, 0.000000000000000000, 0.000000000000000000 ) ) ;
#1246 = CYLINDRICAL_SURFACE ( 'NONE', #1196, 0.04999999999999991257 ) ;
#1247 = ORIENTED_EDGE ( 'NONE', *, *, #2934, .T. ) ;
#1248 = ORIENTED_EDGE ( 'NONE', *, *, #2638, .F. ) ;
#1249 = LINE ( 'NONE', #2479, #3822 ) ;
#1250 = CARTESIAN_POINT ( 'NONE',  ( -2.438747769407769272, -5.340566408274855646E-16, 0.5000000000000000000 ) ) ;
#1251 = DIRECTION ( 'NONE',  ( 0.000000000000000000, 0.000000000000000000, 1.000000000000000000 ) ) ;
#1252 = EDGE_LOOP ( 'NONE', ( #3461, #1068, #190, #3674 ) ) ;
#1253 = ORIENTED_EDGE ( 'NONE', *, *, #1866, .T. ) ;
#1254 = VECTOR ( 'NONE', #1857, 1000.000000000000114 ) ;
#1255 = DIRECTION ( 'NONE',  ( -1.000000000000000000, -2.909848919217164945E-16, 0.000000000000000000 ) ) ;
#1256 = CARTESIAN_POINT ( 'NONE',  ( 1.347928883140943057, 1.374126034516821804, 1.347928883140942835 ) ) ;
#1257 = ADVANCED_FACE ( 'NONE', ( #2881 ), #102, .F. ) ;
#1258 = DIRECTION ( 'NONE',  ( 0.000000000000000000, 0.000000000000000000, 1.000000000000000000 ) ) ;
#1259 = AXIS2_PLACEMENT_3D ( 'NONE', #3545, #417, #2085 ) ;
#1260 = EDGE_CURVE ( 'NONE', #1865, #638, #3860, .T. ) ;
#1261 = ORIENTED_EDGE ( 'NONE', *, *, #3457, .F. ) ;
#1262 = AXIS2_PLACEMENT_3D ( 'NONE', #1862, #1164, #300 ) ;
#1263 = CARTESIAN_POINT ( 'NONE',  ( -2.450000000000000178, 0.2147053499722332004, -0.7999999999999999334 ) ) ;
#1264 = CYLINDRICAL_SURFACE ( 'NONE', #2464, 0.05000000000000012768 ) ;
#1265 = AXIS2_PLACEMENT_3D ( 'NONE', #1835, #2093, #275 ) ;
#1266 = DIRECTION ( 'NONE',  ( -0.9986295347545744994, 0.05233595624293218423, 0.000000000000000000 ) ) ;
#1267 = FACE_OUTER_BOUND ( 'NONE', #695, .T. ) ;
#1268 = AXIS2_PLACEMENT_3D ( 'NONE', #3119, #2853, #975 ) ;
#1269 = DIRECTION ( 'NONE',  ( -0.000000000000000000, -0.000000000000000000, -1.000000000000000000 ) ) ;
#1270 = EDGE_CURVE ( 'NONE', #593, #3924, #677, .T. ) ;
#1271 = LINE ( 'NONE', #274, #1765 ) ;
#1272 = DIRECTION ( 'NONE',  ( -1.000000000000000000, 0.000000000000000000, 0.000000000000000000 ) ) ;
#1273 = STYLED_ITEM ( 'NONE', ( #781 ), #3016 ) ;
#1274 = ORIENTED_EDGE ( 'NONE', *, *, #870, .T. ) ;
#1275 = VERTEX_POINT ( 'NONE', #2840 ) ;
#1276 = DIRECTION ( 'NONE',  ( 0.05233595624293779780, 0.9986295347545742773, -0.000000000000000000 ) ) ;
#1277 = ORIENTED_EDGE ( 'NONE', *, *, #2510, .T. ) ;
#1278 = ORIENTED_EDGE ( 'NONE', *, *, #1151, .F. ) ;
#1279 = VECTOR ( 'NONE', #3402, 1000.000000000000114 ) ;
#1280 = CARTESIAN_POINT ( 'NONE',  ( -1.500000000000000222, 0.5500000000000113687, -1.500000000000000222 ) ) ;
#1281 = CARTESIAN_POINT ( 'NONE',  ( -2.115000000000000657, 0.5000000000000113243, 0.5000000000000000000 ) ) ;
#1282 = DIRECTION ( 'NONE',  ( -0.000000000000000000, -0.000000000000000000, -1.000000000000000000 ) ) ;
#1283 = SURFACE_STYLE_FILL_AREA ( #3661 ) ;
#1284 = ADVANCED_FACE ( 'NONE', ( #385 ), #733, .T. ) ;
#1285 = ORIENTED_EDGE ( 'NONE', *, *, #3664, .T. ) ;
#1286 = VECTOR ( 'NONE', #2629, 1000.000000000000000 ) ;
#1287 = CARTESIAN_POINT ( 'NONE',  ( 2.165000000000000036, 0.2797101843677950450, 0.7999999999999999334 ) ) ;
#1288 = FILL_AREA_STYLE ('',( #36 ) ) ;
#1289 = CLOSED_SHELL ( 'NONE', ( #3102, #1651, #1610, #3435, #2455, #1312, #1611, #2573, #2637, #688, #2225, #759, #3720, #2635 ) ) ;
#1290 = CARTESIAN_POINT ( 'NONE',  ( -2.165000000000000480, 0.2797101843677941568, 1.149999999999999911 ) ) ;
#1291 = LINE ( 'NONE', #932, #2002 ) ;
#1292 = STYLED_ITEM ( 'NONE', ( #1616 ), #443 ) ;
#1293 = DIRECTION ( 'NONE',  ( 1.000000000000000000, 0.000000000000000000, 0.000000000000000000 ) ) ;
#1294 = DIRECTION ( 'NONE',  ( 0.000000000000000000, 1.000000000000000000, 0.000000000000000000 ) ) ;
#1295 = DIRECTION ( 'NONE',  ( 0.000000000000000000, 0.000000000000000000, 1.000000000000000000 ) ) ;
#1296 = CIRCLE ( 'NONE', #3784, 0.2650000000000000688 ) ;
#1297 = EDGE_LOOP ( 'NONE', ( #1253, #2949, #3330, #3688 ) ) ;
#1298 = VERTEX_POINT ( 'NONE', #1985 ) ;
#1299 = EDGE_CURVE ( 'NONE', #73, #2992, #1933, .T. ) ;
#1300 = CYLINDRICAL_SURFACE ( 'NONE', #919, 0.05000000000000012768 ) ;
#1301 = ORIENTED_EDGE ( 'NONE', *, *, #259, .T. ) ;
#1302 = ORIENTED_EDGE ( 'NONE', *, *, #1005, .T. ) ;
#1303 = PLANE ( 'NONE',  #1194 ) ;
#1304 = CARTESIAN_POINT ( 'NONE',  ( 2.114999999999999769, 0.2797101843677950450, 0.5000000000000000000 ) ) ;
#1305 = VERTEX_POINT ( 'NONE', #403 ) ;
#1306 = ADVANCED_FACE ( 'NONE', ( #44 ), #3168, .T. ) ;
#1307 = LINE ( 'NONE', #3496, #1806 ) ;
#1308 = DIRECTION ( 'NONE',  ( -0.000000000000000000, -0.000000000000000000, -1.000000000000000000 ) ) ;
#1309 =( NAMED_UNIT ( * ) PLANE_ANGLE_UNIT ( ) SI_UNIT ( $, .RADIAN. ) );
#1310 = CARTESIAN_POINT ( 'NONE',  ( -1.850000000000000533, 0.5000000000000113243, 0.5000000000000000000 ) ) ;
#1311 = EDGE_CURVE ( 'NONE', #30, #2723, #3464, .T. ) ;
#1312 = ADVANCED_FACE ( 'NONE', ( #3231 ), #1657, .F. ) ;
#1313 = DIRECTION ( 'NONE',  ( -0.000000000000000000, -0.000000000000000000, -1.000000000000000000 ) ) ;
#1314 = EDGE_CURVE ( 'NONE', #762, #549, #2904, .T. ) ;
#1315 = DIRECTION ( 'NONE',  ( 0.000000000000000000, 0.000000000000000000, 1.000000000000000000 ) ) ;
#1316 = ADVANCED_FACE ( 'NONE', ( #2929 ), #3879, .F. ) ;
#1317 = EDGE_CURVE ( 'NONE', #2026, #4018, #1065, .T. ) ;
#1318 = FACE_OUTER_BOUND ( 'NONE', #3634, .T. ) ;
#1319 = ORIENTED_EDGE ( 'NONE', *, *, #1430, .T. ) ;
#1320 = CARTESIAN_POINT ( 'NONE',  ( 1.850000000000000089, 0.5500000000000118128, 0.5000000000000000000 ) ) ;
#1321 = ORIENTED_EDGE ( 'NONE', *, *, #4036, .F. ) ;
#1322 = LINE ( 'NONE', #2582, #2493 ) ;
#1323 = ORIENTED_EDGE ( 'NONE', *, *, #2988, .F. ) ;
#1324 = ORIENTED_EDGE ( 'NONE', *, *, #2727, .F. ) ;
#1325 = ADVANCED_FACE ( 'NONE', ( #1341 ), #1300, .F. ) ;
#1326 = ORIENTED_EDGE ( 'NONE', *, *, #3595, .F. ) ;
#1327 = VECTOR ( 'NONE', #900, 1000.000000000000114 ) ;
#1328 = LINE ( 'NONE', #2569, #1090 ) ;
#1329 = CARTESIAN_POINT ( 'NONE',  ( 1.347928883140942835, 1.374126034516822026, -1.347928883140943501 ) ) ;
#1330 =( NAMED_UNIT ( * ) SI_UNIT ( $, .STERADIAN. ) SOLID_ANGLE_UNIT ( ) );
#1331 = FACE_OUTER_BOUND ( 'NONE', #250, .T. ) ;
#1332 = STYLED_ITEM ( 'NONE', ( #90 ), #1799 ) ;
#1333 = ORIENTED_EDGE ( 'NONE', *, *, #1979, .T. ) ;
#1334 = AXIS2_PLACEMENT_3D ( 'NONE', #24, #1867, #2447 ) ;
#1335 = DIRECTION ( 'NONE',  ( 1.000000000000000000, 0.000000000000000000, 0.000000000000000000 ) ) ;
#1336 = DIRECTION ( 'NONE',  ( -0.05233595624293218423, -0.9986295347545744994, 0.000000000000000000 ) ) ;
#1337 = CARTESIAN_POINT ( 'NONE',  ( -1.900000000000000355, 0.5000000000000113243, 0.7999999999999999334 ) ) ;
#1338 = ORIENTED_EDGE ( 'NONE', *, *, #4046, .F. ) ;
#1339 = VERTEX_POINT ( 'NONE', #2248 ) ;
#1340 = VECTOR ( 'NONE', #3475, 1000.000000000000114 ) ;
#1341 = FACE_OUTER_BOUND ( 'NONE', #2246, .T. ) ;
#1342 = AXIS2_PLACEMENT_3D ( 'NONE', #1702, #3834, #2021 ) ;
#1343 = VERTEX_POINT ( 'NONE', #3485 ) ;
#1344 = ORIENTED_EDGE ( 'NONE', *, *, #3770, .T. ) ;
#1345 = AXIS2_PLACEMENT_3D ( 'NONE', #482, #1730, #1995 ) ;
#1346 = CARTESIAN_POINT ( 'NONE',  ( 1.850000000000000089, 0.5500000000000118128, -1.149999999999999911 ) ) ;
#1347 = AXIS2_PLACEMENT_3D ( 'NONE', #2364, #3600, #784 ) ;
#1348 = VECTOR ( 'NONE', #624, 1000.000000000000000 ) ;
#1349 = CARTESIAN_POINT ( 'NONE',  ( -2.162383202187853737, 0.2297787076300651654, -1.149999999999999911 ) ) ;
#1350 = DIRECTION ( 'NONE',  ( -0.000000000000000000, -0.000000000000000000, -1.000000000000000000 ) ) ;
#1351 = CARTESIAN_POINT ( 'NONE',  ( -1.900000000000000355, 0.2797101843677941568, 1.149999999999999911 ) ) ;
#1352 = UNCERTAINTY_MEASURE_WITH_UNIT (LENGTH_MEASURE( 1.000000000000000082E-05 ), #2656, 'distance_accuracy_value', 'NONE');
#1353 = ORIENTED_EDGE ( 'NONE', *, *, #3868, .F. ) ;
#1354 = CARTESIAN_POINT ( 'NONE',  ( 1.499999999999999334, 0.5500000000000113687, 1.499999999999999778 ) ) ;
#1355 = DIRECTION ( 'NONE',  ( -0.000000000000000000, -0.000000000000000000, -1.000000000000000000 ) ) ;
#1356 = DIRECTION ( 'NONE',  ( 2.909848919217164945E-16, -1.000000000000000000, 0.000000000000000000 ) ) ;
#1357 = ORIENTED_EDGE ( 'NONE', *, *, #2227, .T. ) ;
#1358 = VERTEX_POINT ( 'NONE', #1628 ) ;
#1359 = EDGE_CURVE ( 'NONE', #2000, #3528, #2863, .T. ) ;
#1360 = DIRECTION ( 'NONE',  ( -0.000000000000000000, -0.000000000000000000, -1.000000000000000000 ) ) ;
#1361 = AXIS2_PLACEMENT_3D ( 'NONE', #1310, #1829, #2552 ) ;
#1362 = ORIENTED_EDGE ( 'NONE', *, *, #2871, .T. ) ;
#1363 = ORIENTED_EDGE ( 'NONE', *, *, #1606, .T. ) ;
#1364 = CARTESIAN_POINT ( 'NONE',  ( 2.162383202187853737, 0.2297787076300663311, -0.5000000000000000000 ) ) ;
#1365 = EDGE_CURVE ( 'NONE', #3598, #1659, #2331, .T. ) ;
#1366 = EDGE_CURVE ( 'NONE', #1358, #3598, #3250, .T. ) ;
#1367 = FILL_AREA_STYLE ('',( #3870 ) ) ;
#1368 = ORIENTED_EDGE ( 'NONE', *, *, #3302, .F. ) ;
#1369 = CARTESIAN_POINT ( 'NONE',  ( -1.050000000000000044, 1.050000000000000044, -0.8500000000000001998 ) ) ;
#1370 = CARTESIAN_POINT ( 'NONE',  ( -1.500000000000000222, 0.5500000000000113687, 0.7999999999999999334 ) ) ;
#1371 = ORIENTED_EDGE ( 'NONE', *, *, #3300, .F. ) ;
#1372 = ORIENTED_EDGE ( 'NONE', *, *, #1573, .T. ) ;
#1373 = DIRECTION ( 'NONE',  ( -1.000000000000000000, 0.000000000000000000, 0.000000000000000000 ) ) ;
#1374 = VERTEX_POINT ( 'NONE', #760 ) ;
#1375 = ORIENTED_EDGE ( 'NONE', *, *, #1960, .T. ) ;
#1376 = DIRECTION ( 'NONE',  ( -0.000000000000000000, -0.000000000000000000, -1.000000000000000000 ) ) ;
#1377 = CARTESIAN_POINT ( 'NONE',  ( 1.850000000000000089, 0.5500000000000118128, 1.149999999999999911 ) ) ;
#1378 = SURFACE_STYLE_FILL_AREA ( #1051 ) ;
#1379 = CARTESIAN_POINT ( 'NONE',  ( 1.457958305893729323, 0.1499999999999999944, 0.000000000000000000 ) ) ;
#1380 = ORIENTED_EDGE ( 'NONE', *, *, #575, .T. ) ;
#1381 = CARTESIAN_POINT ( 'NONE',  ( -1.500000000000000222, 0.5500000000000113687, -0.7999999999999999334 ) ) ;
#1382 = DIRECTION ( 'NONE',  ( 2.909848919217164945E-16, -1.000000000000000000, 0.000000000000000000 ) ) ;
#1383 = DIRECTION ( 'NONE',  ( 2.909848919217164945E-16, -1.000000000000000000, 0.000000000000000000 ) ) ;
#1384 = DIRECTION ( 'NONE',  ( 1.000000000000000000, 0.000000000000000000, 0.000000000000000000 ) ) ;
#1385 = ADVANCED_BREP_SHAPE_REPRESENTATION ( 'LM75BDP', ( #455, #1799, #3016, #1678, #2898, #1732, #3150, #3044, #1647, #443, #1791 ), #3765 ) ;
#1386 = EDGE_LOOP ( 'NONE', ( #2094, #1326, #2864, #1357 ) ) ;
#1387 = ORIENTED_EDGE ( 'NONE', *, *, #324, .T. ) ;
#1388 = COLOUR_RGB ( '',1.000000000000000000, 1.000000000000000000, 1.000000000000000000 ) ;
#1389 = LINE ( 'NONE', #2009, #2373 ) ;
#1390 = VECTOR ( 'NONE', #1758, 1000.000000000000000 ) ;
#1391 = EDGE_LOOP ( 'NONE', ( #938, #297, #2521, #2385 ) ) ;
#1392 = ORIENTED_EDGE ( 'NONE', *, *, #3281, .F. ) ;
#1393 = VERTEX_POINT ( 'NONE', #135 ) ;
#1394 = STYLED_ITEM ( 'NONE', ( #54 ), #2898 ) ;
#1395 = FACE_OUTER_BOUND ( 'NONE', #2232, .T. ) ;
#1396 = CARTESIAN_POINT ( 'NONE',  ( -1.900000000000000355, 0.2797101843677941568, -0.1499999999999999667 ) ) ;
#1397 = LINE ( 'NONE', #3333, #2264 ) ;
#1398 = CARTESIAN_POINT ( 'NONE',  ( -2.438747769407769272, -5.340566408274855646E-16, 0.5000000000000000000 ) ) ;
#1399 = CARTESIAN_POINT ( 'NONE',  ( 2.162383202187853737, 0.2297787076300663311, 0.1499999999999999667 ) ) ;
#1400 = EDGE_CURVE ( 'NONE', #3196, #3067, #1389, .T. ) ;
#1401 = VECTOR ( 'NONE', #2994, 1000.000000000000114 ) ;
#1402 = CARTESIAN_POINT ( 'NONE',  ( -2.162383202187853737, 0.2297787076300654707, -0.7999999999999999334 ) ) ;
#1403 = ORIENTED_EDGE ( 'NONE', *, *, #2088, .T. ) ;
#1404 = VECTOR ( 'NONE', #993, 1000.000000000000000 ) ;
#1405 = DIRECTION ( 'NONE',  ( -1.000000000000000000, 0.000000000000000000, 0.000000000000000000 ) ) ;
#1406 = VERTEX_POINT ( 'NONE', #1805 ) ;
#1407 = ORIENTED_EDGE ( 'NONE', *, *, #572, .T. ) ;
#1408 = VECTOR ( 'NONE', #3596, 1000.000000000000114 ) ;
#1409 = DIRECTION ( 'NONE',  ( -1.000000000000000000, 0.000000000000000000, 0.000000000000000000 ) ) ;
#1410 = EDGE_CURVE ( 'NONE', #1826, #1930, #3359, .T. ) ;
#1411 = ORIENTED_EDGE ( 'NONE', *, *, #1151, .T. ) ;
#1412 = ORIENTED_EDGE ( 'NONE', *, *, #675, .F. ) ;
#1413 = PLANE ( 'NONE',  #3155 ) ;
#1414 = PLANE ( 'NONE',  #1922 ) ;
#1415 = ORIENTED_EDGE ( 'NONE', *, *, #628, .F. ) ;
#1416 = DIRECTION ( 'NONE',  ( -1.000000000000000000, 0.000000000000000000, 0.000000000000000000 ) ) ;
#1417 = DIRECTION ( 'NONE',  ( 1.000000000000000000, 0.000000000000000000, 0.000000000000000000 ) ) ;
#1418 = ORIENTED_EDGE ( 'NONE', *, *, #2333, .T. ) ;
#1419 = EDGE_LOOP ( 'NONE', ( #2411, #3192, #3584, #489 ) ) ;
#1420 = EDGE_CURVE ( 'NONE', #2176, #3381, #2247, .T. ) ;
#1421 = ADVANCED_FACE ( 'NONE', ( #905 ), #3735, .T. ) ;
#1422 = EDGE_CURVE ( 'NONE', #589, #3046, #552, .T. ) ;
#1423 = DIRECTION ( 'NONE',  ( 0.000000000000000000, 0.000000000000000000, -1.000000000000000000 ) ) ;
#1424 = DIRECTION ( 'NONE',  ( 1.000000000000000000, 1.968683244613767075E-15, -0.000000000000000000 ) ) ;
#1425 = VERTEX_POINT ( 'NONE', #3398 ) ;
#1426 = ORIENTED_EDGE ( 'NONE', *, *, #2876, .F. ) ;
#1427 = VERTEX_POINT ( 'NONE', #1824 ) ;
#1428 = CARTESIAN_POINT ( 'NONE',  ( 1.900000000000000355, 0.2797101843677948230, -0.7999999999999999334 ) ) ;
#1429 = LINE ( 'NONE', #3378, #2890 ) ;
#1430 = EDGE_CURVE ( 'NONE', #4065, #494, #3761, .T. ) ;
#1431 = CARTESIAN_POINT ( 'NONE',  ( -1.050000000000000044, 1.050000000000000044, -0.8500000000000001998 ) ) ;
#1432 = DIRECTION ( 'NONE',  ( -0.000000000000000000, -0.000000000000000000, -1.000000000000000000 ) ) ;
#1433 = VERTEX_POINT ( 'NONE', #307 ) ;
#1434 = CARTESIAN_POINT ( 'NONE',  ( 1.499999999999999778, 0.5500000000000120348, -1.149999999999999911 ) ) ;
#1435 = CARTESIAN_POINT ( 'NONE',  ( 1.477402589417877277, 0.7650000000000120037, -1.149999999999999911 ) ) ;
#1436 = CARTESIAN_POINT ( 'NONE',  ( 2.165000000000000036, 0.2797101843677950450, -0.1499999999999999667 ) ) ;
#1437 = CIRCLE ( 'NONE', #194, 0.2650000000000002354 ) ;
#1438 = ORIENTED_EDGE ( 'NONE', *, *, #3221, .F. ) ;
#1439 = ORIENTED_EDGE ( 'NONE', *, *, #2194, .T. ) ;
#1440 = CARTESIAN_POINT ( 'NONE',  ( -1.850000000000000533, 0.5500000000000111466, 0.5000000000000000000 ) ) ;
#1441 = DIRECTION ( 'NONE',  ( -1.000000000000000000, 0.000000000000000000, 0.000000000000000000 ) ) ;
#1442 = AXIS2_PLACEMENT_3D ( 'NONE', #3837, #76, #1293 ) ;
#1443 = DIRECTION ( 'NONE',  ( -5.906049733841302015E-15, -1.000000000000000000, 0.000000000000000000 ) ) ;
#1444 = ORIENTED_EDGE ( 'NONE', *, *, #2928, .T. ) ;
#1445 = EDGE_LOOP ( 'NONE', ( #655, #3592, #925, #2081 ) ) ;
#1446 = CIRCLE ( 'NONE', #3214, 0.2650000000000002354 ) ;
#1447 = VECTOR ( 'NONE', #1719, 1000.000000000000114 ) ;
#1448 = CARTESIAN_POINT ( 'NONE',  ( 2.438747769407769272, 3.333050971609179826E-16, -0.5000000000000000000 ) ) ;
#1449 = ORIENTED_EDGE ( 'NONE', *, *, #1314, .T. ) ;
#1450 = ADVANCED_FACE ( 'NONE', ( #3073 ), #26, .T. ) ;
#1451 = COLOUR_RGB ( '',0.7921568627450980005, 0.8196078431372548767, 0.9333333333333333481 ) ;
#1452 = DIRECTION ( 'NONE',  ( -1.000000000000000000, -2.909848919217164945E-16, 0.000000000000000000 ) ) ;
#1453 = DIRECTION ( 'NONE',  ( 0.05233595624293620185, -0.9986295347545742773, 0.000000000000000000 ) ) ;
#1454 = VECTOR ( 'NONE', #201, 1000.000000000000114 ) ;
#1455 = ORIENTED_EDGE ( 'NONE', *, *, #3538, .F. ) ;
#1456 = ADVANCED_FACE ( 'NONE', ( #3787 ), #1513, .F. ) ;
#1457 = AXIS2_PLACEMENT_3D ( 'NONE', #3427, #621, #2214 ) ;
#1458 = CYLINDRICAL_SURFACE ( 'NONE', #487, 0.1999999999999999833 ) ;
#1459 = CARTESIAN_POINT ( 'NONE',  ( -2.438747769407769272, -5.340566408274855646E-16, 1.149999999999999911 ) ) ;
#1460 = CYLINDRICAL_SURFACE ( 'NONE', #798, 0.05000000000000012768 ) ;
#1461 = DIRECTION ( 'NONE',  ( -0.000000000000000000, 0.000000000000000000, -1.000000000000000000 ) ) ;
#1462 = CARTESIAN_POINT ( 'NONE',  ( 1.850000000000000533, 0.5000000000000119904, -0.1499999999999999667 ) ) ;
#1463 = EDGE_CURVE ( 'NONE', #1275, #3170, #1437, .T. ) ;
#1464 = PLANE ( 'NONE',  #2340 ) ;
#1465 = VERTEX_POINT ( 'NONE', #1364 ) ;
#1466 = AXIS2_PLACEMENT_3D ( 'NONE', #2752, #3023, #1443 ) ;
#1467 = VERTEX_POINT ( 'NONE', #1954 ) ;
#1468 = EDGE_CURVE ( 'NONE', #3082, #1760, #1488, .T. ) ;
#1469 = DIRECTION ( 'NONE',  ( 0.000000000000000000, 1.000000000000000000, 0.000000000000000000 ) ) ;
#1470 =( NAMED_UNIT ( * ) PLANE_ANGLE_UNIT ( ) SI_UNIT ( $, .RADIAN. ) );
#1471 = ORIENTED_EDGE ( 'NONE', *, *, #623, .F. ) ;
#1472 = VECTOR ( 'NONE', #3624, 1000.000000000000000 ) ;
#1473 = CARTESIAN_POINT ( 'NONE',  ( 2.162383202187853737, 0.2297787076300663311, -0.1499999999999999667 ) ) ;
#1474 = EDGE_CURVE ( 'NONE', #406, #2931, #1581, .T. ) ;
#1475 = EDGE_CURVE ( 'NONE', #764, #678, #2179, .T. ) ;
#1476 = EDGE_CURVE ( 'NONE', #1086, #3858, #279, .T. ) ;
#1477 = VECTOR ( 'NONE', #249, 1000.000000000000000 ) ;
#1478 = CARTESIAN_POINT ( 'NONE',  ( 2.162383202187853737, 0.2297787076300663311, -0.5000000000000000000 ) ) ;
#1479 = ORIENTED_EDGE ( 'NONE', *, *, #327, .F. ) ;
#1480 = FILL_AREA_STYLE_COLOUR ( '', #3145 ) ;
#1481 = CARTESIAN_POINT ( 'NONE',  ( -2.162383202187853737, 0.2297787076300651654, -0.1499999999999999667 ) ) ;
#1482 = LINE ( 'NONE', #1789, #2848 ) ;
#1483 = CARTESIAN_POINT ( 'NONE',  ( -2.450000000000000178, 0.2147053499722332004, 0.5000000000000000000 ) ) ;
#1484 = FACE_OUTER_BOUND ( 'NONE', #423, .T. ) ;
#1485 = CARTESIAN_POINT ( 'NONE',  ( 2.115000000000000657, 0.5000000000000121014, 0.5000000000000000000 ) ) ;
#1486 = ORIENTED_EDGE ( 'NONE', *, *, #2348, .F. ) ;
#1487 = ORIENTED_EDGE ( 'NONE', *, *, #1775, .T. ) ;
#1488 = LINE ( 'NONE', #1250, #3014 ) ;
#1489 = PLANE ( 'NONE',  #3943 ) ;
#1490 = ORIENTED_EDGE ( 'NONE', *, *, #3193, .F. ) ;
#1491 = LINE ( 'NONE', #2781, #404 ) ;
#1492 = DIRECTION ( 'NONE',  ( -0.05233595624293620185, 0.9986295347545743883, 0.000000000000000000 ) ) ;
#1493 = ORIENTED_EDGE ( 'NONE', *, *, #2801, .T. ) ;
#1494 = CARTESIAN_POINT ( 'NONE',  ( 2.151130971595621499, 0.01507335765783308738, -0.1499999999999999667 ) ) ;
#1495 = DIRECTION ( 'NONE',  ( -1.000000000000000000, -2.909848919217164945E-16, -0.000000000000000000 ) ) ;
#1496 = CARTESIAN_POINT ( 'NONE',  ( 2.165000000000000036, 0.2797101843677950450, -0.1499999999999999667 ) ) ;
#1497 = CARTESIAN_POINT ( 'NONE',  ( 2.165000000000000036, 0.2797101843677950450, 0.1499999999999999667 ) ) ;
#1498 = VERTEX_POINT ( 'NONE', #636 ) ;
#1499 = PLANE ( 'NONE',  #2718 ) ;
#1500 = PLANE ( 'NONE',  #1466 ) ;
#1501 = AXIS2_PLACEMENT_3D ( 'NONE', #3069, #3109, #1884 ) ;
#1502 = DIRECTION ( 'NONE',  ( -0.000000000000000000, -0.000000000000000000, -1.000000000000000000 ) ) ;
#1503 = ORIENTED_EDGE ( 'NONE', *, *, #2296, .F. ) ;
#1504 = ORIENTED_EDGE ( 'NONE', *, *, #623, .T. ) ;
#1505 =( GEOMETRIC_REPRESENTATION_CONTEXT ( 3 ) GLOBAL_UNCERTAINTY_ASSIGNED_CONTEXT ( ( #1958 ) ) GLOBAL_UNIT_ASSIGNED_CONTEXT ( ( #3279, #2041, #2023 ) ) REPRESENTATION_CONTEXT ( 'NONE', 'WORKASPACE' ) );
#1506 = CARTESIAN_POINT ( 'NONE',  ( 2.449999999999999289, 0.2147053499722340608, 0.1499999999999999667 ) ) ;
#1507 = DIRECTION ( 'NONE',  ( -0.000000000000000000, -0.000000000000000000, -1.000000000000000000 ) ) ;
#1508 = VECTOR ( 'NONE', #1783, 1000.000000000000000 ) ;
#1509 = VERTEX_POINT ( 'NONE', #915 ) ;
#1510 = CARTESIAN_POINT ( 'NONE',  ( -2.115000000000000213, 0.2797101843677941568, -0.1499999999999999667 ) ) ;
#1511 = VECTOR ( 'NONE', #1803, 1000.000000000000000 ) ;
#1512 = DIRECTION ( 'NONE',  ( 0.000000000000000000, 0.000000000000000000, 1.000000000000000000 ) ) ;
#1513 = CYLINDRICAL_SURFACE ( 'NONE', #1968, 0.04999999999999991257 ) ;
#1514 = AXIS2_PLACEMENT_3D ( 'NONE', #215, #877, #56 ) ;
#1515 = ORIENTED_EDGE ( 'NONE', *, *, #3490, .F. ) ;
#1516 = EDGE_CURVE ( 'NONE', #364, #161, #3416, .T. ) ;
#1517 = CIRCLE ( 'NONE', #1124, 0.2650000000000002354 ) ;
#1518 = CYLINDRICAL_SURFACE ( 'NONE', #354, 0.05000000000000012768 ) ;
#1519 = DIRECTION ( 'NONE',  ( -1.000000000000000000, -2.909848919217164945E-16, 0.000000000000000000 ) ) ;
#1520 = CARTESIAN_POINT ( 'NONE',  ( -1.500000000000000222, 0.5500000000000113687, 1.149999999999999911 ) ) ;
#1521 = DIRECTION ( 'NONE',  ( 0.1045284632676635045, -0.9945218953682721796, -0.000000000000000000 ) ) ;
#1522 = AXIS2_PLACEMENT_3D ( 'NONE', #1104, #837, #1742 ) ;
#1523 = CARTESIAN_POINT ( 'NONE',  ( -1.900000000000000355, 0.5000000000000113243, 0.1499999999999999667 ) ) ;
#1524 = EDGE_CURVE ( 'NONE', #2254, #1948, #1224, .T. ) ;
#1525 = LINE ( 'NONE', #3438, #2010 ) ;
#1526 = VECTOR ( 'NONE', #3505, 1000.000000000000000 ) ;
#1527 = CARTESIAN_POINT ( 'NONE',  ( -2.115000000000000213, 0.2797101843677941568, 1.149999999999999911 ) ) ;
#1528 = EDGE_LOOP ( 'NONE', ( #382, #1503, #1515, #1602 ) ) ;
#1529 = ORIENTED_EDGE ( 'NONE', *, *, #75, .T. ) ;
#1530 = VECTOR ( 'NONE', #2471, 1000.000000000000000 ) ;
#1531 = CARTESIAN_POINT ( 'NONE',  ( 1.457958305893729323, 0.1499999999999999944, 1.499999999999999778 ) ) ;
#1532 = FACE_OUTER_BOUND ( 'NONE', #1539, .T. ) ;
#1533 = EDGE_CURVE ( 'NONE', #1116, #3574, #230, .T. ) ;
#1534 = ORIENTED_EDGE ( 'NONE', *, *, #1606, .F. ) ;
#1535 = CARTESIAN_POINT ( 'NONE',  ( -2.151130971595622388, 0.01507335765783184012, -0.5000000000000000000 ) ) ;
#1536 = DIRECTION ( 'NONE',  ( 6.195440985631449401E-16, 1.000000000000000000, -0.000000000000000000 ) ) ;
#1537 = VECTOR ( 'NONE', #1315, 1000.000000000000000 ) ;
#1538 = DIRECTION ( 'NONE',  ( -1.968683244613767075E-15, 1.000000000000000000, 0.000000000000000000 ) ) ;
#1539 = EDGE_LOOP ( 'NONE', ( #2946, #2395, #1228, #405 ) ) ;
#1540 = VECTOR ( 'NONE', #3601, 1000.000000000000000 ) ;
#1541 = CARTESIAN_POINT ( 'NONE',  ( 2.449999999999999289, 0.2147053499722340608, -0.7999999999999999334 ) ) ;
#1542 = LINE ( 'NONE', #334, #2706 ) ;
#1543 = CARTESIAN_POINT ( 'NONE',  ( -1.850000000000000533, 0.5000000000000113243, -1.149999999999999911 ) ) ;
#1544 = CARTESIAN_POINT ( 'NONE',  ( -1.900000000000000355, 0.5000000000000113243, -0.7999999999999999334 ) ) ;
#1545 = LINE ( 'NONE', #3138, #822 ) ;
#1546 = FACE_OUTER_BOUND ( 'NONE', #3775, .T. ) ;
#1547 = CARTESIAN_POINT ( 'NONE',  ( -1.850000000000000533, 0.5000000000000113243, 0.5000000000000000000 ) ) ;
#1548 = ORIENTED_EDGE ( 'NONE', *, *, #3314, .F. ) ;
#1549 = DIRECTION ( 'NONE',  ( 0.9945218953682722907, 0.1045284632676635045, -0.000000000000000000 ) ) ;
#1550 = ORIENTED_EDGE ( 'NONE', *, *, #2358, .F. ) ;
#1551 = EDGE_CURVE ( 'NONE', #3248, #835, #8, .T. ) ;
#1552 = EDGE_CURVE ( 'NONE', #787, #1625, #692, .T. ) ;
#1553 = EDGE_CURVE ( 'NONE', #3991, #3288, #3616, .T. ) ;
#1554 = CARTESIAN_POINT ( 'NONE',  ( -1.850000000000000533, 0.7650000000000113376, 1.149999999999999911 ) ) ;
#1555 = ORIENTED_EDGE ( 'NONE', *, *, #2083, .T. ) ;
#1556 = VERTEX_POINT ( 'NONE', #1897 ) ;
#1557 = PLANE ( 'NONE',  #1334 ) ;
#1558 = CARTESIAN_POINT ( 'NONE',  ( 2.115000000000000657, 0.5000000000000121014, 0.5000000000000000000 ) ) ;
#1559 = CARTESIAN_POINT ( 'NONE',  ( -1.850000000000000533, 0.5000000000000113243, 1.149999999999999911 ) ) ;
#1560 = FILL_AREA_STYLE_COLOUR ( '', #1388 ) ;
#1561 = ORIENTED_EDGE ( 'NONE', *, *, #1524, .T. ) ;
#1562 = EDGE_CURVE ( 'NONE', #1659, #638, #1023, .T. ) ;
#1563 = CARTESIAN_POINT ( 'NONE',  ( 2.115000000000000657, 0.5000000000000121014, -0.7999999999999999334 ) ) ;
#1564 = DIRECTION ( 'NONE',  ( 0.000000000000000000, 0.000000000000000000, -1.000000000000000000 ) ) ;
#1565 = DIRECTION ( 'NONE',  ( 1.000000000000000000, 0.000000000000000000, 0.000000000000000000 ) ) ;
#1566 = CARTESIAN_POINT ( 'NONE',  ( 1.900000000000000355, 0.5000000000000119904, -0.1499999999999999667 ) ) ;
#1567 = DIRECTION ( 'NONE',  ( -1.000000000000000000, 0.000000000000000000, 0.000000000000000000 ) ) ;
#1568 = DIRECTION ( 'NONE',  ( 0.000000000000000000, 0.000000000000000000, 1.000000000000000000 ) ) ;
#1569 = DIRECTION ( 'NONE',  ( -0.000000000000000000, -0.000000000000000000, -1.000000000000000000 ) ) ;
#1570 = VERTEX_POINT ( 'NONE', #3437 ) ;
#1571 = ORIENTED_EDGE ( 'NONE', *, *, #193, .T. ) ;
#1572 = FACE_OUTER_BOUND ( 'NONE', #3394, .T. ) ;
#1573 = EDGE_CURVE ( 'NONE', #3429, #1467, #2855, .T. ) ;
#1574 = FACE_OUTER_BOUND ( 'NONE', #4001, .T. ) ;
#1575 = ORIENTED_EDGE ( 'NONE', *, *, #3794, .F. ) ;
#1576 = ORIENTED_EDGE ( 'NONE', *, *, #1707, .F. ) ;
#1577 = VECTOR ( 'NONE', #2269, 1000.000000000000000 ) ;
#1578 = LINE ( 'NONE', #1213, #2568 ) ;
#1579 = CARTESIAN_POINT ( 'NONE',  ( 1.406196170502074461, 1.100000000000000089, -1.406196170502074905 ) ) ;
#1580 =( NAMED_UNIT ( * ) PLANE_ANGLE_UNIT ( ) SI_UNIT ( $, .RADIAN. ) );
#1581 = CIRCLE ( 'NONE', #3483, 0.04999999999999991257 ) ;
#1582 = EDGE_CURVE ( 'NONE', #3067, #1082, #361, .T. ) ;
#1583 = ORIENTED_EDGE ( 'NONE', *, *, #3063, .F. ) ;
#1584 = VECTOR ( 'NONE', #635, 1000.000000000000000 ) ;
#1585 = FACE_OUTER_BOUND ( 'NONE', #3811, .T. ) ;
#1586 = LINE ( 'NONE', #2513, #224 ) ;
#1587 = AXIS2_PLACEMENT_3D ( 'NONE', #2014, #449, #3234 ) ;
#1588 = EDGE_CURVE ( 'NONE', #3513, #1671, #3772, .T. ) ;
#1589 =( NAMED_UNIT ( * ) SI_UNIT ( $, .STERADIAN. ) SOLID_ANGLE_UNIT ( ) );
#1590 = CARTESIAN_POINT ( 'NONE',  ( 2.438747769407769272, 3.333050971609179826E-16, -0.1499999999999999667 ) ) ;
#1591 = VECTOR ( 'NONE', #2520, 1000.000000000000114 ) ;
#1592 = DIRECTION ( 'NONE',  ( 0.9945218953682722907, 0.1045284632676635045, -0.000000000000000000 ) ) ;
#1593 = DIRECTION ( 'NONE',  ( 0.000000000000000000, -0.000000000000000000, 1.000000000000000000 ) ) ;
#1594 = CARTESIAN_POINT ( 'NONE',  ( 1.850000000000000533, 0.5000000000000119904, 1.149999999999999911 ) ) ;
#1595 = AXIS2_PLACEMENT_3D ( 'NONE', #298, #1549, #1239 ) ;
#1596 = ORIENTED_EDGE ( 'NONE', *, *, #1775, .F. ) ;
#1597 = ORIENTED_EDGE ( 'NONE', *, *, #1270, .T. ) ;
#1598 = EDGE_CURVE ( 'NONE', #835, #1870, #1620, .T. ) ;
#1599 = AXIS2_PLACEMENT_3D ( 'NONE', #1024, #752, #2856 ) ;
#1600 = DIRECTION ( 'NONE',  ( -1.000000000000000000, 0.000000000000000000, 0.000000000000000000 ) ) ;
#1601 = ORIENTED_EDGE ( 'NONE', *, *, #2974, .F. ) ;
#1602 = ORIENTED_EDGE ( 'NONE', *, *, #541, .T. ) ;
#1603 = VECTOR ( 'NONE', #2688, 1000.000000000000000 ) ;
#1604 = DIRECTION ( 'NONE',  ( 0.05233595624293620185, -0.9986295347545742773, 0.000000000000000000 ) ) ;
#1605 = SURFACE_STYLE_FILL_AREA ( #2804 ) ;
#1606 = EDGE_CURVE ( 'NONE', #1094, #764, #2811, .T. ) ;
#1607 = FACE_OUTER_BOUND ( 'NONE', #913, .T. ) ;
#1608 = ORIENTED_EDGE ( 'NONE', *, *, #3521, .T. ) ;
#1609 = VECTOR ( 'NONE', #211, 1000.000000000000114 ) ;
#1610 = ADVANCED_FACE ( 'NONE', ( #11 ), #3201, .F. ) ;
#1611 = ADVANCED_FACE ( 'NONE', ( #379 ), #978, .T. ) ;
#1612 = EDGE_CURVE ( 'NONE', #3265, #2053, #1876, .T. ) ;
#1613 = EDGE_CURVE ( 'NONE', #1427, #2643, #97, .T. ) ;
#1614 = LINE ( 'NONE', #685, #2129 ) ;
#1615 = PRESENTATION_STYLE_ASSIGNMENT (( #3216 ) ) ;
#1616 = PRESENTATION_STYLE_ASSIGNMENT (( #687 ) ) ;
#1617 = DIRECTION ( 'NONE',  ( -1.000000000000000000, 0.000000000000000000, 0.000000000000000000 ) ) ;
#1618 = DIRECTION ( 'NONE',  ( 1.968683244613767075E-15, -1.000000000000000000, 0.000000000000000000 ) ) ;
#1619 = AXIS2_PLACEMENT_3D ( 'NONE', #1496, #3060, #2787 ) ;
#1620 = LINE ( 'NONE', #2574, #1644 ) ;
#1621 = LINE ( 'NONE', #1060, #2390 ) ;
#1622 = LINE ( 'NONE', #2226, #1537 ) ;
#1623 = CARTESIAN_POINT ( 'NONE',  ( 2.115000000000000657, 0.5000000000000121014, 1.149999999999999911 ) ) ;
#1624 = AXIS2_PLACEMENT_3D ( 'NONE', #3983, #789, #562 ) ;
#1625 = VERTEX_POINT ( 'NONE', #3121 ) ;
#1626 = ORIENTED_EDGE ( 'NONE', *, *, #2510, .F. ) ;
#1627 = EDGE_CURVE ( 'NONE', #2013, #3015, #1925, .T. ) ;
#1628 = CARTESIAN_POINT ( 'NONE',  ( 2.438747769407769272, 3.333050971609179826E-16, 0.5000000000000000000 ) ) ;
#1629 = ORIENTED_EDGE ( 'NONE', *, *, #1463, .F. ) ;
#1630 = ORIENTED_EDGE ( 'NONE', *, *, #3946, .T. ) ;
#1631 = ORIENTED_EDGE ( 'NONE', *, *, #3648, .F. ) ;
#1632 = FACE_OUTER_BOUND ( 'NONE', #653, .T. ) ;
#1633 = DIRECTION ( 'NONE',  ( -0.000000000000000000, 0.000000000000000000, -1.000000000000000000 ) ) ;
#1634 = ORIENTED_EDGE ( 'NONE', *, *, #1420, .F. ) ;
#1635 = DIRECTION ( 'NONE',  ( 0.000000000000000000, 0.000000000000000000, 1.000000000000000000 ) ) ;
#1636 = CARTESIAN_POINT ( 'NONE',  ( 2.438747769407769272, 3.333050971609179826E-16, -0.1499999999999999667 ) ) ;
#1637 = ORIENTED_EDGE ( 'NONE', *, *, #730, .T. ) ;
#1638 = VERTEX_POINT ( 'NONE', #1000 ) ;
#1639 = DIRECTION ( 'NONE',  ( -1.000000000000000000, 0.000000000000000000, 0.000000000000000000 ) ) ;
#1640 = VERTEX_POINT ( 'NONE', #2242 ) ;
#1641 = VERTEX_POINT ( 'NONE', #2261 ) ;
#1642 = DIRECTION ( 'NONE',  ( 0.05233595624293620185, -0.9986295347545742773, 0.000000000000000000 ) ) ;
#1643 = AXIS2_PLACEMENT_3D ( 'NONE', #2790, #2199, #629 ) ;
#1644 = VECTOR ( 'NONE', #708, 1000.000000000000000 ) ;
#1645 = LINE ( 'NONE', #1017, #430 ) ;
#1646 = APPLICATION_PROTOCOL_DEFINITION ( 'draft international standard', 'automotive_design', 1998, #3008 ) ;
#1647 = MANIFOLD_SOLID_BREP ( 'LPattern1[5]', #4039 ) ;
#1648 = DIRECTION ( 'NONE',  ( -0.000000000000000000, -0.000000000000000000, -1.000000000000000000 ) ) ;
#1649 = VECTOR ( 'NONE', #1913, 1000.000000000000000 ) ;
#1650 = ORIENTED_EDGE ( 'NONE', *, *, #1420, .T. ) ;
#1651 = ADVANCED_FACE ( 'NONE', ( #2376 ), #3504, .F. ) ;
#1652 = AXIS2_PLACEMENT_3D ( 'NONE', #305, #640, #903 ) ;
#1653 = DIRECTION ( 'NONE',  ( 1.000000000000000000, 2.909848919217164945E-16, 0.000000000000000000 ) ) ;
#1654 = ORIENTED_EDGE ( 'NONE', *, *, #3325, .F. ) ;
#1655 = ORIENTED_EDGE ( 'NONE', *, *, #808, .F. ) ;
#1656 = EDGE_CURVE ( 'NONE', #2439, #2301, #1727, .T. ) ;
#1657 = PLANE ( 'NONE',  #74 ) ;
#1658 = AXIS2_PLACEMENT_3D ( 'NONE', #2632, #2282, #2956 ) ;
#1659 = VERTEX_POINT ( 'NONE', #167 ) ;
#1660 = ORIENTED_EDGE ( 'NONE', *, *, #3641, .T. ) ;
#1661 = VECTOR ( 'NONE', #3599, 1000.000000000000000 ) ;
#1662 = STYLED_ITEM ( 'NONE', ( #1615 ), #1385 ) ;
#1663 = DIRECTION ( 'NONE',  ( 0.9986295347545741663, -0.05233595624293776311, 0.000000000000000000 ) ) ;
#1664 = SURFACE_SIDE_STYLE ('',( #2537 ) ) ;
#1665 = CARTESIAN_POINT ( 'NONE',  ( -1.477402560813270815, 0.7650002721546617090, 1.477402560813270149 ) ) ;
#1666 = ORIENTED_EDGE ( 'NONE', *, *, #3543, .T. ) ;
#1667 = CARTESIAN_POINT ( 'NONE',  ( -2.450000000000000178, 0.2147053499722332004, 1.149999999999999911 ) ) ;
#1668 = SURFACE_STYLE_USAGE ( .BOTH. , #3872 ) ;
#1669 = CARTESIAN_POINT ( 'NONE',  ( -1.850000000000000533, 0.5500000000000111466, -0.1499999999999999667 ) ) ;
#1670 = ORIENTED_EDGE ( 'NONE', *, *, #1677, .T. ) ;
#1671 = VERTEX_POINT ( 'NONE', #154 ) ;
#1672 = CIRCLE ( 'NONE', #3781, 0.05000000000000012768 ) ;
#1673 = DIRECTION ( 'NONE',  ( 1.000000000000000000, 0.000000000000000000, 0.000000000000000000 ) ) ;
#1674 = VECTOR ( 'NONE', #1423, 1000.000000000000000 ) ;
#1675 = ORIENTED_EDGE ( 'NONE', *, *, #1474, .F. ) ;
#1676 = EDGE_LOOP ( 'NONE', ( #2942, #3420, #2068, #1655 ) ) ;
#1677 = EDGE_CURVE ( 'NONE', #2967, #2176, #3223, .T. ) ;
#1678 = MANIFOLD_SOLID_BREP ( 'Boss-Extrude3[2]', #222 ) ;
#1679 = LINE ( 'NONE', #1990, #930 ) ;
#1680 = CARTESIAN_POINT ( 'NONE',  ( 2.165000000000000036, 0.2797101843677950450, 1.149999999999999911 ) ) ;
#1681 = ORIENTED_EDGE ( 'NONE', *, *, #1890, .F. ) ;
#1682 = FACE_OUTER_BOUND ( 'NONE', #793, .T. ) ;
#1683 = CARTESIAN_POINT ( 'NONE',  ( -1.347928883140943279, 1.374126034516821804, 1.347928883140943057 ) ) ;
#1684 = DIRECTION ( 'NONE',  ( 1.000000000000000000, 0.000000000000000000, 0.000000000000000000 ) ) ;
#1685 = FACE_OUTER_BOUND ( 'NONE', #1676, .T. ) ;
#1686 = ORIENTED_EDGE ( 'NONE', *, *, #2460, .T. ) ;
#1687 = EDGE_CURVE ( 'NONE', #3655, #490, #3303, .T. ) ;
#1688 = CARTESIAN_POINT ( 'NONE',  ( -1.477402589417877721, 0.7650000000000114486, -1.149999999999999911 ) ) ;
#1689 = CARTESIAN_POINT ( 'NONE',  ( 0.000000000000000000, 0.1499999999999999944, -1.457958305893729767 ) ) ;
#1690 = DIRECTION ( 'NONE',  ( 0.000000000000000000, -0.000000000000000000, 1.000000000000000000 ) ) ;
#1691 = ORIENTED_EDGE ( 'NONE', *, *, #247, .T. ) ;
#1692 = ORIENTED_EDGE ( 'NONE', *, *, #3868, .T. ) ;
#1693 = CARTESIAN_POINT ( 'NONE',  ( 2.162383202187853737, 0.2297787076300663311, 0.5000000000000000000 ) ) ;
#1694 = ORIENTED_EDGE ( 'NONE', *, *, #3707, .F. ) ;
#1695 = ORIENTED_EDGE ( 'NONE', *, *, #825, .T. ) ;
#1696 = ORIENTED_EDGE ( 'NONE', *, *, #517, .F. ) ;
#1697 = ADVANCED_FACE ( 'NONE', ( #1039 ), #499, .F. ) ;
#1698 = DIRECTION ( 'NONE',  ( -1.000000000000000000, 0.000000000000000000, 0.000000000000000000 ) ) ;
#1699 = LINE ( 'NONE', #2952, #610 ) ;
#1700 = LINE ( 'NONE', #1683, #3235 ) ;
#1701 = PRODUCT_CONTEXT ( 'NONE', #3008, 'mechanical' ) ;
#1702 = CARTESIAN_POINT ( 'NONE',  ( 1.850000000000000533, 0.5000000000000119904, 1.149999999999999911 ) ) ;
#1703 = ORIENTED_EDGE ( 'NONE', *, *, #2172, .T. ) ;
#1704 = VECTOR ( 'NONE', #1237, 1000.000000000000000 ) ;
#1705 = LINE ( 'NONE', #1434, #2628 ) ;
#1706 = LINE ( 'NONE', #2961, #286 ) ;
#1707 = EDGE_CURVE ( 'NONE', #3148, #2697, #1705, .T. ) ;
#1708 = AXIS2_PLACEMENT_3D ( 'NONE', #3409, #607, #1567 ) ;
#1709 = ORIENTED_EDGE ( 'NONE', *, *, #2553, .F. ) ;
#1710 = VERTEX_POINT ( 'NONE', #2302 ) ;
#1711 = VECTOR ( 'NONE', #25, 999.9999999999998863 ) ;
#1712 = VECTOR ( 'NONE', #1452, 1000.000000000000000 ) ;
#1713 = ORIENTED_EDGE ( 'NONE', *, *, #1552, .F. ) ;
#1714 = EDGE_LOOP ( 'NONE', ( #1878, #3334, #435, #1529 ) ) ;
#1715 = ORIENTED_EDGE ( 'NONE', *, *, #1687, .F. ) ;
#1716 = VECTOR ( 'NONE', #3065, 1000.000000000000000 ) ;
#1717 = EDGE_CURVE ( 'NONE', #2558, #3701, #854, .T. ) ;
#1718 = VECTOR ( 'NONE', #2181, 1000.000000000000114 ) ;
#1719 = DIRECTION ( 'NONE',  ( -0.9986295347545741663, 0.05233595624293776311, -0.000000000000000000 ) ) ;
#1720 = VECTOR ( 'NONE', #457, 1000.000000000000000 ) ;
#1721 = DIRECTION ( 'NONE',  ( 1.000000000000000000, 0.000000000000000000, 0.000000000000000000 ) ) ;
#1722 = EDGE_CURVE ( 'NONE', #2329, #2022, #2564, .T. ) ;
#1723 = ORIENTED_EDGE ( 'NONE', *, *, #2925, .F. ) ;
#1724 = ADVANCED_FACE ( 'NONE', ( #2484 ), #2708, .T. ) ;
#1725 = EDGE_CURVE ( 'NONE', #3312, #415, #3320, .T. ) ;
#1726 = EDGE_CURVE ( 'NONE', #3070, #3015, #3037, .T. ) ;
#1727 = LINE ( 'NONE', #2960, #2749 ) ;
#1728 = DIRECTION ( 'NONE',  ( -0.9986295347545741663, -0.05233595624293760351, 0.000000000000000000 ) ) ;
#1729 = FACE_OUTER_BOUND ( 'NONE', #2982, .T. ) ;
#1730 = DIRECTION ( 'NONE',  ( -0.000000000000000000, -0.000000000000000000, -1.000000000000000000 ) ) ;
#1731 = DIRECTION ( 'NONE',  ( -0.000000000000000000, -0.000000000000000000, -1.000000000000000000 ) ) ;
#1732 = MANIFOLD_SOLID_BREP ( 'LPattern1[2]', #1289 ) ;
#1733 = EDGE_LOOP ( 'NONE', ( #3488, #3337, #3777, #1372 ) ) ;
#1734 = AXIS2_PLACEMENT_3D ( 'NONE', #2437, #3005, #3370 ) ;
#1735 = LINE ( 'NONE', #2985, #3169 ) ;
#1736 = DIRECTION ( 'NONE',  ( 0.000000000000000000, 1.000000000000000000, 0.000000000000000000 ) ) ;
#1737 = EDGE_LOOP ( 'NONE', ( #1738, #673, #1841, #1240 ) ) ;
#1738 = ORIENTED_EDGE ( 'NONE', *, *, #2486, .T. ) ;
#1739 = EDGE_LOOP ( 'NONE', ( #347, #873, #1321, #1338 ) ) ;
#1740 = EDGE_CURVE ( 'NONE', #2989, #1433, #728, .T. ) ;
#1741 = AXIS2_PLACEMENT_3D ( 'NONE', #3120, #2833, #312 ) ;
#1742 = DIRECTION ( 'NONE',  ( -1.000000000000000000, 0.000000000000000000, 0.000000000000000000 ) ) ;
#1743 = FACE_OUTER_BOUND ( 'NONE', #2534, .T. ) ;
#1744 = CARTESIAN_POINT ( 'NONE',  ( 2.438747769407769272, 3.333050971609179826E-16, 0.1499999999999999667 ) ) ;
#1745 = ORIENTED_EDGE ( 'NONE', *, *, #1707, .T. ) ;
#1746 = DIRECTION ( 'NONE',  ( -1.000000000000000000, 0.000000000000000000, 0.000000000000000000 ) ) ;
#1747 = CARTESIAN_POINT ( 'NONE',  ( -2.438747769407769272, -5.340566408274855646E-16, -0.5000000000000000000 ) ) ;
#1748 = CYLINDRICAL_SURFACE ( 'NONE', #1069, 0.2649999999999998468 ) ;
#1749 = DIRECTION ( 'NONE',  ( 0.05233595624293760351, -0.9986295347545742773, 0.000000000000000000 ) ) ;
#1750 = ORIENTED_EDGE ( 'NONE', *, *, #1740, .F. ) ;
#1751 = CYLINDRICAL_SURFACE ( 'NONE', #360, 0.2650000000000000688 ) ;
#1752 = CARTESIAN_POINT ( 'NONE',  ( -2.115000000000000657, 0.5000000000000113243, -0.7999999999999999334 ) ) ;
#1753 = EDGE_CURVE ( 'NONE', #3880, #1086, #4054, .T. ) ;
#1754 = ORIENTED_EDGE ( 'NONE', *, *, #3178, .F. ) ;
#1755 = ORIENTED_EDGE ( 'NONE', *, *, #3929, .T. ) ;
#1756 = CARTESIAN_POINT ( 'NONE',  ( 2.449999999999999289, 0.2147053499722340608, -0.5000000000000000000 ) ) ;
#1757 = SURFACE_STYLE_USAGE ( .BOTH. , #3029 ) ;
#1758 = DIRECTION ( 'NONE',  ( -0.000000000000000000, -0.000000000000000000, -1.000000000000000000 ) ) ;
#1759 = FACE_OUTER_BOUND ( 'NONE', #1528, .T. ) ;
#1760 = VERTEX_POINT ( 'NONE', #658 ) ;
#1761 = EDGE_CURVE ( 'NONE', #15, #1305, #1840, .T. ) ;
#1762 = FACE_OUTER_BOUND ( 'NONE', #855, .T. ) ;
#1763 = CYLINDRICAL_SURFACE ( 'NONE', #3647, 0.05000000000000012768 ) ;
#1764 = DIRECTION ( 'NONE',  ( -0.000000000000000000, 1.000000000000000000, -0.000000000000000000 ) ) ;
#1765 = VECTOR ( 'NONE', #2772, 1000.000000000000000 ) ;
#1766 = LINE ( 'NONE', #2726, #3973 ) ;
#1767 = EDGE_CURVE ( 'NONE', #1815, #2989, #843, .T. ) ;
#1768 = PLANE ( 'NONE',  #2851 ) ;
#1769 = STYLED_ITEM ( 'NONE', ( #1059 ), #1647 ) ;
#1770 = PLANE ( 'NONE',  #163 ) ;
#1771 = ORIENTED_EDGE ( 'NONE', *, *, #1911, .F. ) ;
#1772 = ORIENTED_EDGE ( 'NONE', *, *, #1233, .F. ) ;
#1773 = AXIS2_PLACEMENT_3D ( 'NONE', #1667, #858, #1492 ) ;
#1774 = ADVANCED_FACE ( 'NONE', ( #620 ), #3339, .F. ) ;
#1775 = EDGE_CURVE ( 'NONE', #3356, #2794, #1238, .T. ) ;
#1776 = EDGE_CURVE ( 'NONE', #3105, #3991, #1787, .T. ) ;
#1777 = PLANE ( 'NONE',  #2626 ) ;
#1778 = VECTOR ( 'NONE', #204, 1000.000000000000114 ) ;
#1779 = LINE ( 'NONE', #1428, #3028 ) ;
#1780 = ORIENTED_EDGE ( 'NONE', *, *, #826, .F. ) ;
#1781 = VECTOR ( 'NONE', #2195, 1000.000000000000227 ) ;
#1782 = CARTESIAN_POINT ( 'NONE',  ( -1.477402589417877721, 0.7650000000000114486, -1.149999999999999911 ) ) ;
#1783 = DIRECTION ( 'NONE',  ( 1.000000000000000000, 6.195440985631449401E-16, 0.000000000000000000 ) ) ;
#1784 = AXIS2_PLACEMENT_3D ( 'NONE', #592, #322, #917 ) ;
#1785 = ORIENTED_EDGE ( 'NONE', *, *, #1880, .T. ) ;
#1786 = CIRCLE ( 'NONE', #2267, 0.05000000000000012768 ) ;
#1787 = LINE ( 'NONE', #351, #3681 ) ;
#1788 = CARTESIAN_POINT ( 'NONE',  ( -1.500000000000000222, 0.5500000000000113687, -0.1499999999999999667 ) ) ;
#1789 = CARTESIAN_POINT ( 'NONE',  ( -1.477402589417877721, 0.7650000000000114486, 1.149999999999999911 ) ) ;
#1790 = PLANE ( 'NONE',  #205 ) ;
#1791 = AXIS2_PLACEMENT_3D ( 'NONE', #3948, #3637, #1721 ) ;
#1792 = DIRECTION ( 'NONE',  ( 0.000000000000000000, 0.000000000000000000, 1.000000000000000000 ) ) ;
#1793 = CARTESIAN_POINT ( 'NONE',  ( 1.477402589417877277, 0.7650000000000120037, 1.149999999999999911 ) ) ;
#1794 = DIRECTION ( 'NONE',  ( -0.05233595624293218423, -0.9986295347545744994, 0.000000000000000000 ) ) ;
#1795 = ORIENTED_EDGE ( 'NONE', *, *, #1960, .F. ) ;
#1796 = AXIS2_PLACEMENT_3D ( 'NONE', #1033, #3539, #93 ) ;
#1797 = VERTEX_POINT ( 'NONE', #308 ) ;
#1798 = CARTESIAN_POINT ( 'NONE',  ( 1.850000000000000533, 0.5000000000000119904, -0.5000000000000000000 ) ) ;
#1799 = MANIFOLD_SOLID_BREP ( 'Boss-Extrude2', #3175 ) ;
#1800 = DIRECTION ( 'NONE',  ( -0.9986295347545741663, -0.05233595624293795046, 0.000000000000000000 ) ) ;
#1801 = ORIENTED_EDGE ( 'NONE', *, *, #3135, .F. ) ;
#1802 = VECTOR ( 'NONE', #2767, 1000.000000000000000 ) ;
#1803 = DIRECTION ( 'NONE',  ( -0.000000000000000000, -0.000000000000000000, -1.000000000000000000 ) ) ;
#1804 = CARTESIAN_POINT ( 'NONE',  ( 1.850000000000000533, 0.5000000000000119904, 0.7999999999999999334 ) ) ;
#1805 = CARTESIAN_POINT ( 'NONE',  ( -1.457958305893729767, 0.1499999999999999944, 1.457958305893729323 ) ) ;
#1806 = VECTOR ( 'NONE', #1940, 1000.000000000000000 ) ;
#1807 = ORIENTED_EDGE ( 'NONE', *, *, #3314, .T. ) ;
#1808 = CARTESIAN_POINT ( 'NONE',  ( -2.115000000000000213, 0.2797101843677941568, -1.149999999999999911 ) ) ;
#1809 = CARTESIAN_POINT ( 'NONE',  ( -2.450000000000000178, 0.2147053499722332004, 1.149999999999999911 ) ) ;
#1810 = CARTESIAN_POINT ( 'NONE',  ( -2.165000000000000480, 0.2797101843677941568, -1.149999999999999911 ) ) ;
#1811 = ORIENTED_EDGE ( 'NONE', *, *, #705, .F. ) ;
#1812 = CARTESIAN_POINT ( 'NONE',  ( -2.115000000000000657, 0.5000000000000113243, 0.7999999999999999334 ) ) ;
#1813 = CARTESIAN_POINT ( 'NONE',  ( 1.850000000000000089, 0.5500000000000118128, 0.5000000000000000000 ) ) ;
#1814 = EDGE_LOOP ( 'NONE', ( #3941, #1795, #219, #1952, #2144, #2265, #944, #1368, #3390, #1323, #3897, #1715 ) ) ;
#1815 = VERTEX_POINT ( 'NONE', #2213 ) ;
#1816 = DIRECTION ( 'NONE',  ( 1.000000000000000000, -6.195440985631449401E-16, -0.000000000000000000 ) ) ;
#1817 = CARTESIAN_POINT ( 'NONE',  ( 2.449999999999999289, 0.2147053499722340608, 0.5000000000000000000 ) ) ;
#1818 = CARTESIAN_POINT ( 'NONE',  ( 2.162383202187853737, 0.2297787076300663311, 1.149999999999999911 ) ) ;
#1819 = DIRECTION ( 'NONE',  ( -0.000000000000000000, 1.000000000000000000, -0.000000000000000000 ) ) ;
#1820 = EDGE_LOOP ( 'NONE', ( #1771, #838, #2110, #3124, #1248, #2384, #1353, #419, #1696, #1479, #748, #834 ) ) ;
#1821 = ADVANCED_FACE ( 'NONE', ( #2548 ), #2886, .F. ) ;
#1822 = CARTESIAN_POINT ( 'NONE',  ( 2.114999999999999769, 0.2797101843677950450, -0.7999999999999999334 ) ) ;
#1823 = CARTESIAN_POINT ( 'NONE',  ( -1.850000000000000533, 0.5000000000000113243, 1.149999999999999911 ) ) ;
#1824 = CARTESIAN_POINT ( 'NONE',  ( 1.850000000000000089, 0.7650000000000121148, -0.1499999999999999667 ) ) ;
#1825 = CARTESIAN_POINT ( 'NONE',  ( -2.450000000000000178, 0.2147053499722332004, 0.5000000000000000000 ) ) ;
#1826 = VERTEX_POINT ( 'NONE', #1304 ) ;
#1827 = LINE ( 'NONE', #2192, #2272 ) ;
#1828 = CARTESIAN_POINT ( 'NONE',  ( 2.151130971595621499, 0.01507335765783308738, 1.149999999999999911 ) ) ;
#1829 = DIRECTION ( 'NONE',  ( -0.000000000000000000, -0.000000000000000000, -1.000000000000000000 ) ) ;
#1830 = EDGE_CURVE ( 'NONE', #3243, #66, #1047, .T. ) ;
#1831 = UNCERTAINTY_MEASURE_WITH_UNIT (LENGTH_MEASURE( 1.000000000000000082E-05 ), #71, 'distance_accuracy_value', 'NONE');
#1832 = DIRECTION ( 'NONE',  ( 0.9986295347545741663, 0.05233595624293759657, 0.000000000000000000 ) ) ;
#1833 = CARTESIAN_POINT ( 'NONE',  ( -1.850000000000000533, 0.7650000000000113376, -0.7999999999999999334 ) ) ;
#1834 = CIRCLE ( 'NONE', #3741, 0.04999999999999991257 ) ;
#1835 = CARTESIAN_POINT ( 'NONE',  ( 1.499999999999999778, 0.5500000000000120348, -0.7999999999999999334 ) ) ;
#1836 = ORIENTED_EDGE ( 'NONE', *, *, #3351, .T. ) ;
#1837 = ORIENTED_EDGE ( 'NONE', *, *, #3180, .T. ) ;
#1838 = VECTOR ( 'NONE', #2554, 1000.000000000000114 ) ;
#1839 = LINE ( 'NONE', #2156, #1057 ) ;
#1840 = CIRCLE ( 'NONE', #2566, 0.04999999999999991257 ) ;
#1841 = ORIENTED_EDGE ( 'NONE', *, *, #853, .F. ) ;
#1842 = ADVANCED_FACE ( 'NONE', ( #681 ), #2252, .F. ) ;
#1843 = DIRECTION ( 'NONE',  ( 1.000000000000000000, 0.000000000000000000, 0.000000000000000000 ) ) ;
#1844 = AXIS2_PLACEMENT_3D ( 'NONE', #3759, #4052, #573 ) ;
#1845 = FACE_OUTER_BOUND ( 'NONE', #1733, .T. ) ;
#1846 = ADVANCED_FACE ( 'NONE', ( #569 ), #4020, .T. ) ;
#1847 = EDGE_LOOP ( 'NONE', ( #3282, #3045, #1042, #3373 ) ) ;
#1848 = CARTESIAN_POINT ( 'NONE',  ( 1.900000000000000355, 0.2797101843677948230, 0.7999999999999999334 ) ) ;
#1849 = DIRECTION ( 'NONE',  ( -0.1039620511844945444, 0.9891328443778545365, 0.1039620511844945444 ) ) ;
#1850 = EDGE_CURVE ( 'NONE', #2697, #2321, #2795, .T. ) ;
#1851 = DIRECTION ( 'NONE',  ( -1.000000000000000000, 0.000000000000000000, 0.000000000000000000 ) ) ;
#1852 = EDGE_CURVE ( 'NONE', #1053, #1908, #3353, .T. ) ;
#1853 = EDGE_CURVE ( 'NONE', #101, #3940, #3672, .T. ) ;
#1854 = ADVANCED_FACE ( 'NONE', ( #1572 ), #547, .T. ) ;
#1855 = DIRECTION ( 'NONE',  ( -0.000000000000000000, -0.000000000000000000, -1.000000000000000000 ) ) ;
#1856 = VECTOR ( 'NONE', #362, 1000.000000000000000 ) ;
#1857 = DIRECTION ( 'NONE',  ( 0.1045284632676635045, -0.9945218953682721796, -0.000000000000000000 ) ) ;
#1858 = AXIS2_PLACEMENT_3D ( 'NONE', #70, #1633, #1034 ) ;
#1859 = CARTESIAN_POINT ( 'NONE',  ( -1.900000000000000355, 0.2797101843677941568, -0.5000000000000000000 ) ) ;
#1860 = EDGE_LOOP ( 'NONE', ( #554, #2604, #287, #1785 ) ) ;
#1861 = ORIENTED_EDGE ( 'NONE', *, *, #2925, .T. ) ;
#1862 = CARTESIAN_POINT ( 'NONE',  ( -1.050000000000000044, 1.100000000000000089, -1.050000000000000044 ) ) ;
#1863 = LINE ( 'NONE', #1231, #3609 ) ;
#1864 = ORIENTED_EDGE ( 'NONE', *, *, #3917, .T. ) ;
#1865 = VERTEX_POINT ( 'NONE', #1506 ) ;
#1866 = EDGE_CURVE ( 'NONE', #1339, #1115, #1118, .T. ) ;
#1867 = DIRECTION ( 'NONE',  ( 0.05233595624293779780, 0.9986295347545742773, -0.000000000000000000 ) ) ;
#1868 = DIRECTION ( 'NONE',  ( 0.000000000000000000, 0.000000000000000000, 1.000000000000000000 ) ) ;
#1869 = DIRECTION ( 'NONE',  ( -0.000000000000000000, -0.000000000000000000, -1.000000000000000000 ) ) ;
#1870 = VERTEX_POINT ( 'NONE', #1881 ) ;
#1871 = VECTOR ( 'NONE', #169, 1000.000000000000000 ) ;
#1872 = CARTESIAN_POINT ( 'NONE',  ( 1.477402589417877277, 0.7650000000000120037, -0.1499999999999999667 ) ) ;
#1873 = CARTESIAN_POINT ( 'NONE',  ( -1.850000000000000533, 0.5000000000000113243, 0.1499999999999999667 ) ) ;
#1874 = DIRECTION ( 'NONE',  ( 1.000000000000000000, 6.195440985631449401E-16, 0.000000000000000000 ) ) ;
#1875 = CARTESIAN_POINT ( 'NONE',  ( -1.850000000000000533, 0.5500000000000111466, -1.149999999999999911 ) ) ;
#1876 = LINE ( 'NONE', #3139, #472 ) ;
#1877 = LINE ( 'NONE', #341, #3494 ) ;
#1878 = ORIENTED_EDGE ( 'NONE', *, *, #1516, .T. ) ;
#1879 = ORIENTED_EDGE ( 'NONE', *, *, #727, .F. ) ;
#1880 = EDGE_CURVE ( 'NONE', #2883, #3399, #1249, .T. ) ;
#1881 = CARTESIAN_POINT ( 'NONE',  ( -1.850000000000000533, 0.5500000000000111466, 0.7999999999999999334 ) ) ;
#1882 = DIRECTION ( 'NONE',  ( 0.1045284632676635045, -0.9945218953682721796, -0.000000000000000000 ) ) ;
#1883 = ADVANCED_FACE ( 'NONE', ( #3127 ), #3754, .F. ) ;
#1884 = DIRECTION ( 'NONE',  ( -1.000000000000000000, 6.195440985631449401E-16, 0.000000000000000000 ) ) ;
#1885 = VERTEX_POINT ( 'NONE', #2132 ) ;
#1886 = ORIENTED_EDGE ( 'NONE', *, *, #3001, .T. ) ;
#1887 = CARTESIAN_POINT ( 'NONE',  ( -1.477402589417877721, 0.7650000000000114486, 0.1499999999999999667 ) ) ;
#1888 = DIRECTION ( 'NONE',  ( 1.000000000000000000, 1.968683244613767075E-15, -0.000000000000000000 ) ) ;
#1889 = DIRECTION ( 'NONE',  ( -0.000000000000000000, -0.000000000000000000, -1.000000000000000000 ) ) ;
#1890 = EDGE_CURVE ( 'NONE', #471, #2013, #235, .T. ) ;
#1891 = DIRECTION ( 'NONE',  ( 1.000000000000000000, 0.000000000000000000, 0.000000000000000000 ) ) ;
#1892 = VERTEX_POINT ( 'NONE', #2734 ) ;
#1893 = LINE ( 'NONE', #1563, #2769 ) ;
#1894 = DIRECTION ( 'NONE',  ( 1.000000000000000000, 0.000000000000000000, -0.000000000000000000 ) ) ;
#1895 = SURFACE_SIDE_STYLE ('',( #3768 ) ) ;
#1896 = DIRECTION ( 'NONE',  ( 1.000000000000000000, 6.195440985631449401E-16, 0.000000000000000000 ) ) ;
#1897 = CARTESIAN_POINT ( 'NONE',  ( 1.499999999999999778, 0.5500000000000120348, -0.7999999999999999334 ) ) ;
#1898 = CYLINDRICAL_SURFACE ( 'NONE', #2593, 0.04999999999999991257 ) ;
#1899 = EDGE_CURVE ( 'NONE', #1298, #1094, #2461, .T. ) ;
#1900 = CARTESIAN_POINT ( 'NONE',  ( 1.477402589417877277, 0.7650000000000120037, -0.1499999999999999667 ) ) ;
#1901 = VERTEX_POINT ( 'NONE', #590 ) ;
#1902 = DIRECTION ( 'NONE',  ( -1.000000000000000000, 6.195440985631449401E-16, 0.000000000000000000 ) ) ;
#1903 = ORIENTED_EDGE ( 'NONE', *, *, #1776, .T. ) ;
#1904 = ADVANCED_FACE ( 'NONE', ( #899 ), #914, .F. ) ;
#1905 = CARTESIAN_POINT ( 'NONE',  ( 1.850000000000000533, 0.5000000000000119904, 1.149999999999999911 ) ) ;
#1906 = ORIENTED_EDGE ( 'NONE', *, *, #1400, .F. ) ;
#1907 = EDGE_CURVE ( 'NONE', #1951, #3105, #2817, .T. ) ;
#1908 = VERTEX_POINT ( 'NONE', #320 ) ;
#1909 = EDGE_CURVE ( 'NONE', #1097, #612, #3273, .T. ) ;
#1910 = EDGE_CURVE ( 'NONE', #2995, #3265, #528, .T. ) ;
#1911 = EDGE_CURVE ( 'NONE', #2006, #2905, #3556, .T. ) ;
#1912 = AXIS2_PLACEMENT_3D ( 'NONE', #3049, #1819, #1251 ) ;
#1913 = DIRECTION ( 'NONE',  ( 5.906049733841301226E-15, 1.000000000000000000, -0.000000000000000000 ) ) ;
#1914 = DIRECTION ( 'NONE',  ( -1.000000000000000000, 0.000000000000000000, 0.000000000000000000 ) ) ;
#1915 = AXIS2_PLACEMENT_3D ( 'NONE', #627, #1269, #3458 ) ;
#1916 = DIRECTION ( 'NONE',  ( 0.000000000000000000, 0.000000000000000000, 1.000000000000000000 ) ) ;
#1917 = ORIENTED_EDGE ( 'NONE', *, *, #2198, .F. ) ;
#1918 = VECTOR ( 'NONE', #3468, 1000.000000000000000 ) ;
#1919 = DIRECTION ( 'NONE',  ( 0.05233595624293217730, 0.9986295347545744994, -0.000000000000000000 ) ) ;
#1920 = FILL_AREA_STYLE_COLOUR ( '', #3430 ) ;
#1921 = CARTESIAN_POINT ( 'NONE',  ( 1.477402589417877277, 0.7650000000000120037, -0.5000000000000000000 ) ) ;
#1922 = AXIS2_PLACEMENT_3D ( 'NONE', #1145, #2669, #839 ) ;
#1923 = CARTESIAN_POINT ( 'NONE',  ( 1.426605296338450790, 1.248303959645644445, 1.426605296338450568 ) ) ;
#1924 = LINE ( 'NONE', #666, #3367 ) ;
#1925 = LINE ( 'NONE', #314, #337 ) ;
#1926 = CARTESIAN_POINT ( 'NONE',  ( -2.438747769407769272, -5.340566408274855646E-16, -1.149999999999999911 ) ) ;
#1927 = CARTESIAN_POINT ( 'NONE',  ( 0.000000000000000000, 0.1499999999999999944, 0.000000000000000000 ) ) ;
#1928 = DIRECTION ( 'NONE',  ( -0.000000000000000000, -1.000000000000000000, -0.000000000000000000 ) ) ;
#1929 = VECTOR ( 'NONE', #3258, 1000.000000000000114 ) ;
#1930 = VERTEX_POINT ( 'NONE', #3894 ) ;
#1931 = ORIENTED_EDGE ( 'NONE', *, *, #2198, .T. ) ;
#1932 = CIRCLE ( 'NONE', #614, 0.1999999999999999833 ) ;
#1933 = LINE ( 'NONE', #713, #393 ) ;
#1934 = ORIENTED_EDGE ( 'NONE', *, *, #263, .F. ) ;
#1935 = ORIENTED_EDGE ( 'NONE', *, *, #853, .T. ) ;
#1936 = DIRECTION ( 'NONE',  ( 0.1045284632676635045, -0.9945218953682721796, -0.000000000000000000 ) ) ;
#1937 = CARTESIAN_POINT ( 'NONE',  ( 1.900000000000000355, 0.2797101843677948230, -0.1499999999999999667 ) ) ;
#1938 = ORIENTED_EDGE ( 'NONE', *, *, #2281, .F. ) ;
#1939 = CIRCLE ( 'NONE', #2710, 0.2650000000000000688 ) ;
#1940 = DIRECTION ( 'NONE',  ( -0.000000000000000000, -0.000000000000000000, -1.000000000000000000 ) ) ;
#1941 = CARTESIAN_POINT ( 'NONE',  ( 1.900000000000000355, 0.2797101843677948230, 1.149999999999999911 ) ) ;
#1942 = LINE ( 'NONE', #647, #2571 ) ;
#1943 = ORIENTED_EDGE ( 'NONE', *, *, #1055, .T. ) ;
#1944 = AXIS2_PLACEMENT_3D ( 'NONE', #2400, #173, #2106 ) ;
#1945 = CARTESIAN_POINT ( 'NONE',  ( -1.500000000000000222, 0.5500000000000113687, -0.7999999999999999334 ) ) ;
#1946 = PLANE ( 'NONE',  #2059 ) ;
#1947 = LINE ( 'NONE', #631, #3284 ) ;
#1948 = VERTEX_POINT ( 'NONE', #1079 ) ;
#1949 = ORIENTED_EDGE ( 'NONE', *, *, #238, .T. ) ;
#1950 = DIRECTION ( 'NONE',  ( 0.000000000000000000, 0.000000000000000000, -1.000000000000000000 ) ) ;
#1951 = VERTEX_POINT ( 'NONE', #2943 ) ;
#1952 = ORIENTED_EDGE ( 'NONE', *, *, #2846, .F. ) ;
#1953 = DIRECTION ( 'NONE',  ( -1.000000000000000000, 0.000000000000000000, 0.000000000000000000 ) ) ;
#1954 = CARTESIAN_POINT ( 'NONE',  ( 1.499999999999999778, 0.5500000000000113687, 1.499999999999999778 ) ) ;
#1955 = EDGE_CURVE ( 'NONE', #2731, #2341, #3335, .T. ) ;
#1956 = PLANE ( 'NONE',  #2219 ) ;
#1957 = DIRECTION ( 'NONE',  ( -1.000000000000000000, -2.909848919217164945E-16, -0.000000000000000000 ) ) ;
#1958 = UNCERTAINTY_MEASURE_WITH_UNIT (LENGTH_MEASURE( 1.000000000000000082E-05 ), #3279, 'distance_accuracy_value', 'NONE');
#1959 = ORIENTED_EDGE ( 'NONE', *, *, #758, .F. ) ;
#1960 = EDGE_CURVE ( 'NONE', #2644, #1870, #2111, .T. ) ;
#1961 = CARTESIAN_POINT ( 'NONE',  ( -1.050000000000000044, 1.050000000000000044, -1.050000000000000044 ) ) ;
#1962 = ORIENTED_EDGE ( 'NONE', *, *, #1551, .F. ) ;
#1963 = EDGE_LOOP ( 'NONE', ( #3226, #1959, #3570, #1319 ) ) ;
#1964 = CARTESIAN_POINT ( 'NONE',  ( -1.850000000000000533, 0.7650000000000113376, 0.1499999999999999667 ) ) ;
#1965 = ORIENTED_EDGE ( 'NONE', *, *, #397, .F. ) ;
#1966 = ORIENTED_EDGE ( 'NONE', *, *, #3809, .T. ) ;
#1967 = DIRECTION ( 'NONE',  ( -1.000000000000000000, 0.000000000000000000, 0.000000000000000000 ) ) ;
#1968 = AXIS2_PLACEMENT_3D ( 'NONE', #2212, #3451, #642 ) ;
#1969 = DIRECTION ( 'NONE',  ( 0.000000000000000000, 0.000000000000000000, -1.000000000000000000 ) ) ;
#1970 = FACE_OUTER_BOUND ( 'NONE', #2039, .T. ) ;
#1971 = DIRECTION ( 'NONE',  ( 0.000000000000000000, 0.000000000000000000, 1.000000000000000000 ) ) ;
#1972 = CARTESIAN_POINT ( 'NONE',  ( 2.162383202187853737, 0.2297787076300663311, -1.149999999999999911 ) ) ;
#1973 = AXIS2_PLACEMENT_3D ( 'NONE', #1281, #1888, #1538 ) ;
#1974 = ORIENTED_EDGE ( 'NONE', *, *, #4007, .T. ) ;
#1975 = CARTESIAN_POINT ( 'NONE',  ( -2.450000000000000178, 0.2147053499722332004, 0.5000000000000000000 ) ) ;
#1976 = VECTOR ( 'NONE', #3423, 1000.000000000000000 ) ;
#1977 = SURFACE_STYLE_FILL_AREA ( #2922 ) ;
#1978 = FACE_OUTER_BOUND ( 'NONE', #242, .T. ) ;
#1979 = EDGE_CURVE ( 'NONE', #3628, #364, #3566, .T. ) ;
#1980 = CARTESIAN_POINT ( 'NONE',  ( 1.850000000000000533, 0.5000000000000119904, 0.5000000000000000000 ) ) ;
#1981 = ADVANCED_FACE ( 'NONE', ( #2001 ), #3675, .F. ) ;
#1982 = ORIENTED_EDGE ( 'NONE', *, *, #3542, .T. ) ;
#1983 = EDGE_LOOP ( 'NONE', ( #3000, #1025, #1629, #2353 ) ) ;
#1984 = VECTOR ( 'NONE', #60, 1000.000000000000000 ) ;
#1985 = CARTESIAN_POINT ( 'NONE',  ( 2.151130971595621499, 0.01507335765783308738, 1.149999999999999911 ) ) ;
#1986 = MECHANICAL_DESIGN_GEOMETRIC_PRESENTATION_REPRESENTATION (  '', ( #349 ), #3354 ) ;
#1987 = EDGE_LOOP ( 'NONE', ( #3500, #304, #3253, #2958 ) ) ;
#1988 = ORIENTED_EDGE ( 'NONE', *, *, #1830, .F. ) ;
#1989 = CIRCLE ( 'NONE', #1599, 0.2650000000000000688 ) ;
#1990 = CARTESIAN_POINT ( 'NONE',  ( -1.850000000000000533, 0.5500000000000111466, 1.149999999999999911 ) ) ;
#1991 =( NAMED_UNIT ( * ) SI_UNIT ( $, .STERADIAN. ) SOLID_ANGLE_UNIT ( ) );
#1992 = ADVANCED_FACE ( 'NONE', ( #1759 ), #2738, .F. ) ;
#1993 = FACE_OUTER_BOUND ( 'NONE', #3782, .T. ) ;
#1994 =( GEOMETRIC_REPRESENTATION_CONTEXT ( 3 ) GLOBAL_UNCERTAINTY_ASSIGNED_CONTEXT ( ( #894 ) ) GLOBAL_UNIT_ASSIGNED_CONTEXT ( ( #3498, #412, #3239 ) ) REPRESENTATION_CONTEXT ( 'NONE', 'WORKASPACE' ) );
#1995 = DIRECTION ( 'NONE',  ( 1.000000000000000000, 0.000000000000000000, 0.000000000000000000 ) ) ;
#1996 = FACE_OUTER_BOUND ( 'NONE', #276, .T. ) ;
#1997 =( NAMED_UNIT ( * ) SI_UNIT ( $, .STERADIAN. ) SOLID_ANGLE_UNIT ( ) );
#1998 = VECTOR ( 'NONE', #3909, 1000.000000000000000 ) ;
#1999 = DIRECTION ( 'NONE',  ( 1.000000000000000000, 2.909848919217164945E-16, 0.000000000000000000 ) ) ;
#2000 = VERTEX_POINT ( 'NONE', #115 ) ;
#2001 = FACE_OUTER_BOUND ( 'NONE', #3277, .T. ) ;
#2002 = VECTOR ( 'NONE', #1618, 1000.000000000000000 ) ;
#2003 =( LENGTH_UNIT ( ) NAMED_UNIT ( * ) SI_UNIT ( .MILLI., .METRE. ) );
#2004 = DIRECTION ( 'NONE',  ( 0.000000000000000000, 1.000000000000000000, 0.000000000000000000 ) ) ;
#2005 = EDGE_CURVE ( 'NONE', #2449, #2525, #3245, .T. ) ;
#2006 = VERTEX_POINT ( 'NONE', #3544 ) ;
#2007 = ORIENTED_EDGE ( 'NONE', *, *, #2745, .T. ) ;
#2008 = CIRCLE ( 'NONE', #2715, 0.04999999999999991257 ) ;
#2009 = CARTESIAN_POINT ( 'NONE',  ( 2.438747769407769272, 3.333050971609179826E-16, -0.5000000000000000000 ) ) ;
#2010 = VECTOR ( 'NONE', #3459, 1000.000000000000000 ) ;
#2011 = ORIENTED_EDGE ( 'NONE', *, *, #3146, .T. ) ;
#2012 = VERTEX_POINT ( 'NONE', #1369 ) ;
#2013 = VERTEX_POINT ( 'NONE', #2409 ) ;
#2014 = CARTESIAN_POINT ( 'NONE',  ( 2.165000000000000036, 0.2797101843677950450, 0.5000000000000000000 ) ) ;
#2015 =( LENGTH_UNIT ( ) NAMED_UNIT ( * ) SI_UNIT ( .MILLI., .METRE. ) );
#2016 = FACE_OUTER_BOUND ( 'NONE', #3997, .T. ) ;
#2017 = CARTESIAN_POINT ( 'NONE',  ( -2.162383202187853737, 0.2297787076300654707, 0.5000000000000000000 ) ) ;
#2018 = EDGE_CURVE ( 'NONE', #787, #1640, #2921, .T. ) ;
#2019 = DIRECTION ( 'NONE',  ( -0.05233595624293777004, -0.9986295347545742773, 0.000000000000000000 ) ) ;
#2020 = FACE_OUTER_BOUND ( 'NONE', #3875, .T. ) ;
#2021 = DIRECTION ( 'NONE',  ( -1.000000000000000000, 0.000000000000000000, 0.000000000000000000 ) ) ;
#2022 = VERTEX_POINT ( 'NONE', #3012 ) ;
#2023 =( NAMED_UNIT ( * ) SI_UNIT ( $, .STERADIAN. ) SOLID_ANGLE_UNIT ( ) );
#2024 = DIRECTION ( 'NONE',  ( 0.9986295347545741663, -0.05233595624293776311, 0.000000000000000000 ) ) ;
#2025 = VERTEX_POINT ( 'NONE', #751 ) ;
#2026 = VERTEX_POINT ( 'NONE', #724 ) ;
#2027 = EDGE_CURVE ( 'NONE', #3677, #3082, #1058, .T. ) ;
#2028 = ORIENTED_EDGE ( 'NONE', *, *, #2154, .T. ) ;
#2029 = ORIENTED_EDGE ( 'NONE', *, *, #1722, .F. ) ;
#2030 = VERTEX_POINT ( 'NONE', #416 ) ;
#2031 = EDGE_CURVE ( 'NONE', #1815, #3632, #2322, .T. ) ;
#2032 = ADVANCED_FACE ( 'NONE', ( #773 ), #2082, .T. ) ;
#2033 = EDGE_CURVE ( 'NONE', #3026, #787, #2100, .T. ) ;
#2034 = EDGE_CURVE ( 'NONE', #348, #15, #4072, .T. ) ;
#2035 = CARTESIAN_POINT ( 'NONE',  ( -2.162383202187853737, 0.2297787076300651654, 1.149999999999999911 ) ) ;
#2036 = DIRECTION ( 'NONE',  ( -1.000000000000000000, 0.000000000000000000, 0.000000000000000000 ) ) ;
#2037 = AXIS2_PLACEMENT_3D ( 'NONE', #4050, #615, #3208 ) ;
#2038 = SURFACE_STYLE_USAGE ( .BOTH. , #3852 ) ;
#2039 = EDGE_LOOP ( 'NONE', ( #1966, #3714, #1324, #3974 ) ) ;
#2040 = COLOUR_RGB ( '',0.7921568627450980005, 0.8196078431372548767, 0.9333333333333333481 ) ;
#2041 =( NAMED_UNIT ( * ) PLANE_ANGLE_UNIT ( ) SI_UNIT ( $, .RADIAN. ) );
#2042 = FACE_OUTER_BOUND ( 'NONE', #1820, .T. ) ;
#2043 = DIRECTION ( 'NONE',  ( -0.000000000000000000, -0.000000000000000000, -1.000000000000000000 ) ) ;
#2044 = AXIS2_PLACEMENT_3D ( 'NONE', #3317, #2705, #840 ) ;
#2045 = EDGE_CURVE ( 'NONE', #3251, #4005, #946, .T. ) ;
#2046 = ORIENTED_EDGE ( 'NONE', *, *, #2599, .F. ) ;
#2047 = ORIENTED_EDGE ( 'NONE', *, *, #32, .F. ) ;
#2048 = VECTOR ( 'NONE', #2733, 1000.000000000000114 ) ;
#2049 = SURFACE_SIDE_STYLE ('',( #3668 ) ) ;
#2050 = VECTOR ( 'NONE', #1764, 1000.000000000000000 ) ;
#2051 = ORIENTED_EDGE ( 'NONE', *, *, #3400, .F. ) ;
#2052 = ORIENTED_EDGE ( 'NONE', *, *, #730, .F. ) ;
#2053 = VERTEX_POINT ( 'NONE', #2211 ) ;
#2054 = VECTOR ( 'NONE', #609, 1000.000000000000000 ) ;
#2055 = DIRECTION ( 'NONE',  ( -0.9986295347545741663, -0.05233595624293760351, 0.000000000000000000 ) ) ;
#2056 = CIRCLE ( 'NONE', #3287, 0.2649999999999998468 ) ;
#2057 = CARTESIAN_POINT ( 'NONE',  ( -1.477402589417877721, 0.7650000000000114486, 1.149999999999999911 ) ) ;
#2058 = LINE ( 'NONE', #3579, #3040 ) ;
#2059 = AXIS2_PLACEMENT_3D ( 'NONE', #1689, #2285, #3202 ) ;
#2060 = CARTESIAN_POINT ( 'NONE',  ( -1.500000000000000222, 0.5500000000000113687, 0.5000000000000000000 ) ) ;
#2061 = CARTESIAN_POINT ( 'NONE',  ( -2.165000000000000480, 0.2797101843677941568, 0.7999999999999999334 ) ) ;
#2062 = ORIENTED_EDGE ( 'NONE', *, *, #3178, .T. ) ;
#2063 = VECTOR ( 'NONE', #3017, 1000.000000000000000 ) ;
#2064 = CARTESIAN_POINT ( 'NONE',  ( -1.050000000000000044, 1.050000000000000044, -1.050000000000000044 ) ) ;
#2065 = CARTESIAN_POINT ( 'NONE',  ( 2.162383202187853737, 0.2297787076300663311, -0.7999999999999999334 ) ) ;
#2066 = DIRECTION ( 'NONE',  ( -0.000000000000000000, -0.000000000000000000, -1.000000000000000000 ) ) ;
#2067 = LINE ( 'NONE', #2148, #2050 ) ;
#2068 = ORIENTED_EDGE ( 'NONE', *, *, #2459, .F. ) ;
#2069 = ORIENTED_EDGE ( 'NONE', *, *, #2018, .F. ) ;
#2070 = AXIS2_PLACEMENT_3D ( 'NONE', #3103, #1294, #2556 ) ;
#2071 = FACE_OUTER_BOUND ( 'NONE', #223, .T. ) ;
#2072 = DIRECTION ( 'NONE',  ( -1.000000000000000000, 5.906049733841302015E-15, 0.000000000000000000 ) ) ;
#2073 = PLANE ( 'NONE',  #532 ) ;
#2074 = AXIS2_PLACEMENT_3D ( 'NONE', #1157, #1749, #3307 ) ;
#2075 = ORIENTED_EDGE ( 'NONE', *, *, #3902, .F. ) ;
#2076 = VERTEX_POINT ( 'NONE', #1579 ) ;
#2077 = ORIENTED_EDGE ( 'NONE', *, *, #2576, .F. ) ;
#2078 = VECTOR ( 'NONE', #3077, 1000.000000000000000 ) ;
#2079 = CARTESIAN_POINT ( 'NONE',  ( -1.050000000000000044, 1.100000000000000089, -1.250000000000000222 ) ) ;
#2080 = DIRECTION ( 'NONE',  ( -0.000000000000000000, 0.000000000000000000, -1.000000000000000000 ) ) ;
#2081 = ORIENTED_EDGE ( 'NONE', *, *, #808, .T. ) ;
#2082 = CYLINDRICAL_SURFACE ( 'NONE', #2044, 0.2650000000000000688 ) ;
#2083 = EDGE_CURVE ( 'NONE', #2698, #1229, #3450, .T. ) ;
#2084 = ORIENTED_EDGE ( 'NONE', *, *, #3271, .T. ) ;
#2085 = DIRECTION ( 'NONE',  ( -1.000000000000000000, 0.000000000000000000, 0.000000000000000000 ) ) ;
#2086 = DIRECTION ( 'NONE',  ( 0.000000000000000000, 0.000000000000000000, 1.000000000000000000 ) ) ;
#2087 = DIRECTION ( 'NONE',  ( -1.000000000000000000, 0.000000000000000000, 0.000000000000000000 ) ) ;
#2088 = EDGE_CURVE ( 'NONE', #160, #3575, #262, .T. ) ;
#2089 = DIRECTION ( 'NONE',  ( -0.000000000000000000, -0.000000000000000000, -1.000000000000000000 ) ) ;
#2090 = EDGE_CURVE ( 'NONE', #1343, #2477, #2466, .T. ) ;
#2091 = CARTESIAN_POINT ( 'NONE',  ( -1.900000000000000355, 0.5000000000000113243, -0.5000000000000000000 ) ) ;
#2092 = LINE ( 'NONE', #3327, #1609 ) ;
#2093 = DIRECTION ( 'NONE',  ( 0.9945218953682722907, 0.1045284632676635045, -0.000000000000000000 ) ) ;
#2094 = ORIENTED_EDGE ( 'NONE', *, *, #2700, .T. ) ;
#2095 = ORIENTED_EDGE ( 'NONE', *, *, #1400, .T. ) ;
#2096 = FACE_OUTER_BOUND ( 'NONE', #3803, .T. ) ;
#2097 = CARTESIAN_POINT ( 'NONE',  ( -2.438747769407769272, -5.340566408274855646E-16, 0.5000000000000000000 ) ) ;
#2098 = ORIENTED_EDGE ( 'NONE', *, *, #2599, .T. ) ;
#2099 = CYLINDRICAL_SURFACE ( 'NONE', #3278, 0.04999999999999991257 ) ;
#2100 = LINE ( 'NONE', #529, #1508 ) ;
#2101 = VERTEX_POINT ( 'NONE', #641 ) ;
#2102 = CARTESIAN_POINT ( 'NONE',  ( -2.438747769407769272, -5.340566408274855646E-16, -0.7999999999999999334 ) ) ;
#2103 = DIRECTION ( 'NONE',  ( -0.000000000000000000, -0.000000000000000000, -1.000000000000000000 ) ) ;
#2104 = CARTESIAN_POINT ( 'NONE',  ( 2.162383202187853737, 0.2297787076300663311, -0.7999999999999999334 ) ) ;
#2105 = VERTEX_POINT ( 'NONE', #3151 ) ;
#2106 = DIRECTION ( 'NONE',  ( -1.000000000000000000, 0.000000000000000000, 0.000000000000000000 ) ) ;
#2107 = VECTOR ( 'NONE', #2171, 1000.000000000000000 ) ;
#2108 = CARTESIAN_POINT ( 'NONE',  ( -1.900000000000000355, 0.2797101843677941568, 1.149999999999999911 ) ) ;
#2109 = ORIENTED_EDGE ( 'NONE', *, *, #1656, .F. ) ;
#2110 = ORIENTED_EDGE ( 'NONE', *, *, #316, .F. ) ;
#2111 = CIRCLE ( 'NONE', #3747, 0.04999999999999991257 ) ;
#2112 = VECTOR ( 'NONE', #739, 1000.000000000000000 ) ;
#2113 = ORIENTED_EDGE ( 'NONE', *, *, #2871, .F. ) ;
#2114 = CIRCLE ( 'NONE', #2260, 0.2650000000000002354 ) ;
#2115 = LINE ( 'NONE', #3316, #1390 ) ;
#2116 = DIRECTION ( 'NONE',  ( 1.000000000000000000, 0.000000000000000000, 0.000000000000000000 ) ) ;
#2117 = CARTESIAN_POINT ( 'NONE',  ( -2.165000000000000480, 0.2797101843677941568, -0.1499999999999999667 ) ) ;
#2118 = DIRECTION ( 'NONE',  ( -0.000000000000000000, -0.000000000000000000, -1.000000000000000000 ) ) ;
#2119 = ORIENTED_EDGE ( 'NONE', *, *, #2511, .T. ) ;
#2120 = VECTOR ( 'NONE', #1355, 1000.000000000000000 ) ;
#2121 = DIRECTION ( 'NONE',  ( 1.000000000000000000, 2.909848919217164945E-16, 0.000000000000000000 ) ) ;
#2122 = CARTESIAN_POINT ( 'NONE',  ( -1.500000000000000222, 0.5500000000000113687, -0.5000000000000000000 ) ) ;
#2123 = VECTOR ( 'NONE', #2146, 1000.000000000000000 ) ;
#2124 = ORIENTED_EDGE ( 'NONE', *, *, #2701, .F. ) ;
#2125 = FACE_OUTER_BOUND ( 'NONE', #1139, .T. ) ;
#2126 = LINE ( 'NONE', #3939, #48 ) ;
#2127 = ADVANCED_FACE ( 'NONE', ( #2505 ), #1215, .F. ) ;
#2128 = ORIENTED_EDGE ( 'NONE', *, *, #3001, .F. ) ;
#2129 = VECTOR ( 'NONE', #2850, 1000.000000000000114 ) ;
#2130 = ORIENTED_EDGE ( 'NONE', *, *, #888, .T. ) ;
#2131 = FACE_OUTER_BOUND ( 'NONE', #2563, .T. ) ;
#2132 = CARTESIAN_POINT ( 'NONE',  ( 1.850000000000000089, 0.5500000000000118128, -0.7999999999999999334 ) ) ;
#2133 = DIRECTION ( 'NONE',  ( -0.000000000000000000, -0.000000000000000000, -1.000000000000000000 ) ) ;
#2134 = CARTESIAN_POINT ( 'NONE',  ( -1.050000000000000044, 1.050000000000000044, -0.8500000000000001998 ) ) ;
#2135 = VECTOR ( 'NONE', #626, 1000.000000000000114 ) ;
#2136 = ORIENTED_EDGE ( 'NONE', *, *, #452, .T. ) ;
#2137 = VECTOR ( 'NONE', #974, 1000.000000000000000 ) ;
#2138 = CARTESIAN_POINT ( 'NONE',  ( -1.850000000000000533, 0.7650000000000113376, -1.149999999999999911 ) ) ;
#2139 = LINE ( 'NONE', #1558, #3885 ) ;
#2140 = CARTESIAN_POINT ( 'NONE',  ( 2.151130971595621499, 0.01507335765783308738, -0.7999999999999999334 ) ) ;
#2141 = AXIS2_PLACEMENT_3D ( 'NONE', #4040, #389, #2550 ) ;
#2142 = LINE ( 'NONE', #2393, #811 ) ;
#2143 = CARTESIAN_POINT ( 'NONE',  ( -1.900000000000000355, 0.2797101843677941568, 0.5000000000000000000 ) ) ;
#2144 = ORIENTED_EDGE ( 'NONE', *, *, #2742, .F. ) ;
#2145 = ADVANCED_FACE ( 'NONE', ( #2529 ), #329, .F. ) ;
#2146 = DIRECTION ( 'NONE',  ( -0.000000000000000000, -0.000000000000000000, -1.000000000000000000 ) ) ;
#2147 = CARTESIAN_POINT ( 'NONE',  ( 2.165000000000000036, 0.2797101843677950450, 0.7999999999999999334 ) ) ;
#2148 = CARTESIAN_POINT ( 'NONE',  ( -1.050000000000000044, 1.050000000000000044, -0.8500000000000001998 ) ) ;
#2149 = CARTESIAN_POINT ( 'NONE',  ( 1.850000000000000089, 0.5500000000000118128, 0.5000000000000000000 ) ) ;
#2150 = PLANE ( 'NONE',  #3905 ) ;
#2151 = CARTESIAN_POINT ( 'NONE',  ( -2.115000000000000657, 0.5000000000000113243, -0.1499999999999999667 ) ) ;
#2152 = EDGE_LOOP ( 'NONE', ( #383, #2983, #4064, #2313 ) ) ;
#2153 = VERTEX_POINT ( 'NONE', #3132 ) ;
#2154 = EDGE_CURVE ( 'NONE', #2584, #526, #619, .T. ) ;
#2155 = DIRECTION ( 'NONE',  ( 0.000000000000000000, 0.000000000000000000, 1.000000000000000000 ) ) ;
#2156 = CARTESIAN_POINT ( 'NONE',  ( 2.438747769407769272, 3.333050971609179826E-16, 0.5000000000000000000 ) ) ;
#2157 = ORIENTED_EDGE ( 'NONE', *, *, #3588, .F. ) ;
#2158 = LINE ( 'NONE', #239, #3824 ) ;
#2159 = DIRECTION ( 'NONE',  ( -0.000000000000000000, -0.000000000000000000, -1.000000000000000000 ) ) ;
#2160 = DIRECTION ( 'NONE',  ( 1.000000000000000000, 0.000000000000000000, -0.000000000000000000 ) ) ;
#2161 = EDGE_CURVE ( 'NONE', #887, #3632, #306, .T. ) ;
#2162 = EDGE_CURVE ( 'NONE', #3070, #4065, #2182, .T. ) ;
#2163 = EDGE_CURVE ( 'NONE', #3552, #1393, #1446, .T. ) ;
#2164 = EDGE_LOOP ( 'NONE', ( #1660, #1206, #1548, #1278 ) ) ;
#2165 = DIRECTION ( 'NONE',  ( -0.000000000000000000, -0.000000000000000000, -1.000000000000000000 ) ) ;
#2166 = LINE ( 'NONE', #35, #684 ) ;
#2167 = DIRECTION ( 'NONE',  ( -0.000000000000000000, -0.000000000000000000, -1.000000000000000000 ) ) ;
#2168 = CARTESIAN_POINT ( 'NONE',  ( -1.500000000000000222, 0.5500000000000113687, -1.500000000000000222 ) ) ;
#2169 = LINE ( 'NONE', #1566, #632 ) ;
#2170 = UNCERTAINTY_MEASURE_WITH_UNIT (LENGTH_MEASURE( 1.000000000000000082E-05 ), #2389, 'distance_accuracy_value', 'NONE');
#2171 = DIRECTION ( 'NONE',  ( -0.000000000000000000, -0.000000000000000000, -1.000000000000000000 ) ) ;
#2172 = EDGE_CURVE ( 'NONE', #1826, #3719, #2139, .T. ) ;
#2173 = CARTESIAN_POINT ( 'NONE',  ( 2.114999999999999769, 0.2797101843677950450, 0.7999999999999999334 ) ) ;
#2174 = AXIS2_PLACEMENT_3D ( 'NONE', #1211, #2818, #17 ) ;
#2175 = CARTESIAN_POINT ( 'NONE',  ( 1.900000000000000355, 0.2797101843677948230, 1.149999999999999911 ) ) ;
#2176 = VERTEX_POINT ( 'NONE', #574 ) ;
#2177 = ORIENTED_EDGE ( 'NONE', *, *, #1612, .F. ) ;
#2178 = CARTESIAN_POINT ( 'NONE',  ( -1.850000000000000533, 0.5500000000000111466, -0.7999999999999999334 ) ) ;
#2179 = LINE ( 'NONE', #1818, #1327 ) ;
#2180 = CARTESIAN_POINT ( 'NONE',  ( -2.115000000000000213, 0.2797101843677941568, 0.5000000000000000000 ) ) ;
#2182 = CIRCLE ( 'NONE', #199, 0.2649999999999998468 ) ;
#2181 = DIRECTION ( 'NONE',  ( 0.1045284632676635045, -0.9945218953682721796, -0.000000000000000000 ) ) ;
#2183 = ORIENTED_EDGE ( 'NONE', *, *, #758, .T. ) ;
#2184 = DIRECTION ( 'NONE',  ( -0.1039620511844946971, -0.9891328443778545365, 0.1039620511844946971 ) ) ;
#2185 = DIRECTION ( 'NONE',  ( -1.000000000000000000, 0.000000000000000000, 0.000000000000000000 ) ) ;
#2186 = AXIS2_PLACEMENT_3D ( 'NONE', #2482, #1536, #3449 ) ;
#2187 = DIRECTION ( 'NONE',  ( -1.000000000000000000, 0.000000000000000000, 0.000000000000000000 ) ) ;
#2188 = SURFACE_STYLE_USAGE ( .BOTH. , #330 ) ;
#2189 = AXIS2_PLACEMENT_3D ( 'NONE', #41, #1295, #3801 ) ;
#2190 = ORIENTED_EDGE ( 'NONE', *, *, #2295, .F. ) ;
#2191 = COLOUR_RGB ( '',0.7921568627450980005, 0.8196078431372548767, 0.9333333333333333481 ) ;
#2192 = CARTESIAN_POINT ( 'NONE',  ( 2.162383202187853737, 0.2297787076300663311, -0.7999999999999999334 ) ) ;
#2193 = DIRECTION ( 'NONE',  ( -0.000000000000000000, -0.000000000000000000, -1.000000000000000000 ) ) ;
#2194 = EDGE_CURVE ( 'NONE', #1116, #3660, #2693, .T. ) ;
#2195 = DIRECTION ( 'NONE',  ( 0.1045284632676634629, 0.9945218953682721796, 0.000000000000000000 ) ) ;
#2196 = CARTESIAN_POINT ( 'NONE',  ( -2.450000000000000178, 0.2147053499722332004, 0.7999999999999999334 ) ) ;
#2197 = VECTOR ( 'NONE', #155, 1000.000000000000000 ) ;
#2198 = EDGE_CURVE ( 'NONE', #3170, #348, #3072, .T. ) ;
#2199 = DIRECTION ( 'NONE',  ( 0.000000000000000000, 1.000000000000000000, 0.000000000000000000 ) ) ;
#2200 = MECHANICAL_DESIGN_GEOMETRIC_PRESENTATION_REPRESENTATION (  '', ( #1662 ), #1994 ) ;
#2201 = CARTESIAN_POINT ( 'NONE',  ( 2.449999999999999289, 0.2147053499722340608, -1.149999999999999911 ) ) ;
#2202 = VERTEX_POINT ( 'NONE', #4029 ) ;
#2203 = ORIENTED_EDGE ( 'NONE', *, *, #326, .F. ) ;
#2204 = ADVANCED_FACE ( 'NONE', ( #1845 ), #3091, .T. ) ;
#2205 = CARTESIAN_POINT ( 'NONE',  ( -2.162383202187853737, 0.2297787076300654707, 0.7999999999999999334 ) ) ;
#2206 = FACE_OUTER_BOUND ( 'NONE', #971, .T. ) ;
#2207 = ORIENTED_EDGE ( 'NONE', *, *, #517, .T. ) ;
#2208 = ORIENTED_EDGE ( 'NONE', *, *, #3921, .T. ) ;
#2209 = DIRECTION ( 'NONE',  ( -0.000000000000000000, -0.000000000000000000, -1.000000000000000000 ) ) ;
#2210 = CLOSED_SHELL ( 'NONE', ( #1172, #396, #1054, #399, #849, #192, #586, #172, #1992, #448, #2218, #1056, #31, #1158 ) ) ;
#2211 = CARTESIAN_POINT ( 'NONE',  ( -1.900000000000000355, 0.2797101843677941568, 0.7999999999999999334 ) ) ;
#2212 = CARTESIAN_POINT ( 'NONE',  ( -1.850000000000000533, 0.5000000000000113243, 1.149999999999999911 ) ) ;
#2213 = CARTESIAN_POINT ( 'NONE',  ( -2.438747769407769272, -5.340566408274855646E-16, -0.7999999999999999334 ) ) ;
#2214 = DIRECTION ( 'NONE',  ( 0.000000000000000000, 0.000000000000000000, 1.000000000000000000 ) ) ;
#2215 = VECTOR ( 'NONE', #514, 1000.000000000000000 ) ;
#2216 = ORIENTED_EDGE ( 'NONE', *, *, #1717, .F. ) ;
#2217 = LINE ( 'NONE', #2805, #2765 ) ;
#2218 = ADVANCED_FACE ( 'NONE', ( #2483 ), #3734, .F. ) ;
#2219 = AXIS2_PLACEMENT_3D ( 'NONE', #2279, #2454, #3197 ) ;
#2220 = DIRECTION ( 'NONE',  ( -1.000000000000000000, 0.000000000000000000, 0.000000000000000000 ) ) ;
#2221 = CARTESIAN_POINT ( 'NONE',  ( -1.477402589417877721, 0.7650000000000114486, -0.7999999999999999334 ) ) ;
#2222 = LINE ( 'NONE', #1923, #2383 ) ;
#2223 = CARTESIAN_POINT ( 'NONE',  ( -1.850000000000000533, 0.5500000000000111466, 1.149999999999999911 ) ) ;
#2224 = DIRECTION ( 'NONE',  ( -0.1045284632676634906, 0.9945218953682721796, 0.000000000000000000 ) ) ;
#2225 = ADVANCED_FACE ( 'NONE', ( #3114 ), #3576, .F. ) ;
#2226 = CARTESIAN_POINT ( 'NONE',  ( -1.406196170502074905, 1.100000000000000089, 1.442192670603877458 ) ) ;
#2227 = EDGE_CURVE ( 'NONE', #902, #3377, #67, .T. ) ;
#2228 = EDGE_CURVE ( 'NONE', #2542, #2905, #2608, .T. ) ;
#2229 = CARTESIAN_POINT ( 'NONE',  ( 2.438747769407769272, 3.333050971609179826E-16, 0.1499999999999999667 ) ) ;
#2230 = ORIENTED_EDGE ( 'NONE', *, *, #1656, .T. ) ;
#2231 = DIRECTION ( 'NONE',  ( 1.000000000000000000, 0.000000000000000000, 0.000000000000000000 ) ) ;
#2232 = EDGE_LOOP ( 'NONE', ( #3110, #1438, #3640, #3571 ) ) ;
#2233 = DIRECTION ( 'NONE',  ( -1.000000000000000000, -6.195440985631449401E-16, 0.000000000000000000 ) ) ;
#2234 = ORIENTED_EDGE ( 'NONE', *, *, #2423, .T. ) ;
#2235 = ORIENTED_EDGE ( 'NONE', *, *, #2387, .F. ) ;
#2236 = CARTESIAN_POINT ( 'NONE',  ( -1.477402589417877721, 0.7650000000000114486, 0.5000000000000000000 ) ) ;
#2237 = CARTESIAN_POINT ( 'NONE',  ( -1.850000000000000533, 0.7650000000000113376, 0.5000000000000000000 ) ) ;
#2238 = VERTEX_POINT ( 'NONE', #124 ) ;
#2239 = DIRECTION ( 'NONE',  ( 0.05233595624293779780, 0.9986295347545742773, -0.000000000000000000 ) ) ;
#2240 = PLANE ( 'NONE',  #2984 ) ;
#2241 = DIRECTION ( 'NONE',  ( -0.000000000000000000, -0.000000000000000000, -1.000000000000000000 ) ) ;
#2242 = CARTESIAN_POINT ( 'NONE',  ( -1.500000000000000222, 0.5500000000000113687, -1.149999999999999911 ) ) ;
#2243 = CARTESIAN_POINT ( 'NONE',  ( 1.442192670603877458, 1.100000000000000089, 1.406196170502074461 ) ) ;
#2244 = CARTESIAN_POINT ( 'NONE',  ( 1.850000000000000089, 0.7650000000000121148, 0.5000000000000000000 ) ) ;
#2245 = EDGE_LOOP ( 'NONE', ( #2007, #237, #1917, #3010 ) ) ;
#2246 = EDGE_LOOP ( 'NONE', ( #3732, #331, #1634, #318 ) ) ;
#2247 = CIRCLE ( 'NONE', #2684, 0.05000000000000012768 ) ;
#2248 = CARTESIAN_POINT ( 'NONE',  ( 1.850000000000000089, 0.5500000000000118128, -0.5000000000000000000 ) ) ;
#2249 = ORIENTED_EDGE ( 'NONE', *, *, #2908, .F. ) ;
#2250 = ORIENTED_EDGE ( 'NONE', *, *, #1011, .F. ) ;
#2251 = CARTESIAN_POINT ( 'NONE',  ( -1.850000000000000533, 0.5000000000000113243, 0.5000000000000000000 ) ) ;
#2252 = PLANE ( 'NONE',  #402 ) ;
#2253 = VECTOR ( 'NONE', #958, 1000.000000000000114 ) ;
#2254 = VERTEX_POINT ( 'NONE', #702 ) ;
#2255 = PLANE ( 'NONE',  #3511 ) ;
#2256 =( LENGTH_UNIT ( ) NAMED_UNIT ( * ) SI_UNIT ( .MILLI., .METRE. ) );
#2257 = VECTOR ( 'NONE', #3113, 1000.000000000000000 ) ;
#2258 = DIRECTION ( 'NONE',  ( 0.000000000000000000, 0.000000000000000000, 1.000000000000000000 ) ) ;
#2259 = CARTESIAN_POINT ( 'NONE',  ( -2.115000000000000213, 0.2797101843677941568, -0.5000000000000000000 ) ) ;
#2260 = AXIS2_PLACEMENT_3D ( 'NONE', #1810, #245, #3020 ) ;
#2261 = CARTESIAN_POINT ( 'NONE',  ( -2.151130971595622388, 0.01507335765783184012, 0.1499999999999999667 ) ) ;
#2262 = FACE_OUTER_BOUND ( 'NONE', #3487, .T. ) ;
#2263 = LINE ( 'NONE', #3439, #3952 ) ;
#2264 = VECTOR ( 'NONE', #820, 1000.000000000000227 ) ;
#2265 = ORIENTED_EDGE ( 'NONE', *, *, #149, .F. ) ;
#2266 = EDGE_LOOP ( 'NONE', ( #2429, #3667, #234, #656 ) ) ;
#2267 = AXIS2_PLACEMENT_3D ( 'NONE', #3936, #198, #2036 ) ;
#2268 = ADVANCED_FACE ( 'NONE', ( #3863 ), #3828, .T. ) ;
#2269 = DIRECTION ( 'NONE',  ( 1.968683244613767075E-15, -1.000000000000000000, 0.000000000000000000 ) ) ;
#2270 = ORIENTED_EDGE ( 'NONE', *, *, #34, .T. ) ;
#2271 = ORIENTED_EDGE ( 'NONE', *, *, #384, .F. ) ;
#2272 = VECTOR ( 'NONE', #581, 1000.000000000000114 ) ;
#2273 = LINE ( 'NONE', #3514, #2335 ) ;
#2274 = LINE ( 'NONE', #2932, #2640 ) ;
#2275 = EDGE_CURVE ( 'NONE', #2764, #1053, #2274, .T. ) ;
#2276 = DIRECTION ( 'NONE',  ( -1.000000000000000000, 0.000000000000000000, 0.000000000000000000 ) ) ;
#2277 = ORIENTED_EDGE ( 'NONE', *, *, #3919, .F. ) ;
#2278 = VECTOR ( 'NONE', #979, 1000.000000000000000 ) ;
#2279 = CARTESIAN_POINT ( 'NONE',  ( -2.115000000000000657, 0.5000000000000113243, -0.7999999999999999334 ) ) ;
#2280 = AXIS2_PLACEMENT_3D ( 'NONE', #170, #1461, #1200 ) ;
#2281 = EDGE_CURVE ( 'NONE', #883, #3179, #674, .T. ) ;
#2282 = DIRECTION ( 'NONE',  ( -0.000000000000000000, -0.000000000000000000, -1.000000000000000000 ) ) ;
#2283 = VERTEX_POINT ( 'NONE', #427 ) ;
#2284 = VECTOR ( 'NONE', #3454, 1000.000000000000000 ) ;
#2285 = DIRECTION ( 'NONE',  ( -0.000000000000000000, -0.1045284632676504316, -0.9945218953682737340 ) ) ;
#2286 = VERTEX_POINT ( 'NONE', #2310 ) ;
#2287 = ORIENTED_EDGE ( 'NONE', *, *, #3613, .F. ) ;
#2288 = DIRECTION ( 'NONE',  ( 0.000000000000000000, 0.000000000000000000, 1.000000000000000000 ) ) ;
#2289 = ORIENTED_EDGE ( 'NONE', *, *, #2759, .T. ) ;
#2290 = DIRECTION ( 'NONE',  ( 1.000000000000000000, 0.000000000000000000, 0.000000000000000000 ) ) ;
#2291 = ORIENTED_EDGE ( 'NONE', *, *, #3002, .F. ) ;
#2292 = CARTESIAN_POINT ( 'NONE',  ( -1.850000000000000533, 0.7650000000000113376, -0.7999999999999999334 ) ) ;
#2293 = SURFACE_STYLE_USAGE ( .BOTH. , #4073 ) ;
#2294 = CARTESIAN_POINT ( 'NONE',  ( 2.114999999999999769, 0.2797101843677950450, -0.5000000000000000000 ) ) ;
#2295 = EDGE_CURVE ( 'NONE', #3880, #2549, #388, .T. ) ;
#2296 = EDGE_CURVE ( 'NONE', #1275, #3552, #1070, .T. ) ;
#2297 = EDGE_CURVE ( 'NONE', #835, #2964, #1679, .T. ) ;
#2298 = CARTESIAN_POINT ( 'NONE',  ( 2.438747769407769272, 3.333050971609179826E-16, -0.1499999999999999667 ) ) ;
#2299 = CARTESIAN_POINT ( 'NONE',  ( -1.900000000000000355, 0.2797101843677941568, 0.1499999999999999667 ) ) ;
#2300 = UNCERTAINTY_MEASURE_WITH_UNIT (LENGTH_MEASURE( 1.000000000000000082E-05 ), #2783, 'distance_accuracy_value', 'NONE');
#2301 = VERTEX_POINT ( 'NONE', #3254 ) ;
#2302 = CARTESIAN_POINT ( 'NONE',  ( 2.115000000000000657, 0.5000000000000121014, 0.1499999999999999667 ) ) ;
#2303 = CARTESIAN_POINT ( 'NONE',  ( -2.165000000000000480, 0.2797101843677941568, 0.5000000000000000000 ) ) ;
#2304 = FACE_OUTER_BOUND ( 'NONE', #2665, .T. ) ;
#2305 = ORIENTED_EDGE ( 'NONE', *, *, #1516, .F. ) ;
#2306 = ORIENTED_EDGE ( 'NONE', *, *, #2027, .T. ) ;
#2307 = ADVANCED_FACE ( 'NONE', ( #2951 ), #1303, .F. ) ;
#2308 = CARTESIAN_POINT ( 'NONE',  ( -2.115000000000000657, 0.5000000000000113243, -1.149999999999999911 ) ) ;
#2309 = EDGE_LOOP ( 'NONE', ( #1205, #2355, #579, #3591 ) ) ;
#2310 = CARTESIAN_POINT ( 'NONE',  ( 2.162383202187853737, 0.2297787076300663311, -1.149999999999999911 ) ) ;
#2311 = CARTESIAN_POINT ( 'NONE',  ( 2.162383202187853737, 0.2297787076300663311, 1.149999999999999911 ) ) ;
#2312 = AXIS2_PLACEMENT_3D ( 'NONE', #117, #3247, #1690 ) ;
#2313 = ORIENTED_EDGE ( 'NONE', *, *, #3350, .T. ) ;
#2314 = VECTOR ( 'NONE', #2899, 1000.000000000000000 ) ;
#2315 = FACE_OUTER_BOUND ( 'NONE', #3088, .T. ) ;
#2316 = EDGE_CURVE ( 'NONE', #303, #2283, #3807, .T. ) ;
#2317 = CARTESIAN_POINT ( 'NONE',  ( -1.050000000000000044, 1.050000000000000044, -1.250000000000000222 ) ) ;
#2318 = CARTESIAN_POINT ( 'NONE',  ( 1.900000000000000355, 0.2797101843677948230, 0.5000000000000000000 ) ) ;
#2319 = CARTESIAN_POINT ( 'NONE',  ( 1.477402589417877277, 0.7650000000000120037, 1.149999999999999911 ) ) ;
#2320 =( GEOMETRIC_REPRESENTATION_CONTEXT ( 3 ) GLOBAL_UNCERTAINTY_ASSIGNED_CONTEXT ( ( #721 ) ) GLOBAL_UNIT_ASSIGNED_CONTEXT ( ( #2015, #1071, #1991 ) ) REPRESENTATION_CONTEXT ( 'NONE', 'WORKASPACE' ) );
#2321 = VERTEX_POINT ( 'NONE', #1346 ) ;
#2322 = LINE ( 'NONE', #2639, #2633 ) ;
#2323 = VECTOR ( 'NONE', #1642, 1000.000000000000114 ) ;
#2324 = CARTESIAN_POINT ( 'NONE',  ( -2.115000000000000657, 0.5000000000000113243, 0.5000000000000000000 ) ) ;
#2325 = DIRECTION ( 'NONE',  ( -0.1039620511844945444, -0.9891328443778545365, -0.1039620511844945444 ) ) ;
#2326 = CYLINDRICAL_SURFACE ( 'NONE', #134, 0.04999999999999991257 ) ;
#2327 = ORIENTED_EDGE ( 'NONE', *, *, #2711, .F. ) ;
#2328 = EDGE_CURVE ( 'NONE', #762, #521, #3084, .T. ) ;
#2329 = VERTEX_POINT ( 'NONE', #2292 ) ;
#2330 = CIRCLE ( 'NONE', #3153, 0.2650000000000000688 ) ;
#2331 = LINE ( 'NONE', #1693, #332 ) ;
#2332 = ORIENTED_EDGE ( 'NONE', *, *, #603, .F. ) ;
#2333 = EDGE_CURVE ( 'NONE', #1053, #214, #3493, .T. ) ;
#2334 = EDGE_LOOP ( 'NONE', ( #2077, #4012, #2249, #1392, #50, #3866, #1601, #3249, #1038, #3695, #1576, #683 ) ) ;
#2335 = VECTOR ( 'NONE', #3467, 1000.000000000000000 ) ;
#2336 = DIRECTION ( 'NONE',  ( 0.000000000000000000, -0.000000000000000000, 1.000000000000000000 ) ) ;
#2337 = CARTESIAN_POINT ( 'NONE',  ( 2.438747769407769272, 3.333050971609179826E-16, -0.1499999999999999667 ) ) ;
#2338 = ADVANCED_FACE ( 'NONE', ( #680 ), #372, .T. ) ;
#2339 = CARTESIAN_POINT ( 'NONE',  ( -2.162383202187853737, 0.2297787076300654707, -0.1499999999999999667 ) ) ;
#2340 = AXIS2_PLACEMENT_3D ( 'NONE', #3961, #1424, #832 ) ;
#2341 = VERTEX_POINT ( 'NONE', #1541 ) ;
#2342 = CARTESIAN_POINT ( 'NONE',  ( 1.477402589417877277, 0.7650000000000120037, -0.5000000000000000000 ) ) ;
#2343 = PLANE ( 'NONE',  #3357 ) ;
#2344 = ORIENTED_EDGE ( 'NONE', *, *, #1010, .T. ) ;
#2345 = EDGE_CURVE ( 'NONE', #494, #1570, #580, .T. ) ;
#2346 = ORIENTED_EDGE ( 'NONE', *, *, #630, .F. ) ;
#2347 = AXIS2_PLACEMENT_3D ( 'NONE', #1462, #1100, #831 ) ;
#2348 = EDGE_CURVE ( 'NONE', #3179, #101, #3976, .T. ) ;
#2349 = EDGE_CURVE ( 'NONE', #2283, #2995, #599, .T. ) ;
#2350 = ADVANCED_FACE ( 'NONE', ( #1207 ), #3690, .T. ) ;
#2351 = ADVANCED_FACE ( 'NONE', ( #2131 ), #3374, .T. ) ;
#2352 = VECTOR ( 'NONE', #3310, 1000.000000000000000 ) ;
#2353 = ORIENTED_EDGE ( 'NONE', *, *, #2296, .T. ) ;
#2354 = ORIENTED_EDGE ( 'NONE', *, *, #2974, .T. ) ;
#2355 = ORIENTED_EDGE ( 'NONE', *, *, #34, .F. ) ;
#2356 = CARTESIAN_POINT ( 'NONE',  ( -2.151130971595622388, 0.01507335765783184012, 1.149999999999999911 ) ) ;
#2357 = PLANE ( 'NONE',  #602 ) ;
#2358 = EDGE_CURVE ( 'NONE', #2794, #2202, #856, .T. ) ;
#2359 = CARTESIAN_POINT ( 'NONE',  ( 2.438747769407769272, 3.333050971609179826E-16, 0.7999999999999999334 ) ) ;
#2360 =( NAMED_UNIT ( * ) PLANE_ANGLE_UNIT ( ) SI_UNIT ( $, .RADIAN. ) );
#2361 = CARTESIAN_POINT ( 'NONE',  ( 2.115000000000000657, 0.5000000000000121014, -0.7999999999999999334 ) ) ;
#2362 = ORIENTED_EDGE ( 'NONE', *, *, #870, .F. ) ;
#2363 = PRESENTATION_STYLE_ASSIGNMENT (( #437 ) ) ;
#2364 = CARTESIAN_POINT ( 'NONE',  ( 2.115000000000000657, 0.5000000000000121014, -0.1499999999999999667 ) ) ;
#2365 = LINE ( 'NONE', #2980, #1540 ) ;
#2366 = ORIENTED_EDGE ( 'NONE', *, *, #326, .T. ) ;
#2367 = ORIENTED_EDGE ( 'NONE', *, *, #3588, .T. ) ;
#2368 = CARTESIAN_POINT ( 'NONE',  ( 1.850000000000000533, 0.5000000000000119904, 1.149999999999999911 ) ) ;
#2369 = ORIENTED_EDGE ( 'NONE', *, *, #3205, .T. ) ;
#2370 = ORIENTED_EDGE ( 'NONE', *, *, #3400, .T. ) ;
#2371 = EDGE_LOOP ( 'NONE', ( #1982, #460, #3727, #1493 ) ) ;
#2372 = CARTESIAN_POINT ( 'NONE',  ( 1.900000000000000355, 0.2797101843677948230, -0.7999999999999999334 ) ) ;
#2373 = VECTOR ( 'NONE', #444, 1000.000000000000114 ) ;
#2374 = VERTEX_POINT ( 'NONE', #3617 ) ;
#2375 = VECTOR ( 'NONE', #3855, 1000.000000000000000 ) ;
#2376 = FACE_OUTER_BOUND ( 'NONE', #386, .T. ) ;
#2377 = DIRECTION ( 'NONE',  ( 0.1045284632676634629, 0.9945218953682721796, 0.000000000000000000 ) ) ;
#2378 = AXIS2_PLACEMENT_3D ( 'NONE', #2776, #4049, #2155 ) ;
#2379 = ORIENTED_EDGE ( 'NONE', *, *, #2511, .F. ) ;
#2380 = ORIENTED_EDGE ( 'NONE', *, *, #1012, .T. ) ;
#2381 = VECTOR ( 'NONE', #550, 1000.000000000000000 ) ;
#2382 = SURFACE_STYLE_USAGE ( .BOTH. , #2049 ) ;
#2383 = VECTOR ( 'NONE', #3159, 1000.000000000000114 ) ;
#2384 = ORIENTED_EDGE ( 'NONE', *, *, #736, .F. ) ;
#2385 = ORIENTED_EDGE ( 'NONE', *, *, #3538, .T. ) ;
#2386 = ORIENTED_EDGE ( 'NONE', *, *, #2412, .T. ) ;
#2387 = EDGE_CURVE ( 'NONE', #2254, #2000, #2115, .T. ) ;
#2388 = PRESENTATION_LAYER_ASSIGNMENT (  '', '', ( #3692 ) ) ;
#2389 =( LENGTH_UNIT ( ) NAMED_UNIT ( * ) SI_UNIT ( .MILLI., .METRE. ) );
#2390 = VECTOR ( 'NONE', #2555, 1000.000000000000000 ) ;
#2391 = ADVANCED_FACE ( 'NONE', ( #2408 ), #144, .F. ) ;
#2392 = CARTESIAN_POINT ( 'NONE',  ( 2.162383202187853737, 0.2297787076300663311, 1.149999999999999911 ) ) ;
#2393 = CARTESIAN_POINT ( 'NONE',  ( 2.114999999999999769, 0.2797101843677950450, 1.149999999999999911 ) ) ;
#2394 = DIRECTION ( 'NONE',  ( -5.906049733841302015E-15, -1.000000000000000000, 0.000000000000000000 ) ) ;
#2395 = ORIENTED_EDGE ( 'NONE', *, *, #4047, .F. ) ;
#2396 = DIRECTION ( 'NONE',  ( 0.000000000000000000, 0.1045284632676502790, -0.9945218953682737340 ) ) ;
#2397 = DIRECTION ( 'NONE',  ( 0.000000000000000000, 0.000000000000000000, 1.000000000000000000 ) ) ;
#2398 = FILL_AREA_STYLE ('',( #1133 ) ) ;
#2399 = ORIENTED_EDGE ( 'NONE', *, *, #123, .F. ) ;
#2400 = CARTESIAN_POINT ( 'NONE',  ( -2.165000000000000480, 0.2797101843677941568, -0.1499999999999999667 ) ) ;
#2401 = CARTESIAN_POINT ( 'NONE',  ( -1.477402589417877721, 0.7650000000000114486, 0.5000000000000000000 ) ) ;
#2402 = CARTESIAN_POINT ( 'NONE',  ( 1.850000000000000533, 0.5000000000000119904, -0.7999999999999999334 ) ) ;
#2403 = ORIENTED_EDGE ( 'NONE', *, *, #3281, .T. ) ;
#2404 = ORIENTED_EDGE ( 'NONE', *, *, #2502, .F. ) ;
#2405 = AXIS2_PLACEMENT_3D ( 'NONE', #908, #2167, #3137 ) ;
#2406 = CYLINDRICAL_SURFACE ( 'NONE', #1522, 0.2650000000000000688 ) ;
#2407 = ORIENTED_EDGE ( 'NONE', *, *, #2194, .F. ) ;
#2408 = FACE_OUTER_BOUND ( 'NONE', #3531, .T. ) ;
#2409 = CARTESIAN_POINT ( 'NONE',  ( 1.900000000000000355, 0.5000000000000119904, -1.149999999999999911 ) ) ;
#2410 = CARTESIAN_POINT ( 'NONE',  ( -2.115000000000000657, 0.5000000000000113243, -0.1499999999999999667 ) ) ;
#2411 = ORIENTED_EDGE ( 'NONE', *, *, #442, .T. ) ;
#2412 = EDGE_CURVE ( 'NONE', #2283, #2785, #496, .T. ) ;
#2413 = DIRECTION ( 'NONE',  ( 1.000000000000000000, 0.000000000000000000, 0.000000000000000000 ) ) ;
#2414 = LINE ( 'NONE', #1435, #3230 ) ;
#2415 = DIRECTION ( 'NONE',  ( -0.05233595624293620185, 0.9986295347545743883, 0.000000000000000000 ) ) ;
#2416 = CARTESIAN_POINT ( 'NONE',  ( -2.450000000000000178, 0.2147053499722332004, 1.149999999999999911 ) ) ;
#2417 = LINE ( 'NONE', #812, #3778 ) ;
#2418 = FILL_AREA_STYLE ('',( #3630 ) ) ;
#2419 = DIRECTION ( 'NONE',  ( 1.000000000000000000, 6.195440985631449401E-16, 0.000000000000000000 ) ) ;
#2420 = FACE_OUTER_BOUND ( 'NONE', #2266, .T. ) ;
#2421 = EDGE_LOOP ( 'NONE', ( #2084, #2235, #866, #2562 ) ) ;
#2422 = VERTEX_POINT ( 'NONE', #3908 ) ;
#2423 = EDGE_CURVE ( 'NONE', #490, #3574, #799, .T. ) ;
#2424 = DIRECTION ( 'NONE',  ( 1.000000000000000000, 0.000000000000000000, 0.000000000000000000 ) ) ;
#2425 = LINE ( 'NONE', #3087, #1718 ) ;
#2426 = EDGE_LOOP ( 'NONE', ( #1333, #2496, #4070, #912 ) ) ;
#2427 = DIRECTION ( 'NONE',  ( 0.05233595624293620185, -0.9986295347545742773, 0.000000000000000000 ) ) ;
#2428 = CARTESIAN_POINT ( 'NONE',  ( 2.115000000000000657, 0.5000000000000121014, 0.5000000000000000000 ) ) ;
#2429 = ORIENTED_EDGE ( 'NONE', *, *, #2576, .T. ) ;
#2430 = ADVANCED_FACE ( 'NONE', ( #1091 ), #2357, .F. ) ;
#2431 = DIRECTION ( 'NONE',  ( -0.000000000000000000, -0.000000000000000000, -1.000000000000000000 ) ) ;
#2432 = CARTESIAN_POINT ( 'NONE',  ( -2.438747769407769272, -5.340566408274855646E-16, -0.5000000000000000000 ) ) ;
#2433 = VECTOR ( 'NONE', #1360, 1000.000000000000000 ) ;
#2434 = ORIENTED_EDGE ( 'NONE', *, *, #6, .F. ) ;
#2435 = CARTESIAN_POINT ( 'NONE',  ( 2.165000000000000036, 0.2797101843677950450, -0.5000000000000000000 ) ) ;
#2436 = VECTOR ( 'NONE', #2507, 1000.000000000000000 ) ;
#2437 = CARTESIAN_POINT ( 'NONE',  ( 2.165000000000000036, 0.2797101843677950450, 1.149999999999999911 ) ) ;
#2438 = PLANE ( 'NONE',  #1265 ) ;
#2439 = VERTEX_POINT ( 'NONE', #2704 ) ;
#2440 = EDGE_LOOP ( 'NONE', ( #2136, #2740, #2380, #982, #2793, #1571, #3942, #3143, #1487, #3958, #1691, #3412 ) ) ;
#2441 = VECTOR ( 'NONE', #436, 1000.000000000000000 ) ;
#2442 = DIRECTION ( 'NONE',  ( 1.000000000000000000, -6.195440985631449401E-16, -0.000000000000000000 ) ) ;
#2443 = CIRCLE ( 'NONE', #2757, 0.05000000000000012768 ) ;
#2444 = ADVANCED_FACE ( 'NONE', ( #3295 ), #1414, .F. ) ;
#2445 = ORIENTED_EDGE ( 'NONE', *, *, #3351, .F. ) ;
#2446 = AXIS2_PLACEMENT_3D ( 'NONE', #2541, #2792, #960 ) ;
#2447 = DIRECTION ( 'NONE',  ( -0.9986295347545741663, 0.05233595624293779086, 0.000000000000000000 ) ) ;
#2448 = DIRECTION ( 'NONE',  ( -1.000000000000000000, 0.000000000000000000, 0.000000000000000000 ) ) ;
#2449 = VERTEX_POINT ( 'NONE', #1782 ) ;
#2450 = AXIS2_PLACEMENT_3D ( 'NONE', #2061, #1432, #3949 ) ;
#2451 = CARTESIAN_POINT ( 'NONE',  ( -1.850000000000000533, 0.7650000000000113376, -0.5000000000000000000 ) ) ;
#2452 = DIRECTION ( 'NONE',  ( -0.000000000000000000, -0.000000000000000000, -1.000000000000000000 ) ) ;
#2453 = PLANE ( 'NONE',  #495 ) ;
#2454 = DIRECTION ( 'NONE',  ( 1.000000000000000000, 1.968683244613767075E-15, -0.000000000000000000 ) ) ;
#2455 = ADVANCED_FACE ( 'NONE', ( #1743 ), #2099, .F. ) ;
#2456 = ORIENTED_EDGE ( 'NONE', *, *, #3713, .F. ) ;
#2457 = ORIENTED_EDGE ( 'NONE', *, *, #3612, .F. ) ;
#2458 = EDGE_CURVE ( 'NONE', #3924, #537, #4013, .T. ) ;
#2459 = EDGE_CURVE ( 'NONE', #2603, #1086, #1429, .T. ) ;
#2460 = EDGE_CURVE ( 'NONE', #589, #762, #3715, .T. ) ;
#2461 = LINE ( 'NONE', #3711, #2755 ) ;
#2462 = CARTESIAN_POINT ( 'NONE',  ( -1.477402589417877721, 0.7650000000000114486, -0.5000000000000000000 ) ) ;
#2463 = ORIENTED_EDGE ( 'NONE', *, *, #373, .T. ) ;
#2464 = AXIS2_PLACEMENT_3D ( 'NONE', #3383, #3767, #891 ) ;
#2465 = LINE ( 'NONE', #1887, #1976 ) ;
#2466 = LINE ( 'NONE', #1256, #1711 ) ;
#2467 = CARTESIAN_POINT ( 'NONE',  ( 2.114999999999999769, 0.2797101843677950450, 0.5000000000000000000 ) ) ;
#2468 = DIRECTION ( 'NONE',  ( 0.9986295347545743883, 0.05233595624293620185, -0.000000000000000000 ) ) ;
#2469 = ORIENTED_EDGE ( 'NONE', *, *, #1717, .T. ) ;
#2470 = EDGE_CURVE ( 'NONE', #3607, #3389, #884, .T. ) ;
#2471 = DIRECTION ( 'NONE',  ( 0.000000000000000000, -0.000000000000000000, 1.000000000000000000 ) ) ;
#2472 = LINE ( 'NONE', #2744, #2137 ) ;
#2473 = DIRECTION ( 'NONE',  ( -0.000000000000000000, -0.000000000000000000, -1.000000000000000000 ) ) ;
#2474 = LINE ( 'NONE', #3724, #886 ) ;
#2475 = DIRECTION ( 'NONE',  ( -0.9945218953682737340, 0.1045284632676502790, 0.000000000000000000 ) ) ;
#2476 = LINE ( 'NONE', #2243, #3106 ) ;
#2477 = VERTEX_POINT ( 'NONE', #3052 ) ;
#2478 = ORIENTED_EDGE ( 'NONE', *, *, #700, .T. ) ;
#2479 = CARTESIAN_POINT ( 'NONE',  ( 1.900000000000000355, 0.2797101843677948230, -0.1499999999999999667 ) ) ;
#2480 = DIRECTION ( 'NONE',  ( -1.000000000000000000, -2.909848919217164945E-16, 0.000000000000000000 ) ) ;
#2481 = ORIENTED_EDGE ( 'NONE', *, *, #2458, .T. ) ;
#2482 = CARTESIAN_POINT ( 'NONE',  ( 1.850000000000000089, 0.5500000000000118128, -0.7999999999999999334 ) ) ;
#2483 = FACE_OUTER_BOUND ( 'NONE', #2245, .T. ) ;
#2484 = FACE_OUTER_BOUND ( 'NONE', #178, .T. ) ;
#2485 = DIRECTION ( 'NONE',  ( -0.05233595624293620185, 0.9986295347545743883, 0.000000000000000000 ) ) ;
#2486 = EDGE_CURVE ( 'NONE', #3528, #1229, #2465, .T. ) ;
#2487 = EDGE_LOOP ( 'NONE', ( #1886, #484, #2456, #2208 ) ) ;
#2488 = FACE_OUTER_BOUND ( 'NONE', #2426, .T. ) ;
#2489 = CARTESIAN_POINT ( 'NONE',  ( -1.900000000000000355, 0.2797101843677941568, -0.7999999999999999334 ) ) ;
#2490 = FACE_OUTER_BOUND ( 'NONE', #2866, .T. ) ;
#2491 = CARTESIAN_POINT ( 'NONE',  ( 1.850000000000000533, 0.5000000000000119904, -0.1499999999999999667 ) ) ;
#2492 = LINE ( 'NONE', #3388, #2278 ) ;
#2493 = VECTOR ( 'NONE', #3533, 1000.000000000000000 ) ;
#2494 = DIRECTION ( 'NONE',  ( -0.000000000000000000, -0.000000000000000000, -1.000000000000000000 ) ) ;
#2495 = ORIENTED_EDGE ( 'NONE', *, *, #1910, .F. ) ;
#2496 = ORIENTED_EDGE ( 'NONE', *, *, #75, .F. ) ;
#2497 = CARTESIAN_POINT ( 'NONE',  ( -1.050000000000000044, 1.100000000000000089, -1.050000000000000044 ) ) ;
#2498 = CARTESIAN_POINT ( 'NONE',  ( 1.850000000000000089, 0.7650000000000121148, -0.7999999999999999334 ) ) ;
#2499 = AXIS2_PLACEMENT_3D ( 'NONE', #3108, #3068, #252 ) ;
#2500 = ORIENTED_EDGE ( 'NONE', *, *, #269, .F. ) ;
#2501 = ORIENTED_EDGE ( 'NONE', *, *, #987, .T. ) ;
#2502 = EDGE_CURVE ( 'NONE', #1885, #471, #476, .T. ) ;
#2503 = LINE ( 'NONE', #3785, #2381 ) ;
#2504 = CIRCLE ( 'NONE', #1652, 0.2650000000000000688 ) ;
#2505 = FACE_OUTER_BOUND ( 'NONE', #504, .T. ) ;
#2506 = DIRECTION ( 'NONE',  ( -0.000000000000000000, -0.000000000000000000, -1.000000000000000000 ) ) ;
#2507 = DIRECTION ( 'NONE',  ( -0.000000000000000000, -0.000000000000000000, -1.000000000000000000 ) ) ;
#2508 =( GEOMETRIC_REPRESENTATION_CONTEXT ( 3 ) GLOBAL_UNCERTAINTY_ASSIGNED_CONTEXT ( ( #2895 ) ) GLOBAL_UNIT_ASSIGNED_CONTEXT ( ( #1220, #336, #1589 ) ) REPRESENTATION_CONTEXT ( 'NONE', 'WORKASPACE' ) );
#2509 = ORIENTED_EDGE ( 'NONE', *, *, #2162, .T. ) ;
#2510 = EDGE_CURVE ( 'NONE', #233, #2584, #2443, .T. ) ;
#2511 = EDGE_CURVE ( 'NONE', #2698, #2967, #2504, .T. ) ;
#2512 = CARTESIAN_POINT ( 'NONE',  ( 2.165000000000000036, 0.2797101843677950450, -0.1499999999999999667 ) ) ;
#2513 = CARTESIAN_POINT ( 'NONE',  ( -1.457958305893729767, 0.1499999999999999944, -1.500000000000000222 ) ) ;
#2514 = LINE ( 'NONE', #2318, #18 ) ;
#2515 = DIRECTION ( 'NONE',  ( -0.000000000000000000, -0.000000000000000000, -1.000000000000000000 ) ) ;
#2516 = AXIS2_PLACEMENT_3D ( 'NONE', #1680, #2936, #3537 ) ;
#2517 = CARTESIAN_POINT ( 'NONE',  ( 2.162383202187853737, 0.2297787076300663311, 0.5000000000000000000 ) ) ;
#2518 = LINE ( 'NONE', #2835, #492 ) ;
#2519 = AXIS2_PLACEMENT_3D ( 'NONE', #3038, #225, #2024 ) ;
#2520 = DIRECTION ( 'NONE',  ( 0.9986295347545741663, -0.05233595624293779086, -0.000000000000000000 ) ) ;
#2521 = ORIENTED_EDGE ( 'NONE', *, *, #1365, .F. ) ;
#2522 = EDGE_LOOP ( 'NONE', ( #3232, #1426, #2702, #4044 ) ) ;
#2523 = DIRECTION ( 'NONE',  ( -0.000000000000000000, -0.000000000000000000, -1.000000000000000000 ) ) ;
#2524 = CIRCLE ( 'NONE', #1734, 0.2649999999999998468 ) ;
#2525 = VERTEX_POINT ( 'NONE', #2138 ) ;
#2526 = EDGE_LOOP ( 'NONE', ( #3042, #1063, #365, #2930 ) ) ;
#2527 = DIRECTION ( 'NONE',  ( 1.000000000000000000, 2.909848919217164945E-16, 0.000000000000000000 ) ) ;
#2528 = CIRCLE ( 'NONE', #761, 0.04999999999999991257 ) ;
#2529 = FACE_OUTER_BOUND ( 'NONE', #2152, .T. ) ;
#2530 = DIRECTION ( 'NONE',  ( -0.000000000000000000, -0.000000000000000000, -1.000000000000000000 ) ) ;
#2531 = LINE ( 'NONE', #1072, #352 ) ;
#2532 = DIRECTION ( 'NONE',  ( -1.000000000000000000, 0.000000000000000000, 0.000000000000000000 ) ) ;
#2533 = PRESENTATION_LAYER_ASSIGNMENT (  '', '', ( #1292 ) ) ;
#2534 = EDGE_LOOP ( 'NONE', ( #3541, #3903, #68, #2270 ) ) ;
#2535 = LINE ( 'NONE', #743, #2970 ) ;
#2536 = AXIS2_PLACEMENT_3D ( 'NONE', #3274, #433, #2655 ) ;
#2537 = SURFACE_STYLE_FILL_AREA ( #110 ) ;
#2538 = SURFACE_STYLE_FILL_AREA ( #1288 ) ;
#2539 = DIRECTION ( 'NONE',  ( -0.000000000000000000, -0.000000000000000000, -1.000000000000000000 ) ) ;
#2540 = CARTESIAN_POINT ( 'NONE',  ( -2.115000000000000657, 0.5000000000000113243, 0.1499999999999999667 ) ) ;
#2541 = CARTESIAN_POINT ( 'NONE',  ( 2.162383202187853737, 0.2297787076300663311, -0.7999999999999999334 ) ) ;
#2542 = VERTEX_POINT ( 'NONE', #968 ) ;
#2543 = ORIENTED_EDGE ( 'NONE', *, *, #1907, .F. ) ;
#2544 = DIRECTION ( 'NONE',  ( -1.000000000000000000, 6.195440985631449401E-16, 0.000000000000000000 ) ) ;
#2545 = ORIENTED_EDGE ( 'NONE', *, *, #1725, .F. ) ;
#2546 = ORIENTED_EDGE ( 'NONE', *, *, #454, .F. ) ;
#2547 = CARTESIAN_POINT ( 'NONE',  ( -2.151130971595622388, 0.01507335765783184012, -0.1499999999999999667 ) ) ;
#2548 = FACE_OUTER_BOUND ( 'NONE', #3964, .T. ) ;
#2549 = VERTEX_POINT ( 'NONE', #1280 ) ;
#2550 = DIRECTION ( 'NONE',  ( 0.000000000000000000, 0.000000000000000000, 1.000000000000000000 ) ) ;
#2551 = DIRECTION ( 'NONE',  ( 1.000000000000000000, 0.000000000000000000, 0.000000000000000000 ) ) ;
#2552 = DIRECTION ( 'NONE',  ( -1.000000000000000000, 0.000000000000000000, 0.000000000000000000 ) ) ;
#2553 = EDGE_CURVE ( 'NONE', #2202, #1465, #2158, .T. ) ;
#2554 = DIRECTION ( 'NONE',  ( 0.05233595624293217730, 0.9986295347545744994, -0.000000000000000000 ) ) ;
#2555 = DIRECTION ( 'NONE',  ( -0.000000000000000000, -0.000000000000000000, -1.000000000000000000 ) ) ;
#2556 = DIRECTION ( 'NONE',  ( 0.000000000000000000, 0.000000000000000000, 1.000000000000000000 ) ) ;
#2557 = CARTESIAN_POINT ( 'NONE',  ( 2.449999999999999289, 0.2147053499722340608, -0.1499999999999999667 ) ) ;
#2558 = VERTEX_POINT ( 'NONE', #1510 ) ;
#2559 = ORIENTED_EDGE ( 'NONE', *, *, #3228, .T. ) ;
#2560 = VECTOR ( 'NONE', #83, 1000.000000000000000 ) ;
#2561 = CARTESIAN_POINT ( 'NONE',  ( 1.406196170502074461, 1.100000000000000089, 0.000000000000000000 ) ) ;
#2562 = ORIENTED_EDGE ( 'NONE', *, *, #3796, .T. ) ;
#2563 = EDGE_LOOP ( 'NONE', ( #3652, #3149, #3347, #981 ) ) ;
#2564 = CIRCLE ( 'NONE', #790, 0.2650000000000000688 ) ;
#2565 = EDGE_CURVE ( 'NONE', #2558, #160, #1578, .T. ) ;
#2566 = AXIS2_PLACEMENT_3D ( 'NONE', #1153, #3762, #1914 ) ;
#2567 = ORIENTED_EDGE ( 'NONE', *, *, #3641, .F. ) ;
#2568 = VECTOR ( 'NONE', #3090, 1000.000000000000000 ) ;
#2569 = CARTESIAN_POINT ( 'NONE',  ( 2.115000000000000657, 0.5000000000000121014, 1.149999999999999911 ) ) ;
#2570 = CARTESIAN_POINT ( 'NONE',  ( 1.406196170502074461, 1.100000000000000089, -1.442192670603877902 ) ) ;
#2571 = VECTOR ( 'NONE', #1874, 1000.000000000000000 ) ;
#2572 = VERTEX_POINT ( 'NONE', #3396 ) ;
#2573 = ADVANCED_FACE ( 'NONE', ( #3733 ), #1557, .F. ) ;
#2574 = CARTESIAN_POINT ( 'NONE',  ( -1.850000000000000533, 0.5500000000000111466, 1.149999999999999911 ) ) ;
#2575 = DIRECTION ( 'NONE',  ( 0.000000000000000000, 0.000000000000000000, 1.000000000000000000 ) ) ;
#2576 = EDGE_CURVE ( 'NONE', #2101, #119, #3619, .T. ) ;
#2577 = DIRECTION ( 'NONE',  ( -1.000000000000000000, 0.000000000000000000, 0.000000000000000000 ) ) ;
#2578 = VECTOR ( 'NONE', #2055, 1000.000000000000114 ) ;
#2579 = ORIENTED_EDGE ( 'NONE', *, *, #1880, .F. ) ;
#2580 = ORIENTED_EDGE ( 'NONE', *, *, #2163, .F. ) ;
#2581 = AXIS2_PLACEMENT_3D ( 'NONE', #130, #1383, #1653 ) ;
#2582 = CARTESIAN_POINT ( 'NONE',  ( -2.151130971595622388, 0.01507335765783184012, 0.5000000000000000000 ) ) ;
#2583 = ADVANCED_FACE ( 'NONE', ( #921 ), #2802, .F. ) ;
#2584 = VERTEX_POINT ( 'NONE', #1822 ) ;
#2585 = DIRECTION ( 'NONE',  ( 0.000000000000000000, 0.2079116908177528200, -0.9781476007338070211 ) ) ;
#2586 = ORIENTED_EDGE ( 'NONE', *, *, #2090, .F. ) ;
#2587 = EDGE_CURVE ( 'NONE', #104, #1116, #4028, .T. ) ;
#2588 = EDGE_CURVE ( 'NONE', #3252, #2101, #2503, .T. ) ;
#2589 = VECTOR ( 'NONE', #686, 999.9999999999998863 ) ;
#2590 = ADVANCED_FACE ( 'NONE', ( #3071 ), #595, .F. ) ;
#2591 = CARTESIAN_POINT ( 'NONE',  ( 1.850000000000000089, 0.7650000000000121148, 1.149999999999999911 ) ) ;
#2592 = CARTESIAN_POINT ( 'NONE',  ( 1.900000000000000355, 0.5000000000000119904, 0.7999999999999999334 ) ) ;
#2593 = AXIS2_PLACEMENT_3D ( 'NONE', #2857, #59, #1245 ) ;
#2594 = CARTESIAN_POINT ( 'NONE',  ( 1.477402589417877277, 0.7650000000000120037, 0.7999999999999999334 ) ) ;
#2595 = PLANE ( 'NONE',  #2141 ) ;
#2596 = CARTESIAN_POINT ( 'NONE',  ( 1.900000000000000355, 0.2797101843677948230, -1.149999999999999911 ) ) ;
#2597 = PLANE ( 'NONE',  #3422 ) ;
#2598 = ORIENTED_EDGE ( 'NONE', *, *, #2627, .F. ) ;
#2599 = EDGE_CURVE ( 'NONE', #1760, #1641, #1491, .T. ) ;
#2600 = CARTESIAN_POINT ( 'NONE',  ( 1.477402589417877277, 0.7650000000000120037, -0.1499999999999999667 ) ) ;
#2601 = CARTESIAN_POINT ( 'NONE',  ( -2.450000000000000178, 0.2147053499722332004, 0.5000000000000000000 ) ) ;
#2602 = PLANE ( 'NONE',  #786 ) ;
#2603 = VERTEX_POINT ( 'NONE', #1190 ) ;
#2604 = ORIENTED_EDGE ( 'NONE', *, *, #3737, .F. ) ;
#2605 = DIRECTION ( 'NONE',  ( -0.000000000000000000, -0.000000000000000000, -1.000000000000000000 ) ) ;
#2606 = ORIENTED_EDGE ( 'NONE', *, *, #4031, .T. ) ;
#2607 = ORIENTED_EDGE ( 'NONE', *, *, #238, .F. ) ;
#2608 = LINE ( 'NONE', #2591, #84 ) ;
#2609 = CARTESIAN_POINT ( 'NONE',  ( -2.450000000000000178, 0.2147053499722332004, -0.7999999999999999334 ) ) ;
#2610 = DIRECTION ( 'NONE',  ( -0.000000000000000000, -0.000000000000000000, -1.000000000000000000 ) ) ;
#2611 = CARTESIAN_POINT ( 'NONE',  ( 2.151130971595621499, 0.01507335765783308738, -0.7999999999999999334 ) ) ;
#2612 = EDGE_CURVE ( 'NONE', #3441, #1097, #3697, .T. ) ;
#2613 = DIRECTION ( 'NONE',  ( -0.000000000000000000, -0.000000000000000000, -1.000000000000000000 ) ) ;
#2614 = EDGE_LOOP ( 'NONE', ( #2095, #2945, #3764, #1041 ) ) ;
#2615 = DIRECTION ( 'NONE',  ( -0.000000000000000000, -0.000000000000000000, -1.000000000000000000 ) ) ;
#2616 =( NAMED_UNIT ( * ) SI_UNIT ( $, .STERADIAN. ) SOLID_ANGLE_UNIT ( ) );
#2617 = CARTESIAN_POINT ( 'NONE',  ( 1.499999999999999778, 0.5500000000000120348, 1.149999999999999911 ) ) ;
#2618 = ADVANCED_FACE ( 'NONE', ( #565 ), #2438, .F. ) ;
#2619 = PLANE ( 'NONE',  #3 ) ;
#2620 = VERTEX_POINT ( 'NONE', #1813 ) ;
#2621 = ORIENTED_EDGE ( 'NONE', *, *, #1169, .T. ) ;
#2622 = CARTESIAN_POINT ( 'NONE',  ( -1.900000000000000355, 0.5000000000000113243, 0.5000000000000000000 ) ) ;
#2623 = ORIENTED_EDGE ( 'NONE', *, *, #3966, .T. ) ;
#2624 = ORIENTED_EDGE ( 'NONE', *, *, #2412, .F. ) ;
#2625 = CARTESIAN_POINT ( 'NONE',  ( -1.457958305893729767, 0.1499999999999999944, 0.000000000000000000 ) ) ;
#2626 = AXIS2_PLACEMENT_3D ( 'NONE', #140, #217, #3355 ) ;
#2627 = EDGE_CURVE ( 'NONE', #883, #2238, #1161, .T. ) ;
#2628 = VECTOR ( 'NONE', #2687, 1000.000000000000114 ) ;
#2629 = DIRECTION ( 'NONE',  ( 1.000000000000000000, -6.195440985631449401E-16, -0.000000000000000000 ) ) ;
#2630 = EDGE_CURVE ( 'NONE', #2967, #86, #1227, .T. ) ;
#2631 = CARTESIAN_POINT ( 'NONE',  ( -2.115000000000000657, 0.5000000000000113243, 1.149999999999999911 ) ) ;
#2632 = CARTESIAN_POINT ( 'NONE',  ( -2.165000000000000480, 0.2797101843677941568, -0.7999999999999999334 ) ) ;
#2633 = VECTOR ( 'NONE', #128, 1000.000000000000000 ) ;
#2634 = EDGE_LOOP ( 'NONE', ( #1836, #3825, #2190, #846 ) ) ;
#2635 = ADVANCED_FACE ( 'NONE', ( #2773 ), #2073, .T. ) ;
#2636 = ADVANCED_FACE ( 'NONE', ( #2420 ), #3687, .T. ) ;
#2637 = ADVANCED_FACE ( 'NONE', ( #3024 ), #3985, .F. ) ;
#2638 = EDGE_CURVE ( 'NONE', #392, #30, #2730, .T. ) ;
#2639 = CARTESIAN_POINT ( 'NONE',  ( -2.438747769407769272, -5.340566408274855646E-16, -0.7999999999999999334 ) ) ;
#2640 = VECTOR ( 'NONE', #1046, 1000.000000000000000 ) ;
#2641 = DIRECTION ( 'NONE',  ( 1.000000000000000000, 2.909848919217164945E-16, 0.000000000000000000 ) ) ;
#2642 = DIRECTION ( 'NONE',  ( 1.000000000000000000, -6.195440985631449401E-16, -0.000000000000000000 ) ) ;
#2643 = VERTEX_POINT ( 'NONE', #1900 ) ;
#2644 = VERTEX_POINT ( 'NONE', #1337 ) ;
#2645 = VECTOR ( 'NONE', #3980, 1000.000000000000000 ) ;
#2646 = DIRECTION ( 'NONE',  ( 0.05233595624293217730, 0.9986295347545744994, -0.000000000000000000 ) ) ;
#2647 = EDGE_LOOP ( 'NONE', ( #737, #2736, #148, #2183 ) ) ;
#2648 = ORIENTED_EDGE ( 'NONE', *, *, #3491, .T. ) ;
#2649 = ORIENTED_EDGE ( 'NONE', *, *, #927, .F. ) ;
#2650 = VECTOR ( 'NONE', #2642, 1000.000000000000000 ) ;
#2651 = PLANE ( 'NONE',  #3479 ) ;
#2652 = CIRCLE ( 'NONE', #216, 0.1999999999999999833 ) ;
#2653 = CARTESIAN_POINT ( 'NONE',  ( -1.900000000000000355, 0.2797101843677941568, -0.7999999999999999334 ) ) ;
#2654 = DIRECTION ( 'NONE',  ( -0.05233595624293795739, 0.9986295347545742773, 0.000000000000000000 ) ) ;
#2655 = DIRECTION ( 'NONE',  ( -0.05233595624293218423, -0.9986295347545744994, 0.000000000000000000 ) ) ;
#2656 =( LENGTH_UNIT ( ) NAMED_UNIT ( * ) SI_UNIT ( .MILLI., .METRE. ) );
#2657 = AXIS2_PLACEMENT_3D ( 'NONE', #518, #3309, #814 ) ;
#2658 = ORIENTED_EDGE ( 'NONE', *, *, #1299, .T. ) ;
#2659 = DIRECTION ( 'NONE',  ( 1.968683244613767075E-15, -1.000000000000000000, 0.000000000000000000 ) ) ;
#2660 = DIRECTION ( 'NONE',  ( -0.000000000000000000, -1.000000000000000000, -0.000000000000000000 ) ) ;
#2661 = DIRECTION ( 'NONE',  ( -1.000000000000000000, 0.000000000000000000, 0.000000000000000000 ) ) ;
#2662 = ORIENTED_EDGE ( 'NONE', *, *, #146, .F. ) ;
#2663 = ORIENTED_EDGE ( 'NONE', *, *, #316, .T. ) ;
#2664 = VECTOR ( 'NONE', #2087, 1000.000000000000000 ) ;
#2665 = EDGE_LOOP ( 'NONE', ( #3204, #1631, #2157, #2977 ) ) ;
#2666 = ORIENTED_EDGE ( 'NONE', *, *, #1132, .F. ) ;
#2667 = ORIENTED_EDGE ( 'NONE', *, *, #1270, .F. ) ;
#2668 = DIRECTION ( 'NONE',  ( -1.000000000000000000, 0.000000000000000000, 0.000000000000000000 ) ) ;
#2669 = DIRECTION ( 'NONE',  ( -0.05233595624293777004, -0.9986295347545742773, 0.000000000000000000 ) ) ;
#2670 = CARTESIAN_POINT ( 'NONE',  ( -2.162383202187853737, 0.2297787076300654707, -0.7999999999999999334 ) ) ;
#2671 = VERTEX_POINT ( 'NONE', #2201 ) ;
#2672 = DIRECTION ( 'NONE',  ( -1.000000000000000000, -2.909848919217164945E-16, -0.000000000000000000 ) ) ;
#2673 = DIRECTION ( 'NONE',  ( -0.05233595624293795739, 0.9986295347545742773, 0.000000000000000000 ) ) ;
#2674 = DIRECTION ( 'NONE',  ( 0.000000000000000000, 0.000000000000000000, 1.000000000000000000 ) ) ;
#2675 = PLANE ( 'NONE',  #2074 ) ;
#2676 = ADVANCED_FACE ( 'NONE', ( #1318 ), #1246, .F. ) ;
#2677 = ORIENTED_EDGE ( 'NONE', *, *, #1475, .T. ) ;
#2678 = DIRECTION ( 'NONE',  ( -1.000000000000000000, 0.000000000000000000, 0.000000000000000000 ) ) ;
#2679 = ORIENTED_EDGE ( 'NONE', *, *, #1911, .T. ) ;
#2680 = ORIENTED_EDGE ( 'NONE', *, *, #2928, .F. ) ;
#2681 = ORIENTED_EDGE ( 'NONE', *, *, #3407, .T. ) ;
#2682 = EDGE_CURVE ( 'NONE', #3381, #3312, #2263, .T. ) ;
#2683 = LINE ( 'NONE', #2017, #2578 ) ;
#2684 = AXIS2_PLACEMENT_3D ( 'NONE', #3425, #2530, #3092 ) ;
#2685 = ORIENTED_EDGE ( 'NONE', *, *, #3329, .T. ) ;
#2686 = COLOUR_RGB ( '',0.7921568627450980005, 0.8196078431372548767, 0.9333333333333333481 ) ;
#2687 = DIRECTION ( 'NONE',  ( 0.1045284632676635045, -0.9945218953682721796, -0.000000000000000000 ) ) ;
#2688 = DIRECTION ( 'NONE',  ( -0.000000000000000000, -0.000000000000000000, -1.000000000000000000 ) ) ;
#2689 = LINE ( 'NONE', #244, #2664 ) ;
#2690 = AXIS2_PLACEMENT_3D ( 'NONE', #3953, #3152, #533 ) ;
#2691 = CARTESIAN_POINT ( 'NONE',  ( -2.450000000000000178, 0.2147053499722332004, -0.1499999999999999667 ) ) ;
#2692 = EDGE_LOOP ( 'NONE', ( #1171, #3331, #1418, #3260, #1943, #2870, #2816, #872, #2774, #323, #3465, #1703 ) ) ;
#2693 = CIRCLE ( 'NONE', #2959, 0.2650000000000000688 ) ;
#2694 = DIRECTION ( 'NONE',  ( -0.000000000000000000, -0.000000000000000000, -1.000000000000000000 ) ) ;
#2695 = FACE_OUTER_BOUND ( 'NONE', #65, .T. ) ;
#2696 = AXIS2_PLACEMENT_3D ( 'NONE', #3814, #1266, #994 ) ;
#2697 = VERTEX_POINT ( 'NONE', #911 ) ;
#2698 = VERTEX_POINT ( 'NONE', #295 ) ;
#2699 = AXIS2_PLACEMENT_3D ( 'NONE', #1379, #3891, #1076 ) ;
#2700 = EDGE_CURVE ( 'NONE', #3377, #14, #1947, .T. ) ;
#2701 = EDGE_CURVE ( 'NONE', #3719, #2764, #2330, .T. ) ;
#2702 = ORIENTED_EDGE ( 'NONE', *, *, #3946, .F. ) ;
#2703 = AXIS2_PLACEMENT_3D ( 'NONE', #726, #709, #3895 ) ;
#2704 = CARTESIAN_POINT ( 'NONE',  ( -1.900000000000000355, 0.2797101843677941568, -1.149999999999999911 ) ) ;
#2705 = DIRECTION ( 'NONE',  ( -0.000000000000000000, -0.000000000000000000, -1.000000000000000000 ) ) ;
#2706 = VECTOR ( 'NONE', #1495, 1000.000000000000000 ) ;
#2707 = ORIENTED_EDGE ( 'NONE', *, *, #2018, .T. ) ;
#2708 = PLANE ( 'NONE',  #3554 ) ;
#2709 = PLANE ( 'NONE',  #2519 ) ;
#2710 = AXIS2_PLACEMENT_3D ( 'NONE', #815, #3286, #2678 ) ;
#2711 = EDGE_CURVE ( 'NONE', #1509, #3343, #671, .T. ) ;
#2712 = DIRECTION ( 'NONE',  ( 0.000000000000000000, -0.1045284632676504316, 0.9945218953682737340 ) ) ;
#2713 = FACE_OUTER_BOUND ( 'NONE', #1983, .T. ) ;
#2714 = CARTESIAN_POINT ( 'NONE',  ( -1.500000000000000222, 0.5500000000000113687, -0.7999999999999999334 ) ) ;
#2715 = AXIS2_PLACEMENT_3D ( 'NONE', #1543, #2193, #5 ) ;
#2716 = ORIENTED_EDGE ( 'NONE', *, *, #453, .T. ) ;
#2717 = ORIENTED_EDGE ( 'NONE', *, *, #3193, .T. ) ;
#2718 = AXIS2_PLACEMENT_3D ( 'NONE', #1202, #585, #1832 ) ;
#2719 = ORIENTED_EDGE ( 'NONE', *, *, #3799, .T. ) ;
#2720 = ADVANCED_FACE ( 'NONE', ( #2814 ), #3507, .F. ) ;
#2721 = CARTESIAN_POINT ( 'NONE',  ( -1.477402589417877721, 0.7650000000000114486, 0.7999999999999999334 ) ) ;
#2722 = CARTESIAN_POINT ( 'NONE',  ( 2.449999999999999289, 0.2147053499722340608, -0.7999999999999999334 ) ) ;
#2723 = VERTEX_POINT ( 'NONE', #3460 ) ;
#2724 = LINE ( 'NONE', #3304, #2063 ) ;
#2725 = DIRECTION ( 'NONE',  ( 1.000000000000000000, 0.000000000000000000, 0.000000000000000000 ) ) ;
#2726 = CARTESIAN_POINT ( 'NONE',  ( -2.115000000000000213, 0.2797101843677941568, -0.7999999999999999334 ) ) ;
#2727 = EDGE_CURVE ( 'NONE', #3607, #369, #694, .T. ) ;
#2728 =( NAMED_UNIT ( * ) PLANE_ANGLE_UNIT ( ) SI_UNIT ( $, .RADIAN. ) );
#2729 = DIRECTION ( 'NONE',  ( -5.906049733841302015E-15, -1.000000000000000000, 0.000000000000000000 ) ) ;
#2730 = LINE ( 'NONE', #3996, #738 ) ;
#2731 = VERTEX_POINT ( 'NONE', #650 ) ;
#2732 = ORIENTED_EDGE ( 'NONE', *, *, #1299, .F. ) ;
#2733 = DIRECTION ( 'NONE',  ( 0.9986295347545741663, 0.05233595624293795739, 0.000000000000000000 ) ) ;
#2734 = CARTESIAN_POINT ( 'NONE',  ( -1.406196170502074905, 1.100000000000000089, -1.406196170502074905 ) ) ;
#2735 = CARTESIAN_POINT ( 'NONE',  ( -2.115000000000000657, 0.5000000000000113243, 1.149999999999999911 ) ) ;
#2736 = ORIENTED_EDGE ( 'NONE', *, *, #3543, .F. ) ;
#2737 = DIRECTION ( 'NONE',  ( 0.9986295347545741663, 0.05233595624293795739, 0.000000000000000000 ) ) ;
#2738 = PLANE ( 'NONE',  #10 ) ;
#2739 = EDGE_CURVE ( 'NONE', #4005, #2477, #3411, .T. ) ;
#2740 = ORIENTED_EDGE ( 'NONE', *, *, #1613, .T. ) ;
#2741 = CIRCLE ( 'NONE', #2174, 0.04999999999999991257 ) ;
#2742 = EDGE_CURVE ( 'NONE', #2785, #3951, #1877, .T. ) ;
#2743 = DIRECTION ( 'NONE',  ( -0.000000000000000000, -0.000000000000000000, -1.000000000000000000 ) ) ;
#2744 = CARTESIAN_POINT ( 'NONE',  ( 1.850000000000000089, 0.5500000000000118128, 0.7999999999999999334 ) ) ;
#2745 = EDGE_CURVE ( 'NONE', #1393, #15, #4063, .T. ) ;
#2746 = ADVANCED_FACE ( 'NONE', ( #3190 ), #2837, .F. ) ;
#2747 = EDGE_CURVE ( 'NONE', #3356, #3067, #2877, .T. ) ;
#2748 = ADVANCED_FACE ( 'NONE', ( #13 ), #3104, .T. ) ;
#2749 = VECTOR ( 'NONE', #2978, 1000.000000000000000 ) ;
#2750 = ORIENTED_EDGE ( 'NONE', *, *, #2934, .F. ) ;
#2751 = DIRECTION ( 'NONE',  ( -0.000000000000000000, -0.000000000000000000, -1.000000000000000000 ) ) ;
#2752 = CARTESIAN_POINT ( 'NONE',  ( 2.115000000000000657, 0.5000000000000121014, 1.149999999999999911 ) ) ;
#2753 = EDGE_LOOP ( 'NONE', ( #3861, #1772, #1988, #817 ) ) ;
#2754 = ORIENTED_EDGE ( 'NONE', *, *, #3877, .T. ) ;
#2755 = VECTOR ( 'NONE', #3729, 1000.000000000000114 ) ;
#2756 = CARTESIAN_POINT ( 'NONE',  ( -1.850000000000000533, 0.5000000000000113243, -0.5000000000000000000 ) ) ;
#2757 = AXIS2_PLACEMENT_3D ( 'NONE', #2823, #257, #945 ) ;
#2758 = ORIENTED_EDGE ( 'NONE', *, *, #1776, .F. ) ;
#2759 = EDGE_CURVE ( 'NONE', #1229, #86, #3889, .T. ) ;
#2760 = AXIS2_PLACEMENT_3D ( 'NONE', #3792, #2473, #1565 ) ;
#2761 = DIRECTION ( 'NONE',  ( 0.000000000000000000, 1.000000000000000000, 0.000000000000000000 ) ) ;
#2762 = DIRECTION ( 'NONE',  ( 1.000000000000000000, 0.000000000000000000, 0.000000000000000000 ) ) ;
#2763 = VECTOR ( 'NONE', #3540, 1000.000000000000000 ) ;
#2764 = VERTEX_POINT ( 'NONE', #2244 ) ;
#2765 = VECTOR ( 'NONE', #28, 1000.000000000000000 ) ;
#2766 = LINE ( 'NONE', #3382, #1016 ) ;
#2767 = DIRECTION ( 'NONE',  ( 1.000000000000000000, 6.195440985631449401E-16, 0.000000000000000000 ) ) ;
#2768 = LINE ( 'NONE', #4037, #87 ) ;
#2769 = VECTOR ( 'NONE', #3136, 1000.000000000000000 ) ;
#2770 = FACE_OUTER_BOUND ( 'NONE', #3289, .T. ) ;
#2771 = CARTESIAN_POINT ( 'NONE',  ( -1.850000000000000533, 0.5000000000000113243, 0.7999999999999999334 ) ) ;
#2772 = DIRECTION ( 'NONE',  ( 1.968683244613767075E-15, -1.000000000000000000, 0.000000000000000000 ) ) ;
#2773 = FACE_OUTER_BOUND ( 'NONE', #1184, .T. ) ;
#2774 = ORIENTED_EDGE ( 'NONE', *, *, #1366, .T. ) ;
#2775 = EDGE_LOOP ( 'NONE', ( #965, #2069, #80, #377 ) ) ;
#2776 = CARTESIAN_POINT ( 'NONE',  ( -1.900000000000000355, 0.2797101843677941568, -0.7999999999999999334 ) ) ;
#2777 = DIRECTION ( 'NONE',  ( 0.000000000000000000, 0.000000000000000000, 1.000000000000000000 ) ) ;
#2778 = PLANE ( 'NONE',  #2037 ) ;
#2779 = AXIS2_PLACEMENT_3D ( 'NONE', #1111, #2712, #3704 ) ;
#2780 = ORIENTED_EDGE ( 'NONE', *, *, #3301, .F. ) ;
#2781 = CARTESIAN_POINT ( 'NONE',  ( -2.438747769407769272, -5.340566408274855646E-16, 0.1499999999999999667 ) ) ;
#2782 = DIRECTION ( 'NONE',  ( -0.000000000000000000, 1.000000000000000000, -0.000000000000000000 ) ) ;
#2783 =( LENGTH_UNIT ( ) NAMED_UNIT ( * ) SI_UNIT ( .MILLI., .METRE. ) );
#2784 = CARTESIAN_POINT ( 'NONE',  ( -1.850000000000000533, 0.5000000000000113243, -0.1499999999999999667 ) ) ;
#2785 = VERTEX_POINT ( 'NONE', #3480 ) ;
#2786 = FACE_OUTER_BOUND ( 'NONE', #2334, .T. ) ;
#2787 = DIRECTION ( 'NONE',  ( -1.000000000000000000, 0.000000000000000000, 0.000000000000000000 ) ) ;
#2788 = LINE ( 'NONE', #931, #1781 ) ;
#2789 = DIRECTION ( 'NONE',  ( -1.000000000000000000, 0.000000000000000000, 0.000000000000000000 ) ) ;
#2790 = CARTESIAN_POINT ( 'NONE',  ( -1.050000000000000044, 1.050000000000000044, -1.050000000000000044 ) ) ;
#2791 = EDGE_CURVE ( 'NONE', #2105, #2820, #363, .T. ) ;
#2792 = DIRECTION ( 'NONE',  ( -0.05233595624293777004, -0.9986295347545742773, 0.000000000000000000 ) ) ;
#2793 = ORIENTED_EDGE ( 'NONE', *, *, #301, .T. ) ;
#2794 = VERTEX_POINT ( 'NONE', #2557 ) ;
#2795 = LINE ( 'NONE', #880, #3019 ) ;
#2796 = LINE ( 'NONE', #2180, #3550 ) ;
#2797 = DIRECTION ( 'NONE',  ( -0.000000000000000000, -0.000000000000000000, -1.000000000000000000 ) ) ;
#2798 = ORIENTED_EDGE ( 'NONE', *, *, #2031, .F. ) ;
#2799 = ADVANCED_FACE ( 'NONE', ( #536 ), #1790, .F. ) ;
#2800 = ORIENTED_EDGE ( 'NONE', *, *, #3713, .T. ) ;
#2801 = EDGE_CURVE ( 'NONE', #3677, #415, #3041, .T. ) ;
#2802 = PLANE ( 'NONE',  #3022 ) ;
#2803 = DIRECTION ( 'NONE',  ( 0.000000000000000000, 0.000000000000000000, 1.000000000000000000 ) ) ;
#2804 = FILL_AREA_STYLE ('',( #1560 ) ) ;
#2805 = CARTESIAN_POINT ( 'NONE',  ( 1.850000000000000089, 0.5500000000000118128, -0.7999999999999999334 ) ) ;
#2806 = ORIENTED_EDGE ( 'NONE', *, *, #3158, .F. ) ;
#2807 = CARTESIAN_POINT ( 'NONE',  ( -2.151130971595622388, 0.01507335765783184012, 0.7999999999999999334 ) ) ;
#2808 = CYLINDRICAL_SURFACE ( 'NONE', #1944, 0.2650000000000000688 ) ;
#2809 = FACE_OUTER_BOUND ( 'NONE', #159, .T. ) ;
#2810 = CARTESIAN_POINT ( 'NONE',  ( 1.900000000000000355, 0.2797101843677948230, 0.1499999999999999667 ) ) ;
#2811 = LINE ( 'NONE', #3795, #3881 ) ;
#2812 = LINE ( 'NONE', #1833, #3676 ) ;
#2813 = AXIS2_PLACEMENT_3D ( 'NONE', #3780, #901, #2233 ) ;
#2814 = FACE_OUTER_BOUND ( 'NONE', #81, .T. ) ;
#2815 = ORIENTED_EDGE ( 'NONE', *, *, #105, .T. ) ;
#2816 = ORIENTED_EDGE ( 'NONE', *, *, #3051, .T. ) ;
#2817 = LINE ( 'NONE', #3442, #1584 ) ;
#2818 = DIRECTION ( 'NONE',  ( -0.000000000000000000, -0.000000000000000000, -1.000000000000000000 ) ) ;
#2819 = MECHANICAL_DESIGN_GEOMETRIC_PRESENTATION_REPRESENTATION (  '', ( #1332 ), #2320 ) ;
#2820 = VERTEX_POINT ( 'NONE', #865 ) ;
#2821 = CARTESIAN_POINT ( 'NONE',  ( 2.165000000000000036, 0.2797101843677950450, 0.1499999999999999667 ) ) ;
#2822 = VERTEX_POINT ( 'NONE', #1199 ) ;
#2823 = CARTESIAN_POINT ( 'NONE',  ( 2.165000000000000036, 0.2797101843677950450, -0.7999999999999999334 ) ) ;
#2824 = VECTOR ( 'NONE', #1255, 1000.000000000000000 ) ;
#2825 = DIRECTION ( 'NONE',  ( -0.000000000000000000, -0.000000000000000000, -1.000000000000000000 ) ) ;
#2826 = CARTESIAN_POINT ( 'NONE',  ( -1.850000000000000533, 0.5000000000000113243, -0.7999999999999999334 ) ) ;
#2827 = CARTESIAN_POINT ( 'NONE',  ( -2.165000000000000480, 0.2797101843677941568, -0.7999999999999999334 ) ) ;
#2828 = AXIS2_PLACEMENT_3D ( 'NONE', #2402, #3328, #833 ) ;
#2829 = EDGE_LOOP ( 'NONE', ( #1102, #3689, #3195, #3930 ) ) ;
#2830 = VECTOR ( 'NONE', #2889, 1000.000000000000000 ) ;
#2831 = CARTESIAN_POINT ( 'NONE',  ( -1.500000000000000222, 0.5500000000000113687, -0.1499999999999999667 ) ) ;
#2832 = CARTESIAN_POINT ( 'NONE',  ( 1.477402589417877277, 0.7650000000000120037, -0.7999999999999999334 ) ) ;
#2833 = DIRECTION ( 'NONE',  ( 0.9945218953682722907, 0.1045284632676635045, -0.000000000000000000 ) ) ;
#2834 = AXIS2_PLACEMENT_3D ( 'NONE', #2900, #693, #3873 ) ;
#2835 = CARTESIAN_POINT ( 'NONE',  ( 2.114999999999999769, 0.2797101843677950450, -0.7999999999999999334 ) ) ;
#2836 = VECTOR ( 'NONE', #289, 1000.000000000000000 ) ;
#2837 = PLANE ( 'NONE',  #3756 ) ;
#2838 = ORIENTED_EDGE ( 'NONE', *, *, #2045, .F. ) ;
#2839 = VERTEX_POINT ( 'NONE', #2122 ) ;
#2840 = CARTESIAN_POINT ( 'NONE',  ( -2.151130971595622388, 0.01507335765783184012, -0.1499999999999999667 ) ) ;
#2841 =( GEOMETRIC_REPRESENTATION_CONTEXT ( 3 ) GLOBAL_UNCERTAINTY_ASSIGNED_CONTEXT ( ( #391 ) ) GLOBAL_UNIT_ASSIGNED_CONTEXT ( ( #3685, #2728, #3326 ) ) REPRESENTATION_CONTEXT ( 'NONE', 'WORKASPACE' ) );
#2842 = EDGE_LOOP ( 'NONE', ( #1301, #2346, #3058, #943 ) ) ;
#2843 = ORIENTED_EDGE ( 'NONE', *, *, #1955, .T. ) ;
#2844 = AXIS2_PLACEMENT_3D ( 'NONE', #2223, #359, #38 ) ;
#2845 = CARTESIAN_POINT ( 'NONE',  ( 2.165000000000000036, 0.2797101843677950450, -0.7999999999999999334 ) ) ;
#2846 = EDGE_CURVE ( 'NONE', #3951, #2053, #1517, .T. ) ;
#2847 = CYLINDRICAL_SURFACE ( 'NONE', #867, 0.05000000000000012768 ) ;
#2848 = VECTOR ( 'NONE', #3363, 1000.000000000000000 ) ;
#2849 = ORIENTED_EDGE ( 'NONE', *, *, #1909, .T. ) ;
#2850 = DIRECTION ( 'NONE',  ( -0.1039620511844946971, -0.9891328443778545365, -0.1039620511844946971 ) ) ;
#2851 = AXIS2_PLACEMENT_3D ( 'NONE', #2368, #506, #3605 ) ;
#2852 = CARTESIAN_POINT ( 'NONE',  ( 1.850000000000000089, 0.5500000000000118128, 0.7999999999999999334 ) ) ;
#2853 = DIRECTION ( 'NONE',  ( 0.000000000000000000, 1.000000000000000000, 0.000000000000000000 ) ) ;
#2854 = CYLINDRICAL_SURFACE ( 'NONE', #3907, 0.2650000000000000688 ) ;
#2855 = LINE ( 'NONE', #1354, #2314 ) ;
#2856 = DIRECTION ( 'NONE',  ( -1.000000000000000000, 0.000000000000000000, 0.000000000000000000 ) ) ;
#2857 = CARTESIAN_POINT ( 'NONE',  ( -1.850000000000000533, 0.5000000000000113243, -0.7999999999999999334 ) ) ;
#2858 = DIRECTION ( 'NONE',  ( 0.000000000000000000, 0.000000000000000000, 1.000000000000000000 ) ) ;
#2859 = ORIENTED_EDGE ( 'NONE', *, *, #451, .F. ) ;
#2860 = FACE_OUTER_BOUND ( 'NONE', #2309, .T. ) ;
#2861 = ORIENTED_EDGE ( 'NONE', *, *, #3063, .T. ) ;
#2862 = EDGE_CURVE ( 'NONE', #2030, #2439, #2114, .T. ) ;
#2863 = LINE ( 'NONE', #64, #3878 ) ;
#2864 = ORIENTED_EDGE ( 'NONE', *, *, #227, .F. ) ;
#2865 = ORIENTED_EDGE ( 'NONE', *, *, #452, .F. ) ;
#2866 = EDGE_LOOP ( 'NONE', ( #4017, #763, #1534, #679 ) ) ;
#2867 = FACE_OUTER_BOUND ( 'NONE', #1445, .T. ) ;
#2868 = PLANE ( 'NONE',  #1858 ) ;
#2869 = PLANE ( 'NONE',  #1013 ) ;
#2870 = ORIENTED_EDGE ( 'NONE', *, *, #3002, .T. ) ;
#2871 = EDGE_CURVE ( 'NONE', #1358, #3343, #892, .T. ) ;
#2872 = PLANE ( 'NONE',  #2834 ) ;
#2873 = EDGE_CURVE ( 'NONE', #638, #1930, #3827, .T. ) ;
#2874 = FACE_OUTER_BOUND ( 'NONE', #3200, .T. ) ;
#2875 = EDGE_CURVE ( 'NONE', #2012, #2822, #2067, .T. ) ;
#2876 = EDGE_CURVE ( 'NONE', #303, #3940, #583, .T. ) ;
#2877 = LINE ( 'NONE', #1636, #3217 ) ;
#2878 = EDGE_LOOP ( 'NONE', ( #3452, #1561, #1935, #2119, #1670, #1650, #2011, #2306, #1274, #3835, #1686, #3264 ) ) ;
#2879 = ORIENTED_EDGE ( 'NONE', *, *, #3491, .F. ) ;
#2880 = AXIS2_PLACEMENT_3D ( 'NONE', #1905, #1006, #1373 ) ;
#2881 = FACE_OUTER_BOUND ( 'NONE', #3445, .T. ) ;
#2882 = ORIENTED_EDGE ( 'NONE', *, *, #2908, .T. ) ;
#2883 = VERTEX_POINT ( 'NONE', #3306 ) ;
#2884 = AXIS2_PLACEMENT_3D ( 'NONE', #461, #1382, #2641 ) ;
#2885 = DIRECTION ( 'NONE',  ( -0.000000000000000000, -0.000000000000000000, -1.000000000000000000 ) ) ;
#2886 = PLANE ( 'NONE',  #668 ) ;
#2887 = AXIS2_PLACEMENT_3D ( 'NONE', #2497, #3391, #3691 ) ;
#2888 = ADVANCED_FACE ( 'NONE', ( #503 ), #1748, .T. ) ;
#2889 = DIRECTION ( 'NONE',  ( -0.000000000000000000, -0.000000000000000000, -1.000000000000000000 ) ) ;
#2890 = VECTOR ( 'NONE', #2184, 1000.000000000000114 ) ;
#2891 = CARTESIAN_POINT ( 'NONE',  ( 1.499999999999999778, 0.5500000000000120348, 0.1499999999999999667 ) ) ;
#2892 = AXIS2_PLACEMENT_3D ( 'NONE', #3433, #358, #1617 ) ;
#2893 = FILL_AREA_STYLE_COLOUR ( '', #91 ) ;
#2894 = CYLINDRICAL_SURFACE ( 'NONE', #1658, 0.2650000000000000688 ) ;
#2895 = UNCERTAINTY_MEASURE_WITH_UNIT (LENGTH_MEASURE( 1.000000000000000082E-05 ), #1220, 'distance_accuracy_value', 'NONE');
#2896 = VERTEX_POINT ( 'NONE', #515 ) ;
#2897 = CIRCLE ( 'NONE', #4021, 0.04999999999999991257 ) ;
#2898 = MANIFOLD_SOLID_BREP ( 'LPattern1[1]', #3516 ) ;
#2899 = DIRECTION ( 'NONE',  ( 1.000000000000000000, 0.000000000000000000, 0.000000000000000000 ) ) ;
#2900 = CARTESIAN_POINT ( 'NONE',  ( 0.000000000000000000, 1.100000000000000089, 0.000000000000000000 ) ) ;
#2901 = VECTOR ( 'NONE', #2377, 1000.000000000000227 ) ;
#2902 = ORIENTED_EDGE ( 'NONE', *, *, #3501, .F. ) ;
#2903 = ORIENTED_EDGE ( 'NONE', *, *, #1410, .T. ) ;
#2904 = LINE ( 'NONE', #2622, #2560 ) ;
#2905 = VERTEX_POINT ( 'NONE', #37 ) ;
#2906 = ADVANCED_FACE ( 'NONE', ( #2809 ), #1460, .F. ) ;
#2907 = EDGE_LOOP ( 'NONE', ( #1695, #531, #3553, #299 ) ) ;
#2908 = EDGE_CURVE ( 'NONE', #2286, #3252, #272, .T. ) ;
#2909 = DIRECTION ( 'NONE',  ( -0.000000000000000000, -0.000000000000000000, -1.000000000000000000 ) ) ;
#2910 = DIRECTION ( 'NONE',  ( 0.000000000000000000, 0.000000000000000000, 1.000000000000000000 ) ) ;
#2911 = EDGE_CURVE ( 'NONE', #1870, #3655, #1942, .T. ) ;
#2912 = DIRECTION ( 'NONE',  ( -1.000000000000000000, -2.909848919217164945E-16, -0.000000000000000000 ) ) ;
#2913 = LINE ( 'NONE', #109, #961 ) ;
#2914 = CARTESIAN_POINT ( 'NONE',  ( 1.477402589417877277, 0.7650000000000120037, -0.7999999999999999334 ) ) ;
#2915 = CLOSED_SHELL ( 'NONE', ( #1123, #3614, #967, #33, #2268, #3291, #3665, #1724, #578, #568, #2204, #3625, #1284, #2350, #3469, #2145, #1021 ) ) ;
#2916 = DIRECTION ( 'NONE',  ( -0.9945218953682722907, 0.1045284632676634629, 0.000000000000000000 ) ) ;
#2917 = FACE_OUTER_BOUND ( 'NONE', #1714, .T. ) ;
#2918 = FACE_OUTER_BOUND ( 'NONE', #715, .T. ) ;
#2919 = EDGE_LOOP ( 'NONE', ( #2621, #3007, #897, #1449 ) ) ;
#2920 = VECTOR ( 'NONE', #1849, 1000.000000000000114 ) ;
#2921 = LINE ( 'NONE', #1381, #339 ) ;
#2922 = FILL_AREA_STYLE ('',( #725 ) ) ;
#2923 = CARTESIAN_POINT ( 'NONE',  ( 1.900000000000000355, 0.5000000000000119904, 1.149999999999999911 ) ) ;
#2924 = FACE_OUTER_BOUND ( 'NONE', #984, .T. ) ;
#2925 = EDGE_CURVE ( 'NONE', #813, #2012, #3086, .T. ) ;
#2926 = ORIENTED_EDGE ( 'NONE', *, *, #1726, .T. ) ;
#2927 = ORIENTED_EDGE ( 'NONE', *, *, #874, .F. ) ;
#2928 = EDGE_CURVE ( 'NONE', #3632, #2030, #7, .T. ) ;
#2929 = FACE_OUTER_BOUND ( 'NONE', #2753, .T. ) ;
#2930 = ORIENTED_EDGE ( 'NONE', *, *, #955, .T. ) ;
#2931 = VERTEX_POINT ( 'NONE', #4059 ) ;
#2932 = CARTESIAN_POINT ( 'NONE',  ( 1.477402589417877277, 0.7650000000000120037, 0.5000000000000000000 ) ) ;
#2933 = EDGE_CURVE ( 'NONE', #2603, #2549, #954, .T. ) ;
#2934 = EDGE_CURVE ( 'NONE', #2022, #593, #2768, .T. ) ;
#2935 = EDGE_CURVE ( 'NONE', #1467, #2477, #2222, .T. ) ;
#2936 = DIRECTION ( 'NONE',  ( -0.000000000000000000, -0.000000000000000000, -1.000000000000000000 ) ) ;
#2937 = ORIENTED_EDGE ( 'NONE', *, *, #875, .T. ) ;
#2938 = CARTESIAN_POINT ( 'NONE',  ( -1.477402589417877721, 0.7650000000000114486, 0.1499999999999999667 ) ) ;
#2939 = CARTESIAN_POINT ( 'NONE',  ( -1.850000000000000533, 0.5000000000000113243, -1.149999999999999911 ) ) ;
#2940 =( NAMED_UNIT ( * ) PLANE_ANGLE_UNIT ( ) SI_UNIT ( $, .RADIAN. ) );
#2941 = PLANE ( 'NONE',  #2699 ) ;
#2942 = ORIENTED_EDGE ( 'NONE', *, *, #603, .T. ) ;
#2943 = CARTESIAN_POINT ( 'NONE',  ( -1.477402589417877721, 0.7650000000000114486, -0.1499999999999999667 ) ) ;
#2944 = FACE_OUTER_BOUND ( 'NONE', #634, .T. ) ;
#2945 = ORIENTED_EDGE ( 'NONE', *, *, #2747, .F. ) ;
#2946 = ORIENTED_EDGE ( 'NONE', *, *, #3748, .T. ) ;
#2947 = DIRECTION ( 'NONE',  ( -0.000000000000000000, -0.000000000000000000, -1.000000000000000000 ) ) ;
#2948 = CARTESIAN_POINT ( 'NONE',  ( 2.449999999999999289, 0.2147053499722340608, 0.5000000000000000000 ) ) ;
#2949 = ORIENTED_EDGE ( 'NONE', *, *, #162, .F. ) ;
#2950 = ORIENTED_EDGE ( 'NONE', *, *, #1121, .T. ) ;
#2951 = FACE_OUTER_BOUND ( 'NONE', #2440, .T. ) ;
#2953 = AXIS2_PLACEMENT_3D ( 'NONE', #2826, #3115, #2160 ) ;
#2952 = CARTESIAN_POINT ( 'NONE',  ( -2.151130971595622388, 0.01507335765783184012, -0.7999999999999999334 ) ) ;
#2954 = DIRECTION ( 'NONE',  ( 0.2035585949527727867, 0.9576678948579753214, -0.2035585949527727867 ) ) ;
#2955 = CARTESIAN_POINT ( 'NONE',  ( 2.165000000000000036, 0.2797101843677950450, 0.5000000000000000000 ) ) ;
#2956 = DIRECTION ( 'NONE',  ( -1.000000000000000000, 0.000000000000000000, 0.000000000000000000 ) ) ;
#2957 = VECTOR ( 'NONE', #3786, 1000.000000000000000 ) ;
#2958 = ORIENTED_EDGE ( 'NONE', *, *, #453, .F. ) ;
#2959 = AXIS2_PLACEMENT_3D ( 'NONE', #1823, #1512, #3717 ) ;
#2960 = CARTESIAN_POINT ( 'NONE',  ( -1.900000000000000355, 0.2797101843677941568, -1.149999999999999911 ) ) ;
#2961 = CARTESIAN_POINT ( 'NONE',  ( 1.900000000000000355, 0.2797101843677948230, 0.7999999999999999334 ) ) ;
#2962 = CARTESIAN_POINT ( 'NONE',  ( 1.477402589417877277, 0.7650000000000120037, 0.7999999999999999334 ) ) ;
#2963 = EDGE_LOOP ( 'NONE', ( #2882, #2990, #1626, #1949 ) ) ;
#2964 = VERTEX_POINT ( 'NONE', #1520 ) ;
#2965 = MECHANICAL_DESIGN_GEOMETRIC_PRESENTATION_REPRESENTATION (  '', ( #1394 ), #2508 ) ;
#2966 = VECTOR ( 'NONE', #3906, 1000.000000000000000 ) ;
#2967 = VERTEX_POINT ( 'NONE', #3404 ) ;
#2968 = ORIENTED_EDGE ( 'NONE', *, *, #1475, .F. ) ;
#2969 = ORIENTED_EDGE ( 'NONE', *, *, #3799, .F. ) ;
#2970 = VECTOR ( 'NONE', #431, 1000.000000000000000 ) ;
#2971 = AXIS2_PLACEMENT_3D ( 'NONE', #1941, #1684, #3833 ) ;
#2972 = DIRECTION ( 'NONE',  ( 2.909848919217164945E-16, -1.000000000000000000, 0.000000000000000000 ) ) ;
#2973 = PLANE ( 'NONE',  #3244 ) ;
#2974 = EDGE_CURVE ( 'NONE', #3015, #494, #407, .T. ) ;
#2975 = AXIS2_PLACEMENT_3D ( 'NONE', #2771, #661, #3851 ) ;
#2976 = LINE ( 'NONE', #803, #1454 ) ;
#2977 = ORIENTED_EDGE ( 'NONE', *, *, #2034, .T. ) ;
#2978 = DIRECTION ( 'NONE',  ( 0.000000000000000000, 1.000000000000000000, 0.000000000000000000 ) ) ;
#2979 = CARTESIAN_POINT ( 'NONE',  ( 1.850000000000000533, 0.5000000000000119904, 0.7999999999999999334 ) ) ;
#2980 = CARTESIAN_POINT ( 'NONE',  ( 2.115000000000000657, 0.5000000000000121014, -0.1499999999999999667 ) ) ;
#2981 = ADVANCED_FACE ( 'NONE', ( #2490 ), #3744, .F. ) ;
#2982 = EDGE_LOOP ( 'NONE', ( #598, #1754, #157, #2386 ) ) ;
#2983 = ORIENTED_EDGE ( 'NONE', *, *, #575, .F. ) ;
#2984 = AXIS2_PLACEMENT_3D ( 'NONE', #3474, #3157, #646 ) ;
#2985 = CARTESIAN_POINT ( 'NONE',  ( 2.151130971595621499, 0.01507335765783308738, 0.5000000000000000000 ) ) ;
#2986 = CARTESIAN_POINT ( 'NONE',  ( -1.050000000000000044, 1.050000000000000044, -1.250000000000000222 ) ) ;
#2987 = ORIENTED_EDGE ( 'NONE', *, *, #327, .T. ) ;
#2988 = EDGE_CURVE ( 'NONE', #3574, #470, #933, .T. ) ;
#2989 = VERTEX_POINT ( 'NONE', #604 ) ;
#2990 = ORIENTED_EDGE ( 'NONE', *, *, #955, .F. ) ;
#2991 = FILL_AREA_STYLE ('',( #493 ) ) ;
#2992 = VERTEX_POINT ( 'NONE', #3099 ) ;
#2993 = DIRECTION ( 'NONE',  ( -1.000000000000000000, 0.000000000000000000, 0.000000000000000000 ) ) ;
#2994 = DIRECTION ( 'NONE',  ( -0.9986295347545741663, 0.05233595624293776311, -0.000000000000000000 ) ) ;
#2995 = VERTEX_POINT ( 'NONE', #292 ) ;
#2996 = LINE ( 'NONE', #182, #806 ) ;
#2997 = CARTESIAN_POINT ( 'NONE',  ( -1.900000000000000355, 0.2797101843677941568, -0.1499999999999999667 ) ) ;
#2998 = CARTESIAN_POINT ( 'NONE',  ( 2.165000000000000036, 0.2797101843677950450, -0.1499999999999999667 ) ) ;
#2999 = VERTEX_POINT ( 'NONE', #1544 ) ;
#3000 = ORIENTED_EDGE ( 'NONE', *, *, #2163, .T. ) ;
#3001 = EDGE_CURVE ( 'NONE', #2839, #1901, #2788, .T. ) ;
#3002 = EDGE_CURVE ( 'NONE', #103, #755, #2514, .T. ) ;
#3003 = CARTESIAN_POINT ( 'NONE',  ( -1.850000000000000533, 0.5000000000000113243, -0.7999999999999999334 ) ) ;
#3004 = EDGE_CURVE ( 'NONE', #3026, #2572, #3890, .T. ) ;
#3005 = DIRECTION ( 'NONE',  ( 0.000000000000000000, 0.000000000000000000, 1.000000000000000000 ) ) ;
#3006 = ORIENTED_EDGE ( 'NONE', *, *, #2088, .F. ) ;
#3007 = ORIENTED_EDGE ( 'NONE', *, *, #3796, .F. ) ;
#3008 = APPLICATION_CONTEXT ( 'automotive_design' ) ;
#3009 = CARTESIAN_POINT ( 'NONE',  ( 1.850000000000000533, 0.5000000000000119904, -0.7999999999999999334 ) ) ;
#3010 = ORIENTED_EDGE ( 'NONE', *, *, #270, .T. ) ;
#3011 = CARTESIAN_POINT ( 'NONE',  ( -2.438747769407769272, -5.340566408274855646E-16, 1.149999999999999911 ) ) ;
#3012 = CARTESIAN_POINT ( 'NONE',  ( -2.115000000000000657, 0.5000000000000113243, -0.7999999999999999334 ) ) ;
#3013 = EDGE_CURVE ( 'NONE', #3826, #3968, #3597, .T. ) ;
#3014 = VECTOR ( 'NONE', #4022, 1000.000000000000000 ) ;
#3015 = VERTEX_POINT ( 'NONE', #2596 ) ;
#3016 = MANIFOLD_SOLID_BREP ( 'Boss-Extrude3[1]', #821 ) ;
#3017 = DIRECTION ( 'NONE',  ( -0.000000000000000000, -0.000000000000000000, -1.000000000000000000 ) ) ;
#3018 = DIRECTION ( 'NONE',  ( 0.9986295347545743883, 0.05233595624293620185, -0.000000000000000000 ) ) ;
#3019 = VECTOR ( 'NONE', #1816, 1000.000000000000000 ) ;
#3020 = DIRECTION ( 'NONE',  ( 1.000000000000000000, 0.000000000000000000, 0.000000000000000000 ) ) ;
#3021 = PLANE ( 'NONE',  #2779 ) ;
#3022 = AXIS2_PLACEMENT_3D ( 'NONE', #2236, #4071, #2527 ) ;
#3023 = DIRECTION ( 'NONE',  ( -1.000000000000000000, 5.906049733841302015E-15, 0.000000000000000000 ) ) ;
#3024 = FACE_OUTER_BOUND ( 'NONE', #370, .T. ) ;
#3025 = AXIS2_PLACEMENT_3D ( 'NONE', #1547, #2858, #1002 ) ;
#3026 = VERTEX_POINT ( 'NONE', #3525 ) ;
#3027 = ORIENTED_EDGE ( 'NONE', *, *, #727, .T. ) ;
#3028 = VECTOR ( 'NONE', #1142, 1000.000000000000000 ) ;
#3029 = SURFACE_SIDE_STYLE ('',( #511 ) ) ;
#3030 = EDGE_LOOP ( 'NONE', ( #1974, #2666, #2291, #3802 ) ) ;
#3031 = CIRCLE ( 'NONE', #869, 0.2650000000000000688 ) ;
#3032 = ADVANCED_FACE ( 'NONE', ( #1036 ), #719, .F. ) ;
#3033 = AXIS2_PLACEMENT_3D ( 'NONE', #1872, #4033, #2121 ) ;
#3034 = DIRECTION ( 'NONE',  ( 0.000000000000000000, 0.000000000000000000, 1.000000000000000000 ) ) ;
#3035 = ORIENTED_EDGE ( 'NONE', *, *, #3344, .F. ) ;
#3036 = ADVANCED_FACE ( 'NONE', ( #2020 ), #2869, .F. ) ;
#3037 = LINE ( 'NONE', #3738, #2436 ) ;
#3038 = CARTESIAN_POINT ( 'NONE',  ( 2.162383202187853737, 0.2297787076300663311, 1.149999999999999911 ) ) ;
#3039 = DIRECTION ( 'NONE',  ( -0.000000000000000000, -0.000000000000000000, -1.000000000000000000 ) ) ;
#3040 = VECTOR ( 'NONE', #1050, 1000.000000000000114 ) ;
#3041 = LINE ( 'NONE', #1483, #4016 ) ;
#3042 = ORIENTED_EDGE ( 'NONE', *, *, #2588, .T. ) ;
#3043 = CARTESIAN_POINT ( 'NONE',  ( 1.850000000000000089, 0.5500000000000118128, -0.7999999999999999334 ) ) ;
#3044 = MANIFOLD_SOLID_BREP ( 'LPattern1[4]', #2210 ) ;
#3045 = ORIENTED_EDGE ( 'NONE', *, *, #502, .F. ) ;
#3046 = VERTEX_POINT ( 'NONE', #2299 ) ;
#3047 = DIRECTION ( 'NONE',  ( -0.000000000000000000, -0.000000000000000000, -1.000000000000000000 ) ) ;
#3048 = VECTOR ( 'NONE', #69, 1000.000000000000000 ) ;
#3049 = CARTESIAN_POINT ( 'NONE',  ( -1.050000000000000044, 1.050000000000000044, -1.050000000000000044 ) ) ;
#3050 = EDGE_LOOP ( 'NONE', ( #2663, #2902, #772, #2681 ) ) ;
#3051 = EDGE_CURVE ( 'NONE', #755, #1797, #2056, .T. ) ;
#3052 = CARTESIAN_POINT ( 'NONE',  ( 1.477402560813270371, 0.7650002721546617090, 1.477402560813270371 ) ) ;
#3053 = DIRECTION ( 'NONE',  ( -1.000000000000000000, 0.000000000000000000, 0.000000000000000000 ) ) ;
#3054 = ADVANCED_FACE ( 'NONE', ( #2917 ), #413, .F. ) ;
#3055 = ADVANCED_FACE ( 'NONE', ( #949 ), #29, .F. ) ;
#3056 = ADVANCED_FACE ( 'NONE', ( #1607 ), #2847, .F. ) ;
#3057 = EDGE_CURVE ( 'NONE', #1143, #119, #741, .T. ) ;
#3058 = ORIENTED_EDGE ( 'NONE', *, *, #2791, .F. ) ;
#3059 = DIRECTION ( 'NONE',  ( -0.9986295347545741663, -0.05233595624293760351, 0.000000000000000000 ) ) ;
#3060 = DIRECTION ( 'NONE',  ( 0.000000000000000000, 0.000000000000000000, 1.000000000000000000 ) ) ;
#3061 = ORIENTED_EDGE ( 'NONE', *, *, #2470, .F. ) ;
#3062 = DIRECTION ( 'NONE',  ( 0.05233595624293620185, -0.9986295347545742773, 0.000000000000000000 ) ) ;
#3063 = EDGE_CURVE ( 'NONE', #1640, #2449, #1397, .T. ) ;
#3064 = LINE ( 'NONE', #231, #1477 ) ;
#3065 = DIRECTION ( 'NONE',  ( -0.000000000000000000, -0.000000000000000000, -1.000000000000000000 ) ) ;
#3066 = ORIENTED_EDGE ( 'NONE', *, *, #282, .F. ) ;
#3067 = VERTEX_POINT ( 'NONE', #1448 ) ;
#3068 = DIRECTION ( 'NONE',  ( 0.000000000000000000, 1.000000000000000000, 0.000000000000000000 ) ) ;
#3069 = CARTESIAN_POINT ( 'NONE',  ( 1.850000000000000089, 0.5500000000000118128, 1.149999999999999911 ) ) ;
#3070 = VERTEX_POINT ( 'NONE', #2372 ) ;
#3071 = FACE_OUTER_BOUND ( 'NONE', #3904, .T. ) ;
#3072 = LINE ( 'NONE', #258, #3414 ) ;
#3073 = FACE_OUTER_BOUND ( 'NONE', #3728, .T. ) ;
#3074 = ORIENTED_EDGE ( 'NONE', *, *, #1722, .T. ) ;
#3075 = AXIS2_PLACEMENT_3D ( 'NONE', #3194, #654, #2544 ) ;
#3076 = LINE ( 'NONE', #1241, #1279 ) ;
#3077 = DIRECTION ( 'NONE',  ( -0.000000000000000000, -0.000000000000000000, -1.000000000000000000 ) ) ;
#3078 = VECTOR ( 'NONE', #3643, 1000.000000000000114 ) ;
#3079 = CARTESIAN_POINT ( 'NONE',  ( 1.850000000000000089, 0.7650000000000121148, -1.149999999999999911 ) ) ;
#3080 = CARTESIAN_POINT ( 'NONE',  ( -1.900000000000000355, 0.2797101843677941568, 0.5000000000000000000 ) ) ;
#3081 = DIRECTION ( 'NONE',  ( -0.000000000000000000, -0.000000000000000000, -1.000000000000000000 ) ) ;
#3082 = VERTEX_POINT ( 'NONE', #2097 ) ;
#3083 = ORIENTED_EDGE ( 'NONE', *, *, #1852, .T. ) ;
#3084 = CIRCLE ( 'NONE', #796, 0.04999999999999991257 ) ;
#3085 = CARTESIAN_POINT ( 'NONE',  ( 1.850000000000000089, 0.7650000000000121148, 0.5000000000000000000 ) ) ;
#3086 = CIRCLE ( 'NONE', #1268, 0.1999999999999999833 ) ;
#3087 = CARTESIAN_POINT ( 'NONE',  ( 1.499999999999999778, 0.5500000000000120348, 1.149999999999999911 ) ) ;
#3088 = EDGE_LOOP ( 'NONE', ( #3116, #1471, #3633, #1212 ) ) ;
#3089 = VECTOR ( 'NONE', #3594, 1000.000000000000000 ) ;
#3090 = DIRECTION ( 'NONE',  ( -0.000000000000000000, -0.000000000000000000, -1.000000000000000000 ) ) ;
#3091 = PLANE ( 'NONE',  #3950 ) ;
#3092 = DIRECTION ( 'NONE',  ( -1.000000000000000000, 0.000000000000000000, 0.000000000000000000 ) ) ;
#3093 = VECTOR ( 'NONE', #3884, 999.9999999999998863 ) ;
#3094 = EDGE_LOOP ( 'NONE', ( #1807, #2849 ) ) ;
#3095 = AXIS2_PLACEMENT_3D ( 'NONE', #2303, #1635, #1335 ) ;
#3096 = ADVANCED_FACE ( 'NONE', ( #3967 ), #1413, .F. ) ;
#3097 = CARTESIAN_POINT ( 'NONE',  ( 1.900000000000000355, 0.2797101843677948230, 0.1499999999999999667 ) ) ;
#3098 = FACE_OUTER_BOUND ( 'NONE', #2963, .T. ) ;
#3099 = CARTESIAN_POINT ( 'NONE',  ( -2.438747769407769272, -5.340566408274855646E-16, -0.1499999999999999667 ) ) ;
#3100 = VECTOR ( 'NONE', #3524, 1000.000000000000000 ) ;
#3101 = FACE_OUTER_BOUND ( 'NONE', #3266, .T. ) ;
#3102 = ADVANCED_FACE ( 'NONE', ( #3927 ), #2406, .T. ) ;
#3103 = CARTESIAN_POINT ( 'NONE',  ( -1.050000000000000044, 1.100000000000000089, -1.050000000000000044 ) ) ;
#3104 = PLANE ( 'NONE',  #3025 ) ;
#3105 = VERTEX_POINT ( 'NONE', #524 ) ;
#3106 = VECTOR ( 'NONE', #3726, 1000.000000000000000 ) ;
#3107 = ORIENTED_EDGE ( 'NONE', *, *, #875, .F. ) ;
#3108 = CARTESIAN_POINT ( 'NONE',  ( -1.050000000000000044, 1.050000000000000044, -1.050000000000000044 ) ) ;
#3109 = DIRECTION ( 'NONE',  ( 6.195440985631449401E-16, 1.000000000000000000, -0.000000000000000000 ) ) ;
#3110 = ORIENTED_EDGE ( 'NONE', *, *, #736, .T. ) ;
#3111 = EDGE_LOOP ( 'NONE', ( #1375, #3549, #1962, #2606 ) ) ;
#3112 = VECTOR ( 'NONE', #3160, 1000.000000000000114 ) ;
#3113 = DIRECTION ( 'NONE',  ( 0.000000000000000000, 1.000000000000000000, 0.000000000000000000 ) ) ;
#3114 = FACE_OUTER_BOUND ( 'NONE', #3963, .T. ) ;
#3115 = DIRECTION ( 'NONE',  ( 0.000000000000000000, 0.000000000000000000, 1.000000000000000000 ) ) ;
#3116 = ORIENTED_EDGE ( 'NONE', *, *, #3902, .T. ) ;
#3117 = LINE ( 'NONE', #3362, #1134 ) ;
#3118 = DIRECTION ( 'NONE',  ( 0.000000000000000000, 0.000000000000000000, 1.000000000000000000 ) ) ;
#3119 = CARTESIAN_POINT ( 'NONE',  ( -1.050000000000000044, 1.050000000000000044, -1.050000000000000044 ) ) ;
#3120 = CARTESIAN_POINT ( 'NONE',  ( 1.499999999999999778, 0.5500000000000120348, 1.149999999999999911 ) ) ;
#3121 = CARTESIAN_POINT ( 'NONE',  ( -1.477402589417877721, 0.7650000000000114486, -0.7999999999999999334 ) ) ;
#3122 = DIRECTION ( 'NONE',  ( -0.000000000000000000, -0.000000000000000000, -1.000000000000000000 ) ) ;
#3123 = CARTESIAN_POINT ( 'NONE',  ( 1.850000000000000533, 0.5000000000000119904, 0.5000000000000000000 ) ) ;
#3124 = ORIENTED_EDGE ( 'NONE', *, *, #1311, .F. ) ;
#3125 = VERTEX_POINT ( 'NONE', #3615 ) ;
#3126 = EDGE_CURVE ( 'NONE', #471, #3070, #1779, .T. ) ;
#3127 = FACE_OUTER_BOUND ( 'NONE', #4069, .T. ) ;
#3128 = LINE ( 'NONE', #2134, #594 ) ;
#3129 = EDGE_LOOP ( 'NONE', ( #1387, #2800, #479, #963, #3957, #2469, #3372, #2658, #775, #3210, #1931, #2367 ) ) ;
#3130 = ORIENTED_EDGE ( 'NONE', *, *, #2460, .F. ) ;
#3131 = DIRECTION ( 'NONE',  ( -0.000000000000000000, -0.000000000000000000, -1.000000000000000000 ) ) ;
#3132 = CARTESIAN_POINT ( 'NONE',  ( 1.900000000000000355, 0.5000000000000119904, -0.1499999999999999667 ) ) ;
#3133 = CARTESIAN_POINT ( 'NONE',  ( -2.162383202187853737, 0.2297787076300654707, 0.1499999999999999667 ) ) ;
#3134 = ORIENTED_EDGE ( 'NONE', *, *, #1177, .F. ) ;
#3135 = EDGE_CURVE ( 'NONE', #3701, #3575, #3654, .T. ) ;
#3136 = DIRECTION ( 'NONE',  ( -0.000000000000000000, -0.000000000000000000, -1.000000000000000000 ) ) ;
#3137 = DIRECTION ( 'NONE',  ( -1.000000000000000000, 0.000000000000000000, 0.000000000000000000 ) ) ;
#3138 = CARTESIAN_POINT ( 'NONE',  ( 1.499999999999999778, 0.5500000000000120348, -0.1499999999999999667 ) ) ;
#3139 = CARTESIAN_POINT ( 'NONE',  ( -1.900000000000000355, 0.2797101843677941568, 1.149999999999999911 ) ) ;
#3140 = CARTESIAN_POINT ( 'NONE',  ( -2.450000000000000178, 0.2147053499722332004, -1.149999999999999911 ) ) ;
#3141 = VECTOR ( 'NONE', #2646, 1000.000000000000114 ) ;
#3142 = DIRECTION ( 'NONE',  ( -0.000000000000000000, -0.000000000000000000, -1.000000000000000000 ) ) ;
#3143 = ORIENTED_EDGE ( 'NONE', *, *, #89, .T. ) ;
#3144 = ORIENTED_EDGE ( 'NONE', *, *, #1166, .F. ) ;
#3145 = COLOUR_RGB ( '',0.7921568627450980005, 0.8196078431372548767, 0.9333333333333333481 ) ;
#3146 = EDGE_CURVE ( 'NONE', #3381, #3677, #2683, .T. ) ;
#3147 = CARTESIAN_POINT ( 'NONE',  ( 1.850000000000000089, 0.5500000000000118128, 1.149999999999999911 ) ) ;
#3148 = VERTEX_POINT ( 'NONE', #3294 ) ;
#3149 = ORIENTED_EDGE ( 'NONE', *, *, #1422, .F. ) ;
#3150 = MANIFOLD_SOLID_BREP ( 'LPattern1[3]', #1141 ) ;
#3151 = CARTESIAN_POINT ( 'NONE',  ( 2.114999999999999769, 0.2797101843677950450, 1.149999999999999911 ) ) ;
#3152 = DIRECTION ( 'NONE',  ( -1.000000000000000000, 0.000000000000000000, 0.000000000000000000 ) ) ;
#3153 = AXIS2_PLACEMENT_3D ( 'NONE', #3123, #79, #1272 ) ;
#3154 = FACE_OUTER_BOUND ( 'NONE', #1963, .T. ) ;
#3155 = AXIS2_PLACEMENT_3D ( 'NONE', #3009, #2080, #2668 ) ;
#3156 = CARTESIAN_POINT ( 'NONE',  ( -1.900000000000000355, 0.5000000000000113243, 1.149999999999999911 ) ) ;
#3157 = DIRECTION ( 'NONE',  ( -0.9945218953682722907, 0.1045284632676634629, 0.000000000000000000 ) ) ;
#3158 = EDGE_CURVE ( 'NONE', #2989, #2030, #1699, .T. ) ;
#3159 = DIRECTION ( 'NONE',  ( -0.1039620511844945444, 0.9891328443778545365, -0.1039620511844945444 ) ) ;
#3160 = DIRECTION ( 'NONE',  ( 0.05233595624293620185, -0.9986295347545742773, 0.000000000000000000 ) ) ;
#3161 = CIRCLE ( 'NONE', #3095, 0.2650000000000002354 ) ;
#3162 = CARTESIAN_POINT ( 'NONE',  ( 2.449999999999999289, 0.2147053499722340608, -0.5000000000000000000 ) ) ;
#3163 = CARTESIAN_POINT ( 'NONE',  ( 1.850000000000000089, 0.7650000000000121148, -0.1499999999999999667 ) ) ;
#3164 = DIRECTION ( 'NONE',  ( 1.000000000000000000, 0.000000000000000000, 0.000000000000000000 ) ) ;
#3165 = DIRECTION ( 'NONE',  ( 0.05233595624293760351, -0.9986295347545742773, 0.000000000000000000 ) ) ;
#3166 = ORIENTED_EDGE ( 'NONE', *, *, #1627, .T. ) ;
#3167 = ORIENTED_EDGE ( 'NONE', *, *, #1122, .F. ) ;
#3168 = CYLINDRICAL_SURFACE ( 'NONE', #2880, 0.2650000000000000688 ) ;
#3169 = VECTOR ( 'NONE', #3937, 1000.000000000000000 ) ;
#3170 = VERTEX_POINT ( 'NONE', #1396 ) ;
#3172 = EDGE_CURVE ( 'NONE', #1433, #2999, #3944, .T. ) ;
#3171 = CARTESIAN_POINT ( 'NONE',  ( 0.000000000000000000, 1.100000000000000089, -1.406196170502074905 ) ) ;
#3173 = ORIENTED_EDGE ( 'NONE', *, *, #2933, .F. ) ;
#3174 = LINE ( 'NONE', #3515, #4027 ) ;
#3175 = CLOSED_SHELL ( 'NONE', ( #3797, #1854, #1049, #1846 ) ) ;
#3176 = DIRECTION ( 'NONE',  ( -0.000000000000000000, -0.000000000000000000, -1.000000000000000000 ) ) ;
#3177 = DIRECTION ( 'NONE',  ( 1.000000000000000000, 0.000000000000000000, 0.000000000000000000 ) ) ;
#3178 = EDGE_CURVE ( 'NONE', #2995, #3951, #1089, .T. ) ;
#3179 = VERTEX_POINT ( 'NONE', #2035 ) ;
#3180 = EDGE_CURVE ( 'NONE', #2964, #104, #3272, .T. ) ;
#3181 = EDGE_CURVE ( 'NONE', #3660, #470, #4025, .T. ) ;
#3182 = ADVANCED_FACE ( 'NONE', ( #3393 ), #19, .F. ) ;
#3183 = LINE ( 'NONE', #375, #3048 ) ;
#3184 =( LENGTH_UNIT ( ) NAMED_UNIT ( * ) SI_UNIT ( .MILLI., .METRE. ) );
#3185 = CARTESIAN_POINT ( 'NONE',  ( -1.850000000000000533, 0.5000000000000113243, 0.7999999999999999334 ) ) ;
#3186 = LINE ( 'NONE', #3259, #3629 ) ;
#3187 = ORIENTED_EDGE ( 'NONE', *, *, #2316, .F. ) ;
#3188 = DIRECTION ( 'NONE',  ( -0.000000000000000000, -0.000000000000000000, -1.000000000000000000 ) ) ;
#3189 = CARTESIAN_POINT ( 'NONE',  ( -1.426605296338451012, 1.248303959645644445, -1.426605296338451234 ) ) ;
#3190 = FACE_OUTER_BOUND ( 'NONE', #2522, .T. ) ;
#3191 = ORIENTED_EDGE ( 'NONE', *, *, #1317, .T. ) ;
#3192 = ORIENTED_EDGE ( 'NONE', *, *, #1753, .T. ) ;
#3193 = EDGE_CURVE ( 'NONE', #3267, #3233, #2425, .T. ) ;
#3194 = CARTESIAN_POINT ( 'NONE',  ( 1.850000000000000089, 0.5500000000000118128, -0.1499999999999999667 ) ) ;
#3195 = ORIENTED_EDGE ( 'NONE', *, *, #3146, .F. ) ;
#3196 = VERTEX_POINT ( 'NONE', #3419 ) ;
#3197 = DIRECTION ( 'NONE',  ( -1.968683244613767075E-15, 1.000000000000000000, 0.000000000000000000 ) ) ;
#3198 = PLANE ( 'NONE',  #2971 ) ;
#3199 = SURFACE_SIDE_STYLE ('',( #147 ) ) ;
#3200 = EDGE_LOOP ( 'NONE', ( #2950, #2758, #2543, #1344 ) ) ;
#3201 = PLANE ( 'NONE',  #195 ) ;
#3202 = DIRECTION ( 'NONE',  ( -1.000000000000000000, 0.000000000000000000, 0.000000000000000000 ) ) ;
#3203 = EDGE_CURVE ( 'NONE', #2026, #3607, #2897, .T. ) ;
#3204 = ORIENTED_EDGE ( 'NONE', *, *, #1761, .T. ) ;
#3205 = EDGE_CURVE ( 'NONE', #2820, #2542, #480, .T. ) ;
#3206 = ORIENTED_EDGE ( 'NONE', *, *, #32, .T. ) ;
#3207 = AXIS2_PLACEMENT_3D ( 'NONE', #1559, #1282, #947 ) ;
#3208 = DIRECTION ( 'NONE',  ( 1.000000000000000000, 2.909848919217164945E-16, 0.000000000000000000 ) ) ;
#3209 = ORIENTED_EDGE ( 'NONE', *, *, #3126, .T. ) ;
#3210 = ORIENTED_EDGE ( 'NONE', *, *, #1463, .T. ) ;
#3211 =( GEOMETRIC_REPRESENTATION_CONTEXT ( 3 ) GLOBAL_UNCERTAINTY_ASSIGNED_CONTEXT ( ( #3527 ) ) GLOBAL_UNIT_ASSIGNED_CONTEXT ( ( #2003, #129, #2616 ) ) REPRESENTATION_CONTEXT ( 'NONE', 'WORKASPACE' ) );
#3212 = CARTESIAN_POINT ( 'NONE',  ( -2.165000000000000480, 0.2797101843677941568, 1.149999999999999911 ) ) ;
#3213 = VECTOR ( 'NONE', #1604, 1000.000000000000114 ) ;
#3214 = AXIS2_PLACEMENT_3D ( 'NONE', #3698, #885, #3397 ) ;
#3215 = CARTESIAN_POINT ( 'NONE',  ( 2.162383202187853737, 0.2297787076300663311, 0.5000000000000000000 ) ) ;
#3216 = SURFACE_STYLE_USAGE ( .BOTH. , #1664 ) ;
#3217 = VECTOR ( 'NONE', #1569, 1000.000000000000000 ) ;
#3218 = DIRECTION ( 'NONE',  ( -1.000000000000000000, 0.000000000000000000, 0.000000000000000000 ) ) ;
#3219 = LINE ( 'NONE', #3583, #3959 ) ;
#3220 = ORIENTED_EDGE ( 'NONE', *, *, #3929, .F. ) ;
#3221 = EDGE_CURVE ( 'NONE', #1094, #392, #3186, .T. ) ;
#3222 = COLOUR_RGB ( '',0.7921568627450980005, 0.8196078431372548767, 0.9333333333333333481 ) ;
#3223 = LINE ( 'NONE', #2324, #597 ) ;
#3224 = CARTESIAN_POINT ( 'NONE',  ( 0.000000000000000000, 1.100000000000000089, 1.406196170502074461 ) ) ;
#3225 = VECTOR ( 'NONE', #288, 1000.000000000000114 ) ;
#3226 = ORIENTED_EDGE ( 'NONE', *, *, #2345, .T. ) ;
#3227 = ORIENTED_EDGE ( 'NONE', *, *, #3172, .T. ) ;
#3228 = EDGE_CURVE ( 'NONE', #1143, #319, #1019, .T. ) ;
#3229 = ADVANCED_FACE ( 'NONE', ( #1331 ), #2894, .T. ) ;
#3230 = VECTOR ( 'NONE', #2672, 1000.000000000000000 ) ;
#3231 = FACE_OUTER_BOUND ( 'NONE', #3030, .T. ) ;
#3232 = ORIENTED_EDGE ( 'NONE', *, *, #1853, .T. ) ;
#3233 = VERTEX_POINT ( 'NONE', #3526 ) ;
#3234 = DIRECTION ( 'NONE',  ( -1.000000000000000000, 0.000000000000000000, 0.000000000000000000 ) ) ;
#3235 = VECTOR ( 'NONE', #2954, 999.9999999999998863 ) ;
#3236 = DIRECTION ( 'NONE',  ( 0.000000000000000000, 0.000000000000000000, -1.000000000000000000 ) ) ;
#3237 = LINE ( 'NONE', #3255, #3093 ) ;
#3238 = PLANE ( 'NONE',  #2536 ) ;
#3239 =( NAMED_UNIT ( * ) SI_UNIT ( $, .STERADIAN. ) SOLID_ANGLE_UNIT ( ) );
#3240 = AXIS2_PLACEMENT_3D ( 'NONE', #2491, #338, #3815 ) ;
#3241 = DIRECTION ( 'NONE',  ( -1.968683244613767075E-15, 1.000000000000000000, 0.000000000000000000 ) ) ;
#3242 = DIRECTION ( 'NONE',  ( -0.9986295347545741663, 0.05233595624293776311, -0.000000000000000000 ) ) ;
#3243 = VERTEX_POINT ( 'NONE', #3911 ) ;
#3244 = AXIS2_PLACEMENT_3D ( 'NONE', #3215, #2019, #1663 ) ;
#3245 = LINE ( 'NONE', #1688, #2441 ) ;
#3246 = LINE ( 'NONE', #2617, #1856 ) ;
#3247 = DIRECTION ( 'NONE',  ( 0.000000000000000000, 1.000000000000000000, 0.000000000000000000 ) ) ;
#3248 = VERTEX_POINT ( 'NONE', #414 ) ;
#3249 = ORIENTED_EDGE ( 'NONE', *, *, #1627, .F. ) ;
#3250 = LINE ( 'NONE', #2948, #3141 ) ;
#3251 = VERTEX_POINT ( 'NONE', #747 ) ;
#3252 = VERTEX_POINT ( 'NONE', #1052 ) ;
#3253 = ORIENTED_EDGE ( 'NONE', *, *, #3352, .F. ) ;
#3254 = CARTESIAN_POINT ( 'NONE',  ( -1.900000000000000355, 0.5000000000000113243, -1.149999999999999911 ) ) ;
#3255 = CARTESIAN_POINT ( 'NONE',  ( -1.347928883140943279, 1.374126034516822026, -1.347928883140943501 ) ) ;
#3256 = SHAPE_DEFINITION_REPRESENTATION ( #3518, #1385 ) ;
#3257 = PLANE ( 'NONE',  #3428 ) ;
#3258 = DIRECTION ( 'NONE',  ( -0.9986295347545741663, -0.05233595624293760351, 0.000000000000000000 ) ) ;
#3259 = CARTESIAN_POINT ( 'NONE',  ( 2.438747769407769272, 3.333050971609179826E-16, 1.149999999999999911 ) ) ;
#3260 = ORIENTED_EDGE ( 'NONE', *, *, #1175, .T. ) ;
#3261 = DIRECTION ( 'NONE',  ( -0.1045284632676634490, -0.9945218953682721796, 0.000000000000000000 ) ) ;
#3262 = PLANE ( 'NONE',  #1129 ) ;
#3263 = CARTESIAN_POINT ( 'NONE',  ( 1.477402589417877277, 0.7650000000000120037, 0.5000000000000000000 ) ) ;
#3264 = ORIENTED_EDGE ( 'NONE', *, *, #2328, .T. ) ;
#3265 = VERTEX_POINT ( 'NONE', #1351 ) ;
#3266 = EDGE_LOOP ( 'NONE', ( #2289, #711, #2379, #1555 ) ) ;
#3267 = VERTEX_POINT ( 'NONE', #2319 ) ;
#3268 = ORIENTED_EDGE ( 'NONE', *, *, #162, .T. ) ;
#3269 = ADVANCED_FACE ( 'NONE', ( #2918 ), #2597, .F. ) ;
#3270 = VECTOR ( 'NONE', #280, 1000.000000000000000 ) ;
#3271 = EDGE_CURVE ( 'NONE', #1498, #2000, #3219, .T. ) ;
#3272 = LINE ( 'NONE', #475, #1201 ) ;
#3273 = CIRCLE ( 'NONE', #1262, 0.1999999999999999833 ) ;
#3274 = CARTESIAN_POINT ( 'NONE',  ( 2.449999999999999289, 0.2147053499722340608, -0.1499999999999999667 ) ) ;
#3275 = DIRECTION ( 'NONE',  ( -0.1045284632676634490, -0.9945218953682721796, 0.000000000000000000 ) ) ;
#3276 = VECTOR ( 'NONE', #197, 1000.000000000000000 ) ;
#3277 = EDGE_LOOP ( 'NONE', ( #1128, #2624, #3187, #1099 ) ) ;
#3278 = AXIS2_PLACEMENT_3D ( 'NONE', #3928, #1106, #2993 ) ;
#3279 =( LENGTH_UNIT ( ) NAMED_UNIT ( * ) SI_UNIT ( .MILLI., .METRE. ) );
#3280 = PLANE ( 'NONE',  #546 ) ;
#3281 = EDGE_CURVE ( 'NONE', #2671, #2286, #720, .T. ) ;
#3282 = ORIENTED_EDGE ( 'NONE', *, *, #3477, .T. ) ;
#3283 = VERTEX_POINT ( 'NONE', #1665 ) ;
#3284 = VECTOR ( 'NONE', #3774, 1000.000000000000000 ) ;
#3285 = CARTESIAN_POINT ( 'NONE',  ( -1.477402589417877721, 0.7650000000000114486, 0.7999999999999999334 ) ) ;
#3286 = DIRECTION ( 'NONE',  ( 0.000000000000000000, 0.000000000000000000, 1.000000000000000000 ) ) ;
#3287 = AXIS2_PLACEMENT_3D ( 'NONE', #2955, #1971, #3218 ) ;
#3288 = VERTEX_POINT ( 'NONE', #434 ) ;
#3289 = EDGE_LOOP ( 'NONE', ( #3466, #792, #213, #401 ) ) ;
#3290 = ORIENTED_EDGE ( 'NONE', *, *, #630, .T. ) ;
#3291 = ADVANCED_FACE ( 'NONE', ( #1685 ), #2941, .T. ) ;
#3292 = CIRCLE ( 'NONE', #2703, 0.05000000000000012768 ) ;
#3293 = VECTOR ( 'NONE', #928, 1000.000000000000000 ) ;
#3294 = CARTESIAN_POINT ( 'NONE',  ( 1.477402589417877277, 0.7650000000000120037, -1.149999999999999911 ) ) ;
#3295 = FACE_OUTER_BOUND ( 'NONE', #3534, .T. ) ;
#3296 = PLANE ( 'NONE',  #371 ) ;
#3297 = AXIS2_PLACEMENT_3D ( 'NONE', #3478, #1568, #608 ) ;
#3298 = ORIENTED_EDGE ( 'NONE', *, *, #2161, .T. ) ;
#3299 = ADVANCED_FACE ( 'NONE', ( #459 ), #771, .F. ) ;
#3300 = EDGE_CURVE ( 'NONE', #2374, #186, #2976, .T. ) ;
#3301 = EDGE_CURVE ( 'NONE', #1082, #1465, #1127, .T. ) ;
#3302 = EDGE_CURVE ( 'NONE', #2238, #101, #1204, .T. ) ;
#3303 = LINE ( 'NONE', #1108, #3745 ) ;
#3304 = CARTESIAN_POINT ( 'NONE',  ( 1.499999999999999778, 0.5500000000000120348, -0.7999999999999999334 ) ) ;
#3305 = LINE ( 'NONE', #2104, #1472 ) ;
#3306 = CARTESIAN_POINT ( 'NONE',  ( 1.900000000000000355, 0.2797101843677948230, -0.1499999999999999667 ) ) ;
#3307 = DIRECTION ( 'NONE',  ( 0.9986295347545741663, 0.05233595624293759657, 0.000000000000000000 ) ) ;
#3308 = ORIENTED_EDGE ( 'NONE', *, *, #1551, .T. ) ;
#3309 = DIRECTION ( 'NONE',  ( -0.000000000000000000, -0.000000000000000000, -1.000000000000000000 ) ) ;
#3310 = DIRECTION ( 'NONE',  ( 1.968683244613767075E-15, -1.000000000000000000, 0.000000000000000000 ) ) ;
#3311 = DIRECTION ( 'NONE',  ( -0.000000000000000000, 0.000000000000000000, -1.000000000000000000 ) ) ;
#3312 = VERTEX_POINT ( 'NONE', #1193 ) ;
#3313 = ORIENTED_EDGE ( 'NONE', *, *, #2862, .F. ) ;
#3314 = EDGE_CURVE ( 'NONE', #612, #1097, #1932, .T. ) ;
#3315 = DIRECTION ( 'NONE',  ( -0.000000000000000000, -0.000000000000000000, -1.000000000000000000 ) ) ;
#3316 = CARTESIAN_POINT ( 'NONE',  ( -1.500000000000000222, 0.5500000000000113687, 0.5000000000000000000 ) ) ;
#3317 = CARTESIAN_POINT ( 'NONE',  ( 1.850000000000000533, 0.5000000000000119904, -0.1499999999999999667 ) ) ;
#3318 = LINE ( 'NONE', #2410, #745 ) ;
#3319 = ORIENTED_EDGE ( 'NONE', *, *, #1430, .F. ) ;
#3320 = LINE ( 'NONE', #3133, #3078 ) ;
#3321 = DIRECTION ( 'NONE',  ( 1.000000000000000000, -6.195440985631449401E-16, -0.000000000000000000 ) ) ;
#3322 = LINE ( 'NONE', #2997, #2215 ) ;
#3323 = CARTESIAN_POINT ( 'NONE',  ( 2.438747769407769272, 3.333050971609179826E-16, 0.5000000000000000000 ) ) ;
#3324 = DIRECTION ( 'NONE',  ( 5.906049733841301226E-15, 1.000000000000000000, -0.000000000000000000 ) ) ;
#3325 = EDGE_CURVE ( 'NONE', #1008, #2558, #3318, .T. ) ;
#3326 =( NAMED_UNIT ( * ) SI_UNIT ( $, .STERADIAN. ) SOLID_ANGLE_UNIT ( ) );
#3327 = CARTESIAN_POINT ( 'NONE',  ( -1.426605296338451234, 1.248303959645644445, 1.426605296338450568 ) ) ;
#3328 = DIRECTION ( 'NONE',  ( -0.000000000000000000, -0.000000000000000000, -1.000000000000000000 ) ) ;
#3329 = EDGE_CURVE ( 'NONE', #3719, #1710, #3990, .T. ) ;
#3330 = ORIENTED_EDGE ( 'NONE', *, *, #301, .F. ) ;
#3331 = ORIENTED_EDGE ( 'NONE', *, *, #2275, .T. ) ;
#3332 = ADVANCED_FACE ( 'NONE', ( #782 ), #3257, .F. ) ;
#3333 = CARTESIAN_POINT ( 'NONE',  ( -1.500000000000000222, 0.5500000000000113687, -1.149999999999999911 ) ) ;
#3334 = ORIENTED_EDGE ( 'NONE', *, *, #150, .F. ) ;
#3335 = LINE ( 'NONE', #2722, #926 ) ;
#3336 = VECTOR ( 'NONE', #2480, 1000.000000000000000 ) ;
#3337 = ORIENTED_EDGE ( 'NONE', *, *, #146, .T. ) ;
#3338 = MECHANICAL_DESIGN_GEOMETRIC_PRESENTATION_REPRESENTATION (  '', ( #1114 ), #139 ) ;
#3339 = PLANE ( 'NONE',  #2690 ) ;
#3340 = FACE_OUTER_BOUND ( 'NONE', #2164, .T. ) ;
#3341 = DIRECTION ( 'NONE',  ( 1.000000000000000000, 0.000000000000000000, 0.000000000000000000 ) ) ;
#3342 = VECTOR ( 'NONE', #1230, 1000.000000000000000 ) ;
#3343 = VERTEX_POINT ( 'NONE', #1744 ) ;
#3344 = EDGE_CURVE ( 'NONE', #2076, #1892, #3888, .T. ) ;
#3345 = PRESENTATION_STYLE_ASSIGNMENT (( #2382 ) ) ;
#3346 = CARTESIAN_POINT ( 'NONE',  ( 1.900000000000000355, 0.2797101843677948230, 0.5000000000000000000 ) ) ;
#3347 = ORIENTED_EDGE ( 'NONE', *, *, #3611, .F. ) ;
#3348 = ORIENTED_EDGE ( 'NONE', *, *, #3966, .F. ) ;
#3349 = ADVANCED_FACE ( 'NONE', ( #1148 ), #3700, .F. ) ;
#3350 = EDGE_CURVE ( 'NONE', #2822, #1087, #156, .T. ) ;
#3351 = EDGE_CURVE ( 'NONE', #1406, #3429, #2531, .T. ) ;
#3352 = EDGE_CURVE ( 'NONE', #3251, #1892, #3237, .T. ) ;
#3353 = LINE ( 'NONE', #3999, #3618 ) ;
#3354 =( GEOMETRIC_REPRESENTATION_CONTEXT ( 3 ) GLOBAL_UNCERTAINTY_ASSIGNED_CONTEXT ( ( #1831 ) ) GLOBAL_UNIT_ASSIGNED_CONTEXT ( ( #71, #2360, #1330 ) ) REPRESENTATION_CONTEXT ( 'NONE', 'WORKASPACE' ) );
#3355 = DIRECTION ( 'NONE',  ( 1.000000000000000000, 0.000000000000000000, -0.000000000000000000 ) ) ;
#3356 = VERTEX_POINT ( 'NONE', #2337 ) ;
#3357 = AXIS2_PLACEMENT_3D ( 'NONE', #3224, #77, #3838 ) ;
#3358 = DIRECTION ( 'NONE',  ( 0.000000000000000000, 0.000000000000000000, 1.000000000000000000 ) ) ;
#3359 = LINE ( 'NONE', #2467, #660 ) ;
#3360 = CIRCLE ( 'NONE', #1078, 0.05000000000000012768 ) ;
#3361 = ORIENTED_EDGE ( 'NONE', *, *, #757, .T. ) ;
#3362 = CARTESIAN_POINT ( 'NONE',  ( -2.162383202187853737, 0.2297787076300654707, -1.149999999999999911 ) ) ;
#3363 = DIRECTION ( 'NONE',  ( -0.000000000000000000, -0.000000000000000000, -1.000000000000000000 ) ) ;
#3364 = VECTOR ( 'NONE', #488, 1000.000000000000000 ) ;
#3365 = CARTESIAN_POINT ( 'NONE',  ( -1.850000000000000533, 0.5000000000000113243, -1.149999999999999911 ) ) ;
#3366 = LINE ( 'NONE', #560, #1144 ) ;
#3367 = VECTOR ( 'NONE', #1521, 1000.000000000000114 ) ;
#3368 = DIRECTION ( 'NONE',  ( 0.000000000000000000, 0.000000000000000000, 1.000000000000000000 ) ) ;
#3369 = CARTESIAN_POINT ( 'NONE',  ( -1.850000000000000533, 0.7650000000000113376, 1.149999999999999911 ) ) ;
#3370 = DIRECTION ( 'NONE',  ( -1.000000000000000000, 0.000000000000000000, 0.000000000000000000 ) ) ;
#3371 = AXIS2_PLACEMENT_3D ( 'NONE', #1459, #2673, #535 ) ;
#3372 = ORIENTED_EDGE ( 'NONE', *, *, #675, .T. ) ;
#3373 = ORIENTED_EDGE ( 'NONE', *, *, #1132, .T. ) ;
#3374 = CYLINDRICAL_SURFACE ( 'NONE', #16, 0.2650000000000000688 ) ;
#3375 = VECTOR ( 'NONE', #2419, 1000.000000000000000 ) ;
#3376 = PLANE ( 'NONE',  #1501 ) ;
#3377 = VERTEX_POINT ( 'NONE', #2294 ) ;
#3378 = CARTESIAN_POINT ( 'NONE',  ( 1.442200534938037793, 7.482414138209139177E-05, -1.442200534938038237 ) ) ;
#3379 = DIRECTION ( 'NONE',  ( 5.906049733841301226E-15, 1.000000000000000000, -0.000000000000000000 ) ) ;
#3380 = CARTESIAN_POINT ( 'NONE',  ( -2.165000000000000480, 0.2797101843677941568, -0.7999999999999999334 ) ) ;
#3381 = VERTEX_POINT ( 'NONE', #3577 ) ;
#3382 = CARTESIAN_POINT ( 'NONE',  ( -1.850000000000000533, 0.5500000000000111466, 0.5000000000000000000 ) ) ;
#3383 = CARTESIAN_POINT ( 'NONE',  ( 2.165000000000000036, 0.2797101843677950450, -0.7999999999999999334 ) ) ;
#3384 = DIRECTION ( 'NONE',  ( -0.000000000000000000, -0.000000000000000000, -1.000000000000000000 ) ) ;
#3385 = FACE_OUTER_BOUND ( 'NONE', #441, .T. ) ;
#3386 = CARTESIAN_POINT ( 'NONE',  ( -2.438747769407769272, -5.340566408274855646E-16, -0.1499999999999999667 ) ) ;
#3387 = PRODUCT_DEFINITION_CONTEXT ( 'detailed design', #998, 'design' ) ;
#3388 = CARTESIAN_POINT ( 'NONE',  ( -2.450000000000000178, 0.2147053499722332004, -0.1499999999999999667 ) ) ;
#3389 = VERTEX_POINT ( 'NONE', #2592 ) ;
#3390 = ORIENTED_EDGE ( 'NONE', *, *, #82, .F. ) ;
#3391 = DIRECTION ( 'NONE',  ( 0.000000000000000000, 1.000000000000000000, 0.000000000000000000 ) ) ;
#3392 = DIRECTION ( 'NONE',  ( 0.9986295347545741663, -0.05233595624293779086, -0.000000000000000000 ) ) ;
#3393 = FACE_OUTER_BOUND ( 'NONE', #2421, .T. ) ;
#3394 = EDGE_LOOP ( 'NONE', ( #4043, #1085, #1411, #251 ) ) ;
#3395 = ADVANCED_FACE ( 'NONE', ( #2016 ), #409, .T. ) ;
#3396 = CARTESIAN_POINT ( 'NONE',  ( -1.850000000000000533, 0.5500000000000111466, -1.149999999999999911 ) ) ;
#3397 = DIRECTION ( 'NONE',  ( 1.000000000000000000, 0.000000000000000000, 0.000000000000000000 ) ) ;
#3398 = CARTESIAN_POINT ( 'NONE',  ( -2.115000000000000213, 0.2797101843677941568, 0.1499999999999999667 ) ) ;
#3399 = VERTEX_POINT ( 'NONE', #767 ) ;
#3400 = EDGE_CURVE ( 'NONE', #14, #3628, #3031, .T. ) ;
#3401 = VECTOR ( 'NONE', #368, 1000.000000000000114 ) ;
#3402 = DIRECTION ( 'NONE',  ( 0.9986295347545741663, -0.05233595624293779086, -0.000000000000000000 ) ) ;
#3403 = CARTESIAN_POINT ( 'NONE',  ( 1.426605296338450790, 1.248303959645644445, -1.426605296338451012 ) ) ;
#3404 = CARTESIAN_POINT ( 'NONE',  ( -2.115000000000000657, 0.5000000000000113243, 0.5000000000000000000 ) ) ;
#3405 = PRESENTATION_LAYER_ASSIGNMENT (  '', '', ( #1114 ) ) ;
#3406 = CYLINDRICAL_SURFACE ( 'NONE', #3240, 0.04999999999999991257 ) ;
#3407 = EDGE_CURVE ( 'NONE', #678, #2723, #1048, .T. ) ;
#3408 = VECTOR ( 'NONE', #1453, 1000.000000000000114 ) ;
#3409 = CARTESIAN_POINT ( 'NONE',  ( -1.850000000000000533, 0.5000000000000113243, 1.149999999999999911 ) ) ;
#3410 = FACE_OUTER_BOUND ( 'NONE', #1419, .T. ) ;
#3411 = LINE ( 'NONE', #3750, #2054 ) ;
#3412 = ORIENTED_EDGE ( 'NONE', *, *, #227, .T. ) ;
#3413 = ORIENTED_EDGE ( 'NONE', *, *, #3779, .F. ) ;
#3414 = VECTOR ( 'NONE', #2761, 1000.000000000000000 ) ;
#3415 = DIRECTION ( 'NONE',  ( -6.195440985631449401E-16, 1.000000000000000000, 0.000000000000000000 ) ) ;
#3416 = LINE ( 'NONE', #941, #3678 ) ;
#3417 = FACE_OUTER_BOUND ( 'NONE', #3805, .T. ) ;
#3418 = PRESENTATION_LAYER_ASSIGNMENT (  '', '', ( #1394 ) ) ;
#3419 = CARTESIAN_POINT ( 'NONE',  ( 2.151130971595621499, 0.01507335765783308738, -0.5000000000000000000 ) ) ;
#3420 = ORIENTED_EDGE ( 'NONE', *, *, #1476, .F. ) ;
#3421 = EDGE_LOOP ( 'NONE', ( #1135, #3509, #2109, #3313, #2680, #3806, #2075, #699, #2667, #545, #424, #1583 ) ) ;
#3422 = AXIS2_PLACEMENT_3D ( 'NONE', #3853, #3563, #1999 ) ;
#3423 = DIRECTION ( 'NONE',  ( -1.000000000000000000, -2.909848919217164945E-16, 0.000000000000000000 ) ) ;
#3424 = DIRECTION ( 'NONE',  ( -1.000000000000000000, 0.000000000000000000, 0.000000000000000000 ) ) ;
#3425 = CARTESIAN_POINT ( 'NONE',  ( -2.165000000000000480, 0.2797101843677941568, 0.5000000000000000000 ) ) ;
#3426 = PRESENTATION_STYLE_ASSIGNMENT (( #2188 ) ) ;
#3427 = CARTESIAN_POINT ( 'NONE',  ( -1.050000000000000044, 1.100000000000000089, -1.050000000000000044 ) ) ;
#3428 = AXIS2_PLACEMENT_3D ( 'NONE', #2060, #2916, #3275 ) ;
#3429 = VERTEX_POINT ( 'NONE', #740 ) ;
#3430 = COLOUR_RGB ( '',0.7921568627450980005, 0.8196078431372548767, 0.9333333333333333481 ) ;
#3431 = CARTESIAN_POINT ( 'NONE',  ( -2.450000000000000178, 0.2147053499722332004, 0.7999999999999999334 ) ) ;
#3432 = LINE ( 'NONE', #1219, #1802 ) ;
#3433 = CARTESIAN_POINT ( 'NONE',  ( 2.165000000000000036, 0.2797101843677950450, -1.149999999999999911 ) ) ;
#3434 = ADVANCED_FACE ( 'NONE', ( #1993 ), #428, .F. ) ;
#3435 = ADVANCED_FACE ( 'NONE', ( #2860 ), #62, .F. ) ;
#3436 = DIRECTION ( 'NONE',  ( -0.000000000000000000, -0.000000000000000000, -1.000000000000000000 ) ) ;
#3437 = CARTESIAN_POINT ( 'NONE',  ( 2.438747769407769272, 3.333050971609179826E-16, -1.149999999999999911 ) ) ;
#3438 = CARTESIAN_POINT ( 'NONE',  ( -2.115000000000000657, 0.5000000000000113243, 0.1499999999999999667 ) ) ;
#3439 = CARTESIAN_POINT ( 'NONE',  ( -2.162383202187853737, 0.2297787076300651654, 0.5000000000000000000 ) ) ;
#3440 = ORIENTED_EDGE ( 'NONE', *, *, #2745, .F. ) ;
#3441 = VERTEX_POINT ( 'NONE', #3522 ) ;
#3442 = CARTESIAN_POINT ( 'NONE',  ( -1.477402589417877721, 0.7650000000000114486, -0.1499999999999999667 ) ) ;
#3443 = FACE_OUTER_BOUND ( 'NONE', #3841, .T. ) ;
#3444 = AXIS2_PLACEMENT_3D ( 'NONE', #2435, #3368, #1409 ) ;
#3445 = EDGE_LOOP ( 'NONE', ( #1608, #1681, #2404, #1149 ) ) ;
#3446 = ORIENTED_EDGE ( 'NONE', *, *, #247, .F. ) ;
#3447 = EDGE_CURVE ( 'NONE', #2905, #3513, #92, .T. ) ;
#3448 = CIRCLE ( 'NONE', #2347, 0.2650000000000000688 ) ;
#3449 = DIRECTION ( 'NONE',  ( -1.000000000000000000, 6.195440985631449401E-16, 0.000000000000000000 ) ) ;
#3450 = LINE ( 'NONE', #2237, #794 ) ;
#3451 = DIRECTION ( 'NONE',  ( -0.000000000000000000, -0.000000000000000000, -1.000000000000000000 ) ) ;
#3452 = ORIENTED_EDGE ( 'NONE', *, *, #3920, .T. ) ;
#3453 = LINE ( 'NONE', #2831, #1348 ) ;
#3454 = DIRECTION ( 'NONE',  ( -0.000000000000000000, -0.000000000000000000, -1.000000000000000000 ) ) ;
#3455 = SURFACE_STYLE_USAGE ( .BOTH. , #1895 ) ;
#3456 = FACE_OUTER_BOUND ( 'NONE', #1297, .T. ) ;
#3457 = EDGE_CURVE ( 'NONE', #3267, #3513, #2535, .T. ) ;
#3458 = DIRECTION ( 'NONE',  ( -1.000000000000000000, 0.000000000000000000, 0.000000000000000000 ) ) ;
#3459 = DIRECTION ( 'NONE',  ( 1.968683244613767075E-15, -1.000000000000000000, 0.000000000000000000 ) ) ;
#3460 = CARTESIAN_POINT ( 'NONE',  ( 2.162383202187853737, 0.2297787076300663311, 0.7999999999999999334 ) ) ;
#3461 = ORIENTED_EDGE ( 'NONE', *, *, #4056, .T. ) ;
#3462 = DIRECTION ( 'NONE',  ( 6.195440985631449401E-16, 1.000000000000000000, -0.000000000000000000 ) ) ;
#3463 = ORIENTED_EDGE ( 'NONE', *, *, #3613, .T. ) ;
#3464 = LINE ( 'NONE', #3510, #3401 ) ;
#3465 = ORIENTED_EDGE ( 'NONE', *, *, #3604, .T. ) ;
#3466 = ORIENTED_EDGE ( 'NONE', *, *, #2911, .T. ) ;
#3467 = DIRECTION ( 'NONE',  ( -0.000000000000000000, -0.000000000000000000, -1.000000000000000000 ) ) ;
#3468 = DIRECTION ( 'NONE',  ( -0.000000000000000000, -0.000000000000000000, -1.000000000000000000 ) ) ;
#3469 = ADVANCED_FACE ( 'NONE', ( #1682 ), #125, .T. ) ;
#3470 = CARTESIAN_POINT ( 'NONE',  ( 1.499999999999999334, 0.1499999999999999944, -1.457958305893729767 ) ) ;
#3471 = ORIENTED_EDGE ( 'NONE', *, *, #2031, .T. ) ;
#3472 = DIRECTION ( 'NONE',  ( -0.9986295347545741663, 0.05233595624293779086, 0.000000000000000000 ) ) ;
#3473 = LINE ( 'NONE', #3156, #3840 ) ;
#3474 = CARTESIAN_POINT ( 'NONE',  ( -1.500000000000000222, 0.5500000000000113687, -0.1499999999999999667 ) ) ;
#3475 = DIRECTION ( 'NONE',  ( 0.9986295347545741663, 0.05233595624293795739, 0.000000000000000000 ) ) ;
#3476 = DIRECTION ( 'NONE',  ( -1.000000000000000000, 0.000000000000000000, 0.000000000000000000 ) ) ;
#3477 = EDGE_CURVE ( 'NONE', #166, #1509, #483, .T. ) ;
#3478 = CARTESIAN_POINT ( 'NONE',  ( -2.165000000000000480, 0.2797101843677941568, 0.1499999999999999667 ) ) ;
#3479 = AXIS2_PLACEMENT_3D ( 'NONE', #881, #1276, #1187 ) ;
#3480 = CARTESIAN_POINT ( 'NONE',  ( -2.438747769407769272, -5.340566408274855646E-16, 0.7999999999999999334 ) ) ;
#3481 = ORIENTED_EDGE ( 'NONE', *, *, #3205, .F. ) ;
#3482 = EDGE_LOOP ( 'NONE', ( #2369, #2937, #2717, #3027, #171, #3709, #118, #137, #1363, #2677, #2130, #196 ) ) ;
#3483 = AXIS2_PLACEMENT_3D ( 'NONE', #3730, #2133, #1210 ) ;
#3484 = EDGE_CURVE ( 'NONE', #3826, #537, #3174, .T. ) ;
#3485 = CARTESIAN_POINT ( 'NONE',  ( 1.406196170502074461, 1.100000000000000089, 1.406196170502074461 ) ) ;
#3486 = AXIS2_PLACEMENT_3D ( 'NONE', #904, #2159, #3424 ) ;
#3487 = EDGE_LOOP ( 'NONE', ( #3789, #3173, #3916, #754 ) ) ;
#3488 = ORIENTED_EDGE ( 'NONE', *, *, #2935, .T. ) ;
#3489 = EDGE_CURVE ( 'NONE', #1425, #3312, #1786, .T. ) ;
#3490 = EDGE_CURVE ( 'NONE', #2992, #1275, #667, .T. ) ;
#3491 = EDGE_CURVE ( 'NONE', #1556, #1885, #2217, .T. ) ;
#3492 = AXIS2_PLACEMENT_3D ( 'NONE', #3212, #3938, #1441 ) ;
#3493 = LINE ( 'NONE', #3536, #860 ) ;
#3494 = VECTOR ( 'NONE', #935, 1000.000000000000114 ) ;
#3495 = ORIENTED_EDGE ( 'NONE', *, *, #425, .T. ) ;
#3496 = CARTESIAN_POINT ( 'NONE',  ( -2.450000000000000178, 0.2147053499722332004, -0.7999999999999999334 ) ) ;
#3497 = VECTOR ( 'NONE', #2797, 1000.000000000000000 ) ;
#3498 =( LENGTH_UNIT ( ) NAMED_UNIT ( * ) SI_UNIT ( .MILLI., .METRE. ) );
#3499 =( NAMED_UNIT ( * ) SI_UNIT ( $, .STERADIAN. ) SOLID_ANGLE_UNIT ( ) );
#3500 = ORIENTED_EDGE ( 'NONE', *, *, #705, .T. ) ;
#3501 = EDGE_CURVE ( 'NONE', #2105, #962, #2142, .T. ) ;
#3502 = AXIS2_PLACEMENT_3D ( 'NONE', #2821, #3716, #2185 ) ;
#3503 = DIRECTION ( 'NONE',  ( 0.000000000000000000, 0.000000000000000000, 1.000000000000000000 ) ) ;
#3504 = PLANE ( 'NONE',  #2884 ) ;
#3505 = DIRECTION ( 'NONE',  ( -0.000000000000000000, -0.000000000000000000, -1.000000000000000000 ) ) ;
#3506 = VECTOR ( 'NONE', #376, 1000.000000000000000 ) ;
#3507 = PLANE ( 'NONE',  #2446 ) ;
#3508 = ORIENTED_EDGE ( 'NONE', *, *, #3642, .T. ) ;
#3509 = ORIENTED_EDGE ( 'NONE', *, *, #425, .F. ) ;
#3510 = CARTESIAN_POINT ( 'NONE',  ( 2.162383202187853737, 0.2297787076300663311, 0.7999999999999999334 ) ) ;
#3511 = AXIS2_PLACEMENT_3D ( 'NONE', #2298, #1223, #718 ) ;
#3512 = ORIENTED_EDGE ( 'NONE', *, *, #836, .T. ) ;
#3513 = VERTEX_POINT ( 'NONE', #2962 ) ;
#3514 = CARTESIAN_POINT ( 'NONE',  ( 2.449999999999999289, 0.2147053499722340608, -0.7999999999999999334 ) ) ;
#3515 = CARTESIAN_POINT ( 'NONE',  ( -2.162383202187853737, 0.2297787076300651654, -0.7999999999999999334 ) ) ;
#3516 = CLOSED_SHELL ( 'NONE', ( #2032, #3867, #3054, #1316, #153, #1842, #2888, #577, #704, #2444, #3971, #3843, #2307, #1 ) ) ;
#3517 = DIRECTION ( 'NONE',  ( -0.000000000000000000, 0.000000000000000000, -1.000000000000000000 ) ) ;
#3518 = PRODUCT_DEFINITION_SHAPE ( 'NONE', 'NONE',  #1110 ) ;
#3519 = CIRCLE ( 'NONE', #3444, 0.2649999999999998468 ) ;
#3520 = ORIENTED_EDGE ( 'NONE', *, *, #3180, .F. ) ;
#3521 = EDGE_CURVE ( 'NONE', #2321, #2013, #283, .T. ) ;
#3522 = CARTESIAN_POINT ( 'NONE',  ( -1.050000000000000044, 1.050000000000000044, -1.250000000000000222 ) ) ;
#3523 = CARTESIAN_POINT ( 'NONE',  ( 2.438747769407769272, 3.333050971609179826E-16, -0.7999999999999999334 ) ) ;
#3524 = DIRECTION ( 'NONE',  ( -0.000000000000000000, 1.000000000000000000, -0.000000000000000000 ) ) ;
#3525 = CARTESIAN_POINT ( 'NONE',  ( -1.850000000000000533, 0.5500000000000111466, -0.7999999999999999334 ) ) ;
#3526 = CARTESIAN_POINT ( 'NONE',  ( 1.499999999999999778, 0.5500000000000120348, 1.149999999999999911 ) ) ;
#3527 = UNCERTAINTY_MEASURE_WITH_UNIT (LENGTH_MEASURE( 1.000000000000000082E-05 ), #2003, 'distance_accuracy_value', 'NONE');
#3528 = VERTEX_POINT ( 'NONE', #2938 ) ;
#3529 = CARTESIAN_POINT ( 'NONE',  ( 1.499999999999999778, 0.5500000000000120348, 0.7999999999999999334 ) ) ;
#3530 = LINE ( 'NONE', #1001, #2120 ) ;
#3531 = EDGE_LOOP ( 'NONE', ( #2098, #567, #2362, #3842 ) ) ;
#3532 = ORIENTED_EDGE ( 'NONE', *, *, #1687, .T. ) ;
#3533 = DIRECTION ( 'NONE',  ( -0.000000000000000000, -0.000000000000000000, -1.000000000000000000 ) ) ;
#3534 = EDGE_LOOP ( 'NONE', ( #3564, #1709, #1550, #776 ) ) ;
#3535 = EDGE_LOOP ( 'NONE', ( #2679, #617, #3481, #3290 ) ) ;
#3536 = CARTESIAN_POINT ( 'NONE',  ( 1.499999999999999778, 0.5500000000000120348, 0.5000000000000000000 ) ) ;
#3537 = DIRECTION ( 'NONE',  ( -1.000000000000000000, 0.000000000000000000, 0.000000000000000000 ) ) ;
#3538 = EDGE_CURVE ( 'NONE', #3598, #1865, #3673, .T. ) ;
#3539 = DIRECTION ( 'NONE',  ( 0.000000000000000000, 1.000000000000000000, 0.000000000000000000 ) ) ;
#3540 = DIRECTION ( 'NONE',  ( -0.000000000000000000, -0.000000000000000000, -1.000000000000000000 ) ) ;
#3541 = ORIENTED_EDGE ( 'NONE', *, *, #1474, .T. ) ;
#3542 = EDGE_CURVE ( 'NONE', #415, #1760, #805, .T. ) ;
#3543 = EDGE_CURVE ( 'NONE', #2341, #2671, #2273, .T. ) ;
#3544 = CARTESIAN_POINT ( 'NONE',  ( 2.115000000000000657, 0.5000000000000121014, 0.7999999999999999334 ) ) ;
#3545 = CARTESIAN_POINT ( 'NONE',  ( -2.165000000000000480, 0.2797101843677941568, -0.1499999999999999667 ) ) ;
#3546 = CARTESIAN_POINT ( 'NONE',  ( 1.850000000000000089, 0.5500000000000118128, 0.1499999999999999667 ) ) ;
#3547 = CARTESIAN_POINT ( 'NONE',  ( 2.449999999999999289, 0.2147053499722340608, -0.7999999999999999334 ) ) ;
#3548 = ORIENTED_EDGE ( 'NONE', *, *, #3919, .T. ) ;
#3549 = ORIENTED_EDGE ( 'NONE', *, *, #1598, .F. ) ;
#3550 = VECTOR ( 'NONE', #2523, 1000.000000000000000 ) ;
#3551 = DIRECTION ( 'NONE',  ( -0.9986295347545741663, 0.05233595624293776311, -0.000000000000000000 ) ) ;
#3552 = VERTEX_POINT ( 'NONE', #1535 ) ;
#3553 = ORIENTED_EDGE ( 'NONE', *, *, #324, .F. ) ;
#3554 = AXIS2_PLACEMENT_3D ( 'NONE', #643, #2396, #1891 ) ;
#3555 = DIRECTION ( 'NONE',  ( -0.1039620511844946971, 0.9891328443778545365, -0.1039620511844946971 ) ) ;
#3556 = CIRCLE ( 'NONE', #3883, 0.2650000000000000688 ) ;
#3557 = DIRECTION ( 'NONE',  ( -0.000000000000000000, -0.000000000000000000, -1.000000000000000000 ) ) ;
#3558 = AXIS2_PLACEMENT_3D ( 'NONE', #1032, #1376, #1698 ) ;
#3559 = DIRECTION ( 'NONE',  ( 0.05233595624293760351, -0.9986295347545742773, 0.000000000000000000 ) ) ;
#3560 = DIRECTION ( 'NONE',  ( 0.000000000000000000, 0.000000000000000000, -1.000000000000000000 ) ) ;
#3561 = AXIS2_PLACEMENT_3D ( 'NONE', #3185, #2258, #689 ) ;
#3562 = CARTESIAN_POINT ( 'NONE',  ( -1.850000000000000533, 0.5500000000000111466, -0.7999999999999999334 ) ) ;
#3563 = DIRECTION ( 'NONE',  ( 2.909848919217164945E-16, -1.000000000000000000, 0.000000000000000000 ) ) ;
#3564 = ORIENTED_EDGE ( 'NONE', *, *, #3301, .T. ) ;
#3565 =( GEOMETRIC_REPRESENTATION_CONTEXT ( 3 ) GLOBAL_UNCERTAINTY_ASSIGNED_CONTEXT ( ( #2170 ) ) GLOBAL_UNIT_ASSIGNED_CONTEXT ( ( #2389, #1470, #3578 ) ) REPRESENTATION_CONTEXT ( 'NONE', 'WORKASPACE' ) );
#3566 = LINE ( 'NONE', #2342, #999 ) ;
#3567 = SURFACE_STYLE_FILL_AREA ( #3931 ) ;
#3568 = LINE ( 'NONE', #3163, #1075 ) ;
#3569 = AXIS2_PLACEMENT_3D ( 'NONE', #1320, #3462, #1902 ) ;
#3570 = ORIENTED_EDGE ( 'NONE', *, *, #3917, .F. ) ;
#3571 = ORIENTED_EDGE ( 'NONE', *, *, #384, .T. ) ;
#3572 = PRODUCT_DEFINITION_FORMATION_WITH_SPECIFIED_SOURCE ( 'ANY', '', #367, .NOT_KNOWN. ) ;
#3573 = DIRECTION ( 'NONE',  ( -0.9986295347545741663, 0.05233595624293776311, -0.000000000000000000 ) ) ;
#3574 = VERTEX_POINT ( 'NONE', #333 ) ;
#3575 = VERTEX_POINT ( 'NONE', #264 ) ;
#3576 = CYLINDRICAL_SURFACE ( 'NONE', #1587, 0.05000000000000012768 ) ;
#3577 = CARTESIAN_POINT ( 'NONE',  ( -2.162383202187853737, 0.2297787076300651654, 0.5000000000000000000 ) ) ;
#3578 =( NAMED_UNIT ( * ) SI_UNIT ( $, .STERADIAN. ) SOLID_ANGLE_UNIT ( ) );
#3579 = CARTESIAN_POINT ( 'NONE',  ( 2.449999999999999289, 0.2147053499722340608, 0.1499999999999999667 ) ) ;
#3580 =( GEOMETRIC_REPRESENTATION_CONTEXT ( 3 ) GLOBAL_UNCERTAINTY_ASSIGNED_CONTEXT ( ( #112 ) ) GLOBAL_UNIT_ASSIGNED_CONTEXT ( ( #3184, #1309, #3499 ) ) REPRESENTATION_CONTEXT ( 'NONE', 'WORKASPACE' ) );
#3581 = CARTESIAN_POINT ( 'NONE',  ( -1.442192670603877902, 1.100000000000000089, -1.406196170502074905 ) ) ;
#3582 = PRESENTATION_STYLE_ASSIGNMENT (( #746 ) ) ;
#3583 = CARTESIAN_POINT ( 'NONE',  ( -1.850000000000000533, 0.5500000000000111466, 0.1499999999999999667 ) ) ;
#3584 = ORIENTED_EDGE ( 'NONE', *, *, #1476, .T. ) ;
#3585 = VECTOR ( 'NONE', #3798, 1000.000000000000000 ) ;
#3586 = FILL_AREA_STYLE_COLOUR ( '', #2686 ) ;
#3587 = CARTESIAN_POINT ( 'NONE',  ( 1.850000000000000089, 0.7650000000000121148, -0.5000000000000000000 ) ) ;
#3588 = EDGE_CURVE ( 'NONE', #348, #2422, #1014, .T. ) ;
#3589 = ORIENTED_EDGE ( 'NONE', *, *, #4046, .T. ) ;
#3590 = ORIENTED_EDGE ( 'NONE', *, *, #2565, .F. ) ;
#3591 = ORIENTED_EDGE ( 'NONE', *, *, #826, .T. ) ;
#3592 = ORIENTED_EDGE ( 'NONE', *, *, #2739, .T. ) ;
#3593 = VERTEX_POINT ( 'NONE', #1494 ) ;
#3594 = DIRECTION ( 'NONE',  ( -0.000000000000000000, -0.000000000000000000, -1.000000000000000000 ) ) ;
#3595 = EDGE_CURVE ( 'NONE', #1638, #14, #418, .T. ) ;
#3596 = DIRECTION ( 'NONE',  ( 0.9986295347545741663, -0.05233595624293779086, -0.000000000000000000 ) ) ;
#3597 = LINE ( 'NONE', #1402, #1929 ) ;
#3598 = VERTEX_POINT ( 'NONE', #58 ) ;
#3599 = DIRECTION ( 'NONE',  ( -0.000000000000000000, -0.000000000000000000, -1.000000000000000000 ) ) ;
#3600 = DIRECTION ( 'NONE',  ( -1.000000000000000000, 5.906049733841302015E-15, 0.000000000000000000 ) ) ;
#3601 = DIRECTION ( 'NONE',  ( 5.906049733841301226E-15, 1.000000000000000000, -0.000000000000000000 ) ) ;
#3602 = ORIENTED_EDGE ( 'NONE', *, *, #3736, .F. ) ;
#3603 = ORIENTED_EDGE ( 'NONE', *, *, #3271, .F. ) ;
#3604 = EDGE_CURVE ( 'NONE', #1659, #1826, #3292, .T. ) ;
#3605 = DIRECTION ( 'NONE',  ( -1.000000000000000000, 0.000000000000000000, 0.000000000000000000 ) ) ;
#3606 = ORIENTED_EDGE ( 'NONE', *, *, #977, .F. ) ;
#3607 = VERTEX_POINT ( 'NONE', #2923 ) ;
#3608 = ORIENTED_EDGE ( 'NONE', *, *, #3610, .F. ) ;
#3609 = VECTOR ( 'NONE', #1507, 1000.000000000000000 ) ;
#3610 = EDGE_CURVE ( 'NONE', #1112, #406, #116, .T. ) ;
#3611 = EDGE_CURVE ( 'NONE', #3125, #589, #3161, .T. ) ;
#3612 = EDGE_CURVE ( 'NONE', #1427, #3628, #3568, .T. ) ;
#3613 = EDGE_CURVE ( 'NONE', #3233, #1671, #3246, .T. ) ;
#3614 = ADVANCED_FACE ( 'NONE', ( #1081, #3856 ), #2872, .F. ) ;
#3616 = CIRCLE ( 'NONE', #1442, 0.2650000000000000688 ) ;
#3615 = CARTESIAN_POINT ( 'NONE',  ( -2.151130971595622388, 0.01507335765783184012, 0.5000000000000000000 ) ) ;
#3617 = CARTESIAN_POINT ( 'NONE',  ( -2.450000000000000178, 0.2147053499722332004, -0.5000000000000000000 ) ) ;
#3618 = VECTOR ( 'NONE', #4066, 1000.000000000000000 ) ;
#3619 = CIRCLE ( 'NONE', #1844, 0.2650000000000000688 ) ;
#3620 = ORIENTED_EDGE ( 'NONE', *, *, #1740, .T. ) ;
#3621 = VECTOR ( 'NONE', #317, 1000.000000000000000 ) ;
#3622 = DIRECTION ( 'NONE',  ( 0.1045284632676634629, 0.9945218953682721796, 0.000000000000000000 ) ) ;
#3623 = LINE ( 'NONE', #844, #3962 ) ;
#3624 = DIRECTION ( 'NONE',  ( -0.000000000000000000, -0.000000000000000000, -1.000000000000000000 ) ) ;
#3625 = ADVANCED_FACE ( 'NONE', ( #1978 ), #2343, .T. ) ;
#3626 = DIRECTION ( 'NONE',  ( -0.000000000000000000, -0.000000000000000000, -1.000000000000000000 ) ) ;
#3627 = CARTESIAN_POINT ( 'NONE',  ( 1.850000000000000089, 0.5500000000000118128, -0.1499999999999999667 ) ) ;
#3628 = VERTEX_POINT ( 'NONE', #3587 ) ;
#3629 = VECTOR ( 'NONE', #1648, 1000.000000000000000 ) ;
#3630 = FILL_AREA_STYLE_COLOUR ( '', #556 ) ;
#3631 = VECTOR ( 'NONE', #2118, 1000.000000000000000 ) ;
#3632 = VERTEX_POINT ( 'NONE', #1926 ) ;
#3633 = ORIENTED_EDGE ( 'NONE', *, *, #3013, .F. ) ;
#3634 = EDGE_LOOP ( 'NONE', ( #2207, #3061, #498, #3191 ) ) ;
#3635 = AXIS2_PLACEMENT_3D ( 'NONE', #1197, #1218, #600 ) ;
#3636 = VECTOR ( 'NONE', #513, 1000.000000000000000 ) ;
#3637 = DIRECTION ( 'NONE',  ( 0.000000000000000000, 0.000000000000000000, 1.000000000000000000 ) ) ;
#3638 = DIRECTION ( 'NONE',  ( -1.000000000000000000, 0.000000000000000000, 0.000000000000000000 ) ) ;
#3639 = CARTESIAN_POINT ( 'NONE',  ( -1.050000000000000044, 1.100000000000000089, -1.050000000000000044 ) ) ;
#3640 = ORIENTED_EDGE ( 'NONE', *, *, #1899, .F. ) ;
#3641 = EDGE_CURVE ( 'NONE', #651, #3441, #3696, .T. ) ;
#3642 = EDGE_CURVE ( 'NONE', #764, #30, #1621, .T. ) ;
#3643 = DIRECTION ( 'NONE',  ( -0.9986295347545741663, -0.05233595624293760351, 0.000000000000000000 ) ) ;
#3644 = LINE ( 'NONE', #828, #3636 ) ;
#3645 = DIRECTION ( 'NONE',  ( -0.000000000000000000, -0.000000000000000000, -1.000000000000000000 ) ) ;
#3646 = PLANE ( 'NONE',  #2280 ) ;
#3647 = AXIS2_PLACEMENT_3D ( 'NONE', #845, #2043, #1096 ) ;
#3648 = EDGE_CURVE ( 'NONE', #2422, #1305, #438, .T. ) ;
#3649 = CARTESIAN_POINT ( 'NONE',  ( -1.477402560813270815, 0.7650002721546617090, -1.442192670603877902 ) ) ;
#3650 = CARTESIAN_POINT ( 'NONE',  ( 2.449999999999999289, 0.2147053499722340608, 1.149999999999999911 ) ) ;
#3651 = ORIENTED_EDGE ( 'NONE', *, *, #193, .F. ) ;
#3652 = ORIENTED_EDGE ( 'NONE', *, *, #977, .T. ) ;
#3653 = CARTESIAN_POINT ( 'NONE',  ( -1.050000000000000044, 1.100000000000000089, -1.250000000000000222 ) ) ;
#3654 = LINE ( 'NONE', #797, #3832 ) ;
#3655 = VERTEX_POINT ( 'NONE', #1370 ) ;
#3656 = EDGE_CURVE ( 'NONE', #526, #1143, #1989, .T. ) ;
#3657 = DIRECTION ( 'NONE',  ( -1.000000000000000000, 0.000000000000000000, 0.000000000000000000 ) ) ;
#3658 = DIRECTION ( 'NONE',  ( -0.05233595624293795739, 0.9986295347545742773, 0.000000000000000000 ) ) ;
#3659 = EDGE_CURVE ( 'NONE', #3251, #2549, #1040, .T. ) ;
#3660 = VERTEX_POINT ( 'NONE', #3818 ) ;
#3661 = FILL_AREA_STYLE ('',( #1480 ) ) ;
#3662 = LINE ( 'NONE', #3954, #749 ) ;
#3663 = CARTESIAN_POINT ( 'NONE',  ( 1.499999999999999778, 0.5500000000000120348, 0.5000000000000000000 ) ) ;
#3664 = EDGE_CURVE ( 'NONE', #369, #3987, #3530, .T. ) ;
#3665 = ADVANCED_FACE ( 'NONE', ( #2262 ), #1946, .T. ) ;
#3666 = ADVANCED_FACE ( 'NONE', ( #2944 ), #395, .F. ) ;
#3667 = ORIENTED_EDGE ( 'NONE', *, *, #3057, .F. ) ;
#3668 = SURFACE_STYLE_FILL_AREA ( #2418 ) ;
#3669 = DIRECTION ( 'NONE',  ( -0.000000000000000000, -0.000000000000000000, -1.000000000000000000 ) ) ;
#3670 = ORIENTED_EDGE ( 'NONE', *, *, #1005, .F. ) ;
#3671 = ORIENTED_EDGE ( 'NONE', *, *, #1562, .T. ) ;
#3672 = LINE ( 'NONE', #2205, #1064 ) ;
#3673 = LINE ( 'NONE', #1817, #1661 ) ;
#3674 = ORIENTED_EDGE ( 'NONE', *, *, #1612, .T. ) ;
#3675 = PLANE ( 'NONE',  #1773 ) ;
#3676 = VECTOR ( 'NONE', #3081, 1000.000000000000000 ) ;
#3677 = VERTEX_POINT ( 'NONE', #2601 ) ;
#3678 = VECTOR ( 'NONE', #1882, 1000.000000000000114 ) ;
#3679 = CARTESIAN_POINT ( 'NONE',  ( -1.457958305893729767, 0.1499999999999999944, -1.457958305893729767 ) ) ;
#3680 = LINE ( 'NONE', #785, #3850 ) ;
#3681 = VECTOR ( 'NONE', #1869, 1000.000000000000000 ) ;
#3682 = DIRECTION ( 'NONE',  ( -0.000000000000000000, -0.000000000000000000, -1.000000000000000000 ) ) ;
#3683 = ORIENTED_EDGE ( 'NONE', *, *, #4024, .T. ) ;
#3684 = AXIS2_PLACEMENT_3D ( 'NONE', #1398, #2654, #3969 ) ;
#3685 =( LENGTH_UNIT ( ) NAMED_UNIT ( * ) SI_UNIT ( .MILLI., .METRE. ) );
#3686 = FACE_OUTER_BOUND ( 'NONE', #2842, .T. ) ;
#3687 = CYLINDRICAL_SURFACE ( 'NONE', #2828, 0.2650000000000000688 ) ;
#3688 = ORIENTED_EDGE ( 'NONE', *, *, #1233, .T. ) ;
#3689 = ORIENTED_EDGE ( 'NONE', *, *, #2801, .F. ) ;
#3690 = PLANE ( 'NONE',  #1514 ) ;
#3691 = DIRECTION ( 'NONE',  ( 0.000000000000000000, -0.000000000000000000, 1.000000000000000000 ) ) ;
#3692 = STYLED_ITEM ( 'NONE', ( #177 ), #3150 ) ;
#3693 = LINE ( 'NONE', #3712, #4002 ) ;
#3694 = CARTESIAN_POINT ( 'NONE',  ( 1.850000000000000533, 0.5000000000000119904, 1.149999999999999911 ) ) ;
#3695 = ORIENTED_EDGE ( 'NONE', *, *, #1850, .F. ) ;
#3696 = CIRCLE ( 'NONE', #94, 0.1999999999999999833 ) ;
#3697 = LINE ( 'NONE', #1235, #734 ) ;
#3698 = CARTESIAN_POINT ( 'NONE',  ( -2.165000000000000480, 0.2797101843677941568, -0.5000000000000000000 ) ) ;
#3699 = VECTOR ( 'NONE', #3560, 1000.000000000000000 ) ;
#3700 = PLANE ( 'NONE',  #212 ) ;
#3701 = VERTEX_POINT ( 'NONE', #1481 ) ;
#3702 = CARTESIAN_POINT ( 'NONE',  ( 1.477402560813270371, 0.7650002721546617090, -1.477402560813270593 ) ) ;
#3703 = DIRECTION ( 'NONE',  ( 1.000000000000000000, 0.000000000000000000, 0.000000000000000000 ) ) ;
#3704 = DIRECTION ( 'NONE',  ( 1.000000000000000000, 0.000000000000000000, 0.000000000000000000 ) ) ;
#3705 = LINE ( 'NONE', #2891, #561 ) ;
#3706 = LINE ( 'NONE', #188, #3375 ) ;
#3707 = EDGE_CURVE ( 'NONE', #3575, #2374, #2996, .T. ) ;
#3708 = ORIENTED_EDGE ( 'NONE', *, *, #2227, .F. ) ;
#3709 = ORIENTED_EDGE ( 'NONE', *, *, #2727, .T. ) ;
#3710 = DIRECTION ( 'NONE',  ( -0.000000000000000000, -0.000000000000000000, -1.000000000000000000 ) ) ;
#3711 = CARTESIAN_POINT ( 'NONE',  ( 2.438747769407769272, 3.333050971609179826E-16, 1.149999999999999911 ) ) ;
#3712 = CARTESIAN_POINT ( 'NONE',  ( 2.449999999999999289, 0.2147053499722340608, -0.1499999999999999667 ) ) ;
#3713 = EDGE_CURVE ( 'NONE', #898, #1951, #1109, .T. ) ;
#3714 = ORIENTED_EDGE ( 'NONE', *, *, #3664, .F. ) ;
#3715 = LINE ( 'NONE', #284, #2257 ) ;
#3716 = DIRECTION ( 'NONE',  ( 0.000000000000000000, 0.000000000000000000, 1.000000000000000000 ) ) ;
#3717 = DIRECTION ( 'NONE',  ( 1.000000000000000000, 0.000000000000000000, 0.000000000000000000 ) ) ;
#3718 = CARTESIAN_POINT ( 'NONE',  ( -1.900000000000000355, 0.2797101843677941568, 0.5000000000000000000 ) ) ;
#3719 = VERTEX_POINT ( 'NONE', #3992 ) ;
#3720 = ADVANCED_FACE ( 'NONE', ( #1173 ), #3262, .F. ) ;
#3721 = PLANE ( 'NONE',  #3033 ) ;
#3722 = CARTESIAN_POINT ( 'NONE',  ( 1.900000000000000355, 0.2797101843677948230, 1.149999999999999911 ) ) ;
#3723 = CARTESIAN_POINT ( 'NONE',  ( -2.438747769407769272, -5.340566408274855646E-16, -1.149999999999999911 ) ) ;
#3724 = CARTESIAN_POINT ( 'NONE',  ( -1.442192670603877902, 0.7650002721546617090, 1.477402560813270371 ) ) ;
#3725 = CARTESIAN_POINT ( 'NONE',  ( 2.449999999999999289, 0.2147053499722340608, -1.149999999999999911 ) ) ;
#3726 = DIRECTION ( 'NONE',  ( 1.000000000000000000, 0.000000000000000000, -0.000000000000000000 ) ) ;
#3727 = ORIENTED_EDGE ( 'NONE', *, *, #2027, .F. ) ;
#3728 = EDGE_LOOP ( 'NONE', ( #1117, #1015, #2407, #467 ) ) ;
#3729 = DIRECTION ( 'NONE',  ( 0.9986295347545741663, -0.05233595624293779086, -0.000000000000000000 ) ) ;
#3730 = CARTESIAN_POINT ( 'NONE',  ( 1.850000000000000533, 0.5000000000000119904, 0.1499999999999999667 ) ) ;
#3731 = FACE_OUTER_BOUND ( 'NONE', #2907, .T. ) ;
#3732 = ORIENTED_EDGE ( 'NONE', *, *, #3489, .T. ) ;
#3733 = FACE_OUTER_BOUND ( 'NONE', #3847, .T. ) ;
#3734 = PLANE ( 'NONE',  #1066 ) ;
#3735 = PLANE ( 'NONE',  #2953 ) ;
#3736 = EDGE_CURVE ( 'NONE', #161, #1339, #3623, .T. ) ;
#3737 = EDGE_CURVE ( 'NONE', #3593, #3196, #3978, .T. ) ;
#3738 = CARTESIAN_POINT ( 'NONE',  ( 1.900000000000000355, 0.2797101843677948230, -0.7999999999999999334 ) ) ;
#3739 = EDGE_CURVE ( 'NONE', #3441, #651, #2652, .T. ) ;
#3740 = ORIENTED_EDGE ( 'NONE', *, *, #1850, .T. ) ;
#3741 = AXIS2_PLACEMENT_3D ( 'NONE', #1980, #3839, #1384 ) ;
#3742 = LINE ( 'NONE', #645, #1530 ) ;
#3743 = CARTESIAN_POINT ( 'NONE',  ( -2.115000000000000657, 0.5000000000000113243, 1.149999999999999911 ) ) ;
#3744 = PLANE ( 'NONE',  #2696 ) ;
#3745 = VECTOR ( 'NONE', #3622, 1000.000000000000227 ) ;
#3746 = PLANE ( 'NONE',  #1741 ) ;
#3747 = AXIS2_PLACEMENT_3D ( 'NONE', #1168, #3970, #1146 ) ;
#3748 = EDGE_CURVE ( 'NONE', #119, #3148, #2414, .T. ) ;
#3749 = LINE ( 'NONE', #670, #1022 ) ;
#3750 = CARTESIAN_POINT ( 'NONE',  ( 1.477402560813270371, 0.7650002721546617090, 1.442192670603877458 ) ) ;
#3751 = ORIENTED_EDGE ( 'NONE', *, *, #3352, .T. ) ;
#3752 = ORIENTED_EDGE ( 'NONE', *, *, #3135, .T. ) ;
#3753 = VECTOR ( 'NONE', #3555, 1000.000000000000114 ) ;
#3754 = PLANE ( 'NONE',  #2378 ) ;
#3755 = DIRECTION ( 'NONE',  ( -0.05233595624293795739, 0.9986295347545742773, 0.000000000000000000 ) ) ;
#3756 = AXIS2_PLACEMENT_3D ( 'NONE', #980, #3165, #381 ) ;
#3757 = ORIENTED_EDGE ( 'NONE', *, *, #3659, .F. ) ;
#3758 = ORIENTED_EDGE ( 'NONE', *, *, #1410, .F. ) ;
#3759 = CARTESIAN_POINT ( 'NONE',  ( 1.850000000000000533, 0.5000000000000119904, -1.149999999999999911 ) ) ;
#3760 = CARTESIAN_POINT ( 'NONE',  ( -1.900000000000000355, 0.5000000000000113243, -0.1499999999999999667 ) ) ;
#3761 = LINE ( 'NONE', #2140, #1704 ) ;
#3762 = DIRECTION ( 'NONE',  ( -0.000000000000000000, -0.000000000000000000, -1.000000000000000000 ) ) ;
#3763 = VECTOR ( 'NONE', #98, 1000.000000000000000 ) ;
#3764 = ORIENTED_EDGE ( 'NONE', *, *, #89, .F. ) ;
#3765 =( GEOMETRIC_REPRESENTATION_CONTEXT ( 3 ) GLOBAL_UNCERTAINTY_ASSIGNED_CONTEXT ( ( #1222 ) ) GLOBAL_UNIT_ASSIGNED_CONTEXT ( ( #2256, #2940, #1997 ) ) REPRESENTATION_CONTEXT ( 'NONE', 'WORKASPACE' ) );
#3766 = DIRECTION ( 'NONE',  ( 1.000000000000000000, 6.195440985631449401E-16, 0.000000000000000000 ) ) ;
#3767 = DIRECTION ( 'NONE',  ( -0.000000000000000000, -0.000000000000000000, -1.000000000000000000 ) ) ;
#3768 = SURFACE_STYLE_FILL_AREA ( #2398 ) ;
#3769 = PLANE ( 'NONE',  #296 ) ;
#3770 = EDGE_CURVE ( 'NONE', #1951, #1901, #3662, .T. ) ;
#3771 = AXIS2_PLACEMENT_3D ( 'NONE', #3523, #2239, #3472 ) ;
#3772 = LINE ( 'NONE', #3529, #2253 ) ;
#3773 = CARTESIAN_POINT ( 'NONE',  ( 2.165000000000000036, 0.2797101843677950450, 1.149999999999999911 ) ) ;
#3774 = DIRECTION ( 'NONE',  ( 5.906049733841301226E-15, 1.000000000000000000, -0.000000000000000000 ) ) ;
#3775 = EDGE_LOOP ( 'NONE', ( #1380, #1861 ) ) ;
#3776 = CARTESIAN_POINT ( 'NONE',  ( 1.900000000000000355, 0.2797101843677948230, -0.7999999999999999334 ) ) ;
#3777 = ORIENTED_EDGE ( 'NONE', *, *, #874, .T. ) ;
#3778 = VECTOR ( 'NONE', #2515, 1000.000000000000000 ) ;
#3779 = EDGE_CURVE ( 'NONE', #353, #3826, #3360, .T. ) ;
#3780 = CARTESIAN_POINT ( 'NONE',  ( -1.850000000000000533, 0.5500000000000111466, -0.1499999999999999667 ) ) ;
#3781 = AXIS2_PLACEMENT_3D ( 'NONE', #2147, #2452, #3703 ) ;
#3782 = EDGE_LOOP ( 'NONE', ( #3166, #174, #158, #281 ) ) ;
#3783 = ORIENTED_EDGE ( 'NONE', *, *, #2862, .T. ) ;
#3784 = AXIS2_PLACEMENT_3D ( 'NONE', #2939, #477, #126 ) ;
#3785 = CARTESIAN_POINT ( 'NONE',  ( 2.115000000000000657, 0.5000000000000121014, -1.149999999999999911 ) ) ;
#3786 = DIRECTION ( 'NONE',  ( 1.000000000000000000, 0.000000000000000000, 0.000000000000000000 ) ) ;
#3787 = FACE_OUTER_BOUND ( 'NONE', #3111, .T. ) ;
#3788 = DIRECTION ( 'NONE',  ( 0.000000000000000000, 0.000000000000000000, 1.000000000000000000 ) ) ;
#3789 = ORIENTED_EDGE ( 'NONE', *, *, #2295, .T. ) ;
#3790 = LINE ( 'NONE', #2570, #3699 ) ;
#3791 = SURFACE_SIDE_STYLE ('',( #2538 ) ) ;
#3792 = CARTESIAN_POINT ( 'NONE',  ( 2.165000000000000036, 0.2797101843677950450, -1.149999999999999911 ) ) ;
#3793 = CARTESIAN_POINT ( 'NONE',  ( -1.850000000000000533, 0.5000000000000113243, 0.5000000000000000000 ) ) ;
#3794 = EDGE_CURVE ( 'NONE', #1556, #2697, #2724, .T. ) ;
#3795 = CARTESIAN_POINT ( 'NONE',  ( 2.449999999999999289, 0.2147053499722340608, 1.149999999999999911 ) ) ;
#3796 = EDGE_CURVE ( 'NONE', #521, #1498, #807, .T. ) ;
#3797 = ADVANCED_FACE ( 'NONE', ( #3340 ), #1458, .T. ) ;
#3798 = DIRECTION ( 'NONE',  ( -1.000000000000000000, -2.909848919217164945E-16, -0.000000000000000000 ) ) ;
#3799 = EDGE_CURVE ( 'NONE', #1115, #3399, #3644, .T. ) ;
#3800 = ADVANCED_FACE ( 'NONE', ( #1762 ), #2709, .F. ) ;
#3801 = DIRECTION ( 'NONE',  ( 1.000000000000000000, 0.000000000000000000, 0.000000000000000000 ) ) ;
#3802 = ORIENTED_EDGE ( 'NONE', *, *, #185, .T. ) ;
#3803 = EDGE_LOOP ( 'NONE', ( #1031, #1837, #588, #1439, #2366, #1003, #1630, #42, #722, #43, #3512, #3308 ) ) ;
#3804 = CARTESIAN_POINT ( 'NONE',  ( -2.165000000000000480, 0.2797101843677941568, 0.5000000000000000000 ) ) ;
#3805 = EDGE_LOOP ( 'NONE', ( #485, #672, #3440, #2580, #2500, #1371, #1694, #3006, #2250, #3892, #491, #2128 ) ) ;
#3806 = ORIENTED_EDGE ( 'NONE', *, *, #2161, .F. ) ;
#3807 = LINE ( 'NONE', #986, #2323 ) ;
#3808 = CARTESIAN_POINT ( 'NONE',  ( 1.850000000000000089, 0.5500000000000118128, -0.1499999999999999667 ) ) ;
#3809 = EDGE_CURVE ( 'NONE', #3389, #3987, #1706, .T. ) ;
#3810 = DIRECTION ( 'NONE',  ( -0.000000000000000000, -0.000000000000000000, -1.000000000000000000 ) ) ;
#3811 = EDGE_LOOP ( 'NONE', ( #2354, #3319, #342, #2926 ) ) ;
#3812 = DIRECTION ( 'NONE',  ( 0.1045284632676635045, -0.9945218953682721796, -0.000000000000000000 ) ) ;
#3813 = LINE ( 'NONE', #662, #3506 ) ;
#3814 = CARTESIAN_POINT ( 'NONE',  ( 2.449999999999999289, 0.2147053499722340608, 1.149999999999999911 ) ) ;
#3815 = DIRECTION ( 'NONE',  ( -1.000000000000000000, 0.000000000000000000, 0.000000000000000000 ) ) ;
#3816 = VECTOR ( 'NONE', #2442, 1000.000000000000000 ) ;
#3817 = CARTESIAN_POINT ( 'NONE',  ( 1.499999999999999778, 0.5500000000000120348, 0.5000000000000000000 ) ) ;
#3818 = CARTESIAN_POINT ( 'NONE',  ( -2.115000000000000657, 0.5000000000000113243, 1.149999999999999911 ) ) ;
#3819 = CARTESIAN_POINT ( 'NONE',  ( -2.115000000000000213, 0.2797101843677941568, 1.149999999999999911 ) ) ;
#3820 = ORIENTED_EDGE ( 'NONE', *, *, #987, .F. ) ;
#3821 = ORIENTED_EDGE ( 'NONE', *, *, #3489, .F. ) ;
#3822 = VECTOR ( 'NONE', #3047, 1000.000000000000000 ) ;
#3823 = DIRECTION ( 'NONE',  ( 0.9781476007338070211, 0.2079116908177528200, -0.000000000000000000 ) ) ;
#3824 = VECTOR ( 'NONE', #2209, 1000.000000000000000 ) ;
#3825 = ORIENTED_EDGE ( 'NONE', *, *, #3877, .F. ) ;
#3826 = VERTEX_POINT ( 'NONE', #481 ) ;
#3827 = CIRCLE ( 'NONE', #346, 0.05000000000000012768 ) ;
#3828 = PLANE ( 'NONE',  #344 ) ;
#3829 = VECTOR ( 'NONE', #1928, 1000.000000000000000 ) ;
#3830 = EDGE_LOOP ( 'NONE', ( #1597, #2047, #1067, #1247 ) ) ;
#3831 = DIRECTION ( 'NONE',  ( -0.000000000000000000, -0.000000000000000000, -1.000000000000000000 ) ) ;
#3832 = VECTOR ( 'NONE', #3315, 1000.000000000000000 ) ;
#3833 = DIRECTION ( 'NONE',  ( 0.000000000000000000, 0.000000000000000000, -1.000000000000000000 ) ) ;
#3834 = DIRECTION ( 'NONE',  ( 0.000000000000000000, 0.000000000000000000, 1.000000000000000000 ) ) ;
#3835 = ORIENTED_EDGE ( 'NONE', *, *, #3611, .T. ) ;
#3836 = VECTOR ( 'NONE', #2325, 1000.000000000000114 ) ;
#3837 = CARTESIAN_POINT ( 'NONE',  ( -1.850000000000000533, 0.5000000000000113243, -0.5000000000000000000 ) ) ;
#3838 = DIRECTION ( 'NONE',  ( -1.000000000000000000, 0.000000000000000000, 0.000000000000000000 ) ) ;
#3839 = DIRECTION ( 'NONE',  ( -0.000000000000000000, -0.000000000000000000, -1.000000000000000000 ) ) ;
#3840 = VECTOR ( 'NONE', #1350, 1000.000000000000000 ) ;
#3841 = EDGE_LOOP ( 'NONE', ( #2987, #906, #1879, #3463 ) ) ;
#3842 = ORIENTED_EDGE ( 'NONE', *, *, #1468, .T. ) ;
#3843 = ADVANCED_FACE ( 'NONE', ( #3915 ), #1095, .F. ) ;
#3844 = DIRECTION ( 'NONE',  ( 0.05233595624293620185, -0.9986295347545742773, 0.000000000000000000 ) ) ;
#3845 = CIRCLE ( 'NONE', #3297, 0.2650000000000002354 ) ;
#3846 = ORIENTED_EDGE ( 'NONE', *, *, #876, .F. ) ;
#3847 = EDGE_LOOP ( 'NONE', ( #791, #2113, #3134, #778 ) ) ;
#3848 = CARTESIAN_POINT ( 'NONE',  ( 2.114999999999999769, 0.2797101843677950450, -0.1499999999999999667 ) ) ;
#3849 = ADVANCED_FACE ( 'NONE', ( #2042 ), #3280, .T. ) ;
#3850 = VECTOR ( 'NONE', #3993, 1000.000000000000000 ) ;
#3851 = DIRECTION ( 'NONE',  ( 1.000000000000000000, 0.000000000000000000, -0.000000000000000000 ) ) ;
#3852 = SURFACE_SIDE_STYLE ('',( #1378 ) ) ;
#3853 = CARTESIAN_POINT ( 'NONE',  ( 1.477402589417877277, 0.7650000000000120037, 1.149999999999999911 ) ) ;
#3854 = EDGE_LOOP ( 'NONE', ( #3589, #203, #1103, #387 ) ) ;
#3855 = DIRECTION ( 'NONE',  ( -1.000000000000000000, -2.909848919217164945E-16, -0.000000000000000000 ) ) ;
#3856 = FACE_OUTER_BOUND ( 'NONE', #3854, .T. ) ;
#3857 = DIRECTION ( 'NONE',  ( 1.000000000000000000, 2.909848919217164945E-16, 0.000000000000000000 ) ) ;
#3858 = VERTEX_POINT ( 'NONE', #863 ) ;
#3859 = ORIENTED_EDGE ( 'NONE', *, *, #2333, .F. ) ;
#3860 = LINE ( 'NONE', #1028, #852 ) ;
#3861 = ORIENTED_EDGE ( 'NONE', *, *, #3736, .T. ) ;
#3862 = ORIENTED_EDGE ( 'NONE', *, *, #3181, .T. ) ;
#3863 = FACE_OUTER_BOUND ( 'NONE', #2634, .T. ) ;
#3864 = DIRECTION ( 'NONE',  ( -0.05233595624293620185, 0.9986295347545743883, 0.000000000000000000 ) ) ;
#3865 = DIRECTION ( 'NONE',  ( -0.1039620511844946971, 0.9891328443778545365, 0.1039620511844946971 ) ) ;
#3866 = ORIENTED_EDGE ( 'NONE', *, *, #2345, .F. ) ;
#3867 = ADVANCED_FACE ( 'NONE', ( #2488 ), #3721, .F. ) ;
#3868 = EDGE_CURVE ( 'NONE', #3987, #1374, #879, .T. ) ;
#3869 = LINE ( 'NONE', #2914, #1404 ) ;
#3870 = FILL_AREA_STYLE_COLOUR ( '', #2191 ) ;
#3871 = ORIENTED_EDGE ( 'NONE', *, *, #3004, .F. ) ;
#3872 = SURFACE_SIDE_STYLE ('',( #1977 ) ) ;
#3873 = DIRECTION ( 'NONE',  ( 0.000000000000000000, -0.000000000000000000, -1.000000000000000000 ) ) ;
#3874 = CARTESIAN_POINT ( 'NONE',  ( -1.477402589417877721, 0.7650000000000114486, -0.1499999999999999667 ) ) ;
#3875 = EDGE_LOOP ( 'NONE', ( #1062, #2598, #2203, #3862 ) ) ;
#3876 = ORIENTED_EDGE ( 'NONE', *, *, #1767, .F. ) ;
#3877 = EDGE_CURVE ( 'NONE', #2549, #3429, #3742, .T. ) ;
#3878 = VECTOR ( 'NONE', #3900, 1000.000000000000227 ) ;
#3879 = PLANE ( 'NONE',  #3075 ) ;
#3880 = VERTEX_POINT ( 'NONE', #3679 ) ;
#3881 = VECTOR ( 'NONE', #57, 1000.000000000000114 ) ;
#3882 = CARTESIAN_POINT ( 'NONE',  ( -1.442200534938038237, 7.482414138209139177E-05, -1.442200534938038237 ) ) ;
#3883 = AXIS2_PLACEMENT_3D ( 'NONE', #1804, #3358, #3053 ) ;
#3884 = DIRECTION ( 'NONE',  ( 0.2035585949527727867, 0.9576678948579753214, 0.2035585949527727867 ) ) ;
#3885 = VECTOR ( 'NONE', #3379, 1000.000000000000000 ) ;
#3886 = LINE ( 'NONE', #1074, #1998 ) ;
#3887 = EDGE_CURVE ( 'NONE', #526, #2101, #1893, .T. ) ;
#3888 = LINE ( 'NONE', #3581, #1720 ) ;
#3889 = CIRCLE ( 'NONE', #2189, 0.2650000000000000688 ) ;
#3890 = LINE ( 'NONE', #3562, #2763 ) ;
#3891 = DIRECTION ( 'NONE',  ( 0.9945218953682737340, -0.1045284632676504316, 0.000000000000000000 ) ) ;
#3892 = ORIENTED_EDGE ( 'NONE', *, *, #1553, .F. ) ;
#3893 = MECHANICAL_DESIGN_GEOMETRIC_PRESENTATION_REPRESENTATION (  '', ( #1273 ), #538 ) ;
#3894 = CARTESIAN_POINT ( 'NONE',  ( 2.114999999999999769, 0.2797101843677950450, 0.1499999999999999667 ) ) ;
#3895 = DIRECTION ( 'NONE',  ( 1.000000000000000000, 0.000000000000000000, 0.000000000000000000 ) ) ;
#3896 = VECTOR ( 'NONE', #2912, 1000.000000000000000 ) ;
#3897 = ORIENTED_EDGE ( 'NONE', *, *, #2423, .F. ) ;
#3898 = EDGE_LOOP ( 'NONE', ( #2719, #2579, #3651, #3268 ) ) ;
#3899 = AXIS2_PLACEMENT_3D ( 'NONE', #1287, #4057, #2220 ) ;
#3900 = DIRECTION ( 'NONE',  ( 0.1045284632676634629, 0.9945218953682721796, 0.000000000000000000 ) ) ;
#3901 = ORIENTED_EDGE ( 'NONE', *, *, #1588, .T. ) ;
#3902 = EDGE_CURVE ( 'NONE', #537, #887, #3117, .T. ) ;
#3903 = ORIENTED_EDGE ( 'NONE', *, *, #185, .F. ) ;
#3904 = EDGE_LOOP ( 'NONE', ( #3740, #95, #2879, #701 ) ) ;
#3905 = AXIS2_PLACEMENT_3D ( 'NONE', #355, #2475, #1969 ) ;
#3906 = DIRECTION ( 'NONE',  ( 0.000000000000000000, 1.000000000000000000, 0.000000000000000000 ) ) ;
#3907 = AXIS2_PLACEMENT_3D ( 'NONE', #3793, #2241, #3476 ) ;
#3908 = CARTESIAN_POINT ( 'NONE',  ( -1.850000000000000533, 0.5500000000000111466, -0.1499999999999999667 ) ) ;
#3909 = DIRECTION ( 'NONE',  ( 0.000000000000000000, 1.000000000000000000, 0.000000000000000000 ) ) ;
#3910 = VECTOR ( 'NONE', #1519, 1000.000000000000000 ) ;
#3911 = CARTESIAN_POINT ( 'NONE',  ( 1.499999999999999778, 0.5500000000000120348, -0.1499999999999999667 ) ) ;
#3912 = EDGE_LOOP ( 'NONE', ( #1403, #1801, #2216, #690 ) ) ;
#3913 = CIRCLE ( 'NONE', #2657, 0.04999999999999991257 ) ;
#3914 = SURFACE_SIDE_STYLE ('',( #3567 ) ) ;
#3915 = FACE_OUTER_BOUND ( 'NONE', #1386, .T. ) ;
#3916 = ORIENTED_EDGE ( 'NONE', *, *, #2459, .T. ) ;
#3917 = EDGE_CURVE ( 'NONE', #4065, #2731, #3076, .T. ) ;
#3918 = ORIENTED_EDGE ( 'NONE', *, *, #2747, .T. ) ;
#3919 = EDGE_CURVE ( 'NONE', #2999, #2301, #952, .T. ) ;
#3920 = EDGE_CURVE ( 'NONE', #521, #2254, #2766, .T. ) ;
#3921 = EDGE_CURVE ( 'NONE', #898, #2839, #3453, .T. ) ;
#3922 = EDGE_CURVE ( 'NONE', #1625, #2449, #557, .T. ) ;
#3923 = CARTESIAN_POINT ( 'NONE',  ( 1.900000000000000355, 0.5000000000000119904, -0.7999999999999999334 ) ) ;
#3924 = VERTEX_POINT ( 'NONE', #1808 ) ;
#3925 = ORIENTED_EDGE ( 'NONE', *, *, #2172, .F. ) ;
#3926 = EDGE_LOOP ( 'NONE', ( #374, #3820, #1934, #1903 ) ) ;
#3927 = FACE_OUTER_BOUND ( 'NONE', #100, .T. ) ;
#3928 = CARTESIAN_POINT ( 'NONE',  ( 1.850000000000000533, 0.5000000000000119904, 0.5000000000000000000 ) ) ;
#3929 = EDGE_CURVE ( 'NONE', #2341, #233, #1827, .T. ) ;
#3930 = ORIENTED_EDGE ( 'NONE', *, *, #2682, .T. ) ;
#3931 = FILL_AREA_STYLE ('',( #3586 ) ) ;
#3932 = DIRECTION ( 'NONE',  ( 0.000000000000000000, 1.000000000000000000, 0.000000000000000000 ) ) ;
#3933 = PLANE ( 'NONE',  #3371 ) ;
#3934 = DIRECTION ( 'NONE',  ( 1.000000000000000000, 0.000000000000000000, -0.000000000000000000 ) ) ;
#3935 = ORIENTED_EDGE ( 'NONE', *, *, #3350, .F. ) ;
#3936 = CARTESIAN_POINT ( 'NONE',  ( -2.165000000000000480, 0.2797101843677941568, 0.1499999999999999667 ) ) ;
#3937 = DIRECTION ( 'NONE',  ( -0.000000000000000000, -0.000000000000000000, -1.000000000000000000 ) ) ;
#3938 = DIRECTION ( 'NONE',  ( -0.000000000000000000, -0.000000000000000000, -1.000000000000000000 ) ) ;
#3939 = CARTESIAN_POINT ( 'NONE',  ( -2.438747769407769272, -5.340566408274855646E-16, 0.5000000000000000000 ) ) ;
#3940 = VERTEX_POINT ( 'NONE', #3431 ) ;
#3941 = ORIENTED_EDGE ( 'NONE', *, *, #2911, .F. ) ;
#3942 = ORIENTED_EDGE ( 'NONE', *, *, #313, .T. ) ;
#3943 = AXIS2_PLACEMENT_3D ( 'NONE', #2756, #321, #4067 ) ;
#3945 = VECTOR ( 'NONE', #3188, 1000.000000000000000 ) ;
#3944 = LINE ( 'NONE', #2653, #2966 ) ;
#3946 = EDGE_CURVE ( 'NONE', #3179, #303, #2166, .T. ) ;
#3947 = AXIS2_PLACEMENT_3D ( 'NONE', #969, #2782, #2803 ) ;
#3948 = CARTESIAN_POINT ( 'NONE',  ( 0.000000000000000000, 0.000000000000000000, 0.000000000000000000 ) ) ;
#3949 = DIRECTION ( 'NONE',  ( -1.000000000000000000, 0.000000000000000000, 0.000000000000000000 ) ) ;
#3950 = AXIS2_PLACEMENT_3D ( 'NONE', #285, #4053, #1236 ) ;
#3951 = VERTEX_POINT ( 'NONE', #2807 ) ;
#3952 = VECTOR ( 'NONE', #3142, 1000.000000000000000 ) ;
#3953 = CARTESIAN_POINT ( 'NONE',  ( -1.900000000000000355, 0.2797101843677941568, 1.149999999999999911 ) ) ;
#3954 = CARTESIAN_POINT ( 'NONE',  ( -1.477402589417877721, 0.7650000000000114486, -0.1499999999999999667 ) ) ;
#3955 = CARTESIAN_POINT ( 'NONE',  ( 1.900000000000000355, 0.2797101843677948230, -0.1499999999999999667 ) ) ;
#3956 = DIRECTION ( 'NONE',  ( -1.000000000000000000, 0.000000000000000000, 0.000000000000000000 ) ) ;
#3957 = ORIENTED_EDGE ( 'NONE', *, *, #3325, .T. ) ;
#3958 = ORIENTED_EDGE ( 'NONE', *, *, #2358, .T. ) ;
#3959 = VECTOR ( 'NONE', #1037, 1000.000000000000000 ) ;
#3960 = CARTESIAN_POINT ( 'NONE',  ( 2.115000000000000657, 0.5000000000000121014, -0.7999999999999999334 ) ) ;
#3961 = CARTESIAN_POINT ( 'NONE',  ( -2.115000000000000657, 0.5000000000000113243, -0.1499999999999999667 ) ) ;
#3962 = VECTOR ( 'NONE', #3321, 1000.000000000000000 ) ;
#3963 = EDGE_LOOP ( 'NONE', ( #4026, #3758, #176, #3671 ) ) ;
#3964 = EDGE_LOOP ( 'NONE', ( #3298, #2798, #2859, #1504 ) ) ;
#3965 = PRESENTATION_LAYER_ASSIGNMENT (  '', '', ( #1662 ) ) ;
#3966 = EDGE_CURVE ( 'NONE', #2025, #1908, #1542, .T. ) ;
#3967 = FACE_OUTER_BOUND ( 'NONE', #816, .T. ) ;
#3968 = VERTEX_POINT ( 'NONE', #1263 ) ;
#3969 = DIRECTION ( 'NONE',  ( -0.9986295347545741663, -0.05233595624293795046, 0.000000000000000000 ) ) ;
#3970 = DIRECTION ( 'NONE',  ( -0.000000000000000000, -0.000000000000000000, -1.000000000000000000 ) ) ;
#3971 = ADVANCED_FACE ( 'NONE', ( #265 ), #1518, .F. ) ;
#3972 = ADVANCED_FACE ( 'NONE', ( #1585 ), #4009, .T. ) ;
#3973 = VECTOR ( 'NONE', #3994, 1000.000000000000000 ) ;
#3974 = ORIENTED_EDGE ( 'NONE', *, *, #2470, .T. ) ;
#3975 = CIRCLE ( 'NONE', #108, 0.2650000000000000688 ) ;
#3976 = LINE ( 'NONE', #1152, #143 ) ;
#3977 = DIRECTION ( 'NONE',  ( 1.000000000000000000, 0.000000000000000000, 0.000000000000000000 ) ) ;
#3978 = LINE ( 'NONE', #207, #2197 ) ;
#3979 = LINE ( 'NONE', #1747, #889 ) ;
#3980 = DIRECTION ( 'NONE',  ( -0.000000000000000000, -0.000000000000000000, -1.000000000000000000 ) ) ;
#3981 = LINE ( 'NONE', #2149, #422 ) ;
#3982 = VECTOR ( 'NONE', #1919, 1000.000000000000114 ) ;
#3983 = CARTESIAN_POINT ( 'NONE',  ( -1.500000000000000222, 0.5500000000000113687, -0.7999999999999999334 ) ) ;
#3984 = LINE ( 'NONE', #1752, #2352 ) ;
#3985 = PLANE ( 'NONE',  #606 ) ;
#3986 = ORIENTED_EDGE ( 'NONE', *, *, #1979, .F. ) ;
#3987 = VERTEX_POINT ( 'NONE', #1848 ) ;
#3988 = ORIENTED_EDGE ( 'NONE', *, *, #3922, .F. ) ;
#3989 = DIRECTION ( 'NONE',  ( 0.05233595624293217730, 0.9986295347545744994, -0.000000000000000000 ) ) ;
#3990 = LINE ( 'NONE', #2428, #3631 ) ;
#3991 = VERTEX_POINT ( 'NONE', #2451 ) ;
#3992 = CARTESIAN_POINT ( 'NONE',  ( 2.115000000000000657, 0.5000000000000121014, 0.5000000000000000000 ) ) ;
#3993 = DIRECTION ( 'NONE',  ( -0.000000000000000000, -0.000000000000000000, -1.000000000000000000 ) ) ;
#3994 = DIRECTION ( 'NONE',  ( -0.000000000000000000, -0.000000000000000000, -1.000000000000000000 ) ) ;
#3995 = LINE ( 'NONE', #848, #756 ) ;
#3996 = CARTESIAN_POINT ( 'NONE',  ( 2.449999999999999289, 0.2147053499722340608, 0.7999999999999999334 ) ) ;
#3997 = EDGE_LOOP ( 'NONE', ( #1692, #2271, #4030, #1285 ) ) ;
#3998 = ORIENTED_EDGE ( 'NONE', *, *, #878, .F. ) ;
#3999 = CARTESIAN_POINT ( 'NONE',  ( 1.477402589417877277, 0.7650000000000120037, 0.5000000000000000000 ) ) ;
#4000 = LINE ( 'NONE', #2462, #3336 ) ;
#4001 = EDGE_LOOP ( 'NONE', ( #1444, #2806, #3876, #3471 ) ) ;
#4002 = VECTOR ( 'NONE', #4023, 1000.000000000000000 ) ;
#4003 = CARTESIAN_POINT ( 'NONE',  ( -1.477402589417877721, 0.7650000000000114486, 1.149999999999999911 ) ) ;
#4004 = CARTESIAN_POINT ( 'NONE',  ( -2.438747769407769272, -5.340566408274855646E-16, -0.1499999999999999667 ) ) ;
#4005 = VERTEX_POINT ( 'NONE', #3702 ) ;
#4006 = VECTOR ( 'NONE', #669, 1000.000000000000227 ) ;
#4007 = EDGE_CURVE ( 'NONE', #2931, #166, #890, .T. ) ;
#4008 = ADVANCED_FACE ( 'NONE', ( #2786 ), #2868, .T. ) ;
#4009 = CYLINDRICAL_SURFACE ( 'NONE', #3635, 0.2649999999999998468 ) ;
#4010 = LINE ( 'NONE', #2221, #3910 ) ;
#4011 = VECTOR ( 'NONE', #948, 1000.000000000000114 ) ;
#4012 = ORIENTED_EDGE ( 'NONE', *, *, #2588, .F. ) ;
#4013 = CIRCLE ( 'NONE', #1119, 0.05000000000000012768 ) ;
#4014 = PLANE ( 'NONE',  #3771 ) ;
#4015 = DIRECTION ( 'NONE',  ( -0.000000000000000000, -0.000000000000000000, -1.000000000000000000 ) ) ;
#4016 = VECTOR ( 'NONE', #3682, 1000.000000000000000 ) ;
#4017 = ORIENTED_EDGE ( 'NONE', *, *, #2638, .T. ) ;
#4018 = VERTEX_POINT ( 'NONE', #2852 ) ;
#4019 = CARTESIAN_POINT ( 'NONE',  ( -2.165000000000000480, 0.2797101843677941568, 0.5000000000000000000 ) ) ;
#4020 = PLANE ( 'NONE',  #2887 ) ;
#4021 = AXIS2_PLACEMENT_3D ( 'NONE', #3694, #4068, #882 ) ;
#4022 = DIRECTION ( 'NONE',  ( -0.000000000000000000, -0.000000000000000000, -1.000000000000000000 ) ) ;
#4023 = DIRECTION ( 'NONE',  ( -0.000000000000000000, -0.000000000000000000, -1.000000000000000000 ) ) ;
#4024 = EDGE_CURVE ( 'NONE', #813, #1087, #53, .T. ) ;
#4025 = LINE ( 'NONE', #2735, #3497 ) ;
#4026 = ORIENTED_EDGE ( 'NONE', *, *, #2873, .T. ) ;
#4027 = VECTOR ( 'NONE', #2947, 1000.000000000000000 ) ;
#4028 = LINE ( 'NONE', #4003, #2824 ) ;
#4029 = CARTESIAN_POINT ( 'NONE',  ( 2.162383202187853737, 0.2297787076300663311, -0.1499999999999999667 ) ) ;
#4030 = ORIENTED_EDGE ( 'NONE', *, *, #795, .F. ) ;
#4031 = EDGE_CURVE ( 'NONE', #3248, #2644, #3473, .T. ) ;
#4032 = CARTESIAN_POINT ( 'NONE',  ( 2.438747769407769272, 3.333050971609179826E-16, -1.149999999999999911 ) ) ;
#4033 = DIRECTION ( 'NONE',  ( 2.909848919217164945E-16, -1.000000000000000000, 0.000000000000000000 ) ) ;
#4034 = LINE ( 'NONE', #2489, #2284 ) ;
#4035 = VECTOR ( 'NONE', #3669, 1000.000000000000000 ) ;
#4036 = EDGE_CURVE ( 'NONE', #2076, #4005, #973, .T. ) ;
#4037 = CARTESIAN_POINT ( 'NONE',  ( -2.115000000000000657, 0.5000000000000113243, -0.7999999999999999334 ) ) ;
#4038 = LINE ( 'NONE', #1875, #366 ) ;
#4039 = CLOSED_SHELL ( 'NONE', ( #3182, #3332, #2583, #114, #2127, #1325, #22, #3349, #2391, #2351, #3055, #151, #2748, #432 ) ) ;
#4040 = CARTESIAN_POINT ( 'NONE',  ( 1.442192670603877458, 1.100000000000000089, 0.000000000000000000 ) ) ;
#4041 = LINE ( 'NONE', #1225, #1254 ) ;
#4042 = CIRCLE ( 'NONE', #1619, 0.2649999999999998468 ) ;
#4043 = ORIENTED_EDGE ( 'NONE', *, *, #2612, .F. ) ;
#4044 = ORIENTED_EDGE ( 'NONE', *, *, #2348, .T. ) ;
#4045 = EDGE_CURVE ( 'NONE', #1465, #3377, #1208, .T. ) ;
#4046 = EDGE_CURVE ( 'NONE', #1343, #2076, #3790, .T. ) ;
#4047 = EDGE_CURVE ( 'NONE', #319, #3148, #3869, .T. ) ;
#4048 = ADVANCED_FACE ( 'NONE', ( #1970 ), #3198, .F. ) ;
#4049 = DIRECTION ( 'NONE',  ( -1.000000000000000000, 0.000000000000000000, 0.000000000000000000 ) ) ;
#4050 = CARTESIAN_POINT ( 'NONE',  ( 1.477402589417877277, 0.7650000000000120037, -0.7999999999999999334 ) ) ;
#4051 = ORIENTED_EDGE ( 'NONE', *, *, #3739, .F. ) ;
#4052 = DIRECTION ( 'NONE',  ( 0.000000000000000000, 0.000000000000000000, 1.000000000000000000 ) ) ;
#4053 = DIRECTION ( 'NONE',  ( 0.000000000000000000, 0.1045284632676502790, 0.9945218953682737340 ) ) ;
#4054 = LINE ( 'NONE', #3470, #1188 ) ;
#4055 = ORIENTED_EDGE ( 'NONE', *, *, #2700, .F. ) ;
#4056 = EDGE_CURVE ( 'NONE', #2053, #2644, #3813, .T. ) ;
#4057 = DIRECTION ( 'NONE',  ( 0.000000000000000000, 0.000000000000000000, 1.000000000000000000 ) ) ;
#4058 = CARTESIAN_POINT ( 'NONE',  ( -1.900000000000000355, 0.5000000000000113243, -0.1499999999999999667 ) ) ;
#4059 = CARTESIAN_POINT ( 'NONE',  ( 1.900000000000000355, 0.5000000000000119904, 0.1499999999999999667 ) ) ;
#4060 = CYLINDRICAL_SURFACE ( 'NONE', #1361, 0.04999999999999991257 ) ;
#4061 = DIRECTION ( 'NONE',  ( 0.1045284632676634629, 0.9945218953682721796, 0.000000000000000000 ) ) ;
#4062 = DIRECTION ( 'NONE',  ( -0.000000000000000000, -0.000000000000000000, -1.000000000000000000 ) ) ;
#4063 = LINE ( 'NONE', #1859, #3621 ) ;
#4064 = ORIENTED_EDGE ( 'NONE', *, *, #2875, .T. ) ;
#4065 = VERTEX_POINT ( 'NONE', #2611 ) ;
#4066 = DIRECTION ( 'NONE',  ( -0.000000000000000000, -0.000000000000000000, -1.000000000000000000 ) ) ;
#4067 = DIRECTION ( 'NONE',  ( 1.000000000000000000, 0.000000000000000000, -0.000000000000000000 ) ) ;
#4068 = DIRECTION ( 'NONE',  ( -0.000000000000000000, -0.000000000000000000, -1.000000000000000000 ) ) ;
#4069 = EDGE_LOOP ( 'NONE', ( #2230, #2277, #990, #509 ) ) ;
#4070 = ORIENTED_EDGE ( 'NONE', *, *, #1613, .F. ) ;
#4071 = DIRECTION ( 'NONE',  ( 2.909848919217164945E-16, -1.000000000000000000, 0.000000000000000000 ) ) ;
#4072 = LINE ( 'NONE', #3760, #1918 ) ;
#4073 = SURFACE_SIDE_STYLE ('',( #1605 ) ) ;
ENDSEC;
END-ISO-10303-21;
